{"type":"FeatureCollection","features":[{"type":"Feature","geometry":{"coordinates":[[[2.496218041897018,48.90357894706007],[2.495946073619788,48.90536721255637],[2.49866188894185,48.90555020180608],[2.498933760538374,48.90376192869718],[2.496218041897018,48.90357894706007]]],"type":"Polygon"},"properties":{"geo_point_2d":{"lon":2.4974399405787797,"lat":48.90456457785343},"idcar_200m":"CRS3035RES200mN2893600E3771800","i_est_200":0,"idcar_1km":"CRS3035RES1000mN2893000E3771000","i_est_1km":0,"idcar_nat":"CRS3035RES1000mN2893000E3771000","groupe":874242,"pop_carr":352.0,"men_1ind":25.0,"men_5ind":17.0,"men_prop":103.0,"men_fmp":9.0,"ind_snv":8161816.4,"men_surf":9649.0,"men_coll":10.0,"men_mais":111.0,"log_av45":78.0,"log_45_70":19.0,"log_70_90":15.0,"log_ap_90":9.0,"log_inc":0.0,"log_soc":0.0,"ind_0_3":23.0,"ind_4_5":12.0,"ind_6_10":27.5,"ind_11_17":31.0,"ind_18_24":23.5,"ind_25_39":64.0,"ind_40_54":63.0,"ind_55_64":50.0,"ind_65_79":46.0,"ind_80p":10.0,"ind_inc":2.0,"men_pauv":13.0,"men":121.0,"lcog_geo":"9301093057","year":"2017","com_arm_code":["93010"],"com_code":["93010"],"com_arm_name":["Bondy"],"com_name":["Bondy"],"epci_name":["M\u00e9tropole du Grand Paris"],"epci_code":["200054781"],"dep_name":["Seine-Saint-Denis"],"dep_code":["93"],"reg_name":["\u00cele-de-France"],"reg_code":["11"]}},{"type":"Feature","geometry":{"coordinates":[[[2.484818442515622,48.888357150652936],[2.484546189485981,48.89014539567784],[2.487261140145243,48.89032865386632],[2.487533296575742,48.888540401221135],[2.484818442515622,48.888357150652936]]],"type":"Polygon"},"properties":{"geo_point_2d":{"lon":2.486039766509889,"lat":48.889342905675264},"idcar_200m":"CRS3035RES200mN2892000E3770800","i_est_200":0,"idcar_1km":"CRS3035RES1000mN2892000E3770000","i_est_1km":0,"idcar_nat":"CRS3035RES1000mN2892000E3770000","groupe":874213,"pop_carr":198.0,"men_1ind":11.0,"men_5ind":7.0,"men_prop":68.0,"men_fmp":4.0,"ind_snv":5701878.4,"men_surf":7973.0,"men_coll":0.0,"men_mais":72.0,"log_av45":3.0,"log_45_70":0.0,"log_70_90":67.0,"log_ap_90":2.0,"log_inc":0.0,"log_soc":0.0,"ind_0_3":7.0,"ind_4_5":8.0,"ind_6_10":8.0,"ind_11_17":18.0,"ind_18_24":13.0,"ind_25_39":30.0,"ind_40_54":34.0,"ind_55_64":48.0,"ind_65_79":31.0,"ind_80p":1.0,"ind_inc":0.0,"men_pauv":4.0,"men":72.0,"lcog_geo":"93010","year":"2017","com_arm_code":["93010"],"com_code":["93010"],"com_arm_name":["Bondy"],"com_name":["Bondy"],"epci_name":["M\u00e9tropole du Grand Paris"],"epci_code":["200054781"],"dep_name":["Seine-Saint-Denis"],"dep_code":["93"],"reg_name":["\u00cele-de-France"],"reg_code":["11"]}},{"type":"Feature","geometry":{"coordinates":[[[2.477481144187447,48.90050801374895],[2.477208524071574,48.902296228086406],[2.479924114502571,48.902479671596964],[2.480196637964148,48.90069144962889],[2.477481144187447,48.90050801374895]]],"type":"Polygon"},"properties":{"geo_point_2d":{"lon":2.4787026045095404,"lat":48.901493846087746},"idcar_200m":"CRS3035RES200mN2893400E3770400","i_est_200":0,"idcar_1km":"CRS3035RES1000mN2893000E3770000","i_est_1km":0,"idcar_nat":"CRS3035RES200mN2893400E3770400","groupe":874291,"pop_carr":531.0,"men_1ind":69.0,"men_5ind":28.0,"men_prop":138.0,"men_fmp":24.0,"ind_snv":11046079.4,"men_surf":14274.0,"men_coll":197.0,"men_mais":16.0,"log_av45":13.0,"log_45_70":137.0,"log_70_90":63.0,"log_ap_90":0.0,"log_inc":0.0,"log_soc":19.0,"ind_0_3":28.0,"ind_4_5":19.5,"ind_6_10":37.0,"ind_11_17":57.5,"ind_18_24":23.0,"ind_25_39":105.0,"ind_40_54":112.0,"ind_55_64":56.0,"ind_65_79":56.0,"ind_80p":36.0,"ind_inc":1.0,"men_pauv":38.0,"men":213.0,"lcog_geo":"93010","year":"2017","com_arm_code":["93010"],"com_code":["93010"],"com_arm_name":["Bondy"],"com_name":["Bondy"],"epci_name":["M\u00e9tropole du Grand Paris"],"epci_code":["200054781"],"dep_name":["Seine-Saint-Denis"],"dep_code":["93"],"reg_name":["\u00cele-de-France"],"reg_code":["11"]}},{"type":"Feature","geometry":{"coordinates":[[[2.495406101923546,48.89087803265395],[2.49513421052478,48.89266630594167],[2.49784933098119,48.89284930788618],[2.498121125762047,48.891061026988226],[2.495406101923546,48.89087803265395]]],"type":"Polygon"},"properties":{"geo_point_2d":{"lon":2.4966276916278933,"lat":48.89186367368896},"idcar_200m":"CRS3035RES200mN2892200E3771600","i_est_200":0,"idcar_1km":"CRS3035RES1000mN2892000E3771000","i_est_1km":0,"idcar_nat":"CRS3035RES200mN2892200E3771600","groupe":874253,"pop_carr":161.0,"men_1ind":10.0,"men_5ind":8.0,"men_prop":36.0,"men_fmp":5.0,"ind_snv":3471649.0,"men_surf":4019.0,"men_coll":20.0,"men_mais":34.0,"log_av45":36.0,"log_45_70":10.0,"log_70_90":4.0,"log_ap_90":4.0,"log_inc":0.0,"log_soc":0.0,"ind_0_3":11.0,"ind_4_5":5.0,"ind_6_10":12.0,"ind_11_17":24.0,"ind_18_24":7.0,"ind_25_39":34.0,"ind_40_54":33.0,"ind_55_64":20.0,"ind_65_79":13.0,"ind_80p":2.0,"ind_inc":0.0,"men_pauv":6.0,"men":54.0,"lcog_geo":"9301093077","year":"2017","com_arm_code":["93010"],"com_code":["93010"],"com_arm_name":["Bondy"],"com_name":["Bondy"],"epci_name":["M\u00e9tropole du Grand Paris"],"epci_code":["200054781"],"dep_name":["Seine-Saint-Denis"],"dep_code":["93"],"reg_name":["\u00cele-de-France"],"reg_code":["11"]}},{"type":"Feature","geometry":{"coordinates":[[[2.481014059302029,48.89532677050003],[2.480741610360651,48.897114999080756],[2.483456929181723,48.89729835372986],[2.483729281492081,48.89551011752335],[2.481014059302029,48.89532677050003]]],"type":"Polygon"},"properties":{"geo_point_2d":{"lon":2.4822354694127413,"lat":48.896312565530216},"idcar_200m":"CRS3035RES200mN2892800E3770600","i_est_200":0,"idcar_1km":"CRS3035RES1000mN2892000E3770000","i_est_1km":0,"idcar_nat":"CRS3035RES1000mN2892000E3770000","groupe":874220,"pop_carr":432.5,"men_1ind":57.0,"men_5ind":22.0,"men_prop":141.0,"men_fmp":23.0,"ind_snv":10115124.0,"men_surf":11908.0,"men_coll":103.0,"men_mais":72.0,"log_av45":66.0,"log_45_70":8.0,"log_70_90":5.0,"log_ap_90":96.0,"log_inc":0.0,"log_soc":0.0,"ind_0_3":25.0,"ind_4_5":10.0,"ind_6_10":24.0,"ind_11_17":37.5,"ind_18_24":34.0,"ind_25_39":89.0,"ind_40_54":110.0,"ind_55_64":53.0,"ind_65_79":35.0,"ind_80p":12.0,"ind_inc":3.0,"men_pauv":28.0,"men":175.0,"lcog_geo":"93010","year":"2017","com_arm_code":["93010"],"com_code":["93010"],"com_arm_name":["Bondy"],"com_name":["Bondy"],"epci_name":["M\u00e9tropole du Grand Paris"],"epci_code":["200054781"],"dep_name":["Seine-Saint-Denis"],"dep_code":["93"],"reg_name":["\u00cele-de-France"],"reg_code":["11"]}},{"type":"Feature","geometry":{"coordinates":[[[2.486444522000395,48.895693398576896],[2.486172266323595,48.89748164240651],[2.488887621779944,48.89766486510999],[2.489159780820637,48.895876613659944],[2.486444522000395,48.895693398576896]]],"type":"Polygon"},"properties":{"geo_point_2d":{"lon":2.4876660470601966,"lat":48.89667913526028},"idcar_200m":"CRS3035RES200mN2892800E3771000","i_est_200":0,"idcar_1km":"CRS3035RES1000mN2892000E3771000","i_est_1km":0,"idcar_nat":"CRS3035RES200mN2892800E3771000","groupe":874276,"pop_carr":975.0,"men_1ind":124.0,"men_5ind":47.0,"men_prop":11.0,"men_fmp":78.0,"ind_snv":14459950.2,"men_surf":20239.0,"men_coll":365.0,"men_mais":12.0,"log_av45":5.0,"log_45_70":346.0,"log_70_90":1.0,"log_ap_90":25.0,"log_inc":0.0,"log_soc":365.0,"ind_0_3":57.5,"ind_4_5":28.0,"ind_6_10":90.5,"ind_11_17":112.0,"ind_18_24":53.0,"ind_25_39":182.0,"ind_40_54":221.0,"ind_55_64":108.0,"ind_65_79":90.0,"ind_80p":24.0,"ind_inc":9.0,"men_pauv":145.0,"men":377.0,"lcog_geo":"93010","year":"2017","com_arm_code":["93010"],"com_code":["93010"],"com_arm_name":["Bondy"],"com_name":["Bondy"],"epci_name":["M\u00e9tropole du Grand Paris"],"epci_code":["200054781"],"dep_name":["Seine-Saint-Denis"],"dep_code":["93"],"reg_name":["\u00cele-de-France"],"reg_code":["11"]}},{"type":"Feature","geometry":{"coordinates":[[[2.478561124432399,48.91142074839024],[2.478288451843314,48.91320895714171],[2.481004640730978,48.91339238045513],[2.481277216611546,48.911604164071484],[2.478561124432399,48.91142074839024]]],"type":"Polygon"},"properties":{"geo_point_2d":{"lon":2.4797828577322707,"lat":48.91240656783888},"idcar_200m":"CRS3035RES200mN2894600E3770600","i_est_200":0,"idcar_1km":"CRS3035RES1000mN2894000E3770000","i_est_1km":0,"idcar_nat":"CRS3035RES1000mN2894000E3770000","groupe":877960,"pop_carr":211.0,"men_1ind":10.0,"men_5ind":21.0,"men_prop":1.0,"men_fmp":9.0,"ind_snv":2928705.2,"men_surf":3574.0,"men_coll":54.0,"men_mais":1.0,"log_av45":0.0,"log_45_70":35.0,"log_70_90":0.0,"log_ap_90":20.0,"log_inc":0.0,"log_soc":54.0,"ind_0_3":17.0,"ind_4_5":5.0,"ind_6_10":19.0,"ind_11_17":35.0,"ind_18_24":31.0,"ind_25_39":27.0,"ind_40_54":35.0,"ind_55_64":26.0,"ind_65_79":12.0,"ind_80p":4.0,"ind_inc":0.0,"men_pauv":20.0,"men":55.0,"lcog_geo":"93010","year":"2017","com_arm_code":["93010"],"com_code":["93010"],"com_arm_name":["Bondy"],"com_name":["Bondy"],"epci_name":["M\u00e9tropole du Grand Paris"],"epci_code":["200054781"],"dep_name":["Seine-Saint-Denis"],"dep_code":["93"],"reg_name":["\u00cele-de-France"],"reg_code":["11"]}},{"type":"Feature","geometry":{"coordinates":[[[2.482367271625701,48.90445127652096],[2.482094795141926,48.90623950171159],[2.484810615580733,48.90642282851456],[2.485082995387899,48.90463459569724],[2.482367271625701,48.90445127652096]]],"type":"Polygon"},"properties":{"geo_point_2d":{"lon":2.483588918762401,"lat":48.90543705593432},"idcar_200m":"CRS3035RES200mN2893800E3770800","i_est_200":0,"idcar_1km":"CRS3035RES1000mN2893000E3770000","i_est_1km":0,"idcar_nat":"CRS3035RES200mN2893800E3770800","groupe":874298,"pop_carr":888.5,"men_1ind":115.0,"men_5ind":52.0,"men_prop":0.0,"men_fmp":65.0,"ind_snv":13876262.9,"men_surf":18342.0,"men_coll":333.0,"men_mais":0.0,"log_av45":0.0,"log_45_70":279.0,"log_70_90":0.0,"log_ap_90":54.0,"log_inc":0.0,"log_soc":333.0,"ind_0_3":58.5,"ind_4_5":34.0,"ind_6_10":81.0,"ind_11_17":93.5,"ind_18_24":62.5,"ind_25_39":166.0,"ind_40_54":173.0,"ind_55_64":111.0,"ind_65_79":83.0,"ind_80p":26.0,"ind_inc":0.0,"men_pauv":97.0,"men":333.0,"lcog_geo":"93010","year":"2017","com_arm_code":["93010"],"com_code":["93010"],"com_arm_name":["Bondy"],"com_name":["Bondy"],"epci_name":["M\u00e9tropole du Grand Paris"],"epci_code":["200054781"],"dep_name":["Seine-Saint-Denis"],"dep_code":["93"],"reg_name":["\u00cele-de-France"],"reg_code":["11"]}},{"type":"Feature","geometry":{"coordinates":[[[2.485082995387899,48.90463459569724],[2.484810615580733,48.90642282851456],[2.487526454346732,48.906606089330964],[2.487798737474745,48.90481784888961],[2.485082995387899,48.90463459569724]]],"type":"Polygon"},"properties":{"geo_point_2d":{"lon":2.4863047000260834,"lat":48.90562034593144},"idcar_200m":"CRS3035RES200mN2893800E3771000","i_est_200":0,"idcar_1km":"CRS3035RES1000mN2893000E3771000","i_est_1km":0,"idcar_nat":"CRS3035RES1000mN2893000E3771000","groupe":874246,"pop_carr":345.0,"men_1ind":76.0,"men_5ind":12.0,"men_prop":46.0,"men_fmp":22.0,"ind_snv":5630061.3,"men_surf":6580.0,"men_coll":155.0,"men_mais":1.0,"log_av45":58.0,"log_45_70":75.0,"log_70_90":23.0,"log_ap_90":0.0,"log_inc":0.0,"log_soc":85.0,"ind_0_3":23.0,"ind_4_5":14.0,"ind_6_10":23.0,"ind_11_17":26.0,"ind_18_24":60.0,"ind_25_39":90.0,"ind_40_54":56.0,"ind_55_64":25.0,"ind_65_79":19.0,"ind_80p":8.0,"ind_inc":1.0,"men_pauv":68.0,"men":156.0,"lcog_geo":"93010","year":"2017","com_arm_code":["93010"],"com_code":["93010"],"com_arm_name":["Bondy"],"com_name":["Bondy"],"epci_name":["M\u00e9tropole du Grand Paris"],"epci_code":["200054781"],"dep_name":["Seine-Saint-Denis"],"dep_code":["93"],"reg_name":["\u00cele-de-France"],"reg_code":["11"]}},{"type":"Feature","geometry":{"coordinates":[[[2.479106395025836,48.9078443242811],[2.478833772158832,48.90963253743683],[2.481549767638074,48.909815945486514],[2.481822293813792,48.90802772470002],[2.479106395025836,48.9078443242811]]],"type":"Polygon"},"properties":{"geo_point_2d":{"lon":2.4803280564870485,"lat":48.90883013829979},"idcar_200m":"CRS3035RES200mN2894200E3770600","i_est_200":0,"idcar_1km":"CRS3035RES1000mN2894000E3770000","i_est_1km":0,"idcar_nat":"CRS3035RES1000mN2894000E3770000","groupe":877964,"pop_carr":272.5,"men_1ind":23.0,"men_5ind":21.0,"men_prop":65.0,"men_fmp":10.0,"ind_snv":4586034.0,"men_surf":6095.0,"men_coll":65.0,"men_mais":24.0,"log_av45":15.0,"log_45_70":9.0,"log_70_90":62.0,"log_ap_90":3.0,"log_inc":0.0,"log_soc":0.0,"ind_0_3":20.0,"ind_4_5":12.0,"ind_6_10":29.0,"ind_11_17":24.5,"ind_18_24":15.0,"ind_25_39":47.0,"ind_40_54":57.0,"ind_55_64":37.0,"ind_65_79":23.0,"ind_80p":7.0,"ind_inc":1.0,"men_pauv":26.0,"men":89.0,"lcog_geo":"93010","year":"2017","com_arm_code":["93010"],"com_code":["93010"],"com_arm_name":["Bondy"],"com_name":["Bondy"],"epci_name":["M\u00e9tropole du Grand Paris"],"epci_code":["200054781"],"dep_name":["Seine-Saint-Denis"],"dep_code":["93"],"reg_name":["\u00cele-de-France"],"reg_code":["11"]}},{"type":"Feature","geometry":{"coordinates":[[[2.470971710975764,48.889228115323384],[2.470698950130185,48.89101631999823],[2.473413905768013,48.89119991562268],[2.473686570018563,48.88941170331351],[2.470971710975764,48.889228115323384]]],"type":"Polygon"},"properties":{"geo_point_2d":{"lon":2.4721927835511854,"lat":48.89021401888488},"idcar_200m":"CRS3035RES200mN2892200E3769800","i_est_200":0,"idcar_1km":"CRS3035RES1000mN2892000E3769000","i_est_1km":0,"idcar_nat":"CRS3035RES1000mN2892000E3769000","groupe":874163,"pop_carr":200.5,"men_1ind":10.0,"men_5ind":16.0,"men_prop":54.0,"men_fmp":3.0,"ind_snv":4154570.4,"men_surf":4326.0,"men_coll":41.0,"men_mais":20.0,"log_av45":15.0,"log_45_70":44.0,"log_70_90":0.0,"log_ap_90":2.0,"log_inc":0.0,"log_soc":0.0,"ind_0_3":8.0,"ind_4_5":6.0,"ind_6_10":14.0,"ind_11_17":23.0,"ind_18_24":15.5,"ind_25_39":40.0,"ind_40_54":44.0,"ind_55_64":27.0,"ind_65_79":17.0,"ind_80p":6.0,"ind_inc":0.0,"men_pauv":10.0,"men":61.0,"lcog_geo":"9301093053","year":"2017","com_arm_code":["93010"],"com_code":["93010"],"com_arm_name":["Bondy"],"com_name":["Bondy"],"epci_name":["M\u00e9tropole du Grand Paris"],"epci_code":["200054781"],"dep_name":["Seine-Saint-Denis"],"dep_code":["93"],"reg_name":["\u00cele-de-France"],"reg_code":["11"]}},{"type":"Feature","geometry":{"coordinates":[[[2.480196637964148,48.90069144962889],[2.479924114502571,48.902479671596964],[2.482639723268339,48.90266304912775],[2.482912150073075,48.90087481953172],[2.480196637964148,48.90069144962889]]],"type":"Polygon"},"properties":{"geo_point_2d":{"lon":2.4814181557803563,"lat":48.901677252793895},"idcar_200m":"CRS3035RES200mN2893400E3770600","i_est_200":0,"idcar_1km":"CRS3035RES1000mN2893000E3770000","i_est_1km":0,"idcar_nat":"CRS3035RES200mN2893400E3770600","groupe":874283,"pop_carr":289.5,"men_1ind":44.0,"men_5ind":14.0,"men_prop":38.0,"men_fmp":18.0,"ind_snv":5095774.1,"men_surf":7055.0,"men_coll":103.0,"men_mais":11.0,"log_av45":16.0,"log_45_70":32.0,"log_70_90":19.0,"log_ap_90":47.0,"log_inc":0.0,"log_soc":36.0,"ind_0_3":27.0,"ind_4_5":12.0,"ind_6_10":23.5,"ind_11_17":20.0,"ind_18_24":15.0,"ind_25_39":71.0,"ind_40_54":59.0,"ind_55_64":20.0,"ind_65_79":22.0,"ind_80p":15.0,"ind_inc":5.0,"men_pauv":24.0,"men":114.0,"lcog_geo":"93010","year":"2017","com_arm_code":["93010"],"com_code":["93010"],"com_arm_name":["Bondy"],"com_name":["Bondy"],"epci_name":["M\u00e9tropole du Grand Paris"],"epci_code":["200054781"],"dep_name":["Seine-Saint-Denis"],"dep_code":["93"],"reg_name":["\u00cele-de-France"],"reg_code":["11"]}},{"type":"Feature","geometry":{"coordinates":[[[2.48183125713735,48.88996207152762],[2.481558882687152,48.89175030672378],[2.484273911640987,48.891933638497655],[2.484546189485981,48.89014539567784],[2.48183125713735,48.88996207152762]]],"type":"Polygon"},"properties":{"geo_point_2d":{"lon":2.483052559566792,"lat":48.89094785842761},"idcar_200m":"CRS3035RES200mN2892200E3770600","i_est_200":0,"idcar_1km":"CRS3035RES1000mN2892000E3770000","i_est_1km":0,"idcar_nat":"CRS3035RES1000mN2892000E3770000","groupe":874218,"pop_carr":410.5,"men_1ind":44.0,"men_5ind":18.0,"men_prop":107.0,"men_fmp":14.0,"ind_snv":8851047.0,"men_surf":10758.0,"men_coll":62.0,"men_mais":87.0,"log_av45":52.0,"log_45_70":17.0,"log_70_90":71.0,"log_ap_90":9.0,"log_inc":0.0,"log_soc":0.0,"ind_0_3":25.0,"ind_4_5":15.5,"ind_6_10":26.5,"ind_11_17":39.5,"ind_18_24":18.0,"ind_25_39":90.0,"ind_40_54":82.0,"ind_55_64":54.0,"ind_65_79":35.0,"ind_80p":16.0,"ind_inc":9.0,"men_pauv":25.0,"men":149.0,"lcog_geo":"93010","year":"2017","com_arm_code":["93010"],"com_code":["93010"],"com_arm_name":["Bondy"],"com_name":["Bondy"],"epci_name":["M\u00e9tropole du Grand Paris"],"epci_code":["200054781"],"dep_name":["Seine-Saint-Denis"],"dep_code":["93"],"reg_name":["\u00cele-de-France"],"reg_code":["11"]}},{"type":"Feature","geometry":{"coordinates":[[[2.487254146391583,48.908394327571536],[2.486981813606079,48.91018256361162],[2.489697864082157,48.91036577368557],[2.489970100168741,48.908577530022725],[2.487254146391583,48.908394327571536]]],"type":"Polygon"},"properties":{"geo_point_2d":{"lon":2.4884759803907084,"lat":48.90938005404687},"idcar_200m":"CRS3035RES200mN2894200E3771200","i_est_200":0,"idcar_1km":"CRS3035RES1000mN2894000E3771000","i_est_1km":0,"idcar_nat":"CRS3035RES1000mN2894000E3771000","groupe":877890,"pop_carr":40.0,"men_1ind":4.0,"men_5ind":3.0,"men_prop":2.0,"men_fmp":2.0,"ind_snv":739388.8,"men_surf":1096.0,"men_coll":12.0,"men_mais":2.0,"log_av45":2.0,"log_45_70":0.0,"log_70_90":0.0,"log_ap_90":12.0,"log_inc":0.0,"log_soc":0.0,"ind_0_3":2.0,"ind_4_5":1.0,"ind_6_10":2.0,"ind_11_17":4.0,"ind_18_24":10.0,"ind_25_39":7.0,"ind_40_54":9.0,"ind_55_64":4.0,"ind_65_79":0.0,"ind_80p":1.0,"ind_inc":0.0,"men_pauv":3.0,"men":14.0,"lcog_geo":"93010","year":"2017","com_arm_code":["93010"],"com_code":["93010"],"com_arm_name":["Bondy"],"com_name":["Bondy"],"epci_name":["M\u00e9tropole du Grand Paris"],"epci_code":["200054781"],"dep_name":["Seine-Saint-Denis"],"dep_code":["93"],"reg_name":["\u00cele-de-France"],"reg_code":["11"]}},{"type":"Feature","geometry":{"coordinates":[[[2.4905144978799,48.905001036097424],[2.490242311433577,48.90678928416008],[2.492958186834947,48.90697241300128],[2.493230276597028,48.90518415731989],[2.4905144978799,48.905001036097424]]],"type":"Polygon"},"properties":{"geo_point_2d":{"lon":2.49173631751536,"lat":48.90598672796824},"idcar_200m":"CRS3035RES200mN2893800E3771400","i_est_200":0,"idcar_1km":"CRS3035RES1000mN2893000E3771000","i_est_1km":0,"idcar_nat":"CRS3035RES1000mN2893000E3771000","groupe":874230,"pop_carr":279.0,"men_1ind":10.0,"men_5ind":21.0,"men_prop":64.0,"men_fmp":10.0,"ind_snv":5619170.7,"men_surf":6600.0,"men_coll":12.0,"men_mais":68.0,"log_av45":38.0,"log_45_70":14.0,"log_70_90":17.0,"log_ap_90":11.0,"log_inc":0.0,"log_soc":8.0,"ind_0_3":14.0,"ind_4_5":5.5,"ind_6_10":19.5,"ind_11_17":34.0,"ind_18_24":31.0,"ind_25_39":47.0,"ind_40_54":50.0,"ind_55_64":38.0,"ind_65_79":24.0,"ind_80p":15.0,"ind_inc":1.0,"men_pauv":12.0,"men":80.0,"lcog_geo":"93010","year":"2017","com_arm_code":["93010"],"com_code":["93010"],"com_arm_name":["Bondy"],"com_name":["Bondy"],"epci_name":["M\u00e9tropole du Grand Paris"],"epci_code":["200054781"],"dep_name":["Seine-Saint-Denis"],"dep_code":["93"],"reg_name":["\u00cele-de-France"],"reg_code":["11"]}},{"type":"Feature","geometry":{"coordinates":[[[2.485899985827169,48.899269884033046],[2.485627680507894,48.901058123456764],[2.488343229262271,48.901241361403315],[2.48861543792823,48.89945311435765],[2.485899985827169,48.899269884033046]]],"type":"Polygon"},"properties":{"geo_point_2d":{"lon":2.4871215827102553,"lat":48.90025562613519},"idcar_200m":"CRS3035RES200mN2893200E3771000","i_est_200":0,"idcar_1km":"CRS3035RES1000mN2893000E3771000","i_est_1km":0,"idcar_nat":"CRS3035RES1000mN2893000E3771000","groupe":874250,"pop_carr":1112.0,"men_1ind":78.0,"men_5ind":83.0,"men_prop":38.0,"men_fmp":61.0,"ind_snv":18548213.8,"men_surf":22127.0,"men_coll":304.0,"men_mais":40.0,"log_av45":24.0,"log_45_70":94.0,"log_70_90":81.0,"log_ap_90":145.0,"log_inc":0.0,"log_soc":290.0,"ind_0_3":86.0,"ind_4_5":41.0,"ind_6_10":106.5,"ind_11_17":124.5,"ind_18_24":96.0,"ind_25_39":211.0,"ind_40_54":220.0,"ind_55_64":123.0,"ind_65_79":77.0,"ind_80p":25.0,"ind_inc":2.0,"men_pauv":88.0,"men":344.0,"lcog_geo":"93010","year":"2017","com_arm_code":["93010"],"com_code":["93010"],"com_arm_name":["Bondy"],"com_name":["Bondy"],"epci_name":["M\u00e9tropole du Grand Paris"],"epci_code":["200054781"],"dep_name":["Seine-Saint-Denis"],"dep_code":["93"],"reg_name":["\u00cele-de-France"],"reg_code":["11"]}},{"type":"Feature","geometry":{"coordinates":[[[2.483184552043127,48.89908658773255],[2.482912150073075,48.90087481953172],[2.485627680507894,48.901058123456764],[2.485899985827169,48.899269884033046],[2.483184552043127,48.89908658773255]]],"type":"Polygon"},"properties":{"geo_point_2d":{"lon":2.4844060914414534,"lat":48.900072359010906},"idcar_200m":"CRS3035RES200mN2893200E3770800","i_est_200":0,"idcar_1km":"CRS3035RES1000mN2893000E3770000","i_est_1km":0,"idcar_nat":"CRS3035RES200mN2893200E3770800","groupe":874300,"pop_carr":1147.5,"men_1ind":83.0,"men_5ind":80.0,"men_prop":34.0,"men_fmp":97.0,"ind_snv":16705994.1,"men_surf":22173.0,"men_coll":364.0,"men_mais":7.0,"log_av45":5.0,"log_45_70":258.0,"log_70_90":0.0,"log_ap_90":108.0,"log_inc":0.0,"log_soc":328.0,"ind_0_3":87.0,"ind_4_5":57.0,"ind_6_10":104.0,"ind_11_17":142.5,"ind_18_24":82.0,"ind_25_39":226.0,"ind_40_54":210.0,"ind_55_64":111.0,"ind_65_79":93.0,"ind_80p":25.0,"ind_inc":10.0,"men_pauv":133.0,"men":371.0,"lcog_geo":"93010","year":"2017","com_arm_code":["93010"],"com_code":["93010"],"com_arm_name":["Bondy"],"com_name":["Bondy"],"epci_name":["M\u00e9tropole du Grand Paris"],"epci_code":["200054781"],"dep_name":["Seine-Saint-Denis"],"dep_code":["93"],"reg_name":["\u00cele-de-France"],"reg_code":["11"]}},{"type":"Feature","geometry":{"coordinates":[[[2.496489985379399,48.90179067936448],[2.496218041897018,48.90357894706007],[2.498933760538374,48.90376192869718],[2.499205607348658,48.90197365338973],[2.496489985379399,48.90179067936448]]],"type":"Polygon"},"properties":{"geo_point_2d":{"lon":2.497711848120482,"lat":48.9027763074511},"idcar_200m":"CRS3035RES200mN2893400E3771800","i_est_200":0,"idcar_1km":"CRS3035RES1000mN2893000E3771000","i_est_1km":0,"idcar_nat":"CRS3035RES1000mN2893000E3771000","groupe":874238,"pop_carr":278.5,"men_1ind":24.0,"men_5ind":16.0,"men_prop":86.0,"men_fmp":10.0,"ind_snv":6126831.8,"men_surf":8280.0,"men_coll":5.0,"men_mais":93.0,"log_av45":63.0,"log_45_70":11.0,"log_70_90":10.0,"log_ap_90":14.0,"log_inc":0.0,"log_soc":0.0,"ind_0_3":10.0,"ind_4_5":5.5,"ind_6_10":20.0,"ind_11_17":26.0,"ind_18_24":25.0,"ind_25_39":55.0,"ind_40_54":54.0,"ind_55_64":41.0,"ind_65_79":33.0,"ind_80p":9.0,"ind_inc":0.0,"men_pauv":16.0,"men":98.0,"lcog_geo":"93010","year":"2017","com_arm_code":["93010"],"com_code":["93010"],"com_arm_name":["Bondy"],"com_name":["Bondy"],"epci_name":["M\u00e9tropole du Grand Paris"],"epci_code":["200054781"],"dep_name":["Seine-Saint-Denis"],"dep_code":["93"],"reg_name":["\u00cele-de-France"],"reg_code":["11"]}},{"type":"Feature","geometry":{"coordinates":[[[2.481549767638074,48.909815945486514],[2.481277216611546,48.911604164071484],[2.483993327131853,48.911787513758796],[2.484265781455935,48.90999928754502],[2.481549767638074,48.909815945486514]]],"type":"Polygon"},"properties":{"geo_point_2d":{"lon":2.4827715225373836,"lat":48.91080173303951},"idcar_200m":"CRS3035RES200mN2894400E3770800","i_est_200":0,"idcar_1km":"CRS3035RES1000mN2894000E3770000","i_est_1km":0,"idcar_nat":"CRS3035RES1000mN2894000E3770000","groupe":877958,"pop_carr":49.0,"men_1ind":3.0,"men_5ind":6.0,"men_prop":5.0,"men_fmp":0.0,"ind_snv":815754.8,"men_surf":1075.0,"men_coll":7.0,"men_mais":6.0,"log_av45":2.0,"log_45_70":7.0,"log_70_90":3.0,"log_ap_90":1.0,"log_inc":0.0,"log_soc":0.0,"ind_0_3":4.0,"ind_4_5":2.0,"ind_6_10":3.0,"ind_11_17":7.0,"ind_18_24":7.0,"ind_25_39":6.0,"ind_40_54":10.0,"ind_55_64":4.0,"ind_65_79":4.0,"ind_80p":2.0,"ind_inc":0.0,"men_pauv":4.0,"men":13.0,"lcog_geo":"93010","year":"2017","com_arm_code":["93010"],"com_code":["93010"],"com_arm_name":["Bondy"],"com_name":["Bondy"],"epci_name":["M\u00e9tropole du Grand Paris"],"epci_code":["200054781"],"dep_name":["Seine-Saint-Denis"],"dep_code":["93"],"reg_name":["\u00cele-de-France"],"reg_code":["11"]}},{"type":"Feature","geometry":{"coordinates":[[[2.489431915053534,48.89408836000717],[2.489159780820637,48.895876613659944],[2.491875057946479,48.89605976277172],[2.492147095549336,48.894271501501926],[2.489431915053534,48.89408836000717]]],"type":"Polygon"},"properties":{"geo_point_2d":{"lon":2.4906534616718647,"lat":48.89507406480696},"idcar_200m":"CRS3035RES200mN2892600E3771200","i_est_200":0,"idcar_1km":"CRS3035RES1000mN2892000E3771000","i_est_1km":0,"idcar_nat":"CRS3035RES200mN2892600E3771200","groupe":874273,"pop_carr":632.0,"men_1ind":59.0,"men_5ind":46.0,"men_prop":100.0,"men_fmp":27.0,"ind_snv":11978964.3,"men_surf":14058.0,"men_coll":178.0,"men_mais":30.0,"log_av45":6.0,"log_45_70":3.0,"log_70_90":7.0,"log_ap_90":192.0,"log_inc":0.0,"log_soc":75.0,"ind_0_3":49.0,"ind_4_5":27.0,"ind_6_10":52.0,"ind_11_17":89.0,"ind_18_24":45.0,"ind_25_39":145.0,"ind_40_54":150.0,"ind_55_64":37.0,"ind_65_79":27.0,"ind_80p":7.0,"ind_inc":4.0,"men_pauv":44.0,"men":208.0,"lcog_geo":"93010","year":"2017","com_arm_code":["93010"],"com_code":["93010"],"com_arm_name":["Bondy"],"com_name":["Bondy"],"epci_name":["M\u00e9tropole du Grand Paris"],"epci_code":["200054781"],"dep_name":["Seine-Saint-Denis"],"dep_code":["93"],"reg_name":["\u00cele-de-France"],"reg_code":["11"]}},{"type":"Feature","geometry":{"coordinates":[[[2.485627680507894,48.901058123456764],[2.485355350362546,48.902846360678076],[2.488070995778853,48.90302960624716],[2.488343229262271,48.901241361403315],[2.485627680507894,48.901058123456764]]],"type":"Polygon"},"properties":{"geo_point_2d":{"lon":2.4868493133066387,"lat":48.90204386826911},"idcar_200m":"CRS3035RES200mN2893400E3771000","i_est_200":0,"idcar_1km":"CRS3035RES1000mN2893000E3771000","i_est_1km":0,"idcar_nat":"CRS3035RES1000mN2893000E3771000","groupe":874245,"pop_carr":409.5,"men_1ind":50.0,"men_5ind":25.0,"men_prop":0.0,"men_fmp":30.0,"ind_snv":6426196.6,"men_surf":8329.0,"men_coll":153.0,"men_mais":0.0,"log_av45":0.0,"log_45_70":153.0,"log_70_90":0.0,"log_ap_90":0.0,"log_inc":0.0,"log_soc":153.0,"ind_0_3":29.0,"ind_4_5":16.0,"ind_6_10":36.5,"ind_11_17":49.0,"ind_18_24":27.0,"ind_25_39":75.0,"ind_40_54":80.0,"ind_55_64":46.0,"ind_65_79":29.0,"ind_80p":21.0,"ind_inc":1.0,"men_pauv":45.0,"men":153.0,"lcog_geo":"93010","year":"2017","com_arm_code":["93010"],"com_code":["93010"],"com_arm_name":["Bondy"],"com_name":["Bondy"],"epci_name":["M\u00e9tropole du Grand Paris"],"epci_code":["200054781"],"dep_name":["Seine-Saint-Denis"],"dep_code":["93"],"reg_name":["\u00cele-de-France"],"reg_code":["11"]}},{"type":"Feature","geometry":{"coordinates":[[[2.473413905768013,48.89119991562268],[2.473141216664487,48.89298812572425],[2.475856287246986,48.89317166301951],[2.476128879744338,48.8913834452856],[2.473413905768013,48.89119991562268]]],"type":"Polygon"},"properties":{"geo_point_2d":{"lon":2.474635071684123,"lat":48.89218579273383},"idcar_200m":"CRS3035RES200mN2892400E3770000","i_est_200":0,"idcar_1km":"CRS3035RES1000mN2892000E3770000","i_est_1km":0,"idcar_nat":"CRS3035RES1000mN2892000E3770000","groupe":874208,"pop_carr":135.0,"men_1ind":15.0,"men_5ind":7.0,"men_prop":24.0,"men_fmp":10.0,"ind_snv":2792654.8,"men_surf":3747.0,"men_coll":21.0,"men_mais":29.0,"log_av45":15.0,"log_45_70":7.0,"log_70_90":8.0,"log_ap_90":20.0,"log_inc":0.0,"log_soc":12.0,"ind_0_3":17.0,"ind_4_5":3.0,"ind_6_10":12.0,"ind_11_17":11.0,"ind_18_24":11.0,"ind_25_39":28.0,"ind_40_54":20.0,"ind_55_64":13.0,"ind_65_79":11.0,"ind_80p":9.0,"ind_inc":0.0,"men_pauv":5.0,"men":50.0,"lcog_geo":"93010","year":"2017","com_arm_code":["93010"],"com_code":["93010"],"com_arm_name":["Bondy"],"com_name":["Bondy"],"epci_name":["M\u00e9tropole du Grand Paris"],"epci_code":["200054781"],"dep_name":["Seine-Saint-Denis"],"dep_code":["93"],"reg_name":["\u00cele-de-France"],"reg_code":["11"]}},{"type":"Feature","geometry":{"coordinates":[[[2.494862294341866,48.89445457702744],[2.494590353371587,48.89624284591162],[2.497305667089623,48.89642586307884],[2.497577511424785,48.89463758658296],[2.494862294341866,48.89445457702744]]],"type":"Polygon"},"properties":{"geo_point_2d":{"lon":2.4960839558867707,"lat":48.89544022347222},"idcar_200m":"CRS3035RES200mN2892600E3771600","i_est_200":0,"idcar_1km":"CRS3035RES1000mN2892000E3771000","i_est_1km":0,"idcar_nat":"CRS3035RES200mN2892600E3771600","groupe":874262,"pop_carr":373.5,"men_1ind":20.0,"men_5ind":28.0,"men_prop":98.0,"men_fmp":10.0,"ind_snv":7964498.6,"men_surf":9056.0,"men_coll":8.0,"men_mais":109.0,"log_av45":88.0,"log_45_70":10.0,"log_70_90":11.0,"log_ap_90":8.0,"log_inc":0.0,"log_soc":0.0,"ind_0_3":27.0,"ind_4_5":15.0,"ind_6_10":24.0,"ind_11_17":27.5,"ind_18_24":36.0,"ind_25_39":84.0,"ind_40_54":73.0,"ind_55_64":38.0,"ind_65_79":43.0,"ind_80p":5.0,"ind_inc":1.0,"men_pauv":19.0,"men":117.0,"lcog_geo":"9301093057","year":"2017","com_arm_code":["93010"],"com_code":["93010"],"com_arm_name":["Bondy"],"com_name":["Bondy"],"epci_name":["M\u00e9tropole du Grand Paris"],"epci_code":["200054781"],"dep_name":["Seine-Saint-Denis"],"dep_code":["93"],"reg_name":["\u00cele-de-France"],"reg_code":["11"]}},{"type":"Feature","geometry":{"coordinates":[[[2.488070995778853,48.90302960624716],[2.487798737474745,48.90481784888961],[2.4905144978799,48.905001036097424],[2.490786659510924,48.90321278583434],[2.488070995778853,48.90302960624716]]],"type":"Polygon"},"properties":{"geo_point_2d":{"lon":2.489292721989978,"lat":48.904015324590304},"idcar_200m":"CRS3035RES200mN2893600E3771200","i_est_200":1,"idcar_1km":"CRS3035RES1000mN2893000E3771000","i_est_1km":0,"idcar_nat":"CRS3035RES1000mN2893000E3771000","groupe":874227,"pop_carr":70.0,"men_1ind":2.2,"men_5ind":4.3,"men_prop":5.8,"men_fmp":2.2,"ind_snv":1498492.5,"men_surf":1778.1,"men_coll":14.4,"men_mais":6.5,"log_av45":4.3,"log_45_70":2.2,"log_70_90":0.7,"log_ap_90":13.7,"log_inc":0.0,"log_soc":0.0,"ind_0_3":10.1,"ind_4_5":2.9,"ind_6_10":6.5,"ind_11_17":2.9,"ind_18_24":2.9,"ind_25_39":24.5,"ind_40_54":9.4,"ind_55_64":4.3,"ind_65_79":4.3,"ind_80p":0.7,"ind_inc":1.5,"men_pauv":2.2,"men":20.9,"lcog_geo":"93010","year":"2017","com_arm_code":["93010"],"com_code":["93010"],"com_arm_name":["Bondy"],"com_name":["Bondy"],"epci_name":["M\u00e9tropole du Grand Paris"],"epci_code":["200054781"],"dep_name":["Seine-Saint-Denis"],"dep_code":["93"],"reg_name":["\u00cele-de-France"],"reg_code":["11"]}},{"type":"Feature","geometry":{"coordinates":[[[2.493774381704361,48.90160763935784],[2.493502341552426,48.90339589943886],[2.496218041897018,48.90357894706007],[2.496489985379399,48.90179067936448],[2.493774381704361,48.90160763935784]]],"type":"Polygon"},"properties":{"geo_point_2d":{"lon":2.4949961869627075,"lat":48.90259329662843},"idcar_200m":"CRS3035RES200mN2893400E3771600","i_est_200":0,"idcar_1km":"CRS3035RES1000mN2893000E3771000","i_est_1km":0,"idcar_nat":"CRS3035RES1000mN2893000E3771000","groupe":874229,"pop_carr":215.5,"men_1ind":13.0,"men_5ind":13.0,"men_prop":57.0,"men_fmp":6.0,"ind_snv":4033866.2,"men_surf":5998.0,"men_coll":9.0,"men_mais":58.0,"log_av45":34.0,"log_45_70":16.0,"log_70_90":5.0,"log_ap_90":12.0,"log_inc":0.0,"log_soc":0.0,"ind_0_3":12.5,"ind_4_5":5.0,"ind_6_10":14.0,"ind_11_17":23.0,"ind_18_24":18.0,"ind_25_39":32.0,"ind_40_54":49.0,"ind_55_64":25.0,"ind_65_79":23.0,"ind_80p":13.0,"ind_inc":1.0,"men_pauv":14.0,"men":67.0,"lcog_geo":"93010","year":"2017","com_arm_code":["93010"],"com_code":["93010"],"com_arm_name":["Bondy"],"com_name":["Bondy"],"epci_name":["M\u00e9tropole du Grand Paris"],"epci_code":["200054781"],"dep_name":["Seine-Saint-Denis"],"dep_code":["93"],"reg_name":["\u00cele-de-France"],"reg_code":["11"]}},{"type":"Feature","geometry":{"coordinates":[[[2.478833772158832,48.90963253743683],[2.478561124432399,48.91142074839024],[2.481277216611546,48.911604164071484],[2.481549767638074,48.909815945486514],[2.478833772158832,48.90963253743683]]],"type":"Polygon"},"properties":{"geo_point_2d":{"lon":2.480055469538036,"lat":48.91061835417023},"idcar_200m":"CRS3035RES200mN2894400E3770600","i_est_200":0,"idcar_1km":"CRS3035RES1000mN2894000E3770000","i_est_1km":0,"idcar_nat":"CRS3035RES1000mN2894000E3770000","groupe":877976,"pop_carr":1132.5,"men_1ind":196.0,"men_5ind":63.0,"men_prop":173.0,"men_fmp":21.0,"ind_snv":17215735.8,"men_surf":17716.0,"men_coll":273.0,"men_mais":193.0,"log_av45":8.0,"log_45_70":192.0,"log_70_90":142.0,"log_ap_90":124.0,"log_inc":0.0,"log_soc":270.0,"ind_0_3":52.0,"ind_4_5":35.5,"ind_6_10":55.5,"ind_11_17":107.5,"ind_18_24":65.0,"ind_25_39":167.0,"ind_40_54":201.0,"ind_55_64":194.0,"ind_65_79":184.0,"ind_80p":65.0,"ind_inc":6.0,"men_pauv":217.0,"men":466.0,"lcog_geo":"93010","year":"2017","com_arm_code":["93010"],"com_code":["93010"],"com_arm_name":["Bondy"],"com_name":["Bondy"],"epci_name":["M\u00e9tropole du Grand Paris"],"epci_code":["200054781"],"dep_name":["Seine-Saint-Denis"],"dep_code":["93"],"reg_name":["\u00cele-de-France"],"reg_code":["11"]}},{"type":"Feature","geometry":{"coordinates":[[[2.475299487136153,48.914813666746625],[2.475026668088871,48.91660186345874],[2.477743032064262,48.916785368039946],[2.478015754388345,48.91499716369152],[2.475299487136153,48.914813666746625]]],"type":"Polygon"},"properties":{"geo_point_2d":{"lon":2.476521234746705,"lat":48.91579952080888},"idcar_200m":"CRS3035RES200mN2895000E3770400","i_est_200":0,"idcar_1km":"CRS3035RES1000mN2895000E3770000","i_est_1km":0,"idcar_nat":"CRS3035RES200mN2895000E3770400","groupe":877946,"pop_carr":299.0,"men_1ind":22.0,"men_5ind":20.0,"men_prop":78.0,"men_fmp":9.0,"ind_snv":4878550.4,"men_surf":7088.0,"men_coll":44.0,"men_mais":51.0,"log_av45":18.0,"log_45_70":13.0,"log_70_90":56.0,"log_ap_90":8.0,"log_inc":0.0,"log_soc":0.0,"ind_0_3":21.0,"ind_4_5":10.0,"ind_6_10":20.0,"ind_11_17":28.0,"ind_18_24":22.0,"ind_25_39":63.0,"ind_40_54":51.0,"ind_55_64":36.0,"ind_65_79":42.0,"ind_80p":6.0,"ind_inc":0.0,"men_pauv":28.0,"men":95.0,"lcog_geo":"930109300893029","year":"2017","com_arm_code":["93010"],"com_code":["93010"],"com_arm_name":["Bondy"],"com_name":["Bondy"],"epci_name":["M\u00e9tropole du Grand Paris"],"epci_code":["200054781"],"dep_name":["Seine-Saint-Denis"],"dep_code":["93"],"reg_name":["\u00cele-de-France"],"reg_code":["11"]}},{"type":"Feature","geometry":{"coordinates":[[[2.480741610360651,48.897114999080756],[2.480469136582431,48.898903225456884],[2.483184552043127,48.89908658773255],[2.483456929181723,48.89729835372986],[2.480741610360651,48.897114999080756]]],"type":"Polygon"},"properties":{"geo_point_2d":{"lon":2.4819630563705113,"lat":48.89810079682201},"idcar_200m":"CRS3035RES200mN2893000E3770600","i_est_200":0,"idcar_1km":"CRS3035RES1000mN2893000E3770000","i_est_1km":0,"idcar_nat":"CRS3035RES200mN2893000E3770600","groupe":874297,"pop_carr":691.0,"men_1ind":110.0,"men_5ind":24.0,"men_prop":100.0,"men_fmp":43.0,"ind_snv":12659665.1,"men_surf":15790.0,"men_coll":247.0,"men_mais":47.0,"log_av45":61.0,"log_45_70":73.0,"log_70_90":57.0,"log_ap_90":103.0,"log_inc":0.0,"log_soc":116.0,"ind_0_3":51.5,"ind_4_5":27.0,"ind_6_10":39.0,"ind_11_17":57.5,"ind_18_24":56.0,"ind_25_39":176.0,"ind_40_54":139.0,"ind_55_64":67.0,"ind_65_79":55.0,"ind_80p":22.0,"ind_inc":1.0,"men_pauv":66.0,"men":294.0,"lcog_geo":"93010","year":"2017","com_arm_code":["93010"],"com_code":["93010"],"com_arm_name":["Bondy"],"com_name":["Bondy"],"epci_name":["M\u00e9tropole du Grand Paris"],"epci_code":["200054781"],"dep_name":["Seine-Saint-Denis"],"dep_code":["93"],"reg_name":["\u00cele-de-France"],"reg_code":["11"]}},{"type":"Feature","geometry":{"coordinates":[[[2.487526454346732,48.906606089330964],[2.487254146391583,48.908394327571536],[2.489970100168741,48.908577530022725],[2.490242311433577,48.90678928416008],[2.487526454346732,48.906606089330964]]],"type":"Polygon"},"properties":{"geo_point_2d":{"lon":2.4887482524138314,"lat":48.90759181309505},"idcar_200m":"CRS3035RES200mN2894000E3771200","i_est_200":1,"idcar_1km":"CRS3035RES1000mN2894000E3771000","i_est_1km":0,"idcar_nat":"CRS3035RES1000mN2894000E3771000","groupe":877888,"pop_carr":25.0,"men_1ind":1.4,"men_5ind":1.9,"men_prop":0.9,"men_fmp":0.9,"ind_snv":492199.5,"men_surf":563.2,"men_coll":8.0,"men_mais":0.0,"log_av45":2.8,"log_45_70":2.4,"log_70_90":0.0,"log_ap_90":2.8,"log_inc":0.0,"log_soc":0.0,"ind_0_3":0.9,"ind_4_5":0.9,"ind_6_10":4.2,"ind_11_17":2.4,"ind_18_24":2.4,"ind_25_39":4.3,"ind_40_54":6.1,"ind_55_64":3.3,"ind_65_79":0.5,"ind_80p":0.0,"ind_inc":0.0,"men_pauv":0.9,"men":8.0,"lcog_geo":"9301093057","year":"2017","com_arm_code":["93010"],"com_code":["93010"],"com_arm_name":["Bondy"],"com_name":["Bondy"],"epci_name":["M\u00e9tropole du Grand Paris"],"epci_code":["200054781"],"dep_name":["Seine-Saint-Denis"],"dep_code":["93"],"reg_name":["\u00cele-de-France"],"reg_code":["11"]}},{"type":"Feature","geometry":{"coordinates":[[[2.487798737474745,48.90481784888961],[2.487526454346732,48.906606089330964],[2.490242311433577,48.90678928416008],[2.4905144978799,48.905001036097424],[2.487798737474745,48.90481784888961]]],"type":"Polygon"},"properties":{"geo_point_2d":{"lon":2.489020499612504,"lat":48.90580356994297},"idcar_200m":"CRS3035RES200mN2893800E3771200","i_est_200":1,"idcar_1km":"CRS3035RES1000mN2893000E3771000","i_est_1km":0,"idcar_nat":"CRS3035RES1000mN2893000E3771000","groupe":874227,"pop_carr":27.0,"men_1ind":0.8,"men_5ind":1.7,"men_prop":2.2,"men_fmp":0.8,"ind_snv":577990.0,"men_surf":685.9,"men_coll":5.6,"men_mais":2.5,"log_av45":1.7,"log_45_70":0.8,"log_70_90":0.3,"log_ap_90":5.3,"log_inc":0.0,"log_soc":0.0,"ind_0_3":3.9,"ind_4_5":1.1,"ind_6_10":2.5,"ind_11_17":1.1,"ind_18_24":1.1,"ind_25_39":9.5,"ind_40_54":3.6,"ind_55_64":1.7,"ind_65_79":1.7,"ind_80p":0.3,"ind_inc":0.5,"men_pauv":0.8,"men":8.1,"lcog_geo":"93010","year":"2017","com_arm_code":["93010"],"com_code":["93010"],"com_arm_name":["Bondy"],"com_name":["Bondy"],"epci_name":["M\u00e9tropole du Grand Paris"],"epci_code":["200054781"],"dep_name":["Seine-Saint-Denis"],"dep_code":["93"],"reg_name":["\u00cele-de-France"],"reg_code":["11"]}},{"type":"Feature","geometry":{"coordinates":[[[2.486716752860788,48.893905152543844],[2.486444522000395,48.895693398576896],[2.489159780820637,48.895876613659944],[2.489431915053534,48.89408836000717],[2.486716752860788,48.893905152543844]]],"type":"Polygon"},"properties":{"geo_point_2d":{"lon":2.4879382420129943,"lat":48.894890886518624},"idcar_200m":"CRS3035RES200mN2892600E3771000","i_est_200":0,"idcar_1km":"CRS3035RES1000mN2892000E3771000","i_est_1km":0,"idcar_nat":"CRS3035RES200mN2892600E3771000","groupe":874275,"pop_carr":854.5,"men_1ind":52.0,"men_5ind":47.0,"men_prop":133.0,"men_fmp":49.0,"ind_snv":17621385.7,"men_surf":17885.0,"men_coll":237.0,"men_mais":38.0,"log_av45":19.0,"log_45_70":21.0,"log_70_90":0.0,"log_ap_90":235.0,"log_inc":0.0,"log_soc":101.0,"ind_0_3":101.5,"ind_4_5":33.0,"ind_6_10":81.5,"ind_11_17":88.5,"ind_18_24":66.0,"ind_25_39":239.0,"ind_40_54":165.0,"ind_55_64":46.0,"ind_65_79":33.0,"ind_80p":1.0,"ind_inc":0.0,"men_pauv":51.0,"men":275.0,"lcog_geo":"93010","year":"2017","com_arm_code":["93010"],"com_code":["93010"],"com_arm_name":["Bondy"],"com_name":["Bondy"],"epci_name":["M\u00e9tropole du Grand Paris"],"epci_code":["200054781"],"dep_name":["Seine-Saint-Denis"],"dep_code":["93"],"reg_name":["\u00cele-de-France"],"reg_code":["11"]}},{"type":"Feature","geometry":{"coordinates":[[[2.486164666235165,48.91554725853224],[2.485892234095975,48.91733548577365],[2.488608671453917,48.91751872634583],[2.488881006859716,48.91573049147879],[2.486164666235165,48.91554725853224]]],"type":"Polygon"},"properties":{"geo_point_2d":{"lon":2.487386643989362,"lat":48.91653299585776},"idcar_200m":"CRS3035RES200mN2895000E3771200","i_est_200":1,"idcar_1km":"CRS3035RES1000mN2895000E3771000","i_est_1km":0,"idcar_nat":"CRS3035RES1000mN2895000E3771000","groupe":877907,"pop_carr":74.0,"men_1ind":2.6,"men_5ind":2.6,"men_prop":19.4,"men_fmp":1.8,"ind_snv":1777871.7,"men_surf":2168.0,"men_coll":1.7,"men_mais":23.8,"log_av45":1.7,"log_45_70":3.5,"log_70_90":18.5,"log_ap_90":1.8,"log_inc":0.0,"log_soc":0.0,"ind_0_3":2.6,"ind_4_5":0.9,"ind_6_10":5.3,"ind_11_17":3.5,"ind_18_24":5.3,"ind_25_39":14.1,"ind_40_54":9.7,"ind_55_64":24.7,"ind_65_79":7.0,"ind_80p":0.9,"ind_inc":0.0,"men_pauv":3.5,"men":25.5,"lcog_geo":"93010","year":"2017","com_arm_code":["93010"],"com_code":["93010"],"com_arm_name":["Bondy"],"com_name":["Bondy"],"epci_name":["M\u00e9tropole du Grand Paris"],"epci_code":["200054781"],"dep_name":["Seine-Saint-Denis"],"dep_code":["93"],"reg_name":["\u00cele-de-France"],"reg_code":["11"]}},{"type":"Feature","geometry":{"coordinates":[[[2.492147095549336,48.894271501501926],[2.491875057946479,48.89605976277172],[2.494590353371587,48.89624284591162],[2.494862294341866,48.89445457702744],[2.492147095549336,48.894271501501926]]],"type":"Polygon"},"properties":{"geo_point_2d":{"lon":2.493368699631908,"lat":48.89525717712507},"idcar_200m":"CRS3035RES200mN2892600E3771400","i_est_200":0,"idcar_1km":"CRS3035RES1000mN2892000E3771000","i_est_1km":0,"idcar_nat":"CRS3035RES200mN2892600E3771400","groupe":874261,"pop_carr":303.5,"men_1ind":25.0,"men_5ind":13.0,"men_prop":88.0,"men_fmp":9.0,"ind_snv":6451028.9,"men_surf":7918.0,"men_coll":18.0,"men_mais":91.0,"log_av45":76.0,"log_45_70":18.0,"log_70_90":12.0,"log_ap_90":3.0,"log_inc":0.0,"log_soc":0.0,"ind_0_3":15.0,"ind_4_5":11.5,"ind_6_10":19.5,"ind_11_17":26.0,"ind_18_24":25.5,"ind_25_39":54.0,"ind_40_54":69.0,"ind_55_64":43.0,"ind_65_79":32.0,"ind_80p":8.0,"ind_inc":0.0,"men_pauv":23.0,"men":109.0,"lcog_geo":"93010","year":"2017","com_arm_code":["93010"],"com_code":["93010"],"com_arm_name":["Bondy"],"com_name":["Bondy"],"epci_name":["M\u00e9tropole du Grand Paris"],"epci_code":["200054781"],"dep_name":["Seine-Saint-Denis"],"dep_code":["93"],"reg_name":["\u00cele-de-France"],"reg_code":["11"]}},{"type":"Feature","geometry":{"coordinates":[[[2.484273911640987,48.891933638497655],[2.484001608977426,48.89372187911274],[2.486716752860788,48.893905152543844],[2.486988958907995,48.89211690430711],[2.484273911640987,48.891933638497655]]],"type":"Polygon"},"properties":{"geo_point_2d":{"lon":2.485495307425834,"lat":48.89291939893661},"idcar_200m":"CRS3035RES200mN2892400E3770800","i_est_200":0,"idcar_1km":"CRS3035RES1000mN2892000E3770000","i_est_1km":0,"idcar_nat":"CRS3035RES1000mN2892000E3770000","groupe":874205,"pop_carr":60.0,"men_1ind":6.0,"men_5ind":4.0,"men_prop":20.0,"men_fmp":2.0,"ind_snv":1285575.4,"men_surf":1798.0,"men_coll":0.0,"men_mais":22.0,"log_av45":13.0,"log_45_70":7.0,"log_70_90":1.0,"log_ap_90":1.0,"log_inc":0.0,"log_soc":0.0,"ind_0_3":2.0,"ind_4_5":1.0,"ind_6_10":5.0,"ind_11_17":7.0,"ind_18_24":6.0,"ind_25_39":7.0,"ind_40_54":13.0,"ind_55_64":9.0,"ind_65_79":7.0,"ind_80p":3.0,"ind_inc":0.0,"men_pauv":3.0,"men":22.0,"lcog_geo":"93010","year":"2017","com_arm_code":["93010"],"com_code":["93010"],"com_arm_name":["Bondy"],"com_name":["Bondy"],"epci_name":["M\u00e9tropole du Grand Paris"],"epci_code":["200054781"],"dep_name":["Seine-Saint-Denis"],"dep_code":["93"],"reg_name":["\u00cele-de-France"],"reg_code":["11"]}},{"type":"Feature","geometry":{"coordinates":[[[2.473674652483497,48.90747732548068],[2.473401836241558,48.90926552336676],[2.476117795024548,48.90944906339668],[2.476390514580292,48.907660857874426],[2.473674652483497,48.90747732548068]]],"type":"Polygon"},"properties":{"geo_point_2d":{"lon":2.4748961989099603,"lat":48.90846319785309},"idcar_200m":"CRS3035RES200mN2894200E3770200","i_est_200":1,"idcar_1km":"CRS3035RES1000mN2894000E3770000","i_est_1km":0,"idcar_nat":"CRS3035RES1000mN2894000E3770000","groupe":877957,"pop_carr":3.0,"men_1ind":0.0,"men_5ind":0.3,"men_prop":0.8,"men_fmp":0.0,"ind_snv":63127.7,"men_surf":62.4,"men_coll":0.0,"men_mais":0.8,"log_av45":0.7,"log_45_70":0.0,"log_70_90":0.0,"log_ap_90":0.1,"log_inc":0.0,"log_soc":0.0,"ind_0_3":0.2,"ind_4_5":0.1,"ind_6_10":0.3,"ind_11_17":0.2,"ind_18_24":0.1,"ind_25_39":0.8,"ind_40_54":0.3,"ind_55_64":0.4,"ind_65_79":0.4,"ind_80p":0.2,"ind_inc":0.0,"men_pauv":0.0,"men":0.8,"lcog_geo":"93010","year":"2017","com_arm_code":["93010"],"com_code":["93010"],"com_arm_name":["Bondy"],"com_name":["Bondy"],"epci_name":["M\u00e9tropole du Grand Paris"],"epci_code":["200054781"],"dep_name":["Seine-Saint-Denis"],"dep_code":["93"],"reg_name":["\u00cele-de-France"],"reg_code":["11"]}},{"type":"Feature","geometry":{"coordinates":[[[2.489976109108809,48.8905118460923],[2.489704024481851,48.89230010415142],[2.492419108356224,48.89248323802982],[2.492691096370355,48.89069497235511],[2.489976109108809,48.8905118460923]]],"type":"Polygon"},"properties":{"geo_point_2d":{"lon":2.49119758390888,"lat":48.89149754547838},"idcar_200m":"CRS3035RES200mN2892200E3771200","i_est_200":0,"idcar_1km":"CRS3035RES1000mN2892000E3771000","i_est_1km":0,"idcar_nat":"CRS3035RES200mN2892200E3771200","groupe":874270,"pop_carr":511.5,"men_1ind":28.0,"men_5ind":41.0,"men_prop":59.0,"men_fmp":19.0,"ind_snv":9559677.6,"men_surf":10601.0,"men_coll":90.0,"men_mais":62.0,"log_av45":48.0,"log_45_70":94.0,"log_70_90":4.0,"log_ap_90":6.0,"log_inc":0.0,"log_soc":83.0,"ind_0_3":32.5,"ind_4_5":16.0,"ind_6_10":52.0,"ind_11_17":58.0,"ind_18_24":43.0,"ind_25_39":114.0,"ind_40_54":106.0,"ind_55_64":39.0,"ind_65_79":39.0,"ind_80p":11.0,"ind_inc":1.0,"men_pauv":29.0,"men":152.0,"lcog_geo":"9301093077","year":"2017","com_arm_code":["93010"],"com_code":["93010"],"com_arm_name":["Bondy"],"com_name":["Bondy"],"epci_name":["M\u00e9tropole du Grand Paris"],"epci_code":["200054781"],"dep_name":["Seine-Saint-Denis"],"dep_code":["93"],"reg_name":["\u00cele-de-France"],"reg_code":["11"]}},{"type":"Feature","geometry":{"coordinates":[[[2.474220210350332,48.903900923096],[2.47394744385201,48.9056891253905],[2.476663209271227,48.90587265014884],[2.476935879100577,48.90408444021961],[2.474220210350332,48.903900923096]]],"type":"Polygon"},"properties":{"geo_point_2d":{"lon":2.4754416849712233,"lat":48.904886790036635},"idcar_200m":"CRS3035RES200mN2893800E3770200","i_est_200":0,"idcar_1km":"CRS3035RES1000mN2893000E3770000","i_est_1km":0,"idcar_nat":"CRS3035RES200mN2893800E3770200","groupe":874280,"pop_carr":275.0,"men_1ind":25.0,"men_5ind":20.0,"men_prop":1.0,"men_fmp":16.0,"ind_snv":4343873.5,"men_surf":6836.0,"men_coll":90.0,"men_mais":0.0,"log_av45":0.0,"log_45_70":3.0,"log_70_90":87.0,"log_ap_90":0.0,"log_inc":0.0,"log_soc":86.0,"ind_0_3":13.0,"ind_4_5":10.0,"ind_6_10":23.0,"ind_11_17":43.0,"ind_18_24":32.0,"ind_25_39":39.0,"ind_40_54":55.0,"ind_55_64":33.0,"ind_65_79":23.0,"ind_80p":4.0,"ind_inc":0.0,"men_pauv":27.0,"men":90.0,"lcog_geo":"93010","year":"2017","com_arm_code":["93010"],"com_code":["93010"],"com_arm_name":["Bondy"],"com_name":["Bondy"],"epci_name":["M\u00e9tropole du Grand Paris"],"epci_code":["200054781"],"dep_name":["Seine-Saint-Denis"],"dep_code":["93"],"reg_name":["\u00cele-de-France"],"reg_code":["11"]}},{"type":"Feature","geometry":{"coordinates":[[[2.479924114502571,48.902479671596964],[2.47965156619448,48.9042678913615],[2.482367271625701,48.90445127652096],[2.482639723268339,48.90266304912775],[2.479924114502571,48.902479671596964]]],"type":"Polygon"},"properties":{"geo_point_2d":{"lon":2.4811456682259956,"lat":48.903465477474626},"idcar_200m":"CRS3035RES200mN2893600E3770600","i_est_200":0,"idcar_1km":"CRS3035RES1000mN2893000E3770000","i_est_1km":0,"idcar_nat":"CRS3035RES200mN2893600E3770600","groupe":874299,"pop_carr":963.0,"men_1ind":126.0,"men_5ind":45.0,"men_prop":120.0,"men_fmp":62.0,"ind_snv":16658758.0,"men_surf":20651.0,"men_coll":366.0,"men_mais":0.0,"log_av45":7.0,"log_45_70":12.0,"log_70_90":58.0,"log_ap_90":289.0,"log_inc":0.0,"log_soc":147.0,"ind_0_3":82.0,"ind_4_5":37.5,"ind_6_10":91.5,"ind_11_17":92.0,"ind_18_24":61.0,"ind_25_39":229.0,"ind_40_54":188.0,"ind_55_64":84.0,"ind_65_79":56.0,"ind_80p":37.0,"ind_inc":5.0,"men_pauv":98.0,"men":366.0,"lcog_geo":"93010","year":"2017","com_arm_code":["93010"],"com_code":["93010"],"com_arm_name":["Bondy"],"com_name":["Bondy"],"epci_name":["M\u00e9tropole du Grand Paris"],"epci_code":["200054781"],"dep_name":["Seine-Saint-Denis"],"dep_code":["93"],"reg_name":["\u00cele-de-France"],"reg_code":["11"]}},{"type":"Feature","geometry":{"coordinates":[[[2.471504559950068,48.90371733999137],[2.471231696785325,48.9055055346485],[2.47394744385201,48.9056891253905],[2.474220210350332,48.903900923096],[2.471504559950068,48.90371733999137]]],"type":"Polygon"},"properties":{"geo_point_2d":{"lon":2.4727259770618994,"lat":48.90470323610436},"idcar_200m":"CRS3035RES200mN2893800E3770000","i_est_200":0,"idcar_1km":"CRS3035RES1000mN2893000E3770000","i_est_1km":0,"idcar_nat":"CRS3035RES200mN2893800E3770000","groupe":874278,"pop_carr":130.0,"men_1ind":18.0,"men_5ind":5.0,"men_prop":0.0,"men_fmp":8.0,"ind_snv":1817648.4,"men_surf":3287.0,"men_coll":52.0,"men_mais":0.0,"log_av45":0.0,"log_45_70":52.0,"log_70_90":0.0,"log_ap_90":0.0,"log_inc":0.0,"log_soc":52.0,"ind_0_3":6.0,"ind_4_5":2.0,"ind_6_10":10.0,"ind_11_17":15.0,"ind_18_24":11.0,"ind_25_39":26.0,"ind_40_54":22.0,"ind_55_64":17.0,"ind_65_79":14.0,"ind_80p":7.0,"ind_inc":0.0,"men_pauv":17.0,"men":52.0,"lcog_geo":"93010","year":"2017","com_arm_code":["93010"],"com_code":["93010"],"com_arm_name":["Bondy"],"com_name":["Bondy"],"epci_name":["M\u00e9tropole du Grand Paris"],"epci_code":["200054781"],"dep_name":["Seine-Saint-Denis"],"dep_code":["93"],"reg_name":["\u00cele-de-France"],"reg_code":["11"]}},{"type":"Feature","geometry":{"coordinates":[[[2.471231696785325,48.9055055346485],[2.470958808741782,48.90729372710053],[2.473674652483497,48.90747732548068],[2.47394744385201,48.9056891253905],[2.471231696785325,48.9055055346485]]],"type":"Polygon"},"properties":{"geo_point_2d":{"lon":2.472453149793026,"lat":48.90649143347811},"idcar_200m":"CRS3035RES200mN2894000E3770000","i_est_200":0,"idcar_1km":"CRS3035RES1000mN2894000E3770000","i_est_1km":0,"idcar_nat":"CRS3035RES1000mN2894000E3770000","groupe":877959,"pop_carr":62.0,"men_1ind":4.0,"men_5ind":5.0,"men_prop":8.0,"men_fmp":1.0,"ind_snv":903512.6,"men_surf":939.0,"men_coll":7.0,"men_mais":11.0,"log_av45":13.0,"log_45_70":3.0,"log_70_90":2.0,"log_ap_90":0.0,"log_inc":0.0,"log_soc":1.0,"ind_0_3":4.0,"ind_4_5":1.0,"ind_6_10":6.0,"ind_11_17":7.0,"ind_18_24":5.0,"ind_25_39":16.0,"ind_40_54":12.0,"ind_55_64":4.0,"ind_65_79":5.0,"ind_80p":2.0,"ind_inc":0.0,"men_pauv":6.0,"men":18.0,"lcog_geo":"9301093008","year":"2017","com_arm_code":["93010"],"com_code":["93010"],"com_arm_name":["Bondy"],"com_name":["Bondy"],"epci_name":["M\u00e9tropole du Grand Paris"],"epci_code":["200054781"],"dep_name":["Seine-Saint-Denis"],"dep_code":["93"],"reg_name":["\u00cele-de-France"],"reg_code":["11"]}},{"type":"Feature","geometry":{"coordinates":[[[2.477743032064262,48.916785368039946],[2.477470284867837,48.91857357018737],[2.480186763932749,48.91875701640178],[2.480459414394808,48.91696880661997],[2.477743032064262,48.916785368039946]]],"type":"Polygon"},"properties":{"geo_point_2d":{"lon":2.4789648731423313,"lat":48.91777119563734},"idcar_200m":"CRS3035RES200mN2895200E3770600","i_est_200":0,"idcar_1km":"CRS3035RES1000mN2895000E3770000","i_est_1km":0,"idcar_nat":"CRS3035RES200mN2895200E3770600","groupe":877950,"pop_carr":371.0,"men_1ind":36.0,"men_5ind":24.0,"men_prop":6.0,"men_fmp":30.0,"ind_snv":5746216.5,"men_surf":7653.0,"men_coll":120.0,"men_mais":6.0,"log_av45":0.0,"log_45_70":72.0,"log_70_90":0.0,"log_ap_90":54.0,"log_inc":0.0,"log_soc":119.0,"ind_0_3":32.0,"ind_4_5":18.0,"ind_6_10":42.0,"ind_11_17":45.0,"ind_18_24":18.0,"ind_25_39":85.0,"ind_40_54":64.0,"ind_55_64":22.0,"ind_65_79":40.0,"ind_80p":5.0,"ind_inc":0.0,"men_pauv":41.0,"men":126.0,"lcog_geo":"9301093005","year":"2017","com_arm_code":["93010"],"com_code":["93010"],"com_arm_name":["Bondy"],"com_name":["Bondy"],"epci_name":["M\u00e9tropole du Grand Paris"],"epci_code":["200054781"],"dep_name":["Seine-Saint-Denis"],"dep_code":["93"],"reg_name":["\u00cele-de-France"],"reg_code":["11"]}},{"type":"Feature","geometry":{"coordinates":[[[2.487261140145243,48.89032865386632],[2.486988958907995,48.89211690430711],[2.489704024481851,48.89230010415142],[2.489976109108809,48.8905118460923],[2.487261140145243,48.89032865386632]]],"type":"Polygon"},"properties":{"geo_point_2d":{"lon":2.488482557490334,"lat":48.8913143824254},"idcar_200m":"CRS3035RES200mN2892200E3771000","i_est_200":0,"idcar_1km":"CRS3035RES1000mN2892000E3771000","i_est_1km":0,"idcar_nat":"CRS3035RES200mN2892200E3771000","groupe":874263,"pop_carr":371.0,"men_1ind":27.0,"men_5ind":25.0,"men_prop":1.0,"men_fmp":29.0,"ind_snv":5559787.4,"men_surf":7667.0,"men_coll":123.0,"men_mais":1.0,"log_av45":1.0,"log_45_70":123.0,"log_70_90":0.0,"log_ap_90":0.0,"log_inc":0.0,"log_soc":123.0,"ind_0_3":32.5,"ind_4_5":13.0,"ind_6_10":46.0,"ind_11_17":48.5,"ind_18_24":28.0,"ind_25_39":71.0,"ind_40_54":79.0,"ind_55_64":29.0,"ind_65_79":17.0,"ind_80p":6.0,"ind_inc":1.0,"men_pauv":43.0,"men":124.0,"lcog_geo":"93010","year":"2017","com_arm_code":["93010"],"com_code":["93010"],"com_arm_name":["Bondy"],"com_name":["Bondy"],"epci_name":["M\u00e9tropole du Grand Paris"],"epci_code":["200054781"],"dep_name":["Seine-Saint-Denis"],"dep_code":["93"],"reg_name":["\u00cele-de-France"],"reg_code":["11"]}},{"type":"Feature","geometry":{"coordinates":[[[2.481277216611546,48.911604164071484],[2.481004640730978,48.91339238045513],[2.48372084796235,48.91357573777202],[2.483993327131853,48.911787513758796],[2.481277216611546,48.911604164071484]]],"type":"Polygon"},"properties":{"geo_point_2d":{"lon":2.4824990074371205,"lat":48.9125899543387},"idcar_200m":"CRS3035RES200mN2894600E3770800","i_est_200":0,"idcar_1km":"CRS3035RES1000mN2894000E3770000","i_est_1km":0,"idcar_nat":"CRS3035RES1000mN2894000E3770000","groupe":877972,"pop_carr":622.5,"men_1ind":34.0,"men_5ind":50.0,"men_prop":0.0,"men_fmp":32.0,"ind_snv":8815187.6,"men_surf":11971.0,"men_coll":178.0,"men_mais":0.0,"log_av45":0.0,"log_45_70":48.0,"log_70_90":0.0,"log_ap_90":130.0,"log_inc":0.0,"log_soc":178.0,"ind_0_3":54.0,"ind_4_5":25.0,"ind_6_10":57.0,"ind_11_17":93.5,"ind_18_24":51.0,"ind_25_39":114.0,"ind_40_54":127.0,"ind_55_64":54.0,"ind_65_79":32.0,"ind_80p":14.0,"ind_inc":1.0,"men_pauv":71.0,"men":178.0,"lcog_geo":"93010","year":"2017","com_arm_code":["93010"],"com_code":["93010"],"com_arm_name":["Bondy"],"com_name":["Bondy"],"epci_name":["M\u00e9tropole du Grand Paris"],"epci_code":["200054781"],"dep_name":["Seine-Saint-Denis"],"dep_code":["93"],"reg_name":["\u00cele-de-France"],"reg_code":["11"]}},{"type":"Feature","geometry":{"coordinates":[[[2.474492951981687,48.90211271859681],[2.474220210350332,48.903900923096],[2.476935879100577,48.90408444021961],[2.477208524071574,48.902296228086406],[2.474492951981687,48.90211271859681]]],"type":"Polygon"},"properties":{"geo_point_2d":{"lon":2.4757143907038306,"lat":48.903098582822324},"idcar_200m":"CRS3035RES200mN2893600E3770200","i_est_200":0,"idcar_1km":"CRS3035RES1000mN2893000E3770000","i_est_1km":0,"idcar_nat":"CRS3035RES200mN2893600E3770200","groupe":874281,"pop_carr":278.5,"men_1ind":27.0,"men_5ind":17.0,"men_prop":43.0,"men_fmp":8.0,"ind_snv":5443276.4,"men_surf":7019.4,"men_coll":73.0,"men_mais":23.0,"log_av45":15.0,"log_45_70":17.0,"log_70_90":13.0,"log_ap_90":50.0,"log_inc":1.0,"log_soc":40.0,"ind_0_3":23.0,"ind_4_5":11.0,"ind_6_10":21.5,"ind_11_17":32.0,"ind_18_24":22.0,"ind_25_39":53.0,"ind_40_54":43.0,"ind_55_64":32.0,"ind_65_79":24.0,"ind_80p":16.0,"ind_inc":1.0,"men_pauv":18.0,"men":96.0,"lcog_geo":"93010","year":"2017","com_arm_code":["93010"],"com_code":["93010"],"com_arm_name":["Bondy"],"com_name":["Bondy"],"epci_name":["M\u00e9tropole du Grand Paris"],"epci_code":["200054781"],"dep_name":["Seine-Saint-Denis"],"dep_code":["93"],"reg_name":["\u00cele-de-France"],"reg_code":["11"]}},{"type":"Feature","geometry":{"coordinates":[[[2.481558882687152,48.89175030672378],[2.481286483409786,48.89353853971449],[2.484001608977426,48.89372187911274],[2.484273911640987,48.891933638497655],[2.481558882687152,48.89175030672378]]],"type":"Polygon"},"properties":{"geo_point_2d":{"lon":2.482780221007662,"lat":48.89273609633332},"idcar_200m":"CRS3035RES200mN2892400E3770600","i_est_200":0,"idcar_1km":"CRS3035RES1000mN2892000E3770000","i_est_1km":0,"idcar_nat":"CRS3035RES1000mN2892000E3770000","groupe":874212,"pop_carr":212.0,"men_1ind":10.0,"men_5ind":12.0,"men_prop":58.0,"men_fmp":2.0,"ind_snv":4503886.6,"men_surf":5635.0,"men_coll":8.0,"men_mais":60.0,"log_av45":48.0,"log_45_70":9.0,"log_70_90":3.0,"log_ap_90":8.0,"log_inc":0.0,"log_soc":0.0,"ind_0_3":15.0,"ind_4_5":9.0,"ind_6_10":12.0,"ind_11_17":21.0,"ind_18_24":13.0,"ind_25_39":41.0,"ind_40_54":40.0,"ind_55_64":28.0,"ind_65_79":16.0,"ind_80p":17.0,"ind_inc":0.0,"men_pauv":13.0,"men":68.0,"lcog_geo":"93010","year":"2017","com_arm_code":["93010"],"com_code":["93010"],"com_arm_name":["Bondy"],"com_name":["Bondy"],"epci_name":["M\u00e9tropole du Grand Paris"],"epci_code":["200054781"],"dep_name":["Seine-Saint-Denis"],"dep_code":["93"],"reg_name":["\u00cele-de-France"],"reg_code":["11"]}},{"type":"Feature","geometry":{"coordinates":[[[2.47965156619448,48.9042678913615],[2.479378993036643,48.90605610892277],[2.482094795141926,48.90623950171159],[2.482367271625701,48.90445127652096],[2.47965156619448,48.9042678913615]]],"type":"Polygon"},"properties":{"geo_point_2d":{"lon":2.480873155827806,"lat":48.905253699952326},"idcar_200m":"CRS3035RES200mN2893800E3770600","i_est_200":0,"idcar_1km":"CRS3035RES1000mN2893000E3770000","i_est_1km":0,"idcar_nat":"CRS3035RES200mN2893800E3770600","groupe":874288,"pop_carr":379.5,"men_1ind":88.0,"men_5ind":15.0,"men_prop":52.0,"men_fmp":29.0,"ind_snv":6156318.9,"men_surf":8819.0,"men_coll":179.0,"men_mais":2.0,"log_av45":3.0,"log_45_70":64.0,"log_70_90":38.0,"log_ap_90":76.0,"log_inc":0.0,"log_soc":94.0,"ind_0_3":36.0,"ind_4_5":9.0,"ind_6_10":24.5,"ind_11_17":24.0,"ind_18_24":20.0,"ind_25_39":97.0,"ind_40_54":81.0,"ind_55_64":41.0,"ind_65_79":29.0,"ind_80p":16.0,"ind_inc":2.0,"men_pauv":58.0,"men":181.0,"lcog_geo":"93010","year":"2017","com_arm_code":["93010"],"com_code":["93010"],"com_arm_name":["Bondy"],"com_name":["Bondy"],"epci_name":["M\u00e9tropole du Grand Paris"],"epci_code":["200054781"],"dep_name":["Seine-Saint-Denis"],"dep_code":["93"],"reg_name":["\u00cele-de-France"],"reg_code":["11"]}},{"type":"Feature","geometry":{"coordinates":[[[2.480732039993137,48.9151805946379],[2.480459414394808,48.91696880661997],[2.48317581507416,48.917152179198126],[2.483448343944191,48.91536395958504],[2.480732039993137,48.9151805946379]]],"type":"Polygon"},"properties":{"geo_point_2d":{"lon":2.4819539026793134,"lat":48.916166390335164},"idcar_200m":"CRS3035RES200mN2895000E3770800","i_est_200":0,"idcar_1km":"CRS3035RES1000mN2895000E3770000","i_est_1km":0,"idcar_nat":"CRS3035RES200mN2895000E3770800","groupe":877935,"pop_carr":216.5,"men_1ind":11.0,"men_5ind":19.0,"men_prop":43.0,"men_fmp":5.0,"ind_snv":3887056.9,"men_surf":4834.0,"men_coll":20.0,"men_mais":45.0,"log_av45":12.0,"log_45_70":37.0,"log_70_90":9.0,"log_ap_90":7.0,"log_inc":0.0,"log_soc":15.0,"ind_0_3":7.0,"ind_4_5":7.0,"ind_6_10":14.0,"ind_11_17":31.5,"ind_18_24":13.0,"ind_25_39":42.0,"ind_40_54":39.0,"ind_55_64":23.0,"ind_65_79":27.0,"ind_80p":12.0,"ind_inc":1.0,"men_pauv":11.0,"men":65.0,"lcog_geo":"93010","year":"2017","com_arm_code":["93010"],"com_code":["93010"],"com_arm_name":["Bondy"],"com_name":["Bondy"],"epci_name":["M\u00e9tropole du Grand Paris"],"epci_code":["200054781"],"dep_name":["Seine-Saint-Denis"],"dep_code":["93"],"reg_name":["\u00cele-de-France"],"reg_code":["11"]}},{"type":"Feature","geometry":{"coordinates":[[[2.492691096370355,48.89069497235511],[2.492419108356224,48.89248323802982],[2.49513421052478,48.89266630594167],[2.495406101923546,48.89087803265395],[2.492691096370355,48.89069497235511]]],"type":"Polygon"},"properties":{"geo_point_2d":{"lon":2.493912628623523,"lat":48.89168064256647},"idcar_200m":"CRS3035RES200mN2892200E3771400","i_est_200":0,"idcar_1km":"CRS3035RES1000mN2892000E3771000","i_est_1km":0,"idcar_nat":"CRS3035RES200mN2892200E3771400","groupe":874254,"pop_carr":177.0,"men_1ind":14.0,"men_5ind":11.0,"men_prop":46.0,"men_fmp":1.0,"ind_snv":3693226.9,"men_surf":4694.0,"men_coll":9.0,"men_mais":52.0,"log_av45":52.0,"log_45_70":3.0,"log_70_90":3.0,"log_ap_90":3.0,"log_inc":0.0,"log_soc":0.0,"ind_0_3":5.0,"ind_4_5":7.0,"ind_6_10":13.0,"ind_11_17":14.0,"ind_18_24":22.0,"ind_25_39":30.0,"ind_40_54":41.0,"ind_55_64":27.0,"ind_65_79":11.0,"ind_80p":7.0,"ind_inc":0.0,"men_pauv":14.0,"men":61.0,"lcog_geo":"93010","year":"2017","com_arm_code":["93010"],"com_code":["93010"],"com_arm_name":["Bondy"],"com_name":["Bondy"],"epci_name":["M\u00e9tropole du Grand Paris"],"epci_code":["200054781"],"dep_name":["Seine-Saint-Denis"],"dep_code":["93"],"reg_name":["\u00cele-de-France"],"reg_code":["11"]}},{"type":"Feature","geometry":{"coordinates":[[[2.491875057946479,48.89605976277172],[2.491602995544428,48.89784802183956],[2.49431838761072,48.89803111259455],[2.494590353371587,48.89624284591162],[2.491875057946479,48.89605976277172]]],"type":"Polygon"},"properties":{"geo_point_2d":{"lon":2.4930966979477933,"lat":48.89704544110153},"idcar_200m":"CRS3035RES200mN2892800E3771400","i_est_200":0,"idcar_1km":"CRS3035RES1000mN2892000E3771000","i_est_1km":0,"idcar_nat":"CRS3035RES200mN2892800E3771400","groupe":874265,"pop_carr":451.0,"men_1ind":21.0,"men_5ind":29.0,"men_prop":117.0,"men_fmp":13.0,"ind_snv":9974974.7,"men_surf":10838.4,"men_coll":10.0,"men_mais":128.0,"log_av45":46.0,"log_45_70":13.0,"log_70_90":12.0,"log_ap_90":65.0,"log_inc":2.0,"log_soc":7.0,"ind_0_3":31.0,"ind_4_5":22.0,"ind_6_10":35.0,"ind_11_17":44.0,"ind_18_24":41.0,"ind_25_39":86.0,"ind_40_54":104.0,"ind_55_64":50.0,"ind_65_79":30.0,"ind_80p":8.0,"ind_inc":0.0,"men_pauv":14.0,"men":138.0,"lcog_geo":"93010","year":"2017","com_arm_code":["93010"],"com_code":["93010"],"com_arm_name":["Bondy"],"com_name":["Bondy"],"epci_name":["M\u00e9tropole du Grand Paris"],"epci_code":["200054781"],"dep_name":["Seine-Saint-Denis"],"dep_code":["93"],"reg_name":["\u00cele-de-France"],"reg_code":["11"]}},{"type":"Feature","geometry":{"coordinates":[[[2.491330908339966,48.89963627870574],[2.49105879632987,48.901424533370566],[2.493774381704361,48.90160763935784],[2.494046397056053,48.899819377076504],[2.491330908339966,48.89963627870574]]],"type":"Polygon"},"properties":{"geo_point_2d":{"lon":2.49255262018685,"lat":48.90062196245039},"idcar_200m":"CRS3035RES200mN2893200E3771400","i_est_200":0,"idcar_1km":"CRS3035RES1000mN2893000E3771000","i_est_1km":0,"idcar_nat":"CRS3035RES1000mN2893000E3771000","groupe":874231,"pop_carr":202.0,"men_1ind":26.0,"men_5ind":9.0,"men_prop":18.0,"men_fmp":12.0,"ind_snv":3587478.2,"men_surf":5070.0,"men_coll":71.0,"men_mais":10.0,"log_av45":12.0,"log_45_70":33.0,"log_70_90":1.0,"log_ap_90":35.0,"log_inc":0.0,"log_soc":53.0,"ind_0_3":8.0,"ind_4_5":5.0,"ind_6_10":15.0,"ind_11_17":15.0,"ind_18_24":15.0,"ind_25_39":43.0,"ind_40_54":35.0,"ind_55_64":28.0,"ind_65_79":27.0,"ind_80p":11.0,"ind_inc":0.0,"men_pauv":21.0,"men":81.0,"lcog_geo":"93010","year":"2017","com_arm_code":["93010"],"com_code":["93010"],"com_arm_name":["Bondy"],"com_name":["Bondy"],"epci_name":["M\u00e9tropole du Grand Paris"],"epci_code":["200054781"],"dep_name":["Seine-Saint-Denis"],"dep_code":["93"],"reg_name":["\u00cele-de-France"],"reg_code":["11"]}},{"type":"Feature","geometry":{"coordinates":[[[2.488343229262271,48.901241361403315],[2.488070995778853,48.90302960624716],[2.490786659510924,48.90321278583434],[2.49105879632987,48.901424533370566],[2.488343229262271,48.901241361403315]]],"type":"Polygon"},"properties":{"geo_point_2d":{"lon":2.4895649195494536,"lat":48.90222707703674},"idcar_200m":"CRS3035RES200mN2893400E3771200","i_est_200":0,"idcar_1km":"CRS3035RES1000mN2893000E3771000","i_est_1km":0,"idcar_nat":"CRS3035RES1000mN2893000E3771000","groupe":874228,"pop_carr":173.0,"men_1ind":5.0,"men_5ind":9.0,"men_prop":36.0,"men_fmp":1.0,"ind_snv":3477957.5,"men_surf":3780.0,"men_coll":10.0,"men_mais":40.0,"log_av45":26.0,"log_45_70":16.0,"log_70_90":4.0,"log_ap_90":4.0,"log_inc":0.0,"log_soc":0.0,"ind_0_3":10.0,"ind_4_5":9.0,"ind_6_10":13.0,"ind_11_17":15.0,"ind_18_24":8.0,"ind_25_39":40.0,"ind_40_54":28.0,"ind_55_64":26.0,"ind_65_79":20.0,"ind_80p":4.0,"ind_inc":0.0,"men_pauv":9.0,"men":50.0,"lcog_geo":"93010","year":"2017","com_arm_code":["93010"],"com_code":["93010"],"com_arm_name":["Bondy"],"com_name":["Bondy"],"epci_name":["M\u00e9tropole du Grand Paris"],"epci_code":["200054781"],"dep_name":["Seine-Saint-Denis"],"dep_code":["93"],"reg_name":["\u00cele-de-France"],"reg_code":["11"]}},{"type":"Feature","geometry":{"coordinates":[[[2.484546189485981,48.89014539567784],[2.484273911640987,48.891933638497655],[2.486988958907995,48.89211690430711],[2.487261140145243,48.89032865386632],[2.484546189485981,48.89014539567784]]],"type":"Polygon"},"properties":{"geo_point_2d":{"lon":2.4857675493741915,"lat":48.89113115340822},"idcar_200m":"CRS3035RES200mN2892200E3770800","i_est_200":0,"idcar_1km":"CRS3035RES1000mN2892000E3770000","i_est_1km":0,"idcar_nat":"CRS3035RES1000mN2892000E3770000","groupe":874209,"pop_carr":174.5,"men_1ind":7.0,"men_5ind":8.0,"men_prop":50.0,"men_fmp":4.0,"ind_snv":4504348.9,"men_surf":5235.0,"men_coll":5.0,"men_mais":52.0,"log_av45":19.0,"log_45_70":9.0,"log_70_90":20.0,"log_ap_90":9.0,"log_inc":0.0,"log_soc":0.0,"ind_0_3":5.0,"ind_4_5":3.0,"ind_6_10":9.0,"ind_11_17":15.5,"ind_18_24":18.0,"ind_25_39":30.0,"ind_40_54":50.0,"ind_55_64":20.0,"ind_65_79":15.0,"ind_80p":9.0,"ind_inc":0.0,"men_pauv":5.0,"men":57.0,"lcog_geo":"93010","year":"2017","com_arm_code":["93010"],"com_code":["93010"],"com_arm_name":["Bondy"],"com_name":["Bondy"],"epci_name":["M\u00e9tropole du Grand Paris"],"epci_code":["200054781"],"dep_name":["Seine-Saint-Denis"],"dep_code":["93"],"reg_name":["\u00cele-de-France"],"reg_code":["11"]}},{"type":"Feature","geometry":{"coordinates":[[[2.475845050600763,48.91123726671588],[2.47557228130571,48.913025467832455],[2.478288451843314,48.91320895714171],[2.478561124432399,48.91142074839024],[2.475845050600763,48.91123726671588]]],"type":"Polygon"},"properties":{"geo_point_2d":{"lon":2.4770667263730464,"lat":48.9122231153442},"idcar_200m":"CRS3035RES200mN2894600E3770400","i_est_200":0,"idcar_1km":"CRS3035RES1000mN2894000E3770000","i_est_1km":0,"idcar_nat":"CRS3035RES1000mN2894000E3770000","groupe":877975,"pop_carr":1043.0,"men_1ind":72.0,"men_5ind":85.0,"men_prop":9.0,"men_fmp":77.0,"ind_snv":14700627.1,"men_surf":18796.0,"men_coll":313.0,"men_mais":7.0,"log_av45":0.0,"log_45_70":320.0,"log_70_90":0.0,"log_ap_90":0.0,"log_inc":0.0,"log_soc":311.0,"ind_0_3":79.5,"ind_4_5":41.5,"ind_6_10":88.0,"ind_11_17":153.5,"ind_18_24":79.5,"ind_25_39":184.0,"ind_40_54":202.0,"ind_55_64":123.0,"ind_65_79":76.0,"ind_80p":16.0,"ind_inc":0.0,"men_pauv":137.0,"men":320.0,"lcog_geo":"9301093008","year":"2017","com_arm_code":["93010"],"com_code":["93010"],"com_arm_name":["Bondy"],"com_name":["Bondy"],"epci_name":["M\u00e9tropole du Grand Paris"],"epci_code":["200054781"],"dep_name":["Seine-Saint-Denis"],"dep_code":["93"],"reg_name":["\u00cele-de-France"],"reg_code":["11"]}},{"type":"Feature","geometry":{"coordinates":[[[2.479116343105685,48.889778681416324],[2.478843872052829,48.89156690898619],[2.481558882687152,48.89175030672378],[2.48183125713735,48.88996207152762],[2.479116343105685,48.889778681416324]]],"type":"Polygon"},"properties":{"geo_point_2d":{"lon":2.4803375880744567,"lat":48.89076449748424},"idcar_200m":"CRS3035RES200mN2892200E3770400","i_est_200":0,"idcar_1km":"CRS3035RES1000mN2892000E3770000","i_est_1km":0,"idcar_nat":"CRS3035RES1000mN2892000E3770000","groupe":874215,"pop_carr":270.5,"men_1ind":16.0,"men_5ind":14.0,"men_prop":76.0,"men_fmp":5.0,"ind_snv":6140902.7,"men_surf":7860.0,"men_coll":10.0,"men_mais":81.0,"log_av45":49.0,"log_45_70":19.0,"log_70_90":18.0,"log_ap_90":4.0,"log_inc":1.0,"log_soc":0.0,"ind_0_3":9.0,"ind_4_5":6.0,"ind_6_10":23.0,"ind_11_17":36.5,"ind_18_24":16.0,"ind_25_39":36.0,"ind_40_54":68.0,"ind_55_64":30.0,"ind_65_79":35.0,"ind_80p":10.0,"ind_inc":1.0,"men_pauv":16.0,"men":91.0,"lcog_geo":"93010","year":"2017","com_arm_code":["93010"],"com_code":["93010"],"com_arm_name":["Bondy"],"com_name":["Bondy"],"epci_name":["M\u00e9tropole du Grand Paris"],"epci_code":["200054781"],"dep_name":["Seine-Saint-Denis"],"dep_code":["93"],"reg_name":["\u00cele-de-France"],"reg_code":["11"]}},{"type":"Feature","geometry":{"coordinates":[[[2.494046397056053,48.899819377076504],[2.493774381704361,48.90160763935784],[2.496489985379399,48.90179067936448],[2.496761904070147,48.900002409469295],[2.494046397056053,48.899819377076504]]],"type":"Polygon"},"properties":{"geo_point_2d":{"lon":2.4952681663819964,"lat":48.90080503163987},"idcar_200m":"CRS3035RES200mN2893200E3771600","i_est_200":0,"idcar_1km":"CRS3035RES1000mN2893000E3771000","i_est_1km":0,"idcar_nat":"CRS3035RES1000mN2893000E3771000","groupe":874237,"pop_carr":296.0,"men_1ind":17.0,"men_5ind":19.0,"men_prop":83.0,"men_fmp":10.0,"ind_snv":6307081.9,"men_surf":8390.0,"men_coll":15.0,"men_mais":82.0,"log_av45":51.0,"log_45_70":18.0,"log_70_90":19.0,"log_ap_90":9.0,"log_inc":0.0,"log_soc":0.0,"ind_0_3":12.0,"ind_4_5":8.0,"ind_6_10":25.0,"ind_11_17":25.0,"ind_18_24":21.0,"ind_25_39":58.0,"ind_40_54":57.0,"ind_55_64":35.0,"ind_65_79":42.0,"ind_80p":13.0,"ind_inc":0.0,"men_pauv":15.0,"men":97.0,"lcog_geo":"93010","year":"2017","com_arm_code":["93010"],"com_code":["93010"],"com_arm_name":["Bondy"],"com_name":["Bondy"],"epci_name":["M\u00e9tropole du Grand Paris"],"epci_code":["200054781"],"dep_name":["Seine-Saint-Denis"],"dep_code":["93"],"reg_name":["\u00cele-de-France"],"reg_code":["11"]}},{"type":"Feature","geometry":{"coordinates":[[[2.494590353371587,48.89624284591162],[2.49431838761072,48.89803111259455],[2.497033797972484,48.8982141373742],[2.497305667089623,48.89642586307884],[2.494590353371587,48.89624284591162]]],"type":"Polygon"},"properties":{"geo_point_2d":{"lon":2.495812050840811,"lat":48.89722849506208},"idcar_200m":"CRS3035RES200mN2892800E3771600","i_est_200":0,"idcar_1km":"CRS3035RES1000mN2892000E3771000","i_est_1km":0,"idcar_nat":"CRS3035RES200mN2892800E3771600","groupe":874260,"pop_carr":299.5,"men_1ind":21.0,"men_5ind":16.0,"men_prop":82.0,"men_fmp":6.0,"ind_snv":7169706.1,"men_surf":7947.0,"men_coll":15.0,"men_mais":87.0,"log_av45":72.0,"log_45_70":17.0,"log_70_90":10.0,"log_ap_90":3.0,"log_inc":0.0,"log_soc":0.0,"ind_0_3":14.0,"ind_4_5":10.0,"ind_6_10":23.0,"ind_11_17":25.5,"ind_18_24":28.0,"ind_25_39":45.0,"ind_40_54":70.0,"ind_55_64":43.0,"ind_65_79":28.0,"ind_80p":13.0,"ind_inc":0.0,"men_pauv":14.0,"men":102.0,"lcog_geo":"9301093057","year":"2017","com_arm_code":["93010"],"com_code":["93010"],"com_arm_name":["Bondy"],"com_name":["Bondy"],"epci_name":["M\u00e9tropole du Grand Paris"],"epci_code":["200054781"],"dep_name":["Seine-Saint-Denis"],"dep_code":["93"],"reg_name":["\u00cele-de-France"],"reg_code":["11"]}},{"type":"Feature","geometry":{"coordinates":[[[2.477470284867837,48.91857357018737],[2.477197512795831,48.920361770134086],[2.479914088603735,48.920545223983595],[2.480186763932749,48.91875701640178],[2.477470284867837,48.91857357018737]]],"type":"Polygon"},"properties":{"geo_point_2d":{"lon":2.478692161877355,"lat":48.91955940050205},"idcar_200m":"CRS3035RES200mN2895400E3770600","i_est_200":0,"idcar_1km":"CRS3035RES1000mN2895000E3770000","i_est_1km":0,"idcar_nat":"CRS3035RES200mN2895400E3770600","groupe":877932,"pop_carr":51.0,"men_1ind":2.0,"men_5ind":3.0,"men_prop":12.0,"men_fmp":0.0,"ind_snv":833435.0,"men_surf":1217.0,"men_coll":1.0,"men_mais":12.0,"log_av45":0.0,"log_45_70":3.0,"log_70_90":7.0,"log_ap_90":3.0,"log_inc":0.0,"log_soc":0.0,"ind_0_3":4.0,"ind_4_5":0.0,"ind_6_10":5.0,"ind_11_17":9.0,"ind_18_24":2.0,"ind_25_39":12.0,"ind_40_54":7.0,"ind_55_64":4.0,"ind_65_79":8.0,"ind_80p":0.0,"ind_inc":0.0,"men_pauv":4.0,"men":13.0,"lcog_geo":"930109300593007","year":"2017","com_arm_code":["93010"],"com_code":["93010"],"com_arm_name":["Bondy"],"com_name":["Bondy"],"epci_name":["M\u00e9tropole du Grand Paris"],"epci_code":["200054781"],"dep_name":["Seine-Saint-Denis"],"dep_code":["93"],"reg_name":["\u00cele-de-France"],"reg_code":["11"]}},{"type":"Feature","geometry":{"coordinates":[[[2.471777398239235,48.90192914312886],[2.471504559950068,48.90371733999137],[2.474220210350332,48.903900923096],[2.474492951981687,48.90211271859681],[2.471777398239235,48.90192914312886]]],"type":"Polygon"},"properties":{"geo_point_2d":{"lon":2.4729987794579014,"lat":48.90291503652577},"idcar_200m":"CRS3035RES200mN2893600E3770000","i_est_200":0,"idcar_1km":"CRS3035RES1000mN2893000E3770000","i_est_1km":0,"idcar_nat":"CRS3035RES200mN2893600E3770000","groupe":874287,"pop_carr":511.0,"men_1ind":31.0,"men_5ind":36.0,"men_prop":13.0,"men_fmp":38.0,"ind_snv":8791976.7,"men_surf":13327.0,"men_coll":152.0,"men_mais":15.0,"log_av45":13.0,"log_45_70":152.0,"log_70_90":0.0,"log_ap_90":2.0,"log_inc":0.0,"log_soc":138.0,"ind_0_3":23.0,"ind_4_5":17.0,"ind_6_10":39.0,"ind_11_17":60.0,"ind_18_24":48.0,"ind_25_39":91.0,"ind_40_54":111.0,"ind_55_64":66.0,"ind_65_79":42.0,"ind_80p":13.0,"ind_inc":1.0,"men_pauv":43.0,"men":167.0,"lcog_geo":"93010","year":"2017","com_arm_code":["93010"],"com_code":["93010"],"com_arm_name":["Bondy"],"com_name":["Bondy"],"epci_name":["M\u00e9tropole du Grand Paris"],"epci_code":["200054781"],"dep_name":["Seine-Saint-Denis"],"dep_code":["93"],"reg_name":["\u00cele-de-France"],"reg_code":["11"]}},{"type":"Feature","geometry":{"coordinates":[[[2.483448343944191,48.91536395958504],[2.48317581507416,48.917152179198126],[2.485892234095975,48.91733548577365],[2.486164666235165,48.91554725853224],[2.483448343944191,48.91536395958504]]],"type":"Polygon"},"properties":{"geo_point_2d":{"lon":2.484670264165325,"lat":48.91634972609728},"idcar_200m":"CRS3035RES200mN2895000E3771000","i_est_200":0,"idcar_1km":"CRS3035RES1000mN2895000E3771000","i_est_1km":0,"idcar_nat":"CRS3035RES1000mN2895000E3771000","groupe":877930,"pop_carr":507.0,"men_1ind":33.0,"men_5ind":36.0,"men_prop":83.0,"men_fmp":21.0,"ind_snv":8758309.8,"men_surf":11330.0,"men_coll":107.0,"men_mais":54.0,"log_av45":1.0,"log_45_70":78.0,"log_70_90":53.0,"log_ap_90":29.0,"log_inc":0.0,"log_soc":60.0,"ind_0_3":36.5,"ind_4_5":17.0,"ind_6_10":44.5,"ind_11_17":54.0,"ind_18_24":34.0,"ind_25_39":98.0,"ind_40_54":91.0,"ind_55_64":58.0,"ind_65_79":61.0,"ind_80p":12.0,"ind_inc":1.0,"men_pauv":44.0,"men":161.0,"lcog_geo":"93010","year":"2017","com_arm_code":["93010"],"com_code":["93010"],"com_arm_name":["Bondy"],"com_name":["Bondy"],"epci_name":["M\u00e9tropole du Grand Paris"],"epci_code":["200054781"],"dep_name":["Seine-Saint-Denis"],"dep_code":["93"],"reg_name":["\u00cele-de-France"],"reg_code":["11"]}},{"type":"Feature","geometry":{"coordinates":[[[2.49105879632987,48.901424533370566],[2.490786659510924,48.90321278583434],[2.493502341552426,48.90339589943886],[2.493774381704361,48.90160763935784],[2.49105879632987,48.901424533370566]]],"type":"Polygon"},"properties":{"geo_point_2d":{"lon":2.4922805441035853,"lat":48.902410219823416},"idcar_200m":"CRS3035RES200mN2893400E3771400","i_est_200":0,"idcar_1km":"CRS3035RES1000mN2893000E3771000","i_est_1km":0,"idcar_nat":"CRS3035RES1000mN2893000E3771000","groupe":874248,"pop_carr":508.5,"men_1ind":98.0,"men_5ind":18.0,"men_prop":13.0,"men_fmp":56.0,"ind_snv":8515517.5,"men_surf":12645.0,"men_coll":224.0,"men_mais":13.0,"log_av45":7.0,"log_45_70":171.0,"log_70_90":1.0,"log_ap_90":58.0,"log_inc":0.0,"log_soc":224.0,"ind_0_3":40.0,"ind_4_5":11.0,"ind_6_10":35.5,"ind_11_17":27.0,"ind_18_24":30.0,"ind_25_39":97.0,"ind_40_54":109.0,"ind_55_64":60.0,"ind_65_79":62.0,"ind_80p":35.0,"ind_inc":2.0,"men_pauv":77.0,"men":237.0,"lcog_geo":"93010","year":"2017","com_arm_code":["93010"],"com_code":["93010"],"com_arm_name":["Bondy"],"com_name":["Bondy"],"epci_name":["M\u00e9tropole du Grand Paris"],"epci_code":["200054781"],"dep_name":["Seine-Saint-Denis"],"dep_code":["93"],"reg_name":["\u00cele-de-France"],"reg_code":["11"]}},{"type":"Feature","geometry":{"coordinates":[[[2.493502341552426,48.90339589943886],[2.493230276597028,48.90518415731989],[2.495946073619788,48.90536721255637],[2.496218041897018,48.90357894706007],[2.493502341552426,48.90339589943886]]],"type":"Polygon"},"properties":{"geo_point_2d":{"lon":2.4947241827458706,"lat":48.904381559417196},"idcar_200m":"CRS3035RES200mN2893600E3771600","i_est_200":0,"idcar_1km":"CRS3035RES1000mN2893000E3771000","i_est_1km":0,"idcar_nat":"CRS3035RES1000mN2893000E3771000","groupe":874240,"pop_carr":353.5,"men_1ind":25.0,"men_5ind":19.0,"men_prop":99.0,"men_fmp":10.0,"ind_snv":7222781.1,"men_surf":8938.0,"men_coll":6.0,"men_mais":107.0,"log_av45":68.0,"log_45_70":12.0,"log_70_90":15.0,"log_ap_90":18.0,"log_inc":0.0,"log_soc":0.0,"ind_0_3":9.0,"ind_4_5":14.0,"ind_6_10":26.0,"ind_11_17":45.0,"ind_18_24":27.5,"ind_25_39":55.0,"ind_40_54":94.0,"ind_55_64":41.0,"ind_65_79":25.0,"ind_80p":16.0,"ind_inc":1.0,"men_pauv":22.0,"men":113.0,"lcog_geo":"93010","year":"2017","com_arm_code":["93010"],"com_code":["93010"],"com_arm_name":["Bondy"],"com_name":["Bondy"],"epci_name":["M\u00e9tropole du Grand Paris"],"epci_code":["200054781"],"dep_name":["Seine-Saint-Denis"],"dep_code":["93"],"reg_name":["\u00cele-de-France"],"reg_code":["11"]}},{"type":"Feature","geometry":{"coordinates":[[[2.476117795024548,48.90944906339668],[2.475845050600763,48.91123726671588],[2.478561124432399,48.91142074839024],[2.478833772158832,48.90963253743683],[2.476117795024548,48.90944906339668]]],"type":"Polygon"},"properties":{"geo_point_2d":{"lon":2.4773394348817397,"lat":48.91043490930875},"idcar_200m":"CRS3035RES200mN2894400E3770400","i_est_200":0,"idcar_1km":"CRS3035RES1000mN2894000E3770000","i_est_1km":0,"idcar_nat":"CRS3035RES1000mN2894000E3770000","groupe":877973,"pop_carr":673.5,"men_1ind":35.0,"men_5ind":52.0,"men_prop":17.0,"men_fmp":44.0,"ind_snv":9460246.1,"men_surf":12519.0,"men_coll":177.0,"men_mais":18.0,"log_av45":11.0,"log_45_70":182.0,"log_70_90":1.0,"log_ap_90":1.0,"log_inc":0.0,"log_soc":177.0,"ind_0_3":37.5,"ind_4_5":15.0,"ind_6_10":41.0,"ind_11_17":84.0,"ind_18_24":67.0,"ind_25_39":122.0,"ind_40_54":115.0,"ind_55_64":79.0,"ind_65_79":73.0,"ind_80p":16.0,"ind_inc":24.0,"men_pauv":71.0,"men":195.0,"lcog_geo":"93010","year":"2017","com_arm_code":["93010"],"com_code":["93010"],"com_arm_name":["Bondy"],"com_name":["Bondy"],"epci_name":["M\u00e9tropole du Grand Paris"],"epci_code":["200054781"],"dep_name":["Seine-Saint-Denis"],"dep_code":["93"],"reg_name":["\u00cele-de-France"],"reg_code":["11"]}},{"type":"Feature","geometry":{"coordinates":[[[2.485892234095975,48.91733548577365],[2.485619777110301,48.91912371081616],[2.488336311210253,48.919306959014676],[2.488608671453917,48.91751872634583],[2.485892234095975,48.91733548577365]]],"type":"Polygon"},"properties":{"geo_point_2d":{"lon":2.4871142477956782,"lat":48.91832122581298},"idcar_200m":"CRS3035RES200mN2895200E3771200","i_est_200":0,"idcar_1km":"CRS3035RES1000mN2895000E3771000","i_est_1km":0,"idcar_nat":"CRS3035RES1000mN2895000E3771000","groupe":877908,"pop_carr":68.0,"men_1ind":8.0,"men_5ind":4.0,"men_prop":21.0,"men_fmp":0.0,"ind_snv":1599545.5,"men_surf":1999.0,"men_coll":7.0,"men_mais":19.0,"log_av45":8.0,"log_45_70":5.0,"log_70_90":4.0,"log_ap_90":9.0,"log_inc":0.0,"log_soc":0.0,"ind_0_3":2.0,"ind_4_5":3.0,"ind_6_10":6.0,"ind_11_17":5.0,"ind_18_24":4.0,"ind_25_39":5.0,"ind_40_54":18.0,"ind_55_64":8.0,"ind_65_79":12.0,"ind_80p":5.0,"ind_inc":0.0,"men_pauv":3.0,"men":26.0,"lcog_geo":"9301093005","year":"2017","com_arm_code":["93010"],"com_code":["93010"],"com_arm_name":["Bondy"],"com_name":["Bondy"],"epci_name":["M\u00e9tropole du Grand Paris"],"epci_code":["200054781"],"dep_name":["Seine-Saint-Denis"],"dep_code":["93"],"reg_name":["\u00cele-de-France"],"reg_code":["11"]}},{"type":"Feature","geometry":{"coordinates":[[[2.475583669902032,48.89495987854688],[2.475311027706255,48.896748091867956],[2.478026309866717,48.89693157845985],[2.478298855436567,48.89514335750763],[2.475583669902032,48.89495987854688]]],"type":"Polygon"},"properties":{"geo_point_2d":{"lon":2.4768049650560817,"lat":48.89594573191708},"idcar_200m":"CRS3035RES200mN2892800E3770200","i_est_200":0,"idcar_1km":"CRS3035RES1000mN2892000E3770000","i_est_1km":0,"idcar_nat":"CRS3035RES1000mN2892000E3770000","groupe":874226,"pop_carr":744.5,"men_1ind":121.0,"men_5ind":32.0,"men_prop":160.0,"men_fmp":33.0,"ind_snv":14169514.0,"men_surf":17932.0,"men_coll":271.0,"men_mais":47.0,"log_av45":78.0,"log_45_70":34.0,"log_70_90":11.0,"log_ap_90":195.0,"log_inc":0.0,"log_soc":42.0,"ind_0_3":45.5,"ind_4_5":16.0,"ind_6_10":46.0,"ind_11_17":60.0,"ind_18_24":38.0,"ind_25_39":207.0,"ind_40_54":134.0,"ind_55_64":106.0,"ind_65_79":64.0,"ind_80p":26.0,"ind_inc":2.0,"men_pauv":58.0,"men":318.0,"lcog_geo":"93010","year":"2017","com_arm_code":["93010"],"com_code":["93010"],"com_arm_name":["Bondy"],"com_name":["Bondy"],"epci_name":["M\u00e9tropole du Grand Paris"],"epci_code":["200054781"],"dep_name":["Seine-Saint-Denis"],"dep_code":["93"],"reg_name":["\u00cele-de-France"],"reg_code":["11"]}},{"type":"Feature","geometry":{"coordinates":[[[2.478298855436567,48.89514335750763],[2.478026309866717,48.89693157845985],[2.480741610360651,48.897114999080756],[2.481014059302029,48.89532677050003],[2.478298855436567,48.89514335750763]]],"type":"Polygon"},"properties":{"geo_point_2d":{"lon":2.4795202080699004,"lat":48.89612918170866},"idcar_200m":"CRS3035RES200mN2892800E3770400","i_est_200":0,"idcar_1km":"CRS3035RES1000mN2892000E3770000","i_est_1km":0,"idcar_nat":"CRS3035RES1000mN2892000E3770000","groupe":874225,"pop_carr":574.0,"men_1ind":92.0,"men_5ind":21.0,"men_prop":143.0,"men_fmp":24.0,"ind_snv":12252716.0,"men_surf":15293.0,"men_coll":179.0,"men_mais":72.0,"log_av45":103.0,"log_45_70":16.0,"log_70_90":47.0,"log_ap_90":85.0,"log_inc":0.0,"log_soc":27.0,"ind_0_3":41.0,"ind_4_5":13.0,"ind_6_10":30.0,"ind_11_17":39.5,"ind_18_24":39.5,"ind_25_39":147.0,"ind_40_54":115.0,"ind_55_64":50.0,"ind_65_79":66.0,"ind_80p":32.0,"ind_inc":1.0,"men_pauv":43.0,"men":251.0,"lcog_geo":"93010","year":"2017","com_arm_code":["93010"],"com_code":["93010"],"com_arm_name":["Bondy"],"com_name":["Bondy"],"epci_name":["M\u00e9tropole du Grand Paris"],"epci_code":["200054781"],"dep_name":["Seine-Saint-Denis"],"dep_code":["93"],"reg_name":["\u00cele-de-France"],"reg_code":["11"]}},{"type":"Feature","geometry":{"coordinates":[[[2.472050211656059,48.90014094406066],[2.471777398239235,48.90192914312886],[2.474492951981687,48.90211271859681],[2.474765668749305,48.90032451189262],[2.472050211656059,48.90014094406066]]],"type":"Polygon"},"properties":{"geo_point_2d":{"lon":2.473271556984246,"lat":48.90112683474196},"idcar_200m":"CRS3035RES200mN2893400E3770000","i_est_200":0,"idcar_1km":"CRS3035RES1000mN2893000E3770000","i_est_1km":0,"idcar_nat":"CRS3035RES200mN2893400E3770000","groupe":874284,"pop_carr":322.5,"men_1ind":29.0,"men_5ind":14.0,"men_prop":81.0,"men_fmp":15.0,"ind_snv":7349002.8,"men_surf":8420.2,"men_coll":49.0,"men_mais":67.0,"log_av45":96.0,"log_45_70":3.0,"log_70_90":8.0,"log_ap_90":7.0,"log_inc":2.0,"log_soc":0.0,"ind_0_3":15.0,"ind_4_5":10.0,"ind_6_10":21.0,"ind_11_17":28.0,"ind_18_24":26.5,"ind_25_39":71.0,"ind_40_54":60.0,"ind_55_64":39.0,"ind_65_79":37.0,"ind_80p":15.0,"ind_inc":0.0,"men_pauv":20.0,"men":116.0,"lcog_geo":"93010","year":"2017","com_arm_code":["93010"],"com_code":["93010"],"com_arm_name":["Bondy"],"com_name":["Bondy"],"epci_name":["M\u00e9tropole du Grand Paris"],"epci_code":["200054781"],"dep_name":["Seine-Saint-Denis"],"dep_code":["93"],"reg_name":["\u00cele-de-France"],"reg_code":["11"]}},{"type":"Feature","geometry":{"coordinates":[[[2.48372084796235,48.91357573777202],[2.483448343944191,48.91536395958504],[2.486164666235165,48.91554725853224],[2.486437073531094,48.91375902909166],[2.48372084796235,48.91357573777202]]],"type":"Polygon"},"properties":{"geo_point_2d":{"lon":2.4849427322462487,"lat":48.91456150156998},"idcar_200m":"CRS3035RES200mN2894800E3771000","i_est_200":0,"idcar_1km":"CRS3035RES1000mN2894000E3771000","i_est_1km":0,"idcar_nat":"CRS3035RES1000mN2894000E3771000","groupe":877889,"pop_carr":31.0,"men_1ind":3.0,"men_5ind":1.0,"men_prop":9.0,"men_fmp":0.0,"ind_snv":652583.8,"men_surf":930.0,"men_coll":4.0,"men_mais":8.0,"log_av45":4.0,"log_45_70":1.0,"log_70_90":7.0,"log_ap_90":0.0,"log_inc":0.0,"log_soc":0.0,"ind_0_3":2.0,"ind_4_5":2.0,"ind_6_10":4.0,"ind_11_17":0.0,"ind_18_24":0.0,"ind_25_39":8.0,"ind_40_54":4.0,"ind_55_64":6.0,"ind_65_79":3.0,"ind_80p":2.0,"ind_inc":0.0,"men_pauv":3.0,"men":12.0,"lcog_geo":"93010","year":"2017","com_arm_code":["93010"],"com_code":["93010"],"com_arm_name":["Bondy"],"com_name":["Bondy"],"epci_name":["M\u00e9tropole du Grand Paris"],"epci_code":["200054781"],"dep_name":["Seine-Saint-Denis"],"dep_code":["93"],"reg_name":["\u00cele-de-France"],"reg_code":["11"]}},{"type":"Feature","geometry":{"coordinates":[[[2.480469136582431,48.898903225456884],[2.480196637964148,48.90069144962889],[2.482912150073075,48.90087481953172],[2.483184552043127,48.89908658773255],[2.480469136582431,48.898903225456884]]],"type":"Polygon"},"properties":{"geo_point_2d":{"lon":2.4816906184941105,"lat":48.899889025909786},"idcar_200m":"CRS3035RES200mN2893200E3770600","i_est_200":0,"idcar_1km":"CRS3035RES1000mN2893000E3770000","i_est_1km":0,"idcar_nat":"CRS3035RES200mN2893200E3770600","groupe":874290,"pop_carr":481.0,"men_1ind":77.0,"men_5ind":17.0,"men_prop":133.0,"men_fmp":19.0,"ind_snv":9319726.3,"men_surf":11397.0,"men_coll":164.0,"men_mais":42.0,"log_av45":54.0,"log_45_70":70.0,"log_70_90":1.0,"log_ap_90":81.0,"log_inc":0.0,"log_soc":15.0,"ind_0_3":49.5,"ind_4_5":13.0,"ind_6_10":27.5,"ind_11_17":22.0,"ind_18_24":20.0,"ind_25_39":171.0,"ind_40_54":72.0,"ind_55_64":47.0,"ind_65_79":36.0,"ind_80p":20.0,"ind_inc":3.0,"men_pauv":36.0,"men":206.0,"lcog_geo":"93010","year":"2017","com_arm_code":["93010"],"com_code":["93010"],"com_arm_name":["Bondy"],"com_name":["Bondy"],"epci_name":["M\u00e9tropole du Grand Paris"],"epci_code":["200054781"],"dep_name":["Seine-Saint-Denis"],"dep_code":["93"],"reg_name":["\u00cele-de-France"],"reg_code":["11"]}},{"type":"Feature","geometry":{"coordinates":[[[2.481286483409786,48.89353853971449],[2.481014059302029,48.89532677050003],[2.483729281492081,48.89551011752335],[2.484001608977426,48.89372187911274],[2.481286483409786,48.89353853971449]]],"type":"Polygon"},"properties":{"geo_point_2d":{"lon":2.4825078576240522,"lat":48.89452433203409},"idcar_200m":"CRS3035RES200mN2892600E3770600","i_est_200":0,"idcar_1km":"CRS3035RES1000mN2892000E3770000","i_est_1km":0,"idcar_nat":"CRS3035RES1000mN2892000E3770000","groupe":874216,"pop_carr":376.0,"men_1ind":16.0,"men_5ind":26.0,"men_prop":60.0,"men_fmp":13.0,"ind_snv":7290450.0,"men_surf":8499.0,"men_coll":39.0,"men_mais":77.0,"log_av45":51.0,"log_45_70":9.0,"log_70_90":4.0,"log_ap_90":52.0,"log_inc":0.0,"log_soc":49.0,"ind_0_3":26.0,"ind_4_5":17.0,"ind_6_10":38.5,"ind_11_17":38.5,"ind_18_24":21.0,"ind_25_39":85.0,"ind_40_54":66.0,"ind_55_64":45.0,"ind_65_79":28.0,"ind_80p":10.0,"ind_inc":1.0,"men_pauv":23.0,"men":116.0,"lcog_geo":"93010","year":"2017","com_arm_code":["93010"],"com_code":["93010"],"com_arm_name":["Bondy"],"com_name":["Bondy"],"epci_name":["M\u00e9tropole du Grand Paris"],"epci_code":["200054781"],"dep_name":["Seine-Saint-Denis"],"dep_code":["93"],"reg_name":["\u00cele-de-France"],"reg_code":["11"]}},{"type":"Feature","geometry":{"coordinates":[[[2.475856287246986,48.89317166301951],[2.475583669902032,48.89495987854688],[2.478298855436567,48.89514335750763],[2.478571376164195,48.89335513434983],[2.475856287246986,48.89317166301951]]],"type":"Polygon"},"properties":{"geo_point_2d":{"lon":2.4770775465157335,"lat":48.89415751367717},"idcar_200m":"CRS3035RES200mN2892600E3770200","i_est_200":0,"idcar_1km":"CRS3035RES1000mN2892000E3770000","i_est_1km":0,"idcar_nat":"CRS3035RES1000mN2892000E3770000","groupe":874211,"pop_carr":179.5,"men_1ind":22.0,"men_5ind":11.0,"men_prop":12.0,"men_fmp":10.0,"ind_snv":2857658.7,"men_surf":3829.0,"men_coll":52.0,"men_mais":14.0,"log_av45":16.0,"log_45_70":6.0,"log_70_90":2.0,"log_ap_90":42.0,"log_inc":0.0,"log_soc":39.0,"ind_0_3":10.5,"ind_4_5":9.0,"ind_6_10":11.5,"ind_11_17":16.0,"ind_18_24":17.5,"ind_25_39":53.0,"ind_40_54":34.0,"ind_55_64":13.0,"ind_65_79":13.0,"ind_80p":2.0,"ind_inc":0.0,"men_pauv":23.0,"men":66.0,"lcog_geo":"93010","year":"2017","com_arm_code":["93010"],"com_code":["93010"],"com_arm_name":["Bondy"],"com_name":["Bondy"],"epci_name":["M\u00e9tropole du Grand Paris"],"epci_code":["200054781"],"dep_name":["Seine-Saint-Denis"],"dep_code":["93"],"reg_name":["\u00cele-de-France"],"reg_code":["11"]}},{"type":"Feature","geometry":{"coordinates":[[[2.489425603170611,48.912154015149014],[2.489153317430869,48.91394225441331],[2.491869579655337,48.91412541373626],[2.492141768676376,48.912337166850435],[2.489425603170611,48.912154015149014]]],"type":"Polygon"},"properties":{"geo_point_2d":{"lon":2.4906475665618855,"lat":48.91313971786194},"idcar_200m":"CRS3035RES200mN2894600E3771400","i_est_200":0,"idcar_1km":"CRS3035RES1000mN2894000E3771000","i_est_1km":0,"idcar_nat":"CRS3035RES1000mN2894000E3771000","groupe":877896,"pop_carr":177.5,"men_1ind":7.0,"men_5ind":15.0,"men_prop":46.0,"men_fmp":4.0,"ind_snv":3249933.9,"men_surf":4181.0,"men_coll":21.0,"men_mais":29.0,"log_av45":8.0,"log_45_70":7.0,"log_70_90":25.0,"log_ap_90":10.0,"log_inc":0.0,"log_soc":0.0,"ind_0_3":8.0,"ind_4_5":8.0,"ind_6_10":16.0,"ind_11_17":29.0,"ind_18_24":16.5,"ind_25_39":21.0,"ind_40_54":45.0,"ind_55_64":13.0,"ind_65_79":14.0,"ind_80p":7.0,"ind_inc":0.0,"men_pauv":8.0,"men":50.0,"lcog_geo":"9301093057","year":"2017","com_arm_code":["93010"],"com_code":["93010"],"com_arm_name":["Bondy"],"com_name":["Bondy"],"epci_name":["M\u00e9tropole du Grand Paris"],"epci_code":["200054781"],"dep_name":["Seine-Saint-Denis"],"dep_code":["93"],"reg_name":["\u00cele-de-France"],"reg_code":["11"]}},{"type":"Feature","geometry":{"coordinates":[[[2.484810615580733,48.90642282851456],[2.484538210937819,48.908211059130366],[2.487254146391583,48.908394327571536],[2.487526454346732,48.906606089330964],[2.484810615580733,48.90642282851456]]],"type":"Polygon"},"properties":{"geo_point_2d":{"lon":2.4860323561426734,"lat":48.90740858146047},"idcar_200m":"CRS3035RES200mN2894000E3771000","i_est_200":0,"idcar_1km":"CRS3035RES1000mN2894000E3771000","i_est_1km":0,"idcar_nat":"CRS3035RES1000mN2894000E3771000","groupe":877893,"pop_carr":132.0,"men_1ind":9.0,"men_5ind":11.0,"men_prop":31.0,"men_fmp":4.0,"ind_snv":2752945.8,"men_surf":3034.0,"men_coll":7.0,"men_mais":34.0,"log_av45":32.0,"log_45_70":6.0,"log_70_90":2.0,"log_ap_90":1.0,"log_inc":0.0,"log_soc":0.0,"ind_0_3":0.0,"ind_4_5":3.0,"ind_6_10":6.0,"ind_11_17":21.0,"ind_18_24":15.0,"ind_25_39":19.0,"ind_40_54":25.0,"ind_55_64":29.0,"ind_65_79":9.0,"ind_80p":5.0,"ind_inc":0.0,"men_pauv":8.0,"men":41.0,"lcog_geo":"93010","year":"2017","com_arm_code":["93010"],"com_code":["93010"],"com_arm_name":["Bondy"],"com_name":["Bondy"],"epci_name":["M\u00e9tropole du Grand Paris"],"epci_code":["200054781"],"dep_name":["Seine-Saint-Denis"],"dep_code":["93"],"reg_name":["\u00cele-de-France"],"reg_code":["11"]}},{"type":"Feature","geometry":{"coordinates":[[[2.483993327131853,48.911787513758796],[2.48372084796235,48.91357573777202],[2.486437073531094,48.91375902909166],[2.486709455986989,48.91197079745156],[2.483993327131853,48.911787513758796]]],"type":"Polygon"},"properties":{"geo_point_2d":{"lon":2.4852151754812235,"lat":48.91277327484296},"idcar_200m":"CRS3035RES200mN2894600E3771000","i_est_200":0,"idcar_1km":"CRS3035RES1000mN2894000E3771000","i_est_1km":0,"idcar_nat":"CRS3035RES1000mN2894000E3771000","groupe":877891,"pop_carr":69.0,"men_1ind":7.0,"men_5ind":3.0,"men_prop":16.0,"men_fmp":3.0,"ind_snv":1240074.9,"men_surf":1781.0,"men_coll":5.0,"men_mais":18.0,"log_av45":8.0,"log_45_70":4.0,"log_70_90":4.0,"log_ap_90":7.0,"log_inc":0.0,"log_soc":2.0,"ind_0_3":3.0,"ind_4_5":6.0,"ind_6_10":5.0,"ind_11_17":7.0,"ind_18_24":3.0,"ind_25_39":15.0,"ind_40_54":20.0,"ind_55_64":3.0,"ind_65_79":7.0,"ind_80p":0.0,"ind_inc":0.0,"men_pauv":5.0,"men":23.0,"lcog_geo":"93010","year":"2017","com_arm_code":["93010"],"com_code":["93010"],"com_arm_name":["Bondy"],"com_name":["Bondy"],"epci_name":["M\u00e9tropole du Grand Paris"],"epci_code":["200054781"],"dep_name":["Seine-Saint-Denis"],"dep_code":["93"],"reg_name":["\u00cele-de-France"],"reg_code":["11"]}},{"type":"Feature","geometry":{"coordinates":[[[2.484001608977426,48.89372187911274],[2.483729281492081,48.89551011752335],[2.486444522000395,48.895693398576896],[2.486716752860788,48.893905152543844],[2.484001608977426,48.89372187911274]]],"type":"Polygon"},"properties":{"geo_point_2d":{"lon":2.4852230406616163,"lat":48.89470764226076},"idcar_200m":"CRS3035RES200mN2892600E3770800","i_est_200":0,"idcar_1km":"CRS3035RES1000mN2892000E3770000","i_est_1km":0,"idcar_nat":"CRS3035RES1000mN2892000E3770000","groupe":874223,"pop_carr":680.0,"men_1ind":32.0,"men_5ind":44.0,"men_prop":131.0,"men_fmp":21.0,"ind_snv":14173239.6,"men_surf":19020.0,"men_coll":18.0,"men_mais":183.0,"log_av45":38.0,"log_45_70":4.0,"log_70_90":137.0,"log_ap_90":22.0,"log_inc":0.0,"log_soc":45.0,"ind_0_3":27.0,"ind_4_5":13.0,"ind_6_10":43.5,"ind_11_17":73.5,"ind_18_24":67.0,"ind_25_39":126.0,"ind_40_54":143.0,"ind_55_64":84.0,"ind_65_79":82.0,"ind_80p":20.0,"ind_inc":1.0,"men_pauv":29.0,"men":201.0,"lcog_geo":"93010","year":"2017","com_arm_code":["93010"],"com_code":["93010"],"com_arm_name":["Bondy"],"com_name":["Bondy"],"epci_name":["M\u00e9tropole du Grand Paris"],"epci_code":["200054781"],"dep_name":["Seine-Saint-Denis"],"dep_code":["93"],"reg_name":["\u00cele-de-France"],"reg_code":["11"]}},{"type":"Feature","geometry":{"coordinates":[[[2.486172266323595,48.89748164240651],[2.485899985827169,48.899269884033046],[2.48861543792823,48.89945311435765],[2.488887621779944,48.89766486510999],[2.486172266323595,48.89748164240651]]],"type":"Polygon"},"properties":{"geo_point_2d":{"lon":2.487393827293686,"lat":48.89846738179902},"idcar_200m":"CRS3035RES200mN2893000E3771000","i_est_200":0,"idcar_1km":"CRS3035RES1000mN2893000E3771000","i_est_1km":0,"idcar_nat":"CRS3035RES1000mN2893000E3771000","groupe":874233,"pop_carr":285.0,"men_1ind":21.0,"men_5ind":17.0,"men_prop":60.0,"men_fmp":9.0,"ind_snv":5372610.5,"men_surf":6345.0,"men_coll":39.0,"men_mais":53.0,"log_av45":39.0,"log_45_70":28.0,"log_70_90":5.0,"log_ap_90":20.0,"log_inc":0.0,"log_soc":16.0,"ind_0_3":16.0,"ind_4_5":13.0,"ind_6_10":23.0,"ind_11_17":33.0,"ind_18_24":21.0,"ind_25_39":50.0,"ind_40_54":59.0,"ind_55_64":33.0,"ind_65_79":32.0,"ind_80p":4.0,"ind_inc":1.0,"men_pauv":18.0,"men":92.0,"lcog_geo":"93010","year":"2017","com_arm_code":["93010"],"com_code":["93010"],"com_arm_name":["Bondy"],"com_name":["Bondy"],"epci_name":["M\u00e9tropole du Grand Paris"],"epci_code":["200054781"],"dep_name":["Seine-Saint-Denis"],"dep_code":["93"],"reg_name":["\u00cele-de-France"],"reg_code":["11"]}},{"type":"Feature","geometry":{"coordinates":[[[2.469334772914041,48.8999573102537],[2.469061862850563,48.90174550168332],[2.471777398239235,48.90192914312886],[2.472050211656059,48.90014094406066],[2.469334772914041,48.8999573102537]]],"type":"Polygon"},"properties":{"geo_point_2d":{"lon":2.47055606074242,"lat":48.900943230103735},"idcar_200m":"CRS3035RES200mN2893400E3769800","i_est_200":0,"idcar_1km":"CRS3035RES1000mN2893000E3769000","i_est_1km":0,"idcar_nat":"CRS3035RES200mN2893400E3769800","groupe":874146,"pop_carr":212.5,"men_1ind":19.0,"men_5ind":15.0,"men_prop":37.0,"men_fmp":12.0,"ind_snv":3297576.6,"men_surf":4022.0,"men_coll":40.0,"men_mais":32.0,"log_av45":51.0,"log_45_70":5.0,"log_70_90":0.0,"log_ap_90":16.0,"log_inc":0.0,"log_soc":0.0,"ind_0_3":11.0,"ind_4_5":4.0,"ind_6_10":19.0,"ind_11_17":29.5,"ind_18_24":16.0,"ind_25_39":53.0,"ind_40_54":46.0,"ind_55_64":11.0,"ind_65_79":15.0,"ind_80p":7.0,"ind_inc":1.0,"men_pauv":28.0,"men":72.0,"lcog_geo":"9301093053","year":"2017","com_arm_code":["93010"],"com_code":["93010"],"com_arm_name":["Bondy"],"com_name":["Bondy"],"epci_name":["M\u00e9tropole du Grand Paris"],"epci_code":["200054781"],"dep_name":["Seine-Saint-Denis"],"dep_code":["93"],"reg_name":["\u00cele-de-France"],"reg_code":["11"]}},{"type":"Feature","geometry":{"coordinates":[[[2.492963059594949,48.88890670447741],[2.492691096370355,48.89069497235511],[2.495406101923546,48.89087803265395],[2.495677968541379,48.88908975716406],[2.492963059594949,48.88890670447741]]],"type":"Polygon"},"properties":{"geo_point_2d":{"lon":2.4941845559374425,"lat":48.889892371983684},"idcar_200m":"CRS3035RES200mN2892000E3771400","i_est_200":0,"idcar_1km":"CRS3035RES1000mN2892000E3771000","i_est_1km":0,"idcar_nat":"CRS3035RES200mN2892000E3771400","groupe":874257,"pop_carr":214.0,"men_1ind":13.0,"men_5ind":19.0,"men_prop":56.0,"men_fmp":4.0,"ind_snv":4601251.5,"men_surf":5346.0,"men_coll":10.0,"men_mais":60.0,"log_av45":48.0,"log_45_70":11.0,"log_70_90":5.0,"log_ap_90":6.0,"log_inc":0.0,"log_soc":0.0,"ind_0_3":9.0,"ind_4_5":4.0,"ind_6_10":23.0,"ind_11_17":27.0,"ind_18_24":10.0,"ind_25_39":35.0,"ind_40_54":48.0,"ind_55_64":30.0,"ind_65_79":12.0,"ind_80p":16.0,"ind_inc":0.0,"men_pauv":14.0,"men":70.0,"lcog_geo":"9301093077","year":"2017","com_arm_code":["93010"],"com_code":["93010"],"com_arm_name":["Bondy"],"com_name":["Bondy"],"epci_name":["M\u00e9tropole du Grand Paris"],"epci_code":["200054781"],"dep_name":["Seine-Saint-Denis"],"dep_code":["93"],"reg_name":["\u00cele-de-France"],"reg_code":["11"]}},{"type":"Feature","geometry":{"coordinates":[[[2.483456929181723,48.89729835372986],[2.483184552043127,48.89908658773255],[2.485899985827169,48.899269884033046],[2.486172266323595,48.89748164240651],[2.483456929181723,48.89729835372986]]],"type":"Polygon"},"properties":{"geo_point_2d":{"lon":2.484678432672643,"lat":48.8982841222976},"idcar_200m":"CRS3035RES200mN2893000E3770800","i_est_200":0,"idcar_1km":"CRS3035RES1000mN2893000E3770000","i_est_1km":0,"idcar_nat":"CRS3035RES200mN2893000E3770800","groupe":874293,"pop_carr":614.0,"men_1ind":52.0,"men_5ind":37.0,"men_prop":50.0,"men_fmp":55.0,"ind_snv":10300961.5,"men_surf":12249.0,"men_coll":162.0,"men_mais":55.0,"log_av45":48.0,"log_45_70":156.0,"log_70_90":7.0,"log_ap_90":6.0,"log_inc":0.0,"log_soc":151.0,"ind_0_3":48.5,"ind_4_5":23.0,"ind_6_10":53.5,"ind_11_17":61.0,"ind_18_24":41.0,"ind_25_39":120.0,"ind_40_54":114.0,"ind_55_64":65.0,"ind_65_79":65.0,"ind_80p":20.0,"ind_inc":3.0,"men_pauv":56.0,"men":217.0,"lcog_geo":"93010","year":"2017","com_arm_code":["93010"],"com_code":["93010"],"com_arm_name":["Bondy"],"com_name":["Bondy"],"epci_name":["M\u00e9tropole du Grand Paris"],"epci_code":["200054781"],"dep_name":["Seine-Saint-Denis"],"dep_code":["93"],"reg_name":["\u00cele-de-France"],"reg_code":["11"]}},{"type":"Feature","geometry":{"coordinates":[[[2.473401836241558,48.90926552336676],[2.473128995122968,48.91105371904912],[2.475845050600763,48.91123726671588],[2.476117795024548,48.90944906339668],[2.473401836241558,48.90926552336676]]],"type":"Polygon"},"properties":{"geo_point_2d":{"lon":2.4746234185748404,"lat":48.910251398455834},"idcar_200m":"CRS3035RES200mN2894400E3770200","i_est_200":0,"idcar_1km":"CRS3035RES1000mN2894000E3770000","i_est_1km":0,"idcar_nat":"CRS3035RES1000mN2894000E3770000","groupe":877962,"pop_carr":240.0,"men_1ind":8.0,"men_5ind":23.0,"men_prop":11.0,"men_fmp":12.0,"ind_snv":3609346.2,"men_surf":4274.0,"men_coll":49.0,"men_mais":13.0,"log_av45":10.0,"log_45_70":50.0,"log_70_90":2.0,"log_ap_90":0.0,"log_inc":0.0,"log_soc":47.0,"ind_0_3":11.0,"ind_4_5":6.0,"ind_6_10":23.0,"ind_11_17":36.0,"ind_18_24":12.0,"ind_25_39":53.0,"ind_40_54":36.0,"ind_55_64":39.0,"ind_65_79":15.0,"ind_80p":2.0,"ind_inc":7.0,"men_pauv":22.0,"men":62.0,"lcog_geo":"9301093008","year":"2017","com_arm_code":["93010"],"com_code":["93010"],"com_arm_name":["Bondy"],"com_name":["Bondy"],"epci_name":["M\u00e9tropole du Grand Paris"],"epci_code":["200054781"],"dep_name":["Seine-Saint-Denis"],"dep_code":["93"],"reg_name":["\u00cele-de-France"],"reg_code":["11"]}},{"type":"Feature","geometry":{"coordinates":[[[2.47775373945142,48.89871979720687],[2.477481144187447,48.90050801374895],[2.480196637964148,48.90069144962889],[2.480469136582431,48.898903225456884],[2.47775373945142,48.89871979720687]]],"type":"Polygon"},"properties":{"geo_point_2d":{"lon":2.4789751638745705,"lat":48.899705626832564},"idcar_200m":"CRS3035RES200mN2893200E3770400","i_est_200":0,"idcar_1km":"CRS3035RES1000mN2893000E3770000","i_est_1km":0,"idcar_nat":"CRS3035RES200mN2893200E3770400","groupe":874301,"pop_carr":978.5,"men_1ind":209.0,"men_5ind":26.0,"men_prop":252.0,"men_fmp":57.0,"ind_snv":20151470.0,"men_surf":24532.0,"men_coll":419.0,"men_mais":47.0,"log_av45":185.0,"log_45_70":121.0,"log_70_90":72.0,"log_ap_90":88.0,"log_inc":0.0,"log_soc":70.0,"ind_0_3":84.0,"ind_4_5":27.5,"ind_6_10":72.0,"ind_11_17":51.0,"ind_18_24":44.0,"ind_25_39":254.0,"ind_40_54":178.0,"ind_55_64":104.0,"ind_65_79":110.0,"ind_80p":46.0,"ind_inc":8.0,"men_pauv":86.0,"men":466.0,"lcog_geo":"93010","year":"2017","com_arm_code":["93010"],"com_code":["93010"],"com_arm_name":["Bondy"],"com_name":["Bondy"],"epci_name":["M\u00e9tropole du Grand Paris"],"epci_code":["200054781"],"dep_name":["Seine-Saint-Denis"],"dep_code":["93"],"reg_name":["\u00cele-de-France"],"reg_code":["11"]}},{"type":"Feature","geometry":{"coordinates":[[[2.478015754388345,48.91499716369152],[2.477743032064262,48.916785368039946],[2.480459414394808,48.91696880661997],[2.480732039993137,48.9151805946379],[2.478015754388345,48.91499716369152]]],"type":"Polygon"},"properties":{"geo_point_2d":{"lon":2.4792375595376517,"lat":48.915982988572125},"idcar_200m":"CRS3035RES200mN2895000E3770600","i_est_200":0,"idcar_1km":"CRS3035RES1000mN2895000E3770000","i_est_1km":0,"idcar_nat":"CRS3035RES200mN2895000E3770600","groupe":877951,"pop_carr":656.5,"men_1ind":29.0,"men_5ind":55.0,"men_prop":23.0,"men_fmp":32.0,"ind_snv":9846083.3,"men_surf":12897.0,"men_coll":157.0,"men_mais":24.0,"log_av45":2.0,"log_45_70":99.0,"log_70_90":3.0,"log_ap_90":77.0,"log_inc":0.0,"log_soc":152.0,"ind_0_3":53.0,"ind_4_5":22.0,"ind_6_10":56.0,"ind_11_17":88.0,"ind_18_24":68.0,"ind_25_39":115.5,"ind_40_54":117.0,"ind_55_64":64.0,"ind_65_79":57.0,"ind_80p":10.0,"ind_inc":6.0,"men_pauv":60.0,"men":181.0,"lcog_geo":"93010","year":"2017","com_arm_code":["93010"],"com_code":["93010"],"com_arm_name":["Bondy"],"com_name":["Bondy"],"epci_name":["M\u00e9tropole du Grand Paris"],"epci_code":["200054781"],"dep_name":["Seine-Saint-Denis"],"dep_code":["93"],"reg_name":["\u00cele-de-France"],"reg_code":["11"]}},{"type":"Feature","geometry":{"coordinates":[[[2.481004640730978,48.91339238045513],[2.480732039993137,48.9151805946379],[2.483448343944191,48.91536395958504],[2.48372084796235,48.91357573777202],[2.481004640730978,48.91339238045513]]],"type":"Polygon"},"properties":{"geo_point_2d":{"lon":2.4822264674854955,"lat":48.91437817343714},"idcar_200m":"CRS3035RES200mN2894800E3770800","i_est_200":0,"idcar_1km":"CRS3035RES1000mN2894000E3770000","i_est_1km":0,"idcar_nat":"CRS3035RES1000mN2894000E3770000","groupe":877971,"pop_carr":596.0,"men_1ind":29.0,"men_5ind":47.0,"men_prop":24.0,"men_fmp":29.0,"ind_snv":8600972.5,"men_surf":11293.0,"men_coll":131.0,"men_mais":31.0,"log_av45":7.0,"log_45_70":141.0,"log_70_90":9.0,"log_ap_90":5.0,"log_inc":0.0,"log_soc":128.0,"ind_0_3":45.0,"ind_4_5":21.0,"ind_6_10":42.0,"ind_11_17":85.0,"ind_18_24":56.0,"ind_25_39":99.0,"ind_40_54":93.0,"ind_55_64":64.0,"ind_65_79":64.0,"ind_80p":18.0,"ind_inc":9.0,"men_pauv":62.0,"men":162.0,"lcog_geo":"93010","year":"2017","com_arm_code":["93010"],"com_code":["93010"],"com_arm_name":["Bondy"],"com_name":["Bondy"],"epci_name":["M\u00e9tropole du Grand Paris"],"epci_code":["200054781"],"dep_name":["Seine-Saint-Denis"],"dep_code":["93"],"reg_name":["\u00cele-de-France"],"reg_code":["11"]}},{"type":"Feature","geometry":{"coordinates":[[[2.476128879744338,48.8913834452856],[2.475856287246986,48.89317166301951],[2.478571376164195,48.89335513434983],[2.478843872052829,48.89156690898619],[2.476128879744338,48.8913834452856]]],"type":"Polygon"},"properties":{"geo_point_2d":{"lon":2.4773501031304783,"lat":48.892369293231205},"idcar_200m":"CRS3035RES200mN2892400E3770200","i_est_200":0,"idcar_1km":"CRS3035RES1000mN2892000E3770000","i_est_1km":0,"idcar_nat":"CRS3035RES1000mN2892000E3770000","groupe":874222,"pop_carr":442.5,"men_1ind":71.0,"men_5ind":17.0,"men_prop":111.0,"men_fmp":13.0,"ind_snv":9224369.2,"men_surf":11117.0,"men_coll":134.0,"men_mais":53.0,"log_av45":32.0,"log_45_70":136.0,"log_70_90":17.0,"log_ap_90":2.0,"log_inc":0.0,"log_soc":0.0,"ind_0_3":32.0,"ind_4_5":21.0,"ind_6_10":32.0,"ind_11_17":27.5,"ind_18_24":21.0,"ind_25_39":130.0,"ind_40_54":81.0,"ind_55_64":41.0,"ind_65_79":33.0,"ind_80p":23.0,"ind_inc":1.0,"men_pauv":30.0,"men":187.0,"lcog_geo":"93010","year":"2017","com_arm_code":["93010"],"com_code":["93010"],"com_arm_name":["Bondy"],"com_name":["Bondy"],"epci_name":["M\u00e9tropole du Grand Paris"],"epci_code":["200054781"],"dep_name":["Seine-Saint-Denis"],"dep_code":["93"],"reg_name":["\u00cele-de-France"],"reg_code":["11"]}},{"type":"Feature","geometry":{"coordinates":[[[2.486988958907995,48.89211690430711],[2.486716752860788,48.893905152543844],[2.489431915053534,48.89408836000717],[2.489704024481851,48.89230010415142],[2.486988958907995,48.89211690430711]]],"type":"Polygon"},"properties":{"geo_point_2d":{"lon":2.488210412155298,"lat":48.89310263557377},"idcar_200m":"CRS3035RES200mN2892400E3771000","i_est_200":0,"idcar_1km":"CRS3035RES1000mN2892000E3771000","i_est_1km":0,"idcar_nat":"CRS3035RES200mN2892400E3771000","groupe":874255,"pop_carr":233.0,"men_1ind":8.0,"men_5ind":19.0,"men_prop":59.0,"men_fmp":5.0,"ind_snv":5223095.2,"men_surf":4916.0,"men_coll":25.0,"men_mais":39.0,"log_av45":0.0,"log_45_70":0.0,"log_70_90":0.0,"log_ap_90":64.0,"log_inc":0.0,"log_soc":0.0,"ind_0_3":18.0,"ind_4_5":2.0,"ind_6_10":18.0,"ind_11_17":33.0,"ind_18_24":18.0,"ind_25_39":49.0,"ind_40_54":56.0,"ind_55_64":28.0,"ind_65_79":10.0,"ind_80p":1.0,"ind_inc":0.0,"men_pauv":8.0,"men":64.0,"lcog_geo":"93010","year":"2017","com_arm_code":["93010"],"com_code":["93010"],"com_arm_name":["Bondy"],"com_name":["Bondy"],"epci_name":["M\u00e9tropole du Grand Paris"],"epci_code":["200054781"],"dep_name":["Seine-Saint-Denis"],"dep_code":["93"],"reg_name":["\u00cele-de-France"],"reg_code":["11"]}},{"type":"Feature","geometry":{"coordinates":[[[2.497577511424785,48.89463758658296],[2.497305667089623,48.89642586307884],[2.50002099909426,48.89660881427272],[2.500292746791767,48.89482053016777],[2.497577511424785,48.89463758658296]]],"type":"Polygon"},"properties":{"geo_point_2d":{"lon":2.4987992304301367,"lat":48.89562320384769},"idcar_200m":"CRS3035RES200mN2892600E3771800","i_est_200":0,"idcar_1km":"CRS3035RES1000mN2892000E3771000","i_est_1km":0,"idcar_nat":"CRS3035RES200mN2892600E3771800","groupe":874256,"pop_carr":188.0,"men_1ind":18.0,"men_5ind":6.0,"men_prop":59.0,"men_fmp":7.0,"ind_snv":4357369.3,"men_surf":5614.0,"men_coll":5.0,"men_mais":63.0,"log_av45":52.0,"log_45_70":3.0,"log_70_90":6.0,"log_ap_90":7.0,"log_inc":0.0,"log_soc":0.0,"ind_0_3":2.0,"ind_4_5":5.0,"ind_6_10":17.0,"ind_11_17":24.0,"ind_18_24":14.0,"ind_25_39":36.0,"ind_40_54":41.0,"ind_55_64":21.0,"ind_65_79":20.0,"ind_80p":8.0,"ind_inc":0.0,"men_pauv":7.0,"men":68.0,"lcog_geo":"930109305793077","year":"2017","com_arm_code":["93010"],"com_code":["93010"],"com_arm_name":["Bondy"],"com_name":["Bondy"],"epci_name":["M\u00e9tropole du Grand Paris"],"epci_code":["200054781"],"dep_name":["Seine-Saint-Denis"],"dep_code":["93"],"reg_name":["\u00cele-de-France"],"reg_code":["11"]}},{"type":"Feature","geometry":{"coordinates":[[[2.484265781455935,48.90999928754502],[2.483993327131853,48.911787513758796],[2.486709455986989,48.91197079745156],[2.486981813606079,48.91018256361162],[2.484265781455935,48.90999928754502]]],"type":"Polygon"},"properties":{"geo_point_2d":{"lon":2.4854875938734664,"lat":48.91098504591592},"idcar_200m":"CRS3035RES200mN2894400E3771000","i_est_200":0,"idcar_1km":"CRS3035RES1000mN2894000E3771000","i_est_1km":0,"idcar_nat":"CRS3035RES1000mN2894000E3771000","groupe":877902,"pop_carr":535.5,"men_1ind":32.0,"men_5ind":39.0,"men_prop":34.0,"men_fmp":42.0,"ind_snv":8660824.7,"men_surf":10764.0,"men_coll":135.0,"men_mais":33.0,"log_av45":18.0,"log_45_70":132.0,"log_70_90":8.0,"log_ap_90":10.0,"log_inc":0.0,"log_soc":127.0,"ind_0_3":29.5,"ind_4_5":25.5,"ind_6_10":47.5,"ind_11_17":64.0,"ind_18_24":54.0,"ind_25_39":82.0,"ind_40_54":121.0,"ind_55_64":47.0,"ind_65_79":46.0,"ind_80p":14.0,"ind_inc":5.0,"men_pauv":46.0,"men":168.0,"lcog_geo":"93010","year":"2017","com_arm_code":["93010"],"com_code":["93010"],"com_arm_name":["Bondy"],"com_name":["Bondy"],"epci_name":["M\u00e9tropole du Grand Paris"],"epci_code":["200054781"],"dep_name":["Seine-Saint-Denis"],"dep_code":["93"],"reg_name":["\u00cele-de-France"],"reg_code":["11"]}},{"type":"Feature","geometry":{"coordinates":[[[2.469607658099799,48.89816911661738],[2.469334772914041,48.8999573102537],[2.472050211656059,48.90014094406066],[2.472323000203768,48.89835274278637],[2.469607658099799,48.89816911661738]]],"type":"Polygon"},"properties":{"geo_point_2d":{"lon":2.470828910045977,"lat":48.89915503375135},"idcar_200m":"CRS3035RES200mN2893200E3769800","i_est_200":0,"idcar_1km":"CRS3035RES1000mN2893000E3769000","i_est_1km":0,"idcar_nat":"CRS3035RES200mN2893200E3769800","groupe":874148,"pop_carr":334.5,"men_1ind":20.0,"men_5ind":19.0,"men_prop":85.0,"men_fmp":14.0,"ind_snv":6317639.1,"men_surf":7553.0,"men_coll":64.0,"men_mais":43.0,"log_av45":35.0,"log_45_70":58.0,"log_70_90":9.0,"log_ap_90":5.0,"log_inc":0.0,"log_soc":0.0,"ind_0_3":19.0,"ind_4_5":12.0,"ind_6_10":27.0,"ind_11_17":34.5,"ind_18_24":13.0,"ind_25_39":74.0,"ind_40_54":72.0,"ind_55_64":39.0,"ind_65_79":26.0,"ind_80p":8.0,"ind_inc":10.0,"men_pauv":19.0,"men":107.0,"lcog_geo":"9301093053","year":"2017","com_arm_code":["93010"],"com_code":["93010"],"com_arm_name":["Bondy"],"com_name":["Bondy"],"epci_name":["M\u00e9tropole du Grand Paris"],"epci_code":["200054781"],"dep_name":["Seine-Saint-Denis"],"dep_code":["93"],"reg_name":["\u00cele-de-France"],"reg_code":["11"]}},{"type":"Feature","geometry":{"coordinates":[[[2.488887621779944,48.89766486510999],[2.48861543792823,48.89945311435765],[2.491330908339966,48.89963627870574],[2.491602995544428,48.89784802183956],[2.488887621779944,48.89766486510999]]],"type":"Polygon"},"properties":{"geo_point_2d":{"lon":2.4901092402273193,"lat":48.89865057532556},"idcar_200m":"CRS3035RES200mN2893000E3771200","i_est_200":0,"idcar_1km":"CRS3035RES1000mN2893000E3771000","i_est_1km":0,"idcar_nat":"CRS3035RES1000mN2893000E3771000","groupe":874249,"pop_carr":664.0,"men_1ind":89.0,"men_5ind":35.0,"men_prop":12.0,"men_fmp":51.0,"ind_snv":10589241.8,"men_surf":15835.0,"men_coll":251.0,"men_mais":12.0,"log_av45":9.0,"log_45_70":254.0,"log_70_90":0.0,"log_ap_90":0.0,"log_inc":0.0,"log_soc":246.0,"ind_0_3":54.0,"ind_4_5":33.0,"ind_6_10":53.5,"ind_11_17":73.5,"ind_18_24":40.0,"ind_25_39":152.0,"ind_40_54":111.0,"ind_55_64":61.0,"ind_65_79":57.0,"ind_80p":29.0,"ind_inc":0.0,"men_pauv":79.0,"men":263.0,"lcog_geo":"93010","year":"2017","com_arm_code":["93010"],"com_code":["93010"],"com_arm_name":["Bondy"],"com_name":["Bondy"],"epci_name":["M\u00e9tropole du Grand Paris"],"epci_code":["200054781"],"dep_name":["Seine-Saint-Denis"],"dep_code":["93"],"reg_name":["\u00cele-de-France"],"reg_code":["11"]}},{"type":"Feature","geometry":{"coordinates":[[[2.486981813606079,48.91018256361162],[2.486709455986989,48.91197079745156],[2.489425603170611,48.912154015149014],[2.489697864082157,48.91036577368557],[2.486981813606079,48.91018256361162]]],"type":"Polygon"},"properties":{"geo_point_2d":{"lon":2.4882036835399313,"lat":48.911168292798735},"idcar_200m":"CRS3035RES200mN2894400E3771200","i_est_200":0,"idcar_1km":"CRS3035RES1000mN2894000E3771000","i_est_1km":0,"idcar_nat":"CRS3035RES1000mN2894000E3771000","groupe":877901,"pop_carr":367.0,"men_1ind":29.0,"men_5ind":27.0,"men_prop":77.0,"men_fmp":10.0,"ind_snv":6562936.8,"men_surf":9102.0,"men_coll":36.0,"men_mais":79.0,"log_av45":49.0,"log_45_70":29.0,"log_70_90":9.0,"log_ap_90":28.0,"log_inc":0.0,"log_soc":18.0,"ind_0_3":28.0,"ind_4_5":11.0,"ind_6_10":22.0,"ind_11_17":36.5,"ind_18_24":32.5,"ind_25_39":74.0,"ind_40_54":82.0,"ind_55_64":39.0,"ind_65_79":31.0,"ind_80p":10.0,"ind_inc":1.0,"men_pauv":30.0,"men":115.0,"lcog_geo":"93010","year":"2017","com_arm_code":["93010"],"com_code":["93010"],"com_arm_name":["Bondy"],"com_name":["Bondy"],"epci_name":["M\u00e9tropole du Grand Paris"],"epci_code":["200054781"],"dep_name":["Seine-Saint-Denis"],"dep_code":["93"],"reg_name":["\u00cele-de-France"],"reg_code":["11"]}},{"type":"Feature","geometry":{"coordinates":[[[2.478843872052829,48.89156690898619],[2.478571376164195,48.89335513434983],[2.481286483409786,48.89353853971449],[2.481558882687152,48.89175030672378],[2.478843872052829,48.89156690898619]]],"type":"Polygon"},"properties":{"geo_point_2d":{"lon":2.4800651529071005,"lat":48.89255272776461},"idcar_200m":"CRS3035RES200mN2892400E3770400","i_est_200":0,"idcar_1km":"CRS3035RES1000mN2892000E3770000","i_est_1km":0,"idcar_nat":"CRS3035RES1000mN2892000E3770000","groupe":874219,"pop_carr":472.0,"men_1ind":33.0,"men_5ind":26.0,"men_prop":135.0,"men_fmp":18.0,"ind_snv":10381965.1,"men_surf":11640.0,"men_coll":88.0,"men_mais":76.0,"log_av45":60.0,"log_45_70":95.0,"log_70_90":5.0,"log_ap_90":4.0,"log_inc":0.0,"log_soc":0.0,"ind_0_3":29.5,"ind_4_5":26.0,"ind_6_10":49.5,"ind_11_17":35.0,"ind_18_24":17.0,"ind_25_39":95.0,"ind_40_54":89.0,"ind_55_64":52.0,"ind_65_79":51.0,"ind_80p":28.0,"ind_inc":0.0,"men_pauv":22.0,"men":164.0,"lcog_geo":"93010","year":"2017","com_arm_code":["93010"],"com_code":["93010"],"com_arm_name":["Bondy"],"com_name":["Bondy"],"epci_name":["M\u00e9tropole du Grand Paris"],"epci_code":["200054781"],"dep_name":["Seine-Saint-Denis"],"dep_code":["93"],"reg_name":["\u00cele-de-France"],"reg_code":["11"]}},{"type":"Feature","geometry":{"coordinates":[[[2.476935879100577,48.90408444021961],[2.476663209271227,48.90587265014884],[2.479378993036643,48.90605610892277],[2.47965156619448,48.9042678913615],[2.476935879100577,48.90408444021961]]],"type":"Polygon"},"properties":{"geo_point_2d":{"lon":2.478157411228635,"lat":48.90507027798618},"idcar_200m":"CRS3035RES200mN2893800E3770400","i_est_200":0,"idcar_1km":"CRS3035RES1000mN2893000E3770000","i_est_1km":0,"idcar_nat":"CRS3035RES200mN2893800E3770400","groupe":874292,"pop_carr":585.5,"men_1ind":79.0,"men_5ind":35.0,"men_prop":73.0,"men_fmp":36.0,"ind_snv":10463940.6,"men_surf":13484.0,"men_coll":192.0,"men_mais":25.0,"log_av45":29.0,"log_45_70":9.0,"log_70_90":1.0,"log_ap_90":178.0,"log_inc":0.0,"log_soc":83.0,"ind_0_3":37.5,"ind_4_5":20.0,"ind_6_10":45.0,"ind_11_17":62.0,"ind_18_24":45.0,"ind_25_39":136.0,"ind_40_54":127.0,"ind_55_64":52.0,"ind_65_79":38.0,"ind_80p":12.0,"ind_inc":11.0,"men_pauv":49.0,"men":217.0,"lcog_geo":"93010","year":"2017","com_arm_code":["93010"],"com_code":["93010"],"com_arm_name":["Bondy"],"com_name":["Bondy"],"epci_name":["M\u00e9tropole du Grand Paris"],"epci_code":["200054781"],"dep_name":["Seine-Saint-Denis"],"dep_code":["93"],"reg_name":["\u00cele-de-France"],"reg_code":["11"]}},{"type":"Feature","geometry":{"coordinates":[[[2.496761904070147,48.900002409469295],[2.496489985379399,48.90179067936448],[2.499205607348658,48.90197365338973],[2.499477429375922,48.90018537588336],[2.496761904070147,48.900002409469295]]],"type":"Polygon"},"properties":{"geo_point_2d":{"lon":2.4979837308732558,"lat":48.90098803484967},"idcar_200m":"CRS3035RES200mN2893200E3771800","i_est_200":0,"idcar_1km":"CRS3035RES1000mN2893000E3771000","i_est_1km":0,"idcar_nat":"CRS3035RES1000mN2893000E3771000","groupe":874236,"pop_carr":292.0,"men_1ind":20.0,"men_5ind":17.0,"men_prop":71.0,"men_fmp":11.0,"ind_snv":6315569.9,"men_surf":7805.0,"men_coll":14.0,"men_mais":81.0,"log_av45":56.0,"log_45_70":17.0,"log_70_90":11.0,"log_ap_90":11.0,"log_inc":0.0,"log_soc":0.0,"ind_0_3":12.0,"ind_4_5":11.0,"ind_6_10":31.0,"ind_11_17":27.0,"ind_18_24":15.0,"ind_25_39":69.0,"ind_40_54":52.0,"ind_55_64":36.0,"ind_65_79":29.0,"ind_80p":6.0,"ind_inc":4.0,"men_pauv":18.0,"men":95.0,"lcog_geo":"9301093057","year":"2017","com_arm_code":["93010"],"com_code":["93010"],"com_arm_name":["Bondy"],"com_name":["Bondy"],"epci_name":["M\u00e9tropole du Grand Paris"],"epci_code":["200054781"],"dep_name":["Seine-Saint-Denis"],"dep_code":["93"],"reg_name":["\u00cele-de-France"],"reg_code":["11"]}},{"type":"Feature","geometry":{"coordinates":[[[2.485355350362546,48.902846360678076],[2.485082995387899,48.90463459569724],[2.487798737474745,48.90481784888961],[2.488070995778853,48.90302960624716],[2.485355350362546,48.902846360678076]]],"type":"Polygon"},"properties":{"geo_point_2d":{"lon":2.486577019079663,"lat":48.90383210820109},"idcar_200m":"CRS3035RES200mN2893600E3771000","i_est_200":0,"idcar_1km":"CRS3035RES1000mN2893000E3771000","i_est_1km":0,"idcar_nat":"CRS3035RES1000mN2893000E3771000","groupe":874244,"pop_carr":376.5,"men_1ind":61.0,"men_5ind":21.0,"men_prop":4.0,"men_fmp":31.0,"ind_snv":6012378.0,"men_surf":7823.0,"men_coll":151.0,"men_mais":2.0,"log_av45":1.0,"log_45_70":142.0,"log_70_90":0.0,"log_ap_90":10.0,"log_inc":0.0,"log_soc":149.0,"ind_0_3":25.0,"ind_4_5":20.0,"ind_6_10":37.0,"ind_11_17":34.5,"ind_18_24":20.0,"ind_25_39":70.0,"ind_40_54":84.0,"ind_55_64":34.0,"ind_65_79":31.0,"ind_80p":12.0,"ind_inc":9.0,"men_pauv":45.0,"men":153.0,"lcog_geo":"93010","year":"2017","com_arm_code":["93010"],"com_code":["93010"],"com_arm_name":["Bondy"],"com_name":["Bondy"],"epci_name":["M\u00e9tropole du Grand Paris"],"epci_code":["200054781"],"dep_name":["Seine-Saint-Denis"],"dep_code":["93"],"reg_name":["\u00cele-de-France"],"reg_code":["11"]}},{"type":"Feature","geometry":{"coordinates":[[[2.472868502704753,48.89477633361851],[2.472595763885588,48.89656453930578],[2.475311027706255,48.896748091867956],[2.475583669902032,48.89495987854688],[2.472868502704753,48.89477633361851]]],"type":"Polygon"},"properties":{"geo_point_2d":{"lon":2.474089740377628,"lat":48.89576221615615},"idcar_200m":"CRS3035RES200mN2892800E3770000","i_est_200":0,"idcar_1km":"CRS3035RES1000mN2892000E3770000","i_est_1km":0,"idcar_nat":"CRS3035RES1000mN2892000E3770000","groupe":874224,"pop_carr":654.0,"men_1ind":95.0,"men_5ind":41.0,"men_prop":22.0,"men_fmp":43.0,"ind_snv":9616606.3,"men_surf":12874.0,"men_coll":226.0,"men_mais":23.0,"log_av45":15.0,"log_45_70":228.0,"log_70_90":2.0,"log_ap_90":4.0,"log_inc":0.0,"log_soc":221.0,"ind_0_3":40.0,"ind_4_5":29.0,"ind_6_10":52.0,"ind_11_17":66.0,"ind_18_24":53.0,"ind_25_39":131.0,"ind_40_54":137.0,"ind_55_64":72.0,"ind_65_79":52.0,"ind_80p":19.0,"ind_inc":3.0,"men_pauv":94.0,"men":249.0,"lcog_geo":"9301093053","year":"2017","com_arm_code":["93010"],"com_code":["93010"],"com_arm_name":["Bondy"],"com_name":["Bondy"],"epci_name":["M\u00e9tropole du Grand Paris"],"epci_code":["200054781"],"dep_name":["Seine-Saint-Denis"],"dep_code":["93"],"reg_name":["\u00cele-de-France"],"reg_code":["11"]}},{"type":"Feature","geometry":{"coordinates":[[[2.483729281492081,48.89551011752335],[2.483456929181723,48.89729835372986],[2.486172266323595,48.89748164240651],[2.486444522000395,48.895693398576896],[2.483729281492081,48.89551011752335]]],"type":"Polygon"},"properties":{"geo_point_2d":{"lon":2.4849507490782856,"lat":48.89649588338098},"idcar_200m":"CRS3035RES200mN2892800E3770800","i_est_200":0,"idcar_1km":"CRS3035RES1000mN2892000E3770000","i_est_1km":0,"idcar_nat":"CRS3035RES1000mN2892000E3770000","groupe":874217,"pop_carr":347.5,"men_1ind":23.0,"men_5ind":22.0,"men_prop":84.0,"men_fmp":11.0,"ind_snv":6848351.6,"men_surf":8600.0,"men_coll":28.0,"men_mais":90.0,"log_av45":82.0,"log_45_70":18.0,"log_70_90":12.0,"log_ap_90":6.0,"log_inc":0.0,"log_soc":0.0,"ind_0_3":17.0,"ind_4_5":9.5,"ind_6_10":31.0,"ind_11_17":37.0,"ind_18_24":30.0,"ind_25_39":67.0,"ind_40_54":84.0,"ind_55_64":41.0,"ind_65_79":22.0,"ind_80p":9.0,"ind_inc":0.0,"men_pauv":22.0,"men":118.0,"lcog_geo":"93010","year":"2017","com_arm_code":["93010"],"com_code":["93010"],"com_arm_name":["Bondy"],"com_name":["Bondy"],"epci_name":["M\u00e9tropole du Grand Paris"],"epci_code":["200054781"],"dep_name":["Seine-Saint-Denis"],"dep_code":["93"],"reg_name":["\u00cele-de-France"],"reg_code":["11"]}},{"type":"Feature","geometry":{"coordinates":[[[2.490786659510924,48.90321278583434],[2.4905144978799,48.905001036097424],[2.493230276597028,48.90518415731989],[2.493502341552426,48.90339589943886],[2.490786659510924,48.90321278583434]]],"type":"Polygon"},"properties":{"geo_point_2d":{"lon":2.4920084432141567,"lat":48.90419847499592},"idcar_200m":"CRS3035RES200mN2893600E3771400","i_est_200":0,"idcar_1km":"CRS3035RES1000mN2893000E3771000","i_est_1km":0,"idcar_nat":"CRS3035RES1000mN2893000E3771000","groupe":874232,"pop_carr":254.5,"men_1ind":15.0,"men_5ind":18.0,"men_prop":43.0,"men_fmp":12.0,"ind_snv":4840296.9,"men_surf":6132.0,"men_coll":32.0,"men_mais":50.0,"log_av45":19.0,"log_45_70":43.0,"log_70_90":8.0,"log_ap_90":12.0,"log_inc":0.0,"log_soc":30.0,"ind_0_3":11.0,"ind_4_5":6.0,"ind_6_10":25.0,"ind_11_17":30.5,"ind_18_24":23.0,"ind_25_39":44.0,"ind_40_54":56.0,"ind_55_64":26.0,"ind_65_79":24.0,"ind_80p":9.0,"ind_inc":0.0,"men_pauv":22.0,"men":82.0,"lcog_geo":"93010","year":"2017","com_arm_code":["93010"],"com_code":["93010"],"com_arm_name":["Bondy"],"com_name":["Bondy"],"epci_name":["M\u00e9tropole du Grand Paris"],"epci_code":["200054781"],"dep_name":["Seine-Saint-Denis"],"dep_code":["93"],"reg_name":["\u00cele-de-France"],"reg_code":["11"]}},{"type":"Feature","geometry":{"coordinates":[[[2.480459414394808,48.91696880661997],[2.480186763932749,48.91875701640178],[2.482903261349018,48.91894039661161],[2.48317581507416,48.917152179198126],[2.480459414394808,48.91696880661997]]],"type":"Polygon"},"properties":{"geo_point_2d":{"lon":2.481681313015314,"lat":48.91795460503305},"idcar_200m":"CRS3035RES200mN2895200E3770800","i_est_200":0,"idcar_1km":"CRS3035RES1000mN2895000E3770000","i_est_1km":0,"idcar_nat":"CRS3035RES200mN2895200E3770800","groupe":877954,"pop_carr":634.5,"men_1ind":100.0,"men_5ind":39.0,"men_prop":9.0,"men_fmp":35.0,"ind_snv":9135216.2,"men_surf":12544.0,"men_coll":235.0,"men_mais":10.0,"log_av45":1.0,"log_45_70":93.0,"log_70_90":0.0,"log_ap_90":151.0,"log_inc":0.0,"log_soc":235.0,"ind_0_3":71.0,"ind_4_5":27.0,"ind_6_10":56.5,"ind_11_17":54.0,"ind_18_24":24.0,"ind_25_39":144.0,"ind_40_54":124.0,"ind_55_64":51.0,"ind_65_79":66.0,"ind_80p":16.0,"ind_inc":1.0,"men_pauv":95.0,"men":245.0,"lcog_geo":"9301093005","year":"2017","com_arm_code":["93010"],"com_code":["93010"],"com_arm_name":["Bondy"],"com_name":["Bondy"],"epci_name":["M\u00e9tropole du Grand Paris"],"epci_code":["200054781"],"dep_name":["Seine-Saint-Denis"],"dep_code":["93"],"reg_name":["\u00cele-de-France"],"reg_code":["11"]}},{"type":"Feature","geometry":{"coordinates":[[[2.482094795141926,48.90623950171159],[2.481822293813792,48.90802772470002],[2.484538210937819,48.908211059130366],[2.484810615580733,48.90642282851456],[2.482094795141926,48.90623950171159]]],"type":"Polygon"},"properties":{"geo_point_2d":{"lon":2.4833164781968002,"lat":48.90722528383765},"idcar_200m":"CRS3035RES200mN2894000E3770800","i_est_200":1,"idcar_1km":"CRS3035RES1000mN2894000E3770000","i_est_1km":0,"idcar_nat":"CRS3035RES1000mN2894000E3770000","groupe":877957,"pop_carr":41.0,"men_1ind":0.0,"men_5ind":3.7,"men_prop":10.2,"men_fmp":0.0,"ind_snv":862744.7,"men_surf":852.6,"men_coll":0.0,"men_mais":11.2,"log_av45":9.3,"log_45_70":0.0,"log_70_90":0.9,"log_ap_90":1.0,"log_inc":0.0,"log_soc":0.0,"ind_0_3":2.8,"ind_4_5":1.8,"ind_6_10":3.7,"ind_11_17":2.8,"ind_18_24":1.9,"ind_25_39":11.2,"ind_40_54":3.7,"ind_55_64":5.6,"ind_65_79":5.6,"ind_80p":1.9,"ind_inc":0.0,"men_pauv":0.0,"men":11.2,"lcog_geo":"93010","year":"2017","com_arm_code":["93010"],"com_code":["93010"],"com_arm_name":["Bondy"],"com_name":["Bondy"],"epci_name":["M\u00e9tropole du Grand Paris"],"epci_code":["200054781"],"dep_name":["Seine-Saint-Denis"],"dep_code":["93"],"reg_name":["\u00cele-de-France"],"reg_code":["11"]}},{"type":"Feature","geometry":{"coordinates":[[[2.486709455986989,48.91197079745156],[2.486437073531094,48.91375902909166],[2.489153317430869,48.91394225441331],[2.489425603170611,48.912154015149014],[2.486709455986989,48.91197079745156]]],"type":"Polygon"},"properties":{"geo_point_2d":{"lon":2.487931361858259,"lat":48.91295652935095},"idcar_200m":"CRS3035RES200mN2894600E3771200","i_est_200":0,"idcar_1km":"CRS3035RES1000mN2894000E3771000","i_est_1km":0,"idcar_nat":"CRS3035RES1000mN2894000E3771000","groupe":877903,"pop_carr":636.5,"men_1ind":45.0,"men_5ind":54.0,"men_prop":45.0,"men_fmp":36.0,"ind_snv":10688039.9,"men_surf":13489.0,"men_coll":148.0,"men_mais":47.0,"log_av45":18.0,"log_45_70":59.0,"log_70_90":4.0,"log_ap_90":114.0,"log_inc":0.0,"log_soc":135.0,"ind_0_3":48.0,"ind_4_5":32.0,"ind_6_10":70.0,"ind_11_17":71.5,"ind_18_24":45.0,"ind_25_39":133.0,"ind_40_54":118.0,"ind_55_64":55.0,"ind_65_79":40.0,"ind_80p":20.0,"ind_inc":4.0,"men_pauv":49.0,"men":195.0,"lcog_geo":"93010","year":"2017","com_arm_code":["93010"],"com_code":["93010"],"com_arm_name":["Bondy"],"com_name":["Bondy"],"epci_name":["M\u00e9tropole du Grand Paris"],"epci_code":["200054781"],"dep_name":["Seine-Saint-Denis"],"dep_code":["93"],"reg_name":["\u00cele-de-France"],"reg_code":["11"]}},{"type":"Feature","geometry":{"coordinates":[[[2.48861543792823,48.89945311435765],[2.488343229262271,48.901241361403315],[2.49105879632987,48.901424533370566],[2.491330908339966,48.89963627870574],[2.48861543792823,48.89945311435765]]],"type":"Polygon"},"properties":{"geo_point_2d":{"lon":2.4898370922941515,"lat":48.90043882728193},"idcar_200m":"CRS3035RES200mN2893200E3771200","i_est_200":0,"idcar_1km":"CRS3035RES1000mN2893000E3771000","i_est_1km":0,"idcar_nat":"CRS3035RES1000mN2893000E3771000","groupe":874247,"pop_carr":554.5,"men_1ind":103.0,"men_5ind":27.0,"men_prop":7.0,"men_fmp":35.0,"ind_snv":8914062.6,"men_surf":14444.0,"men_coll":226.0,"men_mais":8.0,"log_av45":4.0,"log_45_70":228.0,"log_70_90":2.0,"log_ap_90":0.0,"log_inc":0.0,"log_soc":226.0,"ind_0_3":29.0,"ind_4_5":19.5,"ind_6_10":42.5,"ind_11_17":57.5,"ind_18_24":45.0,"ind_25_39":87.0,"ind_40_54":111.0,"ind_55_64":77.0,"ind_65_79":56.0,"ind_80p":29.0,"ind_inc":1.0,"men_pauv":71.0,"men":234.0,"lcog_geo":"93010","year":"2017","com_arm_code":["93010"],"com_code":["93010"],"com_arm_name":["Bondy"],"com_name":["Bondy"],"epci_name":["M\u00e9tropole du Grand Paris"],"epci_code":["200054781"],"dep_name":["Seine-Saint-Denis"],"dep_code":["93"],"reg_name":["\u00cele-de-France"],"reg_code":["11"]}},{"type":"Feature","geometry":{"coordinates":[[[2.482103606763598,48.88817383412564],[2.48183125713735,48.88996207152762],[2.484546189485981,48.89014539567784],[2.484818442515622,48.888357150652936],[2.482103606763598,48.88817383412564]]],"type":"Polygon"},"properties":{"geo_point_2d":{"lon":2.48332487330466,"lat":48.889159618316604},"idcar_200m":"CRS3035RES200mN2892000E3770600","i_est_200":0,"idcar_1km":"CRS3035RES1000mN2892000E3770000","i_est_1km":0,"idcar_nat":"CRS3035RES1000mN2892000E3770000","groupe":874207,"pop_carr":81.0,"men_1ind":7.0,"men_5ind":4.0,"men_prop":28.0,"men_fmp":4.0,"ind_snv":2389189.6,"men_surf":2982.0,"men_coll":0.0,"men_mais":30.0,"log_av45":2.0,"log_45_70":0.0,"log_70_90":28.0,"log_ap_90":0.0,"log_inc":0.0,"log_soc":0.0,"ind_0_3":8.0,"ind_4_5":4.0,"ind_6_10":3.0,"ind_11_17":8.0,"ind_18_24":2.0,"ind_25_39":17.0,"ind_40_54":11.0,"ind_55_64":14.0,"ind_65_79":10.0,"ind_80p":4.0,"ind_inc":0.0,"men_pauv":0.0,"men":30.0,"lcog_geo":"93010","year":"2017","com_arm_code":["93010"],"com_code":["93010"],"com_arm_name":["Bondy"],"com_name":["Bondy"],"epci_name":["M\u00e9tropole du Grand Paris"],"epci_code":["200054781"],"dep_name":["Seine-Saint-Denis"],"dep_code":["93"],"reg_name":["\u00cele-de-France"],"reg_code":["11"]}},{"type":"Feature","geometry":{"coordinates":[[[2.479388789325991,48.88799045163997],[2.479116343105685,48.889778681416324],[2.48183125713735,48.88996207152762],[2.482103606763598,48.88817383412564],[2.479388789325991,48.88799045163997]]],"type":"Polygon"},"properties":{"geo_point_2d":{"lon":2.480609998411966,"lat":48.88897626499786},"idcar_200m":"CRS3035RES200mN2892000E3770400","i_est_200":0,"idcar_1km":"CRS3035RES1000mN2892000E3770000","i_est_1km":0,"idcar_nat":"CRS3035RES1000mN2892000E3770000","groupe":874206,"pop_carr":68.0,"men_1ind":4.0,"men_5ind":3.0,"men_prop":22.0,"men_fmp":4.0,"ind_snv":2018374.0,"men_surf":2192.0,"men_coll":0.0,"men_mais":24.0,"log_av45":10.0,"log_45_70":4.0,"log_70_90":8.0,"log_ap_90":2.0,"log_inc":0.0,"log_soc":0.0,"ind_0_3":2.0,"ind_4_5":1.0,"ind_6_10":6.0,"ind_11_17":9.0,"ind_18_24":4.0,"ind_25_39":13.0,"ind_40_54":13.0,"ind_55_64":10.0,"ind_65_79":7.0,"ind_80p":2.0,"ind_inc":1.0,"men_pauv":1.0,"men":24.0,"lcog_geo":"9301093064","year":"2017","com_arm_code":["93010"],"com_code":["93010"],"com_arm_name":["Bondy"],"com_name":["Bondy"],"epci_name":["M\u00e9tropole du Grand Paris"],"epci_code":["200054781"],"dep_name":["Seine-Saint-Denis"],"dep_code":["93"],"reg_name":["\u00cele-de-France"],"reg_code":["11"]}},{"type":"Feature","geometry":{"coordinates":[[[2.487533296575742,48.888540401221135],[2.487261140145243,48.89032865386632],[2.489976109108809,48.8905118460923],[2.49024816893763,48.88872358582953],[2.487533296575742,48.888540401221135]]],"type":"Polygon"},"properties":{"geo_point_2d":{"lon":2.4887546780213126,"lat":48.88952612707314},"idcar_200m":"CRS3035RES200mN2892000E3771000","i_est_200":0,"idcar_1km":"CRS3035RES1000mN2892000E3771000","i_est_1km":0,"idcar_nat":"CRS3035RES200mN2892000E3771000","groupe":874269,"pop_carr":471.0,"men_1ind":31.0,"men_5ind":35.0,"men_prop":7.0,"men_fmp":31.0,"ind_snv":7627931.3,"men_surf":9622.0,"men_coll":142.0,"men_mais":9.0,"log_av45":5.0,"log_45_70":143.0,"log_70_90":3.0,"log_ap_90":0.0,"log_inc":0.0,"log_soc":142.0,"ind_0_3":31.0,"ind_4_5":22.0,"ind_6_10":51.0,"ind_11_17":57.0,"ind_18_24":31.0,"ind_25_39":84.0,"ind_40_54":97.0,"ind_55_64":41.0,"ind_65_79":36.0,"ind_80p":18.0,"ind_inc":3.0,"men_pauv":42.0,"men":151.0,"lcog_geo":"9301093077","year":"2017","com_arm_code":["93010"],"com_code":["93010"],"com_arm_name":["Bondy"],"com_name":["Bondy"],"epci_name":["M\u00e9tropole du Grand Paris"],"epci_code":["200054781"],"dep_name":["Seine-Saint-Denis"],"dep_code":["93"],"reg_name":["\u00cele-de-France"],"reg_code":["11"]}},{"type":"Feature","geometry":{"coordinates":[[[2.47503836065642,48.89853630298312],[2.474765668749305,48.90032451189262],[2.477481144187447,48.90050801374895],[2.47775373945142,48.89871979720687],[2.47503836065642,48.89853630298312]]],"type":"Polygon"},"properties":{"geo_point_2d":{"lon":2.4762597275891354,"lat":48.89952216177995},"idcar_200m":"CRS3035RES200mN2893200E3770200","i_est_200":0,"idcar_1km":"CRS3035RES1000mN2893000E3770000","i_est_1km":0,"idcar_nat":"CRS3035RES200mN2893200E3770200","groupe":874286,"pop_carr":403.0,"men_1ind":49.0,"men_5ind":20.0,"men_prop":103.0,"men_fmp":15.0,"ind_snv":8312006.3,"men_surf":10299.0,"men_coll":93.0,"men_mais":64.0,"log_av45":89.0,"log_45_70":28.0,"log_70_90":3.0,"log_ap_90":37.0,"log_inc":0.0,"log_soc":11.0,"ind_0_3":18.0,"ind_4_5":17.0,"ind_6_10":30.0,"ind_11_17":32.5,"ind_18_24":26.5,"ind_25_39":70.0,"ind_40_54":98.0,"ind_55_64":48.0,"ind_65_79":45.0,"ind_80p":18.0,"ind_inc":0.0,"men_pauv":31.0,"men":157.0,"lcog_geo":"93010","year":"2017","com_arm_code":["93010"],"com_code":["93010"],"com_arm_name":["Bondy"],"com_name":["Bondy"],"epci_name":["M\u00e9tropole du Grand Paris"],"epci_code":["200054781"],"dep_name":["Seine-Saint-Denis"],"dep_code":["93"],"reg_name":["\u00cele-de-France"],"reg_code":["11"]}},{"type":"Feature","geometry":{"coordinates":[[[2.476401447397315,48.88959522534472],[2.476128879744338,48.8913834452856],[2.478843872052829,48.89156690898619],[2.479116343105685,48.889778681416324],[2.476401447397315,48.88959522534472]]],"type":"Polygon"},"properties":{"geo_point_2d":{"lon":2.477622634903531,"lat":48.89058107057887},"idcar_200m":"CRS3035RES200mN2892200E3770200","i_est_200":0,"idcar_1km":"CRS3035RES1000mN2892000E3770000","i_est_1km":0,"idcar_nat":"CRS3035RES1000mN2892000E3770000","groupe":874221,"pop_carr":473.5,"men_1ind":59.0,"men_5ind":27.0,"men_prop":138.0,"men_fmp":16.0,"ind_snv":9866608.8,"men_surf":12578.0,"men_coll":137.0,"men_mais":45.0,"log_av45":11.0,"log_45_70":152.0,"log_70_90":4.0,"log_ap_90":15.0,"log_inc":0.0,"log_soc":0.0,"ind_0_3":29.0,"ind_4_5":19.0,"ind_6_10":23.5,"ind_11_17":42.0,"ind_18_24":33.0,"ind_25_39":101.0,"ind_40_54":92.0,"ind_55_64":51.0,"ind_65_79":62.0,"ind_80p":19.0,"ind_inc":2.0,"men_pauv":30.0,"men":182.0,"lcog_geo":"93010","year":"2017","com_arm_code":["93010"],"com_code":["93010"],"com_arm_name":["Bondy"],"com_name":["Bondy"],"epci_name":["M\u00e9tropole du Grand Paris"],"epci_code":["200054781"],"dep_name":["Seine-Saint-Denis"],"dep_code":["93"],"reg_name":["\u00cele-de-France"],"reg_code":["11"]}},{"type":"Feature","geometry":{"coordinates":[[[2.489697864082157,48.91036577368557],[2.489425603170611,48.912154015149014],[2.492141768676376,48.912337166850435],[2.492413932877843,48.910548917766185],[2.489697864082157,48.91036577368557]]],"type":"Polygon"},"properties":{"geo_point_2d":{"lon":2.490919791530434,"lat":48.911351473687205},"idcar_200m":"CRS3035RES200mN2894400E3771400","i_est_200":0,"idcar_1km":"CRS3035RES1000mN2894000E3771000","i_est_1km":0,"idcar_nat":"CRS3035RES1000mN2894000E3771000","groupe":877897,"pop_carr":172.5,"men_1ind":9.0,"men_5ind":12.0,"men_prop":45.0,"men_fmp":10.0,"ind_snv":3341322.6,"men_surf":4427.0,"men_coll":4.0,"men_mais":51.0,"log_av45":30.0,"log_45_70":9.0,"log_70_90":9.0,"log_ap_90":7.0,"log_inc":0.0,"log_soc":0.0,"ind_0_3":7.0,"ind_4_5":3.0,"ind_6_10":13.0,"ind_11_17":18.5,"ind_18_24":12.0,"ind_25_39":37.0,"ind_40_54":30.0,"ind_55_64":22.0,"ind_65_79":20.0,"ind_80p":10.0,"ind_inc":0.0,"men_pauv":14.0,"men":55.0,"lcog_geo":"9301093057","year":"2017","com_arm_code":["93010"],"com_code":["93010"],"com_arm_name":["Bondy"],"com_name":["Bondy"],"epci_name":["M\u00e9tropole du Grand Paris"],"epci_code":["200054781"],"dep_name":["Seine-Saint-Denis"],"dep_code":["93"],"reg_name":["\u00cele-de-France"],"reg_code":["11"]}},{"type":"Feature","geometry":{"coordinates":[[[2.478288451843314,48.91320895714171],[2.478015754388345,48.91499716369152],[2.480732039993137,48.9151805946379],[2.481004640730978,48.91339238045513],[2.478288451843314,48.91320895714171]]],"type":"Polygon"},"properties":{"geo_point_2d":{"lon":2.479510221066564,"lat":48.91419477930609},"idcar_200m":"CRS3035RES200mN2894800E3770600","i_est_200":0,"idcar_1km":"CRS3035RES1000mN2894000E3770000","i_est_1km":0,"idcar_nat":"CRS3035RES1000mN2894000E3770000","groupe":877977,"pop_carr":1908.0,"men_1ind":185.0,"men_5ind":121.0,"men_prop":4.0,"men_fmp":145.0,"ind_snv":26090880.6,"men_surf":37106.0,"men_coll":663.0,"men_mais":4.0,"log_av45":0.0,"log_45_70":599.0,"log_70_90":0.0,"log_ap_90":68.0,"log_inc":0.0,"log_soc":663.0,"ind_0_3":140.5,"ind_4_5":84.5,"ind_6_10":158.0,"ind_11_17":206.0,"ind_18_24":145.0,"ind_25_39":382.0,"ind_40_54":346.0,"ind_55_64":235.0,"ind_65_79":149.0,"ind_80p":45.0,"ind_inc":17.0,"men_pauv":288.0,"men":667.0,"lcog_geo":"93010","year":"2017","com_arm_code":["93010"],"com_code":["93010"],"com_arm_name":["Bondy"],"com_name":["Bondy"],"epci_name":["M\u00e9tropole du Grand Paris"],"epci_code":["200054781"],"dep_name":["Seine-Saint-Denis"],"dep_code":["93"],"reg_name":["\u00cele-de-France"],"reg_code":["11"]}},{"type":"Feature","geometry":{"coordinates":[[[2.481822293813792,48.90802772470002],[2.481549767638074,48.909815945486514],[2.484265781455935,48.90999928754502],[2.484538210937819,48.908211059130366],[2.481822293813792,48.90802772470002]]],"type":"Polygon"},"properties":{"geo_point_2d":{"lon":2.483044012789546,"lat":48.909013509539264},"idcar_200m":"CRS3035RES200mN2894200E3770800","i_est_200":0,"idcar_1km":"CRS3035RES1000mN2894000E3770000","i_est_1km":0,"idcar_nat":"CRS3035RES1000mN2894000E3770000","groupe":877968,"pop_carr":362.0,"men_1ind":43.0,"men_5ind":20.0,"men_prop":77.0,"men_fmp":13.0,"ind_snv":6453733.1,"men_surf":8612.0,"men_coll":69.0,"men_mais":64.0,"log_av45":49.0,"log_45_70":11.0,"log_70_90":22.0,"log_ap_90":51.0,"log_inc":0.0,"log_soc":28.0,"ind_0_3":30.0,"ind_4_5":13.0,"ind_6_10":29.0,"ind_11_17":31.0,"ind_18_24":21.0,"ind_25_39":98.0,"ind_40_54":62.0,"ind_55_64":24.0,"ind_65_79":35.0,"ind_80p":17.0,"ind_inc":2.0,"men_pauv":31.0,"men":133.0,"lcog_geo":"93010","year":"2017","com_arm_code":["93010"],"com_code":["93010"],"com_arm_name":["Bondy"],"com_name":["Bondy"],"epci_name":["M\u00e9tropole du Grand Paris"],"epci_code":["200054781"],"dep_name":["Seine-Saint-Denis"],"dep_code":["93"],"reg_name":["\u00cele-de-France"],"reg_code":["11"]}},{"type":"Feature","geometry":{"coordinates":[[[2.489159780820637,48.895876613659944],[2.488887621779944,48.89766486510999],[2.491602995544428,48.89784802183956],[2.491875057946479,48.89605976277172],[2.489159780820637,48.895876613659944]]],"type":"Polygon"},"properties":{"geo_point_2d":{"lon":2.490381363352147,"lat":48.89686232116736},"idcar_200m":"CRS3035RES200mN2892800E3771200","i_est_200":0,"idcar_1km":"CRS3035RES1000mN2892000E3771000","i_est_1km":0,"idcar_nat":"CRS3035RES200mN2892800E3771200","groupe":874264,"pop_carr":409.0,"men_1ind":33.0,"men_5ind":21.0,"men_prop":63.0,"men_fmp":21.0,"ind_snv":6967963.0,"men_surf":8700.0,"men_coll":57.0,"men_mais":73.0,"log_av45":52.0,"log_45_70":53.0,"log_70_90":7.0,"log_ap_90":18.0,"log_inc":0.0,"log_soc":57.0,"ind_0_3":23.0,"ind_4_5":11.0,"ind_6_10":35.0,"ind_11_17":38.0,"ind_18_24":47.0,"ind_25_39":63.0,"ind_40_54":87.0,"ind_55_64":52.0,"ind_65_79":40.0,"ind_80p":12.0,"ind_inc":1.0,"men_pauv":33.0,"men":130.0,"lcog_geo":"93010","year":"2017","com_arm_code":["93010"],"com_code":["93010"],"com_arm_name":["Bondy"],"com_name":["Bondy"],"epci_name":["M\u00e9tropole du Grand Paris"],"epci_code":["200054781"],"dep_name":["Seine-Saint-Denis"],"dep_code":["93"],"reg_name":["\u00cele-de-France"],"reg_code":["11"]}},{"type":"Feature","geometry":{"coordinates":[[[2.49513421052478,48.89266630594167],[2.494862294341866,48.89445457702744],[2.497577511424785,48.89463758658296],[2.49784933098119,48.89284930788618],[2.49513421052478,48.89266630594167]]],"type":"Polygon"},"properties":{"geo_point_2d":{"lon":2.496355836148064,"lat":48.893651949681285},"idcar_200m":"CRS3035RES200mN2892400E3771600","i_est_200":0,"idcar_1km":"CRS3035RES1000mN2892000E3771000","i_est_1km":0,"idcar_nat":"CRS3035RES200mN2892400E3771600","groupe":874271,"pop_carr":407.0,"men_1ind":46.0,"men_5ind":19.0,"men_prop":110.0,"men_fmp":13.0,"ind_snv":8481861.7,"men_surf":10071.0,"men_coll":67.0,"men_mais":90.0,"log_av45":100.0,"log_45_70":35.0,"log_70_90":8.0,"log_ap_90":13.0,"log_inc":1.0,"log_soc":8.0,"ind_0_3":32.0,"ind_4_5":19.0,"ind_6_10":22.0,"ind_11_17":34.0,"ind_18_24":21.0,"ind_25_39":98.0,"ind_40_54":67.0,"ind_55_64":52.0,"ind_65_79":45.0,"ind_80p":17.0,"ind_inc":0.0,"men_pauv":39.0,"men":157.0,"lcog_geo":"93010","year":"2017","com_arm_code":["93010"],"com_code":["93010"],"com_arm_name":["Bondy"],"com_name":["Bondy"],"epci_name":["M\u00e9tropole du Grand Paris"],"epci_code":["200054781"],"dep_name":["Seine-Saint-Denis"],"dep_code":["93"],"reg_name":["\u00cele-de-France"],"reg_code":["11"]}},{"type":"Feature","geometry":{"coordinates":[[[2.474765668749305,48.90032451189262],[2.474492951981687,48.90211271859681],[2.477208524071574,48.902296228086406],[2.477481144187447,48.90050801374895],[2.474765668749305,48.90032451189262]]],"type":"Polygon"},"properties":{"geo_point_2d":{"lon":2.475987071575388,"lat":48.901310373403525},"idcar_200m":"CRS3035RES200mN2893400E3770200","i_est_200":0,"idcar_1km":"CRS3035RES1000mN2893000E3770000","i_est_1km":0,"idcar_nat":"CRS3035RES200mN2893400E3770200","groupe":874282,"pop_carr":264.0,"men_1ind":24.0,"men_5ind":8.0,"men_prop":72.0,"men_fmp":8.0,"ind_snv":6183073.3,"men_surf":7645.0,"men_coll":51.0,"men_mais":50.0,"log_av45":73.0,"log_45_70":5.0,"log_70_90":16.0,"log_ap_90":7.0,"log_inc":0.0,"log_soc":0.0,"ind_0_3":15.0,"ind_4_5":6.0,"ind_6_10":18.0,"ind_11_17":19.0,"ind_18_24":18.0,"ind_25_39":57.0,"ind_40_54":55.0,"ind_55_64":31.0,"ind_65_79":30.0,"ind_80p":14.0,"ind_inc":1.0,"men_pauv":19.0,"men":101.0,"lcog_geo":"93010","year":"2017","com_arm_code":["93010"],"com_code":["93010"],"com_arm_name":["Bondy"],"com_name":["Bondy"],"epci_name":["M\u00e9tropole du Grand Paris"],"epci_code":["200054781"],"dep_name":["Seine-Saint-Denis"],"dep_code":["93"],"reg_name":["\u00cele-de-France"],"reg_code":["11"]}},{"type":"Feature","geometry":{"coordinates":[[[2.484538210937819,48.908211059130366],[2.484265781455935,48.90999928754502],[2.486981813606079,48.91018256361162],[2.487254146391583,48.908394327571536],[2.484538210937819,48.908211059130366]]],"type":"Polygon"},"properties":{"geo_point_2d":{"lon":2.485759987426205,"lat":48.90919681478853},"idcar_200m":"CRS3035RES200mN2894200E3771000","i_est_200":0,"idcar_1km":"CRS3035RES1000mN2894000E3771000","i_est_1km":0,"idcar_nat":"CRS3035RES1000mN2894000E3771000","groupe":877900,"pop_carr":353.0,"men_1ind":24.0,"men_5ind":24.0,"men_prop":11.0,"men_fmp":23.0,"ind_snv":5363011.4,"men_surf":6137.0,"men_coll":94.0,"men_mais":10.0,"log_av45":13.0,"log_45_70":78.0,"log_70_90":4.0,"log_ap_90":9.0,"log_inc":0.0,"log_soc":83.0,"ind_0_3":24.0,"ind_4_5":14.0,"ind_6_10":38.0,"ind_11_17":38.0,"ind_18_24":19.0,"ind_25_39":86.0,"ind_40_54":72.0,"ind_55_64":24.0,"ind_65_79":19.0,"ind_80p":5.0,"ind_inc":14.0,"men_pauv":36.0,"men":104.0,"lcog_geo":"93010","year":"2017","com_arm_code":["93010"],"com_code":["93010"],"com_arm_name":["Bondy"],"com_name":["Bondy"],"epci_name":["M\u00e9tropole du Grand Paris"],"epci_code":["200054781"],"dep_name":["Seine-Saint-Denis"],"dep_code":["93"],"reg_name":["\u00cele-de-France"],"reg_code":["11"]}},{"type":"Feature","geometry":{"coordinates":[[[2.476390514580292,48.907660857874426],[2.476117795024548,48.90944906339668],[2.478833772158832,48.90963253743683],[2.479106395025836,48.9078443242811],[2.476390514580292,48.907660857874426]]],"type":"Polygon"},"properties":{"geo_point_2d":{"lon":2.4776121185250783,"lat":48.908646701070815},"idcar_200m":"CRS3035RES200mN2894200E3770400","i_est_200":0,"idcar_1km":"CRS3035RES1000mN2894000E3770000","i_est_1km":0,"idcar_nat":"CRS3035RES1000mN2894000E3770000","groupe":877961,"pop_carr":180.0,"men_1ind":10.0,"men_5ind":14.0,"men_prop":53.0,"men_fmp":7.0,"ind_snv":3434876.4,"men_surf":3715.0,"men_coll":0.0,"men_mais":59.0,"log_av45":2.0,"log_45_70":57.0,"log_70_90":0.0,"log_ap_90":0.0,"log_inc":0.0,"log_soc":0.0,"ind_0_3":2.0,"ind_4_5":3.0,"ind_6_10":9.0,"ind_11_17":26.0,"ind_18_24":14.0,"ind_25_39":24.0,"ind_40_54":42.0,"ind_55_64":21.0,"ind_65_79":19.0,"ind_80p":20.0,"ind_inc":0.0,"men_pauv":13.0,"men":59.0,"lcog_geo":"93010","year":"2017","com_arm_code":["93010"],"com_code":["93010"],"com_arm_name":["Bondy"],"com_name":["Bondy"],"epci_name":["M\u00e9tropole du Grand Paris"],"epci_code":["200054781"],"dep_name":["Seine-Saint-Denis"],"dep_code":["93"],"reg_name":["\u00cele-de-France"],"reg_code":["11"]}},{"type":"Feature","geometry":{"coordinates":[[[2.472323000203768,48.89835274278637],[2.472050211656059,48.90014094406066],[2.474765668749305,48.90032451189262],[2.47503836065642,48.89853630298312],[2.472323000203768,48.89835274278637]]],"type":"Polygon"},"properties":{"geo_point_2d":{"lon":2.4735443096441547,"lat":48.899338630752624},"idcar_200m":"CRS3035RES200mN2893200E3770000","i_est_200":0,"idcar_1km":"CRS3035RES1000mN2893000E3770000","i_est_1km":0,"idcar_nat":"CRS3035RES200mN2893200E3770000","groupe":874285,"pop_carr":364.0,"men_1ind":38.0,"men_5ind":17.0,"men_prop":88.0,"men_fmp":21.0,"ind_snv":7098334.9,"men_surf":8456.0,"men_coll":80.0,"men_mais":51.0,"log_av45":55.0,"log_45_70":49.0,"log_70_90":4.0,"log_ap_90":23.0,"log_inc":0.0,"log_soc":0.0,"ind_0_3":24.0,"ind_4_5":10.0,"ind_6_10":35.0,"ind_11_17":33.0,"ind_18_24":23.0,"ind_25_39":86.0,"ind_40_54":82.0,"ind_55_64":29.0,"ind_65_79":28.0,"ind_80p":13.0,"ind_inc":1.0,"men_pauv":25.0,"men":131.0,"lcog_geo":"9301093053","year":"2017","com_arm_code":["93010"],"com_code":["93010"],"com_arm_name":["Bondy"],"com_name":["Bondy"],"epci_name":["M\u00e9tropole du Grand Paris"],"epci_code":["200054781"],"dep_name":["Seine-Saint-Denis"],"dep_code":["93"],"reg_name":["\u00cele-de-France"],"reg_code":["11"]}},{"type":"Feature","geometry":{"coordinates":[[[2.482912150073075,48.90087481953172],[2.482639723268339,48.90266304912775],[2.485355350362546,48.902846360678076],[2.485627680507894,48.901058123456764],[2.482912150073075,48.90087481953172]]],"type":"Polygon"},"properties":{"geo_point_2d":{"lon":2.4841337253815037,"lat":48.90186059352124},"idcar_200m":"CRS3035RES200mN2893400E3770800","i_est_200":0,"idcar_1km":"CRS3035RES1000mN2893000E3770000","i_est_1km":0,"idcar_nat":"CRS3035RES200mN2893400E3770800","groupe":874289,"pop_carr":499.5,"men_1ind":66.0,"men_5ind":18.0,"men_prop":149.0,"men_fmp":22.0,"ind_snv":10048445.3,"men_surf":12727.0,"men_coll":204.0,"men_mais":0.0,"log_av45":0.0,"log_45_70":26.0,"log_70_90":75.0,"log_ap_90":103.0,"log_inc":0.0,"log_soc":0.0,"ind_0_3":35.0,"ind_4_5":23.0,"ind_6_10":26.0,"ind_11_17":37.5,"ind_18_24":38.0,"ind_25_39":127.0,"ind_40_54":98.0,"ind_55_64":43.0,"ind_65_79":54.0,"ind_80p":14.0,"ind_inc":4.0,"men_pauv":36.0,"men":204.0,"lcog_geo":"93010","year":"2017","com_arm_code":["93010"],"com_code":["93010"],"com_arm_name":["Bondy"],"com_name":["Bondy"],"epci_name":["M\u00e9tropole du Grand Paris"],"epci_code":["200054781"],"dep_name":["Seine-Saint-Denis"],"dep_code":["93"],"reg_name":["\u00cele-de-France"],"reg_code":["11"]}},{"type":"Feature","geometry":{"coordinates":[[[2.485090670733145,48.88656890342265],[2.484818442515622,48.888357150652936],[2.487533296575742,48.888540401221135],[2.487805428202725,48.88675214637127],[2.485090670733145,48.88656890342265]]],"type":"Polygon"},"properties":{"geo_point_2d":{"lon":2.486311958836153,"lat":48.887554655737425},"idcar_200m":"CRS3035RES200mN2891800E3770800","i_est_200":0,"idcar_1km":"CRS3035RES1000mN2891000E3770000","i_est_1km":0,"idcar_nat":"CRS3035RES1000mN2891000E3770000","groupe":870602,"pop_carr":336.0,"men_1ind":32.0,"men_5ind":25.0,"men_prop":1.0,"men_fmp":28.0,"ind_snv":5249503.0,"men_surf":8597.0,"men_coll":109.0,"men_mais":1.0,"log_av45":0.0,"log_45_70":109.0,"log_70_90":1.0,"log_ap_90":0.0,"log_inc":0.0,"log_soc":109.0,"ind_0_3":20.0,"ind_4_5":9.0,"ind_6_10":38.0,"ind_11_17":49.0,"ind_18_24":26.0,"ind_25_39":63.0,"ind_40_54":53.0,"ind_55_64":49.0,"ind_65_79":22.0,"ind_80p":6.0,"ind_inc":1.0,"men_pauv":34.0,"men":110.0,"lcog_geo":"930109306493077","year":"2017","com_arm_code":["93010"],"com_code":["93010"],"com_arm_name":["Bondy"],"com_name":["Bondy"],"epci_name":["M\u00e9tropole du Grand Paris"],"epci_code":["200054781"],"dep_name":["Seine-Saint-Denis"],"dep_code":["93"],"reg_name":["\u00cele-de-France"],"reg_code":["11"]}},{"type":"Feature","geometry":{"coordinates":[[[2.477208524071574,48.902296228086406],[2.476935879100577,48.90408444021961],[2.47965156619448,48.9042678913615],[2.479924114502571,48.902479671596964],[2.477208524071574,48.902296228086406]]],"type":"Polygon"},"properties":{"geo_point_2d":{"lon":2.4784300202953045,"lat":48.90328206313884},"idcar_200m":"CRS3035RES200mN2893600E3770400","i_est_200":0,"idcar_1km":"CRS3035RES1000mN2893000E3770000","i_est_1km":0,"idcar_nat":"CRS3035RES200mN2893600E3770400","groupe":874302,"pop_carr":1618.5,"men_1ind":263.0,"men_5ind":80.0,"men_prop":226.0,"men_fmp":111.0,"ind_snv":29013145.0,"men_surf":36588.0,"men_coll":641.0,"men_mais":14.0,"log_av45":71.0,"log_45_70":111.0,"log_70_90":26.0,"log_ap_90":447.0,"log_inc":0.0,"log_soc":263.0,"ind_0_3":137.0,"ind_4_5":65.0,"ind_6_10":155.0,"ind_11_17":151.5,"ind_18_24":103.0,"ind_25_39":419.0,"ind_40_54":349.0,"ind_55_64":128.0,"ind_65_79":81.0,"ind_80p":26.0,"ind_inc":4.0,"men_pauv":141.0,"men":655.0,"lcog_geo":"93010","year":"2017","com_arm_code":["93010"],"com_code":["93010"],"com_arm_name":["Bondy"],"com_name":["Bondy"],"epci_name":["M\u00e9tropole du Grand Paris"],"epci_code":["200054781"],"dep_name":["Seine-Saint-Denis"],"dep_code":["93"],"reg_name":["\u00cele-de-France"],"reg_code":["11"]}},{"type":"Feature","geometry":{"coordinates":[[[2.473686570018563,48.88941170331351],[2.473413905768013,48.89119991562268],[2.476128879744338,48.8913834452856],[2.476401447397315,48.88959522534472],[2.473686570018563,48.88941170331351]]],"type":"Polygon"},"properties":{"geo_point_2d":{"lon":2.474907700060336,"lat":48.890397577712164},"idcar_200m":"CRS3035RES200mN2892200E3770000","i_est_200":1,"idcar_1km":"CRS3035RES1000mN2892000E3770000","i_est_1km":0,"idcar_nat":"CRS3035RES1000mN2892000E3770000","groupe":874204,"pop_carr":6.0,"men_1ind":0.5,"men_5ind":0.7,"men_prop":1.7,"men_fmp":0.1,"ind_snv":117585.0,"men_surf":141.7,"men_coll":0.3,"men_mais":1.6,"log_av45":0.7,"log_45_70":0.9,"log_70_90":0.0,"log_ap_90":0.3,"log_inc":0.0,"log_soc":0.0,"ind_0_3":0.4,"ind_4_5":0.2,"ind_6_10":0.9,"ind_11_17":0.9,"ind_18_24":0.3,"ind_25_39":0.9,"ind_40_54":1.5,"ind_55_64":0.2,"ind_65_79":0.5,"ind_80p":0.2,"ind_inc":0.0,"men_pauv":0.3,"men":1.9,"lcog_geo":"93010","year":"2017","com_arm_code":["93010"],"com_code":["93010"],"com_arm_name":["Bondy"],"com_name":["Bondy"],"epci_name":["M\u00e9tropole du Grand Paris"],"epci_code":["200054781"],"dep_name":["Seine-Saint-Denis"],"dep_code":["93"],"reg_name":["\u00cele-de-France"],"reg_code":["11"]}},{"type":"Feature","geometry":{"coordinates":[[[2.488881006859716,48.91573049147879],[2.488608671453917,48.91751872634583],[2.491325127141641,48.91770190091397],[2.491597365811501,48.91591365842399],[2.488881006859716,48.91573049147879]]],"type":"Polygon"},"properties":{"geo_point_2d":{"lon":2.490103042145077,"lat":48.91671619961589},"idcar_200m":"CRS3035RES200mN2895000E3771400","i_est_200":1,"idcar_1km":"CRS3035RES1000mN2895000E3771000","i_est_1km":0,"idcar_nat":"CRS3035RES1000mN2895000E3771000","groupe":877907,"pop_carr":10.0,"men_1ind":0.4,"men_5ind":0.4,"men_prop":2.6,"men_fmp":0.2,"ind_snv":240252.9,"men_surf":293.0,"men_coll":0.3,"men_mais":3.2,"log_av45":0.2,"log_45_70":0.5,"log_70_90":2.5,"log_ap_90":0.3,"log_inc":0.0,"log_soc":0.0,"ind_0_3":0.4,"ind_4_5":0.1,"ind_6_10":0.7,"ind_11_17":0.5,"ind_18_24":0.7,"ind_25_39":1.9,"ind_40_54":1.3,"ind_55_64":3.3,"ind_65_79":1.0,"ind_80p":0.1,"ind_inc":0.0,"men_pauv":0.5,"men":3.5,"lcog_geo":"9301093005","year":"2017","com_arm_code":["93010"],"com_code":["93010"],"com_arm_name":["Bondy"],"com_name":["Bondy"],"epci_name":["M\u00e9tropole du Grand Paris"],"epci_code":["200054781"],"dep_name":["Seine-Saint-Denis"],"dep_code":["93"],"reg_name":["\u00cele-de-France"],"reg_code":["11"]}},{"type":"Feature","geometry":{"coordinates":[[[2.482639723268339,48.90266304912775],[2.482367271625701,48.90445127652096],[2.485082995387899,48.90463459569724],[2.485355350362546,48.902846360678076],[2.482639723268339,48.90266304912775]]],"type":"Polygon"},"properties":{"geo_point_2d":{"lon":2.4838613344895566,"lat":48.90364882582896},"idcar_200m":"CRS3035RES200mN2893600E3770800","i_est_200":0,"idcar_1km":"CRS3035RES1000mN2893000E3770000","i_est_1km":0,"idcar_nat":"CRS3035RES200mN2893600E3770800","groupe":874295,"pop_carr":608.0,"men_1ind":80.0,"men_5ind":38.0,"men_prop":51.0,"men_fmp":31.0,"ind_snv":9179075.4,"men_surf":12056.0,"men_coll":214.0,"men_mais":12.0,"log_av45":10.0,"log_45_70":168.0,"log_70_90":0.0,"log_ap_90":48.0,"log_inc":0.0,"log_soc":136.0,"ind_0_3":45.5,"ind_4_5":22.5,"ind_6_10":56.5,"ind_11_17":69.5,"ind_18_24":44.0,"ind_25_39":141.0,"ind_40_54":110.0,"ind_55_64":70.0,"ind_65_79":30.0,"ind_80p":17.0,"ind_inc":2.0,"men_pauv":70.0,"men":226.0,"lcog_geo":"93010","year":"2017","com_arm_code":["93010"],"com_code":["93010"],"com_arm_name":["Bondy"],"com_name":["Bondy"],"epci_name":["M\u00e9tropole du Grand Paris"],"epci_code":["200054781"],"dep_name":["Seine-Saint-Denis"],"dep_code":["93"],"reg_name":["\u00cele-de-France"],"reg_code":["11"]}},{"type":"Feature","geometry":{"coordinates":[[[2.478571376164195,48.89335513434983],[2.478298855436567,48.89514335750763],[2.481014059302029,48.89532677050003],[2.481286483409786,48.89353853971449],[2.478571376164195,48.89335513434983]]],"type":"Polygon"},"properties":{"geo_point_2d":{"lon":2.4797926929066487,"lat":48.89434095583931},"idcar_200m":"CRS3035RES200mN2892600E3770400","i_est_200":0,"idcar_1km":"CRS3035RES1000mN2892000E3770000","i_est_1km":0,"idcar_nat":"CRS3035RES1000mN2892000E3770000","groupe":874214,"pop_carr":278.0,"men_1ind":20.0,"men_5ind":14.0,"men_prop":33.0,"men_fmp":11.0,"ind_snv":5526377.1,"men_surf":6052.0,"men_coll":67.0,"men_mais":23.0,"log_av45":43.0,"log_45_70":22.0,"log_70_90":0.0,"log_ap_90":25.0,"log_inc":0.0,"log_soc":37.0,"ind_0_3":36.0,"ind_4_5":14.0,"ind_6_10":28.0,"ind_11_17":20.0,"ind_18_24":18.0,"ind_25_39":78.0,"ind_40_54":46.0,"ind_55_64":18.0,"ind_65_79":16.0,"ind_80p":3.0,"ind_inc":1.0,"men_pauv":20.0,"men":90.0,"lcog_geo":"93010","year":"2017","com_arm_code":["93010"],"com_code":["93010"],"com_arm_name":["Bondy"],"com_name":["Bondy"],"epci_name":["M\u00e9tropole du Grand Paris"],"epci_code":["200054781"],"dep_name":["Seine-Saint-Denis"],"dep_code":["93"],"reg_name":["\u00cele-de-France"],"reg_code":["11"]}},{"type":"Feature","geometry":{"coordinates":[[[2.492419108356224,48.89248323802982],[2.492147095549336,48.894271501501926],[2.494862294341866,48.89445457702744],[2.49513421052478,48.89266630594167],[2.492419108356224,48.89248323802982]]],"type":"Polygon"},"properties":{"geo_point_2d":{"lon":2.4936406765227415,"lat":48.89346891094682},"idcar_200m":"CRS3035RES200mN2892400E3771400","i_est_200":0,"idcar_1km":"CRS3035RES1000mN2892000E3771000","i_est_1km":0,"idcar_nat":"CRS3035RES200mN2892400E3771400","groupe":874274,"pop_carr":628.0,"men_1ind":57.0,"men_5ind":39.0,"men_prop":134.0,"men_fmp":16.0,"ind_snv":13429946.0,"men_surf":14561.0,"men_coll":113.0,"men_mais":98.0,"log_av45":80.0,"log_45_70":11.0,"log_70_90":6.0,"log_ap_90":114.0,"log_inc":0.0,"log_soc":44.0,"ind_0_3":56.0,"ind_4_5":32.5,"ind_6_10":47.0,"ind_11_17":52.5,"ind_18_24":43.0,"ind_25_39":153.0,"ind_40_54":127.0,"ind_55_64":54.0,"ind_65_79":50.0,"ind_80p":11.0,"ind_inc":2.0,"men_pauv":24.0,"men":211.0,"lcog_geo":"93010","year":"2017","com_arm_code":["93010"],"com_code":["93010"],"com_arm_name":["Bondy"],"com_name":["Bondy"],"epci_name":["M\u00e9tropole du Grand Paris"],"epci_code":["200054781"],"dep_name":["Seine-Saint-Denis"],"dep_code":["93"],"reg_name":["\u00cele-de-France"],"reg_code":["11"]}},{"type":"Feature","geometry":{"coordinates":[[[2.489704024481851,48.89230010415142],[2.489431915053534,48.89408836000717],[2.492147095549336,48.894271501501926],[2.492419108356224,48.89248323802982],[2.489704024481851,48.89230010415142]]],"type":"Polygon"},"properties":{"geo_point_2d":{"lon":2.490925535189711,"lat":48.89328580624407},"idcar_200m":"CRS3035RES200mN2892400E3771200","i_est_200":0,"idcar_1km":"CRS3035RES1000mN2892000E3771000","i_est_1km":0,"idcar_nat":"CRS3035RES200mN2892400E3771200","groupe":874267,"pop_carr":538.0,"men_1ind":11.0,"men_5ind":43.0,"men_prop":125.0,"men_fmp":12.0,"ind_snv":10662979.4,"men_surf":11374.0,"men_coll":17.0,"men_mais":124.0,"log_av45":3.0,"log_45_70":0.0,"log_70_90":1.0,"log_ap_90":137.0,"log_inc":0.0,"log_soc":0.0,"ind_0_3":42.0,"ind_4_5":17.0,"ind_6_10":52.0,"ind_11_17":76.0,"ind_18_24":45.0,"ind_25_39":99.0,"ind_40_54":132.0,"ind_55_64":51.0,"ind_65_79":21.0,"ind_80p":3.0,"ind_inc":0.0,"men_pauv":34.0,"men":141.0,"lcog_geo":"93010","year":"2017","com_arm_code":["93010"],"com_code":["93010"],"com_arm_name":["Bondy"],"com_name":["Bondy"],"epci_name":["M\u00e9tropole du Grand Paris"],"epci_code":["200054781"],"dep_name":["Seine-Saint-Denis"],"dep_code":["93"],"reg_name":["\u00cele-de-France"],"reg_code":["11"]}},{"type":"Feature","geometry":{"coordinates":[[[2.473141216664487,48.89298812572425],[2.472868502704753,48.89477633361851],[2.475583669902032,48.89495987854688],[2.475856287246986,48.89317166301951],[2.473141216664487,48.89298812572425]]],"type":"Polygon"},"properties":{"geo_point_2d":{"lon":2.4743624184576385,"lat":48.89397400554838},"idcar_200m":"CRS3035RES200mN2892600E3770000","i_est_200":0,"idcar_1km":"CRS3035RES1000mN2892000E3770000","i_est_1km":0,"idcar_nat":"CRS3035RES1000mN2892000E3770000","groupe":874210,"pop_carr":148.0,"men_1ind":22.0,"men_5ind":7.0,"men_prop":50.0,"men_fmp":6.0,"ind_snv":3139405.0,"men_surf":4268.0,"men_coll":43.0,"men_mais":23.0,"log_av45":25.0,"log_45_70":26.0,"log_70_90":9.0,"log_ap_90":6.0,"log_inc":0.0,"log_soc":0.0,"ind_0_3":9.0,"ind_4_5":2.0,"ind_6_10":8.0,"ind_11_17":6.0,"ind_18_24":10.0,"ind_25_39":31.0,"ind_40_54":34.0,"ind_55_64":18.0,"ind_65_79":23.0,"ind_80p":7.0,"ind_inc":0.0,"men_pauv":9.0,"men":66.0,"lcog_geo":"9301093053","year":"2017","com_arm_code":["93010"],"com_code":["93010"],"com_arm_name":["Bondy"],"com_name":["Bondy"],"epci_name":["M\u00e9tropole du Grand Paris"],"epci_code":["200054781"],"dep_name":["Seine-Saint-Denis"],"dep_code":["93"],"reg_name":["\u00cele-de-France"],"reg_code":["11"]}},{"type":"Feature","geometry":{"coordinates":[[[2.478026309866717,48.89693157845985],[2.47775373945142,48.89871979720687],[2.480469136582431,48.898903225456884],[2.480741610360651,48.897114999080756],[2.478026309866717,48.89693157845985]]],"type":"Polygon"},"properties":{"geo_point_2d":{"lon":2.4792476983936007,"lat":48.897917405372965},"idcar_200m":"CRS3035RES200mN2893000E3770400","i_est_200":0,"idcar_1km":"CRS3035RES1000mN2893000E3770000","i_est_1km":0,"idcar_nat":"CRS3035RES200mN2893000E3770400","groupe":874296,"pop_carr":559.5,"men_1ind":80.0,"men_5ind":21.0,"men_prop":69.0,"men_fmp":45.0,"ind_snv":9995880.5,"men_surf":12104.0,"men_coll":175.0,"men_mais":59.0,"log_av45":187.0,"log_45_70":26.0,"log_70_90":0.0,"log_ap_90":21.0,"log_inc":0.0,"log_soc":99.0,"ind_0_3":44.0,"ind_4_5":16.0,"ind_6_10":45.5,"ind_11_17":48.0,"ind_18_24":30.0,"ind_25_39":126.0,"ind_40_54":120.0,"ind_55_64":62.0,"ind_65_79":46.0,"ind_80p":20.0,"ind_inc":2.0,"men_pauv":61.0,"men":234.0,"lcog_geo":"93010","year":"2017","com_arm_code":["93010"],"com_code":["93010"],"com_arm_name":["Bondy"],"com_name":["Bondy"],"epci_name":["M\u00e9tropole du Grand Paris"],"epci_code":["200054781"],"dep_name":["Seine-Saint-Denis"],"dep_code":["93"],"reg_name":["\u00cele-de-France"],"reg_code":["11"]}},{"type":"Feature","geometry":{"coordinates":[[[2.495677968541379,48.88908975716406],[2.495406101923546,48.89087803265395],[2.498121125762047,48.891061026988226],[2.498392895770583,48.88927274388877],[2.495677968541379,48.88908975716406]]],"type":"Polygon"},"properties":{"geo_point_2d":{"lon":2.496899522329496,"lat":48.89007539549491},"idcar_200m":"CRS3035RES200mN2892000E3771600","i_est_200":0,"idcar_1km":"CRS3035RES1000mN2892000E3771000","i_est_1km":0,"idcar_nat":"CRS3035RES200mN2892000E3771600","groupe":874266,"pop_carr":362.0,"men_1ind":45.0,"men_5ind":17.0,"men_prop":92.0,"men_fmp":14.0,"ind_snv":7792389.1,"men_surf":9999.0,"men_coll":66.0,"men_mais":73.0,"log_av45":72.0,"log_45_70":50.0,"log_70_90":10.0,"log_ap_90":7.0,"log_inc":0.0,"log_soc":0.0,"ind_0_3":25.0,"ind_4_5":14.0,"ind_6_10":24.0,"ind_11_17":31.0,"ind_18_24":24.0,"ind_25_39":86.0,"ind_40_54":73.0,"ind_55_64":36.0,"ind_65_79":30.0,"ind_80p":19.0,"ind_inc":0.0,"men_pauv":19.0,"men":139.0,"lcog_geo":"9301093077","year":"2017","com_arm_code":["93010"],"com_code":["93010"],"com_arm_name":["Bondy"],"com_name":["Bondy"],"epci_name":["M\u00e9tropole du Grand Paris"],"epci_code":["200054781"],"dep_name":["Seine-Saint-Denis"],"dep_code":["93"],"reg_name":["\u00cele-de-France"],"reg_code":["11"]}},{"type":"Feature","geometry":{"coordinates":[[[2.475026668088871,48.91660186345874],[2.474753824160625,48.91839005796909],[2.477470284867837,48.91857357018737],[2.477743032064262,48.916785368039946],[2.475026668088871,48.91660186345874]]],"type":"Polygon"},"properties":{"geo_point_2d":{"lon":2.4762484516225998,"lat":48.91758772023875},"idcar_200m":"CRS3035RES200mN2895200E3770400","i_est_200":0,"idcar_1km":"CRS3035RES1000mN2895000E3770000","i_est_1km":0,"idcar_nat":"CRS3035RES200mN2895200E3770400","groupe":877939,"pop_carr":248.5,"men_1ind":6.0,"men_5ind":18.0,"men_prop":60.0,"men_fmp":9.0,"ind_snv":4382515.7,"men_surf":6145.0,"men_coll":7.0,"men_mais":67.0,"log_av45":14.0,"log_45_70":16.0,"log_70_90":39.0,"log_ap_90":5.0,"log_inc":0.0,"log_soc":0.0,"ind_0_3":13.0,"ind_4_5":12.0,"ind_6_10":8.5,"ind_11_17":28.0,"ind_18_24":20.0,"ind_25_39":48.0,"ind_40_54":44.0,"ind_55_64":41.0,"ind_65_79":31.0,"ind_80p":3.0,"ind_inc":0.0,"men_pauv":19.0,"men":74.0,"lcog_geo":"9301093029","year":"2017","com_arm_code":["93010"],"com_code":["93010"],"com_arm_name":["Bondy"],"com_name":["Bondy"],"epci_name":["M\u00e9tropole du Grand Paris"],"epci_code":["200054781"],"dep_name":["Seine-Saint-Denis"],"dep_code":["93"],"reg_name":["\u00cele-de-France"],"reg_code":["11"]}},{"type":"Feature","geometry":{"coordinates":[[[2.475311027706255,48.896748091867956],[2.47503836065642,48.89853630298312],[2.47775373945142,48.89871979720687],[2.478026309866717,48.89693157845985],[2.475311027706255,48.896748091867956]]],"type":"Polygon"},"properties":{"geo_point_2d":{"lon":2.4765323587482917,"lat":48.897733947951224},"idcar_200m":"CRS3035RES200mN2893000E3770200","i_est_200":0,"idcar_1km":"CRS3035RES1000mN2893000E3770000","i_est_1km":0,"idcar_nat":"CRS3035RES200mN2893000E3770200","groupe":874294,"pop_carr":524.5,"men_1ind":83.0,"men_5ind":16.0,"men_prop":134.0,"men_fmp":27.0,"ind_snv":10863715.5,"men_surf":13184.0,"men_coll":162.0,"men_mais":58.0,"log_av45":74.0,"log_45_70":43.0,"log_70_90":19.0,"log_ap_90":84.0,"log_inc":0.0,"log_soc":0.0,"ind_0_3":46.0,"ind_4_5":15.5,"ind_6_10":33.0,"ind_11_17":37.5,"ind_18_24":27.5,"ind_25_39":147.0,"ind_40_54":103.0,"ind_55_64":58.0,"ind_65_79":43.0,"ind_80p":14.0,"ind_inc":0.0,"men_pauv":41.0,"men":220.0,"lcog_geo":"93010","year":"2017","com_arm_code":["93010"],"com_code":["93010"],"com_arm_name":["Bondy"],"com_name":["Bondy"],"epci_name":["M\u00e9tropole du Grand Paris"],"epci_code":["200054781"],"dep_name":["Seine-Saint-Denis"],"dep_code":["93"],"reg_name":["\u00cele-de-France"],"reg_code":["11"]}},{"type":"Feature","geometry":{"coordinates":[[[2.49431838761072,48.89803111259455],[2.494046397056053,48.899819377076504],[2.496761904070147,48.900002409469295],[2.497033797972484,48.8982141373742],[2.49431838761072,48.89803111259455]]],"type":"Polygon"},"properties":{"geo_point_2d":{"lon":2.4955401210069583,"lat":48.89901676445119},"idcar_200m":"CRS3035RES200mN2893000E3771600","i_est_200":0,"idcar_1km":"CRS3035RES1000mN2893000E3771000","i_est_1km":0,"idcar_nat":"CRS3035RES1000mN2893000E3771000","groupe":874239,"pop_carr":344.5,"men_1ind":27.0,"men_5ind":23.0,"men_prop":79.0,"men_fmp":10.0,"ind_snv":6857815.0,"men_surf":8543.0,"men_coll":19.0,"men_mais":88.0,"log_av45":55.0,"log_45_70":24.0,"log_70_90":21.0,"log_ap_90":7.0,"log_inc":0.0,"log_soc":0.0,"ind_0_3":17.0,"ind_4_5":19.5,"ind_6_10":30.0,"ind_11_17":41.0,"ind_18_24":29.0,"ind_25_39":68.0,"ind_40_54":73.0,"ind_55_64":34.0,"ind_65_79":22.0,"ind_80p":11.0,"ind_inc":0.0,"men_pauv":25.0,"men":107.0,"lcog_geo":"9301093057","year":"2017","com_arm_code":["93010"],"com_code":["93010"],"com_arm_name":["Bondy"],"com_name":["Bondy"],"epci_name":["M\u00e9tropole du Grand Paris"],"epci_code":["200054781"],"dep_name":["Seine-Saint-Denis"],"dep_code":["93"],"reg_name":["\u00cele-de-France"],"reg_code":["11"]}},{"type":"Feature","geometry":{"coordinates":[[[2.490242311433577,48.90678928416008],[2.489970100168741,48.908577530022725],[2.49268607226296,48.908760666483246],[2.492958186834947,48.90697241300128],[2.490242311433577,48.90678928416008]]],"type":"Polygon"},"properties":{"geo_point_2d":{"lon":2.491464167003936,"lat":48.90777497874067},"idcar_200m":"CRS3035RES200mN2894000E3771400","i_est_200":0,"idcar_1km":"CRS3035RES1000mN2894000E3771000","i_est_1km":0,"idcar_nat":"CRS3035RES1000mN2894000E3771000","groupe":877905,"pop_carr":844.0,"men_1ind":43.0,"men_5ind":70.0,"men_prop":106.0,"men_fmp":30.0,"ind_snv":13462179.7,"men_surf":16419.0,"men_coll":205.0,"men_mais":38.0,"log_av45":16.0,"log_45_70":150.0,"log_70_90":21.0,"log_ap_90":56.0,"log_inc":0.0,"log_soc":76.0,"ind_0_3":63.0,"ind_4_5":32.0,"ind_6_10":84.5,"ind_11_17":92.5,"ind_18_24":66.0,"ind_25_39":188.0,"ind_40_54":166.0,"ind_55_64":99.0,"ind_65_79":44.0,"ind_80p":9.0,"ind_inc":0.0,"men_pauv":79.0,"men":243.0,"lcog_geo":"9301093057","year":"2017","com_arm_code":["93010"],"com_code":["93010"],"com_arm_name":["Bondy"],"com_name":["Bondy"],"epci_name":["M\u00e9tropole du Grand Paris"],"epci_code":["200054781"],"dep_name":["Seine-Saint-Denis"],"dep_code":["93"],"reg_name":["\u00cele-de-France"],"reg_code":["11"]}},{"type":"Feature","geometry":{"coordinates":[[[2.47557228130571,48.913025467832455],[2.475299487136153,48.914813666746625],[2.478015754388345,48.91499716369152],[2.478288451843314,48.91320895714171],[2.47557228130571,48.913025467832455]]],"type":"Polygon"},"properties":{"geo_point_2d":{"lon":2.4767939929957823,"lat":48.914011319177476},"idcar_200m":"CRS3035RES200mN2894800E3770400","i_est_200":0,"idcar_1km":"CRS3035RES1000mN2894000E3770000","i_est_1km":0,"idcar_nat":"CRS3035RES1000mN2894000E3770000","groupe":877967,"pop_carr":339.0,"men_1ind":35.0,"men_5ind":19.0,"men_prop":20.0,"men_fmp":22.0,"ind_snv":4866093.4,"men_surf":6953.0,"men_coll":95.0,"men_mais":22.0,"log_av45":8.0,"log_45_70":99.0,"log_70_90":7.0,"log_ap_90":3.0,"log_inc":0.0,"log_soc":95.0,"ind_0_3":26.0,"ind_4_5":8.0,"ind_6_10":24.0,"ind_11_17":38.0,"ind_18_24":24.0,"ind_25_39":66.0,"ind_40_54":68.0,"ind_55_64":43.0,"ind_65_79":36.0,"ind_80p":6.0,"ind_inc":0.0,"men_pauv":49.0,"men":117.0,"lcog_geo":"9301093008","year":"2017","com_arm_code":["93010"],"com_code":["93010"],"com_arm_name":["Bondy"],"com_name":["Bondy"],"epci_name":["M\u00e9tropole du Grand Paris"],"epci_code":["200054781"],"dep_name":["Seine-Saint-Denis"],"dep_code":["93"],"reg_name":["\u00cele-de-France"],"reg_code":["11"]}},{"type":"Feature","geometry":{"coordinates":[[[2.491602995544428,48.89784802183956],[2.491330908339966,48.89963627870574],[2.494046397056053,48.899819377076504],[2.49431838761072,48.89803111259455],[2.491602995544428,48.89784802183956]]],"type":"Polygon"},"properties":{"geo_point_2d":{"lon":2.492824671467176,"lat":48.89883370287653},"idcar_200m":"CRS3035RES200mN2893000E3771400","i_est_200":0,"idcar_1km":"CRS3035RES1000mN2893000E3771000","i_est_1km":0,"idcar_nat":"CRS3035RES1000mN2893000E3771000","groupe":874235,"pop_carr":288.5,"men_1ind":20.0,"men_5ind":22.0,"men_prop":79.0,"men_fmp":7.0,"ind_snv":5811769.5,"men_surf":8188.0,"men_coll":8.0,"men_mais":86.0,"log_av45":58.0,"log_45_70":21.0,"log_70_90":14.0,"log_ap_90":1.0,"log_inc":0.0,"log_soc":0.0,"ind_0_3":16.0,"ind_4_5":9.0,"ind_6_10":29.5,"ind_11_17":16.0,"ind_18_24":12.0,"ind_25_39":53.0,"ind_40_54":49.0,"ind_55_64":38.0,"ind_65_79":49.0,"ind_80p":15.0,"ind_inc":2.0,"men_pauv":19.0,"men":94.0,"lcog_geo":"93010","year":"2017","com_arm_code":["93010"],"com_code":["93010"],"com_arm_name":["Bondy"],"com_name":["Bondy"],"epci_name":["M\u00e9tropole du Grand Paris"],"epci_code":["200054781"],"dep_name":["Seine-Saint-Denis"],"dep_code":["93"],"reg_name":["\u00cele-de-France"],"reg_code":["11"]}}]}