{
  "type": "FeatureCollection",
  "generator": "overpass-turbo",
  "copyright": "The data included in this document is from www.openstreetmap.org. The data is made available under ODbL.",
  "timestamp": "2026-05-19T16:56:30Z",
  "features": [
    {
      "type": "Feature",
      "properties": {
        "@id": "relation/18156520",
        "access": "private",
        "amenity": "parking",
        "type": "multipolygon"
      },
      "geometry": {
        "type": "Polygon",
        "coordinates": [
          [
            [
              2.4766273,
              48.890833
            ],
            [
              2.4755297,
              48.8909619
            ],
            [
              2.4758571,
              48.8906841
            ],
            [
              2.4758854,
              48.8907705
            ],
            [
              2.4765909,
              48.8906895
            ],
            [
              2.4766273,
              48.890833
            ]
          ]
        ]
      },
      "id": "relation/18156520"
    },
    {
      "type": "Feature",
      "properties": {
        "@id": "relation/18156521",
        "access": "private",
        "amenity": "parking",
        "building": "parking",
        "source": "cadastre-dgi-fr source : Direction Générale des Impôts - Cadastre. Mise à jour : 2010",
        "start_date": "2013",
        "type": "multipolygon"
      },
      "geometry": {
        "type": "Polygon",
        "coordinates": [
          [
            [
              2.4756446,
              48.8912313
            ],
            [
              2.4756798,
              48.8913572
            ],
            [
              2.4758701,
              48.8913331
            ],
            [
              2.4758828,
              48.8913318
            ],
            [
              2.4759363,
              48.8913411
            ],
            [
              2.4759274,
              48.8913592
            ],
            [
              2.4759187,
              48.8913771
            ],
            [
              2.4759026,
              48.8913813
            ],
            [
              2.4759292,
              48.8914229
            ],
            [
              2.4753792,
              48.8915045
            ],
            [
              2.4753079,
              48.8914043
            ],
            [
              2.4753254,
              48.8912134
            ],
            [
              2.4756306,
              48.8911747
            ],
            [
              2.4756446,
              48.8912313
            ]
          ]
        ]
      },
      "id": "relation/18156521"
    },
    {
      "type": "Feature",
      "properties": {
        "@id": "relation/18156524",
        "access": "private",
        "amenity": "parking",
        "parking": "surface",
        "type": "multipolygon"
      },
      "geometry": {
        "type": "Polygon",
        "coordinates": [
          [
            [
              2.4771012,
              48.8917695
            ],
            [
              2.4768737,
              48.8918005
            ],
            [
              2.476804,
              48.8915471
            ],
            [
              2.4770274,
              48.8915148
            ],
            [
              2.4771012,
              48.8917695
            ]
          ]
        ]
      },
      "id": "relation/18156524"
    },
    {
      "type": "Feature",
      "properties": {
        "@id": "way/25416080",
        "amenity": "marketplace",
        "name": "Suzanne Buisson"
      },
      "geometry": {
        "type": "Polygon",
        "coordinates": [
          [
            [
              2.4815207,
              48.9143827
            ],
            [
              2.481452,
              48.9141909
            ],
            [
              2.4827223,
              48.9140386
            ],
            [
              2.482851,
              48.9140443
            ],
            [
              2.4830141,
              48.9142078
            ],
            [
              2.4815207,
              48.9143827
            ]
          ]
        ]
      },
      "id": "way/25416080"
    },
    {
      "type": "Feature",
      "properties": {
        "@id": "way/26130792",
        "addr:city": "Bondy",
        "addr:full": "6-8 avenue de Verdun 93140 Bondy",
        "addr:housenumber": "6-8",
        "amenity": "fire_station",
        "emergency:phone": "01 48 47 01 33",
        "name": "Centre de secours de Bondy",
        "official_name": "BONDY",
        "operator": "BSPP",
        "operator:wikidata": "Q583422",
        "phone": "+33 1 41 55 54 28",
        "ref": "BOND",
        "ref:FR:BSPP:CIE": "14",
        "ref:FR:BSPP:EM_GRPT": "0",
        "ref:FR:BSPP:GRPT": "1",
        "ref:FR:BSPP:PC_CIE": "0",
        "source:BSPP": "data.gouv.fr"
      },
      "geometry": {
        "type": "Polygon",
        "coordinates": [
          [
            [
              2.4899021,
              48.9052201
            ],
            [
              2.4898712,
              48.9051984
            ],
            [
              2.4898307,
              48.9051696
            ],
            [
              2.488971,
              48.9045599
            ],
            [
              2.4893388,
              48.9043378
            ],
            [
              2.4897828,
              48.9040633
            ],
            [
              2.4899216,
              48.9039764
            ],
            [
              2.4902123,
              48.9044444
            ],
            [
              2.4902227,
              48.9044613
            ],
            [
              2.4902418,
              48.9044925
            ],
            [
              2.4903117,
              48.9046044
            ],
            [
              2.4903571,
              48.9046768
            ],
            [
              2.4904445,
              48.9048165
            ],
            [
              2.4899021,
              48.9052201
            ]
          ]
        ]
      },
      "id": "way/26130792"
    },
    {
      "type": "Feature",
      "properties": {
        "@id": "way/35539361",
        "addr:city": "Bondy",
        "amenity": "school",
        "education": "school",
        "name": "Collège - Lycée Jean Renoir",
        "operator:type": "public",
        "school:FR": "secondaire",
        "wheelchair": "yes"
      },
      "geometry": {
        "type": "Polygon",
        "coordinates": [
          [
            [
              2.4732652,
              48.9041366
            ],
            [
              2.4732497,
              48.9038262
            ],
            [
              2.473241,
              48.9036492
            ],
            [
              2.4732388,
              48.9035602
            ],
            [
              2.4732541,
              48.9034849
            ],
            [
              2.4732983,
              48.9032698
            ],
            [
              2.4733968,
              48.9027231
            ],
            [
              2.4734588,
              48.9025804
            ],
            [
              2.4737365,
              48.9026353
            ],
            [
              2.4743794,
              48.9025802
            ],
            [
              2.4745149,
              48.9027366
            ],
            [
              2.4747144,
              48.9026641
            ],
            [
              2.4752257,
              48.9031838
            ],
            [
              2.4753033,
              48.9034003
            ],
            [
              2.4753824,
              48.9036076
            ],
            [
              2.4754473,
              48.9037272
            ],
            [
              2.4732652,
              48.9041366
            ]
          ]
        ]
      },
      "id": "way/35539361"
    },
    {
      "type": "Feature",
      "properties": {
        "@id": "way/35539378",
        "amenity": "hospital",
        "branch": "Hôpitaux Universitaires Paris Seine-Saint-Denis",
        "emergency": "yes",
        "fax": "+33 1 48 02 61 02",
        "healthcare": "hospital",
        "healthcare:speciality": "intensive",
        "name": "Hôpital Jean Verdier",
        "operator": "Assistance publique - Hôpitaux de Paris",
        "operator:short": "APHP",
        "operator:type": "public",
        "operator:wikidata": "Q2867205",
        "phone": "+33 1 48 02 66 66",
        "ref:FR:FINESS": "930100045",
        "ref:FR:SIRET": "26750045200367",
        "type:FR:FINESS": "101",
        "website": "https://chu93.aphp.fr/hopital-jean-verdier-bondy/",
        "wheelchair": "limited",
        "wikidata": "Q3145167"
      },
      "geometry": {
        "type": "Polygon",
        "coordinates": [
          [
            [
              2.4869095,
              48.9089367
            ],
            [
              2.4869953,
              48.9087957
            ],
            [
              2.4886433,
              48.909106
            ],
            [
              2.4885574,
              48.9092752
            ],
            [
              2.4893395,
              48.9094451
            ],
            [
              2.4897365,
              48.9095049
            ],
            [
              2.4892612,
              48.9100819
            ],
            [
              2.4875817,
              48.9103687
            ],
            [
              2.4864718,
              48.9094952
            ],
            [
              2.4869095,
              48.9089367
            ]
          ]
        ]
      },
      "id": "way/35539378"
    },
    {
      "type": "Feature",
      "properties": {
        "@id": "way/35539383",
        "access": "private",
        "amenity": "parking",
        "fee": "no",
        "name": "Jean Verdier",
        "park_ride": "no",
        "parking": "surface"
      },
      "geometry": {
        "type": "Polygon",
        "coordinates": [
          [
            [
              2.4894587,
              48.910127
            ],
            [
              2.4892612,
              48.9100819
            ],
            [
              2.4893677,
              48.9099007
            ],
            [
              2.4897591,
              48.9095178
            ],
            [
              2.4904326,
              48.9096226
            ],
            [
              2.4900013,
              48.9100517
            ],
            [
              2.4894587,
              48.910127
            ]
          ]
        ]
      },
      "id": "way/35539383"
    },
    {
      "type": "Feature",
      "properties": {
        "@id": "way/45260850",
        "addr:city": "Bondy",
        "addr:housenumber": "66 bis",
        "amenity": "school",
        "contact:email": "ce.0931612x@ac-creteil.fr",
        "contact:website": "https://zay-bondy.webcollege.seinesaintdenis.fr/",
        "name": "Collège Jean Zay",
        "operator:type": "public",
        "phone": "+33186783000",
        "polling_station": "yes",
        "polling_station:ref": "4",
        "ref:FR:SIRET": "19931612600010",
        "ref:UAI": "0931612X",
        "school:FR": "collège",
        "source": "data.gouv.fr:Éducation Nationale - 05/2016",
        "start_date": "1976-02-24"
      },
      "geometry": {
        "type": "Polygon",
        "coordinates": [
          [
            [
              2.4806102,
              48.9104538
            ],
            [
              2.4816639,
              48.9103485
            ],
            [
              2.4819039,
              48.9107727
            ],
            [
              2.4818701,
              48.9107842
            ],
            [
              2.4820265,
              48.911025
            ],
            [
              2.4822037,
              48.9112979
            ],
            [
              2.4816532,
              48.9114617
            ],
            [
              2.4816831,
              48.9115039
            ],
            [
              2.48144,
              48.9115736
            ],
            [
              2.4814189,
              48.9115423
            ],
            [
              2.4812933,
              48.9115776
            ],
            [
              2.4813108,
              48.911604
            ],
            [
              2.4812362,
              48.9116245
            ],
            [
              2.4812101,
              48.9115825
            ],
            [
              2.4812362,
              48.911575
            ],
            [
              2.4812189,
              48.9115477
            ],
            [
              2.4812049,
              48.9115259
            ],
            [
              2.4811752,
              48.911533
            ],
            [
              2.4810082,
              48.911281
            ],
            [
              2.4810494,
              48.9112055
            ],
            [
              2.4810315,
              48.9111782
            ],
            [
              2.4809793,
              48.9110986
            ],
            [
              2.4809004,
              48.9111193
            ],
            [
              2.4807357,
              48.9108715
            ],
            [
              2.480527,
              48.910555
            ],
            [
              2.4805479,
              48.9105473
            ],
            [
              2.4805726,
              48.9105416
            ],
            [
              2.4806021,
              48.9105347
            ],
            [
              2.4805903,
              48.9105176
            ],
            [
              2.480568,
              48.9104851
            ],
            [
              2.480613,
              48.9104815
            ],
            [
              2.4806102,
              48.9104538
            ]
          ]
        ]
      },
      "id": "way/45260850"
    },
    {
      "type": "Feature",
      "properties": {
        "@id": "way/45269943",
        "addr:city": "Bondy",
        "addr:housenumber": "32",
        "amenity": "post_office",
        "atm": "yes",
        "brand": "La Poste",
        "building": "public",
        "copy_facility": "yes",
        "name": "Poste",
        "opening_hours": "Mo,We-Fr 09:00-12:30,14:30-18:00; Tu 09:00-12:00,14:30-18:00; Sa 09:00-12:30; PH off; 2024 May 20 off",
        "operator": "La Poste",
        "phone:FR": "36 31",
        "ref:FR:LaPoste": "17265A",
        "source": "LaPoste - 03/2019",
        "stamping_machine": "yes",
        "wheelchair": "yes"
      },
      "geometry": {
        "type": "Polygon",
        "coordinates": [
          [
            [
              2.4763738,
              48.900398
            ],
            [
              2.4760201,
              48.9004602
            ],
            [
              2.4759952,
              48.9003971
            ],
            [
              2.4762385,
              48.9003538
            ],
            [
              2.4762304,
              48.9003339
            ],
            [
              2.4763406,
              48.900315
            ],
            [
              2.4763738,
              48.900398
            ]
          ]
        ]
      },
      "id": "way/45269943"
    },
    {
      "type": "Feature",
      "properties": {
        "@id": "way/52755083",
        "amenity": "school",
        "name": "Groupe scolaire Pasteur",
        "operator": "Ville de Bondy",
        "operator:type": "public",
        "polling_station": "yes",
        "polling_station:ref": "22",
        "wheelchair": "yes"
      },
      "geometry": {
        "type": "Polygon",
        "coordinates": [
          [
            [
              2.4877517,
              48.9074335
            ],
            [
              2.488304,
              48.9072892
            ],
            [
              2.4883447,
              48.9071778
            ],
            [
              2.4887611,
              48.9072384
            ],
            [
              2.4889329,
              48.9075699
            ],
            [
              2.4887817,
              48.9079202
            ],
            [
              2.4889002,
              48.9080657
            ],
            [
              2.4886781,
              48.9083917
            ],
            [
              2.4885934,
              48.9084826
            ],
            [
              2.4884995,
              48.9086701
            ],
            [
              2.4869701,
              48.9083553
            ],
            [
              2.4870262,
              48.9082469
            ],
            [
              2.4877517,
              48.9074335
            ]
          ]
        ]
      },
      "id": "way/52755083"
    },
    {
      "type": "Feature",
      "properties": {
        "@id": "way/52755281",
        "addr:city": "Bondy",
        "addr:housenumber": "1",
        "amenity": "school",
        "name": "Lycée professionnel Madeleine Vionnet",
        "operator:type": "public",
        "ref:UAI": "0930129K",
        "school:FR": "lycée",
        "source": "data.gouv.fr:Ministère de l'Éducation nationale, de la Jeunesse et de la Vie associative - 05/2012"
      },
      "geometry": {
        "type": "Polygon",
        "coordinates": [
          [
            [
              2.4739465,
              48.9042288
            ],
            [
              2.4745833,
              48.9041045
            ],
            [
              2.4746675,
              48.9040889
            ],
            [
              2.4747427,
              48.9040748
            ],
            [
              2.4747425,
              48.9040988
            ],
            [
              2.4747428,
              48.9041317
            ],
            [
              2.4747456,
              48.9041813
            ],
            [
              2.474751,
              48.9042671
            ],
            [
              2.4747531,
              48.9042995
            ],
            [
              2.4747616,
              48.9044396
            ],
            [
              2.4753464,
              48.9044343
            ],
            [
              2.4753514,
              48.9044812
            ],
            [
              2.475335,
              48.9047964
            ],
            [
              2.474803,
              48.9046787
            ],
            [
              2.4736663,
              48.9043815
            ],
            [
              2.4737335,
              48.9042698
            ],
            [
              2.4739465,
              48.9042288
            ]
          ]
        ]
      },
      "id": "way/52755281"
    },
    {
      "type": "Feature",
      "properties": {
        "@id": "way/84163124",
        "amenity": "parking",
        "building": "yes",
        "fee": "yes",
        "operator": "Indigo",
        "park_and_ride": "yes",
        "parking": "multi-storey",
        "source": "cadastre-dgi-fr source : Direction Générale des Impôts - Cadastre. Mise à jour : 2010",
        "website": "https://www.parkindigo.fr/fr/parkings/gare-93110200",
        "wheelchair": "yes"
      },
      "geometry": {
        "type": "Polygon",
        "coordinates": [
          [
            [
              2.4764694,
              48.8948318
            ],
            [
              2.4764454,
              48.8948245
            ],
            [
              2.4764267,
              48.8948153
            ],
            [
              2.4764047,
              48.8948017
            ],
            [
              2.4763929,
              48.8947887
            ],
            [
              2.4763788,
              48.8947722
            ],
            [
              2.4763717,
              48.8947553
            ],
            [
              2.4763696,
              48.8947382
            ],
            [
              2.4763742,
              48.8947164
            ],
            [
              2.4763786,
              48.8947045
            ],
            [
              2.4763898,
              48.8946887
            ],
            [
              2.476405,
              48.8946748
            ],
            [
              2.4764236,
              48.8946622
            ],
            [
              2.4764452,
              48.8946525
            ],
            [
              2.476469,
              48.8946451
            ],
            [
              2.4770689,
              48.8945613
            ],
            [
              2.4774136,
              48.8945131
            ],
            [
              2.477427,
              48.8945541
            ],
            [
              2.4774483,
              48.8945517
            ],
            [
              2.4774589,
              48.8945498
            ],
            [
              2.4775098,
              48.8945427
            ],
            [
              2.4775766,
              48.894743
            ],
            [
              2.4776202,
              48.8947516
            ],
            [
              2.4775858,
              48.8948157
            ],
            [
              2.4774463,
              48.894788
            ],
            [
              2.4773812,
              48.8947757
            ],
            [
              2.477376,
              48.8947603
            ],
            [
              2.477283,
              48.894773
            ],
            [
              2.4772939,
              48.8948031
            ],
            [
              2.4772821,
              48.8948177
            ],
            [
              2.4768277,
              48.8948838
            ],
            [
              2.4768227,
              48.8948671
            ],
            [
              2.4767993,
              48.8948704
            ],
            [
              2.4768,
              48.8948762
            ],
            [
              2.476795,
              48.8948835
            ],
            [
              2.4767894,
              48.8948868
            ],
            [
              2.4767821,
              48.8948885
            ],
            [
              2.4767716,
              48.894888
            ],
            [
              2.4766481,
              48.894865
            ],
            [
              2.4764694,
              48.8948318
            ]
          ]
        ]
      },
      "id": "way/84163124"
    },
    {
      "type": "Feature",
      "properties": {
        "@id": "way/84163196",
        "addr:city": "Bondy",
        "addr:housenumber": "23 bis",
        "amenity": "music_school",
        "building": "yes",
        "building:levels": "3",
        "email": "conservatoire.bondy@est-ensemble.fr",
        "name": "Conservatoire de musique",
        "opening_hours": "Mo 09:30-12:00, 13:00-22:00; Tu 14:00-22:00; We 09:30-21:30; Th-Fr 14:00-21:30; Sa 13:00-17:00",
        "phone": "+33 1 83 74 57 50",
        "source": "cadastre-dgi-fr source : Direction Générale des Impôts - Cadastre. Mise à jour : 2010",
        "website": "https://www.est-ensemble.fr/conservatoire-bondy"
      },
      "geometry": {
        "type": "Polygon",
        "coordinates": [
          [
            [
              2.4789007,
              48.901048
            ],
            [
              2.4788224,
              48.9009041
            ],
            [
              2.4789766,
              48.9008681
            ],
            [
              2.4790571,
              48.9010118
            ],
            [
              2.4789007,
              48.901048
            ]
          ]
        ]
      },
      "id": "way/84163196"
    },
    {
      "type": "Feature",
      "properties": {
        "@id": "way/84163705",
        "addr:housenumber": "224",
        "addr:street": "Avenue de Rosny",
        "amenity": "place_of_worship",
        "building": "yes",
        "building:architecture": "Edifices du culte, Equipement, Eglise orthodoxe",
        "building:architecture:niveau": "2",
        "building:material": "plaster",
        "construction_date:nb": "1",
        "denomination": "orthodox",
        "historic:building": "yes",
        "name": "Église Sainte-Parascève",
        "religion": "christian",
        "source": "cadastre-dgi-fr source : Direction Générale des Impôts - Cadastre. Mise à jour : 2010",
        "start_date": "1910",
        "wikidata": "Q24576576"
      },
      "geometry": {
        "type": "Polygon",
        "coordinates": [
          [
            [
              2.4711263,
              48.901483
            ],
            [
              2.4711185,
              48.9014828
            ],
            [
              2.4711184,
              48.9014779
            ],
            [
              2.4710731,
              48.9014761
            ],
            [
              2.471072,
              48.9014817
            ],
            [
              2.4710649,
              48.9014812
            ],
            [
              2.4710647,
              48.9014754
            ],
            [
              2.4710186,
              48.9014739
            ],
            [
              2.4710176,
              48.9014787
            ],
            [
              2.4710094,
              48.9014785
            ],
            [
              2.4710097,
              48.9014736
            ],
            [
              2.4709621,
              48.9014709
            ],
            [
              2.4709607,
              48.9014789
            ],
            [
              2.470951,
              48.9014782
            ],
            [
              2.4709559,
              48.9014465
            ],
            [
              2.4709435,
              48.9014448
            ],
            [
              2.470948,
              48.9014166
            ],
            [
              2.4709599,
              48.9014174
            ],
            [
              2.4709634,
              48.9013869
            ],
            [
              2.4709666,
              48.901387
            ],
            [
              2.4709685,
              48.9013712
            ],
            [
              2.4710371,
              48.9013571
            ],
            [
              2.4711424,
              48.9013353
            ],
            [
              2.471136,
              48.9013984
            ],
            [
              2.4711263,
              48.901483
            ]
          ]
        ]
      },
      "id": "way/84163705"
    },
    {
      "type": "Feature",
      "properties": {
        "@id": "way/84163951",
        "amenity": "fuel",
        "brand": "Esso Express",
        "brand:wikidata": "Q2350336",
        "brand:wikipedia": "nl:Esso Express",
        "building": "yes",
        "fuel:diesel": "yes",
        "fuel:e10": "yes",
        "fuel:octane_98": "yes",
        "name": "Esso Express",
        "opening_hours": "24/7",
        "ref:FR:prix-carburants": "93140002",
        "source": "Ministère de l'Economie, de l'Industrie et du Numérique - 22/10/2016",
        "wall": "no"
      },
      "geometry": {
        "type": "Polygon",
        "coordinates": [
          [
            [
              2.4816713,
              48.9057939
            ],
            [
              2.4815546,
              48.905792
            ],
            [
              2.4815525,
              48.9058129
            ],
            [
              2.4813559,
              48.9058053
            ],
            [
              2.4813667,
              48.9055949
            ],
            [
              2.4815632,
              48.9056003
            ],
            [
              2.4815594,
              48.9056893
            ],
            [
              2.4816771,
              48.9056932
            ],
            [
              2.4816713,
              48.9057939
            ]
          ]
        ]
      },
      "id": "way/84163951"
    },
    {
      "type": "Feature",
      "properties": {
        "@id": "way/84165049",
        "amenity": "kindergarten",
        "building": "public",
        "source": "cadastre-dgi-fr source : Direction Générale des Impôts - Cadastre. Mise à jour : 2010"
      },
      "geometry": {
        "type": "Polygon",
        "coordinates": [
          [
            [
              2.4879618,
              48.8968611
            ],
            [
              2.4879574,
              48.8968617
            ],
            [
              2.4878538,
              48.8968775
            ],
            [
              2.4874696,
              48.8969331
            ],
            [
              2.4874354,
              48.896833
            ],
            [
              2.4874347,
              48.8968243
            ],
            [
              2.4878181,
              48.8967689
            ],
            [
              2.487821,
              48.8967751
            ],
            [
              2.4878651,
              48.8967693
            ],
            [
              2.4878042,
              48.8965917
            ],
            [
              2.4877599,
              48.8965975
            ],
            [
              2.4877252,
              48.8964896
            ],
            [
              2.4880654,
              48.8964387
            ],
            [
              2.4881025,
              48.8965466
            ],
            [
              2.487977,
              48.8965654
            ],
            [
              2.487986,
              48.896595
            ],
            [
              2.4879483,
              48.8966001
            ],
            [
              2.4879005,
              48.8966077
            ],
            [
              2.4879544,
              48.8967722
            ],
            [
              2.4879324,
              48.8967763
            ],
            [
              2.4879618,
              48.8968611
            ]
          ]
        ]
      },
      "id": "way/84165049"
    },
    {
      "type": "Feature",
      "properties": {
        "@id": "way/84165154",
        "amenity": "social_centre",
        "building": "public",
        "name": "Espace Mandela",
        "polling_station": "yes",
        "polling_station_ref": "11",
        "source": "cadastre-dgi-fr source : Direction Générale des Impôts - Cadastre. Mise à jour : 2010"
      },
      "geometry": {
        "type": "Polygon",
        "coordinates": [
          [
            [
              2.4853566,
              48.8987565
            ],
            [
              2.4853441,
              48.8987204
            ],
            [
              2.4852809,
              48.8987295
            ],
            [
              2.4852376,
              48.8986164
            ],
            [
              2.4854953,
              48.8985766
            ],
            [
              2.485509,
              48.8986131
            ],
            [
              2.4855294,
              48.8986679
            ],
            [
              2.4855513,
              48.8987265
            ],
            [
              2.4853566,
              48.8987565
            ]
          ]
        ]
      },
      "id": "way/84165154"
    },
    {
      "type": "Feature",
      "properties": {
        "@id": "way/84165214",
        "amenity": "kindergarten",
        "building": "public",
        "name": "Halte jeux la ronde des enfants",
        "source": "cadastre-dgi-fr source : Direction Générale des Impôts - Cadastre. Mise à jour : 2010"
      },
      "geometry": {
        "type": "Polygon",
        "coordinates": [
          [
            [
              2.4938511,
              48.9032517
            ],
            [
              2.4938369,
              48.9032047
            ],
            [
              2.4937939,
              48.9032028
            ],
            [
              2.493802,
              48.9031321
            ],
            [
              2.4938069,
              48.9031226
            ],
            [
              2.4938163,
              48.9031149
            ],
            [
              2.4938277,
              48.9031105
            ],
            [
              2.4938416,
              48.9031076
            ],
            [
              2.493859,
              48.9031077
            ],
            [
              2.4938788,
              48.9031145
            ],
            [
              2.4938888,
              48.9031227
            ],
            [
              2.4939041,
              48.9031675
            ],
            [
              2.4939987,
              48.903155
            ],
            [
              2.4940214,
              48.9032284
            ],
            [
              2.4938511,
              48.9032517
            ]
          ]
        ]
      },
      "id": "way/84165214"
    },
    {
      "type": "Feature",
      "properties": {
        "@id": "way/84165810",
        "amenity": "polling_station",
        "building": "public",
        "polling_station": "yes",
        "polling_station:ref": "10",
        "source": "cadastre-dgi-fr source : Direction Générale des Impôts - Cadastre. Mise à jour : 2010"
      },
      "geometry": {
        "type": "Polygon",
        "coordinates": [
          [
            [
              2.4902275,
              48.897715
            ],
            [
              2.4901544,
              48.8977235
            ],
            [
              2.4900534,
              48.8973895
            ],
            [
              2.4898808,
              48.897411
            ],
            [
              2.4898636,
              48.8973573
            ],
            [
              2.489801,
              48.8973653
            ],
            [
              2.4898238,
              48.897427
            ],
            [
              2.4898302,
              48.8974259
            ],
            [
              2.4898339,
              48.8974297
            ],
            [
              2.4898606,
              48.8975053
            ],
            [
              2.4899937,
              48.8978671
            ],
            [
              2.4901941,
              48.8978453
            ],
            [
              2.4902191,
              48.8979274
            ],
            [
              2.4900663,
              48.8979423
            ],
            [
              2.4899001,
              48.8979575
            ],
            [
              2.4896596,
              48.897303
            ],
            [
              2.489637,
              48.8972414
            ],
            [
              2.489887,
              48.8972094
            ],
            [
              2.4899149,
              48.8972989
            ],
            [
              2.4900979,
              48.8972766
            ],
            [
              2.4901222,
              48.8973552
            ],
            [
              2.4901482,
              48.8974435
            ],
            [
              2.4901746,
              48.8975323
            ],
            [
              2.4902009,
              48.8976224
            ],
            [
              2.4902275,
              48.897715
            ]
          ]
        ]
      },
      "id": "way/84165810"
    },
    {
      "type": "Feature",
      "properties": {
        "@id": "way/84165935",
        "amenity": "community_centre",
        "building": "public",
        "name": "Maison de la Jeunesse et des Services Publics (MJSP)",
        "operator": "ville de Bondy",
        "source": "cadastre-dgi-fr source : Direction Générale des Impôts - Cadastre. Mise à jour : 2010",
        "wall": "no"
      },
      "geometry": {
        "type": "Polygon",
        "coordinates": [
          [
            [
              2.4810665,
              48.91358
            ],
            [
              2.4813428,
              48.9135488
            ],
            [
              2.4813483,
              48.9135763
            ],
            [
              2.4814228,
              48.9138411
            ],
            [
              2.481389,
              48.9138452
            ],
            [
              2.481319,
              48.9135911
            ],
            [
              2.4810772,
              48.9136209
            ],
            [
              2.4810719,
              48.9136013
            ],
            [
              2.4810665,
              48.91358
            ]
          ]
        ]
      },
      "id": "way/84165935"
    },
    {
      "type": "Feature",
      "properties": {
        "@id": "way/84166240",
        "amenity": "school",
        "building": "yes",
        "name": "École élémentaire Pierre Curie",
        "school:FR": "primaire",
        "source": "cadastre-dgi-fr source : Direction Générale des Impôts - Cadastre. Mise à jour : 2010"
      },
      "geometry": {
        "type": "Polygon",
        "coordinates": [
          [
            [
              2.4883734,
              48.8912151
            ],
            [
              2.4884198,
              48.8912934
            ],
            [
              2.4872074,
              48.8915947
            ],
            [
              2.4871627,
              48.8915159
            ],
            [
              2.4872753,
              48.8914875
            ],
            [
              2.4872062,
              48.8913688
            ],
            [
              2.4873084,
              48.8913425
            ],
            [
              2.4873763,
              48.8914621
            ],
            [
              2.488228,
              48.8912519
            ],
            [
              2.4883734,
              48.8912151
            ]
          ]
        ]
      },
      "id": "way/84166240"
    },
    {
      "type": "Feature",
      "properties": {
        "@id": "way/84166252",
        "amenity": "social_facility",
        "building": "public",
        "name": "Mission locale",
        "social_facility:for": "juvenile",
        "source": "cadastre-dgi-fr source : Direction Générale des Impôts - Cadastre. Mise à jour : 2010"
      },
      "geometry": {
        "type": "Polygon",
        "coordinates": [
          [
            [
              2.4769836,
              48.903851
            ],
            [
              2.4769804,
              48.9039037
            ],
            [
              2.4768875,
              48.9039032
            ],
            [
              2.4768699,
              48.9042227
            ],
            [
              2.4767255,
              48.9042174
            ],
            [
              2.4767284,
              48.9041605
            ],
            [
              2.4767315,
              48.9041608
            ],
            [
              2.4767375,
              48.904045
            ],
            [
              2.4767826,
              48.904045
            ],
            [
              2.4767889,
              48.9039392
            ],
            [
              2.4767431,
              48.9039381
            ],
            [
              2.4767469,
              48.9038806
            ],
            [
              2.476748,
              48.9038473
            ],
            [
              2.47694,
              48.9038501
            ],
            [
              2.4769403,
              48.903843
            ],
            [
              2.4769283,
              48.9038345
            ],
            [
              2.4769237,
              48.9038263
            ],
            [
              2.476931,
              48.9038165
            ],
            [
              2.4769422,
              48.9038117
            ],
            [
              2.4769555,
              48.9038111
            ],
            [
              2.4769672,
              48.903814
            ],
            [
              2.4769761,
              48.9038205
            ],
            [
              2.476977,
              48.9038312
            ],
            [
              2.4769701,
              48.9038394
            ],
            [
              2.476963,
              48.9038427
            ],
            [
              2.4769623,
              48.9038507
            ],
            [
              2.4769836,
              48.903851
            ]
          ]
        ]
      },
      "id": "way/84166252"
    },
    {
      "type": "Feature",
      "properties": {
        "@id": "way/84167901",
        "addr:city": "Bondy",
        "addr:housenumber": "23",
        "amenity": "library",
        "building": "public",
        "name": "Bibliothèque municipale",
        "operator": "EPT Est Ensemble",
        "source": "cadastre-dgi-fr source : Direction Générale des Impôts - Cadastre. Mise à jour : 2010"
      },
      "geometry": {
        "type": "Polygon",
        "coordinates": [
          [
            [
              2.4791954,
              48.9014905
            ],
            [
              2.4792402,
              48.9014789
            ],
            [
              2.4792185,
              48.9014423
            ],
            [
              2.4791455,
              48.9014607
            ],
            [
              2.4791207,
              48.9014186
            ],
            [
              2.4791939,
              48.9014
            ],
            [
              2.4791825,
              48.9013811
            ],
            [
              2.4793424,
              48.9013393
            ],
            [
              2.4793534,
              48.9013578
            ],
            [
              2.4793866,
              48.9013493
            ],
            [
              2.4794118,
              48.9013906
            ],
            [
              2.479378,
              48.9013993
            ],
            [
              2.4794004,
              48.9014361
            ],
            [
              2.4794336,
              48.9014282
            ],
            [
              2.4794557,
              48.9014681
            ],
            [
              2.479425,
              48.9014768
            ],
            [
              2.4794331,
              48.9014913
            ],
            [
              2.4794549,
              48.9014859
            ],
            [
              2.4794529,
              48.9014801
            ],
            [
              2.4794792,
              48.9014733
            ],
            [
              2.4794825,
              48.9014789
            ],
            [
              2.4795159,
              48.9014701
            ],
            [
              2.4795183,
              48.9014733
            ],
            [
              2.4795403,
              48.9014676
            ],
            [
              2.4795521,
              48.901489
            ],
            [
              2.4795307,
              48.9014938
            ],
            [
              2.4795543,
              48.9015341
            ],
            [
              2.4795761,
              48.9015291
            ],
            [
              2.4795968,
              48.9015641
            ],
            [
              2.4796825,
              48.9015433
            ],
            [
              2.4797052,
              48.9015839
            ],
            [
              2.4796206,
              48.9016062
            ],
            [
              2.4796423,
              48.9016449
            ],
            [
              2.4796224,
              48.9016497
            ],
            [
              2.4796458,
              48.9016905
            ],
            [
              2.4796673,
              48.9016855
            ],
            [
              2.4796777,
              48.9017022
            ],
            [
              2.4796572,
              48.9017079
            ],
            [
              2.4796592,
              48.9017119
            ],
            [
              2.4796256,
              48.9017206
            ],
            [
              2.4796318,
              48.9017347
            ],
            [
              2.4795756,
              48.9017491
            ],
            [
              2.4795673,
              48.9017353
            ],
            [
              2.4795078,
              48.9017506
            ],
            [
              2.4795218,
              48.9017726
            ],
            [
              2.4795219,
              48.9017817
            ],
            [
              2.4795165,
              48.9017893
            ],
            [
              2.4795071,
              48.9017943
            ],
            [
              2.4794967,
              48.9017963
            ],
            [
              2.4794837,
              48.9017945
            ],
            [
              2.4794724,
              48.9017886
            ],
            [
              2.4794653,
              48.9017786
            ],
            [
              2.4794683,
              48.9017699
            ],
            [
              2.4794636,
              48.9017624
            ],
            [
              2.4794155,
              48.901775
            ],
            [
              2.4794134,
              48.9017721
            ],
            [
              2.4793918,
              48.9017783
            ],
            [
              2.4793815,
              48.9017602
            ],
            [
              2.4793296,
              48.9017726
            ],
            [
              2.4793046,
              48.9017308
            ],
            [
              2.4793774,
              48.9017124
            ],
            [
              2.4793551,
              48.9016736
            ],
            [
              2.4792812,
              48.9016918
            ],
            [
              2.4792581,
              48.9016536
            ],
            [
              2.4793315,
              48.901634
            ],
            [
              2.4793087,
              48.9015952
            ],
            [
              2.4792359,
              48.9016142
            ],
            [
              2.4792115,
              48.9015748
            ],
            [
              2.4792621,
              48.9015621
            ],
            [
              2.4792524,
              48.9015445
            ],
            [
              2.4792744,
              48.9015395
            ],
            [
              2.4792626,
              48.9015183
            ],
            [
              2.4792188,
              48.9015295
            ],
            [
              2.4791954,
              48.9014905
            ]
          ]
        ]
      },
      "id": "way/84167901"
    },
    {
      "type": "Feature",
      "properties": {
        "@id": "way/84173491",
        "amenity": "place_of_worship",
        "building": "church",
        "denomination": "catholic",
        "name": "Église Saint-Pierre",
        "religion": "christian",
        "source": "cadastre-dgi-fr source : Direction Générale des Impôts - Cadastre. Mise à jour : 2010",
        "wikidata": "Q20030188"
      },
      "geometry": {
        "type": "Polygon",
        "coordinates": [
          [
            [
              2.4808504,
              48.902978
            ],
            [
              2.4808524,
              48.9029831
            ],
            [
              2.4808468,
              48.9029844
            ],
            [
              2.4808482,
              48.9029887
            ],
            [
              2.4808406,
              48.90299
            ],
            [
              2.4808387,
              48.9029862
            ],
            [
              2.480789,
              48.9029953
            ],
            [
              2.4807896,
              48.9029989
            ],
            [
              2.480778,
              48.9030008
            ],
            [
              2.4807764,
              48.902997
            ],
            [
              2.4807295,
              48.9030059
            ],
            [
              2.4807311,
              48.9030097
            ],
            [
              2.4807226,
              48.9030114
            ],
            [
              2.4807208,
              48.9030072
            ],
            [
              2.4806733,
              48.9030157
            ],
            [
              2.480675,
              48.9030195
            ],
            [
              2.4806675,
              48.9030208
            ],
            [
              2.4806653,
              48.9030176
            ],
            [
              2.4806215,
              48.9030261
            ],
            [
              2.4806229,
              48.9030294
            ],
            [
              2.4806134,
              48.9030314
            ],
            [
              2.4806124,
              48.9030281
            ],
            [
              2.4805662,
              48.9030359
            ],
            [
              2.4805676,
              48.9030403
            ],
            [
              2.4805576,
              48.9030416
            ],
            [
              2.480556,
              48.9030378
            ],
            [
              2.4805055,
              48.9030476
            ],
            [
              2.4805062,
              48.9030518
            ],
            [
              2.4804971,
              48.9030524
            ],
            [
              2.4804963,
              48.9030493
            ],
            [
              2.4804891,
              48.9030504
            ],
            [
              2.4804875,
              48.9030448
            ],
            [
              2.4804935,
              48.9030435
            ],
            [
              2.4804721,
              48.9029934
            ],
            [
              2.4804679,
              48.9029938
            ],
            [
              2.4804498,
              48.9029504
            ],
            [
              2.4804535,
              48.9029496
            ],
            [
              2.4804327,
              48.9028995
            ],
            [
              2.4804273,
              48.9029005
            ],
            [
              2.4804251,
              48.9028954
            ],
            [
              2.4804307,
              48.9028941
            ],
            [
              2.4804287,
              48.9028901
            ],
            [
              2.4804386,
              48.9028879
            ],
            [
              2.4804398,
              48.9028926
            ],
            [
              2.4804935,
              48.9028826
            ],
            [
              2.4804915,
              48.9028791
            ],
            [
              2.4805008,
              48.9028771
            ],
            [
              2.4805028,
              48.9028816
            ],
            [
              2.480547,
              48.9028731
            ],
            [
              2.4805458,
              48.9028689
            ],
            [
              2.4805537,
              48.9028671
            ],
            [
              2.4805555,
              48.9028716
            ],
            [
              2.4806029,
              48.9028622
            ],
            [
              2.4806017,
              48.9028589
            ],
            [
              2.4806092,
              48.9028571
            ],
            [
              2.4806116,
              48.9028616
            ],
            [
              2.4806595,
              48.9028523
            ],
            [
              2.4806585,
              48.902848
            ],
            [
              2.480666,
              48.9028465
            ],
            [
              2.480668,
              48.9028514
            ],
            [
              2.4807186,
              48.9028421
            ],
            [
              2.4807184,
              48.9028381
            ],
            [
              2.4807242,
              48.9028361
            ],
            [
              2.4807265,
              48.9028399
            ],
            [
              2.4807752,
              48.9028317
            ],
            [
              2.4807732,
              48.9028268
            ],
            [
              2.4807792,
              48.9028259
            ],
            [
              2.4807812,
              48.902829
            ],
            [
              2.480787,
              48.9028293
            ],
            [
              2.480789,
              48.9028335
            ],
            [
              2.480783,
              48.902835
            ],
            [
              2.4807961,
              48.902864
            ],
            [
              2.4808032,
              48.9028631
            ],
            [
              2.4808036,
              48.9028656
            ],
            [
              2.4808191,
              48.9028636
            ],
            [
              2.4808313,
              48.9028653
            ],
            [
              2.4808459,
              48.9028695
            ],
            [
              2.4808583,
              48.9028758
            ],
            [
              2.4808656,
              48.9028734
            ],
            [
              2.4808707,
              48.9028779
            ],
            [
              2.4808638,
              48.9028816
            ],
            [
              2.4808726,
              48.9028899
            ],
            [
              2.4808773,
              48.9028986
            ],
            [
              2.480878,
              48.9029068
            ],
            [
              2.4808761,
              48.9029126
            ],
            [
              2.4808837,
              48.9029142
            ],
            [
              2.4808818,
              48.9029193
            ],
            [
              2.4808756,
              48.9029192
            ],
            [
              2.4808737,
              48.9029246
            ],
            [
              2.4808641,
              48.9029336
            ],
            [
              2.4808547,
              48.9029394
            ],
            [
              2.4808354,
              48.9029451
            ],
            [
              2.4808367,
              48.9029468
            ],
            [
              2.4808298,
              48.9029484
            ],
            [
              2.480844,
              48.9029791
            ],
            [
              2.4808504,
              48.902978
            ]
          ]
        ]
      },
      "id": "way/84173491"
    },
    {
      "type": "Feature",
      "properties": {
        "@id": "way/84173948",
        "addr:city": "Bondy",
        "addr:housenumber": "2",
        "amenity": "post_office",
        "atm": "yes",
        "building": "yes",
        "copy_facility": "yes",
        "name": "Bondy Philosophie",
        "opening_hours": "Mo-Fr 09:00-12:00,14:00-17:00; Sa 09:00-12:30; PH off",
        "operator": "La Poste",
        "phone": "3631",
        "ref:FR:LaPoste": "17287A",
        "source": "data.gouv.fr:LaPoste - 06/2015",
        "stamping_machine": "yes",
        "wheelchair": "yes"
      },
      "geometry": {
        "type": "Polygon",
        "coordinates": [
          [
            [
              2.4952904,
              48.8897243
            ],
            [
              2.4950945,
              48.8897704
            ],
            [
              2.4950656,
              48.8897182
            ],
            [
              2.4951243,
              48.8897056
            ],
            [
              2.4950788,
              48.8896203
            ],
            [
              2.495214,
              48.8895884
            ],
            [
              2.4952904,
              48.8897243
            ]
          ]
        ]
      },
      "id": "way/84173948"
    },
    {
      "type": "Feature",
      "properties": {
        "@id": "way/84174344",
        "amenity": "veterinary",
        "building": "yes",
        "source": "cadastre-dgi-fr source : Direction Générale des Impôts - Cadastre. Mise à jour : 2010"
      },
      "geometry": {
        "type": "Polygon",
        "coordinates": [
          [
            [
              2.4818986,
              48.8996588
            ],
            [
              2.4818729,
              48.8996096
            ],
            [
              2.4819106,
              48.8996006
            ],
            [
              2.4819086,
              48.8995957
            ],
            [
              2.4820108,
              48.8995726
            ],
            [
              2.4820124,
              48.8995749
            ],
            [
              2.4820253,
              48.8995725
            ],
            [
              2.4820308,
              48.8995836
            ],
            [
              2.4820179,
              48.8995869
            ],
            [
              2.4820442,
              48.8996397
            ],
            [
              2.4819449,
              48.8996628
            ],
            [
              2.481937,
              48.8996499
            ],
            [
              2.4818986,
              48.8996588
            ]
          ]
        ]
      },
      "id": "way/84174344"
    },
    {
      "type": "Feature",
      "properties": {
        "@id": "way/84174489",
        "amenity": "school",
        "building": "public",
        "name": "École maternelle Pierre Curie",
        "polling_station": "yes",
        "polling_station:ref": "13",
        "school:FR": "maternelle",
        "source": "cadastre-dgi-fr source : Direction Générale des Impôts - Cadastre. Mise à jour : 2010"
      },
      "geometry": {
        "type": "Polygon",
        "coordinates": [
          [
            [
              2.4879614,
              48.8921425
            ],
            [
              2.4877381,
              48.8921992
            ],
            [
              2.487728,
              48.8921816
            ],
            [
              2.4876214,
              48.8922083
            ],
            [
              2.48756,
              48.8921065
            ],
            [
              2.4875792,
              48.8921013
            ],
            [
              2.4875843,
              48.8921102
            ],
            [
              2.4878114,
              48.8920534
            ],
            [
              2.488105,
              48.8919795
            ],
            [
              2.4880181,
              48.8918365
            ],
            [
              2.488007,
              48.8918168
            ],
            [
              2.4879724,
              48.8917579
            ],
            [
              2.4885045,
              48.8916251
            ],
            [
              2.48855,
              48.8917032
            ],
            [
              2.488049,
              48.8918286
            ],
            [
              2.4880504,
              48.8918322
            ],
            [
              2.4881321,
              48.8919572
            ],
            [
              2.488203,
              48.8920816
            ],
            [
              2.4879614,
              48.8921425
            ]
          ]
        ]
      },
      "id": "way/84174489"
    },
    {
      "type": "Feature",
      "properties": {
        "@id": "way/84174821",
        "amenity": "social_facility",
        "building": "public",
        "name": "Ehpad Korian Bonisiaca",
        "ref:FR:FINESS": "930816301",
        "social_facility": "group_home",
        "social_facility:for": "senior",
        "source": "cadastre-dgi-fr source : Direction Générale des Impôts - Cadastre. Mise à jour : 2010",
        "wikidata": "Q112922830"
      },
      "geometry": {
        "type": "Polygon",
        "coordinates": [
          [
            [
              2.4876704,
              48.8900061
            ],
            [
              2.4876826,
              48.8900288
            ],
            [
              2.4877077,
              48.8900771
            ],
            [
              2.4876645,
              48.8901339
            ],
            [
              2.4877583,
              48.8901645
            ],
            [
              2.4877656,
              48.8901552
            ],
            [
              2.4878001,
              48.8901656
            ],
            [
              2.4878461,
              48.8902558
            ],
            [
              2.4878294,
              48.8902741
            ],
            [
              2.4876965,
              48.8903051
            ],
            [
              2.4876643,
              48.8902946
            ],
            [
              2.4876715,
              48.8902859
            ],
            [
              2.4876284,
              48.8902718
            ],
            [
              2.4875814,
              48.8903321
            ],
            [
              2.4874475,
              48.8903623
            ],
            [
              2.4874174,
              48.8903506
            ],
            [
              2.4873714,
              48.8902642
            ],
            [
              2.4873867,
              48.8902437
            ],
            [
              2.487403,
              48.8902475
            ],
            [
              2.4874483,
              48.8901853
            ],
            [
              2.4873592,
              48.8901575
            ],
            [
              2.4873489,
              48.8901349
            ],
            [
              2.4873091,
              48.8901438
            ],
            [
              2.4871577,
              48.8898606
            ],
            [
              2.4871716,
              48.8898434
            ],
            [
              2.487559,
              48.8897539
            ],
            [
              2.4875879,
              48.8897629
            ],
            [
              2.4876284,
              48.8898442
            ],
            [
              2.4876329,
              48.8898512
            ],
            [
              2.4876165,
              48.889873
            ],
            [
              2.4876008,
              48.8898697
            ],
            [
              2.4875566,
              48.8899309
            ],
            [
              2.4876459,
              48.8899584
            ],
            [
              2.4876704,
              48.8900061
            ]
          ]
        ]
      },
      "id": "way/84174821"
    },
    {
      "type": "Feature",
      "properties": {
        "@id": "way/84174918",
        "amenity": "cafe",
        "building": "yes",
        "facebook": "https://facebook.com/harryscafebondy",
        "name": "Harrys café",
        "phone": "+33 6 58 14 14 14",
        "source": "cadastre-dgi-fr source : Direction Générale des Impôts - Cadastre. Mise à jour : 2010"
      },
      "geometry": {
        "type": "Polygon",
        "coordinates": [
          [
            [
              2.4765566,
              48.9042346
            ],
            [
              2.4765459,
              48.9045244
            ],
            [
              2.4762919,
              48.9045172
            ],
            [
              2.476298,
              48.9043853
            ],
            [
              2.4761382,
              48.9043814
            ],
            [
              2.4761534,
              48.9040917
            ],
            [
              2.4762889,
              48.9040952
            ],
            [
              2.4765612,
              48.9041027
            ],
            [
              2.4765592,
              48.9041631
            ],
            [
              2.4765566,
              48.9042346
            ]
          ]
        ]
      },
      "id": "way/84174918"
    },
    {
      "type": "Feature",
      "properties": {
        "@id": "way/84175629",
        "addr:housenumber": "2ter",
        "addr:street": "Rue Gaston Defferre",
        "amenity": "social_centre",
        "atm": "yes",
        "building": "yes",
        "copy_facility": "yes",
        "name": "Résidence Sévigné, PMI",
        "not:operator:wikidata": "Q373724",
        "opening_hours": "Mo-Fr 08:00-19:00; Sa 08:00-12:30; PH off; 2024 May 20 off",
        "phone": "3631",
        "ref:FR:LaPoste": "17185A",
        "source": "data.gouv.fr:LaPoste - 06/2015",
        "stamping_machine": "yes",
        "wheelchair": "yes"
      },
      "geometry": {
        "type": "Polygon",
        "coordinates": [
          [
            [
              2.4868063,
              48.9011846
            ],
            [
              2.4867828,
              48.901133
            ],
            [
              2.486519,
              48.9011831
            ],
            [
              2.4865085,
              48.9011589
            ],
            [
              2.4865205,
              48.9011562
            ],
            [
              2.4864143,
              48.9009175
            ],
            [
              2.4866682,
              48.9008707
            ],
            [
              2.486777,
              48.9011143
            ],
            [
              2.4869803,
              48.9010767
            ],
            [
              2.4869813,
              48.9010796
            ],
            [
              2.4869837,
              48.901087
            ],
            [
              2.4869641,
              48.9010913
            ],
            [
              2.4869845,
              48.9011356
            ],
            [
              2.487005,
              48.9011311
            ],
            [
              2.487112,
              48.9013711
            ],
            [
              2.487089,
              48.9013757
            ],
            [
              2.4871251,
              48.9014618
            ],
            [
              2.4871498,
              48.9014571
            ],
            [
              2.4872789,
              48.9014325
            ],
            [
              2.4873194,
              48.9015189
            ],
            [
              2.4869799,
              48.9015814
            ],
            [
              2.4869526,
              48.9015237
            ],
            [
              2.486943,
              48.9015268
            ],
            [
              2.4869325,
              48.9015048
            ],
            [
              2.4869273,
              48.9015056
            ],
            [
              2.486897,
              48.9014333
            ],
            [
              2.4868999,
              48.9014333
            ],
            [
              2.4868911,
              48.9014112
            ],
            [
              2.4869039,
              48.9014086
            ],
            [
              2.4868114,
              48.9011962
            ],
            [
              2.4868063,
              48.9011846
            ]
          ]
        ]
      },
      "id": "way/84175629"
    },
    {
      "type": "Feature",
      "properties": {
        "@id": "way/84176785",
        "addr:housenumber": "2",
        "amenity": "post_office",
        "atm": "yes",
        "building": "public",
        "copy_facility": "yes",
        "name": "Poste",
        "opening_hours": "Mo-Fr 09:00-18:00; Sa 09:00-12:00; PH off; 2024 May 20 off",
        "operator": "La Poste",
        "phone:FR": "36 31",
        "ref:FR:LaPoste": "17278A",
        "source": "data.gouv.fr:LaPoste - 06/2015",
        "stamping_machine": "yes",
        "wheelchair": "yes"
      },
      "geometry": {
        "type": "Polygon",
        "coordinates": [
          [
            [
              2.4795664,
              48.9142588
            ],
            [
              2.4795228,
              48.9141066
            ],
            [
              2.4796886,
              48.9140876
            ],
            [
              2.4797219,
              48.9141022
            ],
            [
              2.4797237,
              48.9141077
            ],
            [
              2.4797333,
              48.9141071
            ],
            [
              2.4797441,
              48.9141154
            ],
            [
              2.4797748,
              48.9142317
            ],
            [
              2.4795664,
              48.9142588
            ]
          ]
        ]
      },
      "id": "way/84176785"
    },
    {
      "type": "Feature",
      "properties": {
        "@id": "way/84177424",
        "amenity": "community_centre",
        "building": "public",
        "name": "Maison de quartier et de la citoyenneté Daniel Balavoine",
        "operator": "ville de Bondy",
        "source": "cadastre-dgi-fr source : Direction Générale des Impôts - Cadastre. Mise à jour : 2010"
      },
      "geometry": {
        "type": "Polygon",
        "coordinates": [
          [
            [
              2.4794964,
              48.9151315
            ],
            [
              2.4792927,
              48.9151558
            ],
            [
              2.4793173,
              48.9152449
            ],
            [
              2.4792246,
              48.9152559
            ],
            [
              2.4791865,
              48.9152604
            ],
            [
              2.4791373,
              48.9150816
            ],
            [
              2.4794717,
              48.9150418
            ],
            [
              2.4794964,
              48.9151315
            ]
          ]
        ]
      },
      "id": "way/84177424"
    },
    {
      "type": "Feature",
      "properties": {
        "@id": "way/84177487",
        "addr:city": "Bondy",
        "addr:postcode": "93140",
        "addr:street": "Esplanade Claude Fuzier",
        "amenity": "townhall",
        "building": "civic",
        "building:colour": "grey",
        "building:levels": "3",
        "building:material": "cement_block",
        "contact:email": "communication@ville-bondy.fr",
        "contact:phone": "+33 1 48 50 53 00",
        "contact:website": "https://www.ville-bondy.fr/",
        "name": "Mairie de Bondy",
        "opening_hours": "Mo 09:00-17:15; Tu 10:30-19:15; We-Fr 09:00-17:15",
        "operator": "ville de Bondy",
        "polling_station": "yes",
        "polling_station:ref_1": "18",
        "polling_station_ref": "1",
        "ref:FR:SIRET": "21930010000019",
        "roof:shape": "flat",
        "source": "Service-Public.fr - 01/2024",
        "wheelchair": "yes"
      },
      "geometry": {
        "type": "Polygon",
        "coordinates": [
          [
            [
              2.4811399,
              48.9016484
            ],
            [
              2.4811431,
              48.9016597
            ],
            [
              2.4820729,
              48.9014634
            ],
            [
              2.4821508,
              48.9016182
            ],
            [
              2.4812759,
              48.9018023
            ],
            [
              2.4812816,
              48.9018155
            ],
            [
              2.4812237,
              48.9018285
            ],
            [
              2.4813707,
              48.9021269
            ],
            [
              2.4813856,
              48.9021571
            ],
            [
              2.4814131,
              48.9022134
            ],
            [
              2.481357,
              48.9022251
            ],
            [
              2.4813652,
              48.9022445
            ],
            [
              2.4813294,
              48.902253
            ],
            [
              2.4813369,
              48.9022688
            ],
            [
              2.4812842,
              48.9022799
            ],
            [
              2.4812761,
              48.9022643
            ],
            [
              2.4812628,
              48.9022674
            ],
            [
              2.4812797,
              48.9023026
            ],
            [
              2.481296,
              48.9023364
            ],
            [
              2.4812114,
              48.9023558
            ],
            [
              2.4811725,
              48.9022797
            ],
            [
              2.4812314,
              48.902267
            ],
            [
              2.4812253,
              48.9022539
            ],
            [
              2.4811697,
              48.9022654
            ],
            [
              2.4811263,
              48.9021747
            ],
            [
              2.4809855,
              48.9018801
            ],
            [
              2.480808,
              48.9019182
            ],
            [
              2.4808058,
              48.9019147
            ],
            [
              2.480796,
              48.9019166
            ],
            [
              2.4807788,
              48.9018823
            ],
            [
              2.480789,
              48.9018799
            ],
            [
              2.4807199,
              48.901738
            ],
            [
              2.4811399,
              48.9016484
            ]
          ]
        ]
      },
      "id": "way/84177487"
    },
    {
      "type": "Feature",
      "properties": {
        "@id": "way/84178168",
        "amenity": "childcare",
        "building": "public",
        "name": "PMI"
      },
      "geometry": {
        "type": "Polygon",
        "coordinates": [
          [
            [
              2.4932228,
              48.9031091
            ],
            [
              2.4933075,
              48.9032497
            ],
            [
              2.4933172,
              48.9032491
            ],
            [
              2.4933178,
              48.9032547
            ],
            [
              2.4931894,
              48.9032637
            ],
            [
              2.4931876,
              48.9032577
            ],
            [
              2.4931961,
              48.9032564
            ],
            [
              2.4931713,
              48.9032151
            ],
            [
              2.4929798,
              48.903265
            ],
            [
              2.4929634,
              48.9032382
            ],
            [
              2.4928227,
              48.9032745
            ],
            [
              2.4928186,
              48.9032305
            ],
            [
              2.4929404,
              48.9031992
            ],
            [
              2.4929321,
              48.9031827
            ],
            [
              2.4932228,
              48.9031091
            ]
          ]
        ]
      },
      "id": "way/84178168"
    },
    {
      "type": "Feature",
      "properties": {
        "@id": "way/84178589",
        "amenity": "parking",
        "building": "yes",
        "source": "cadastre-dgi-fr source : Direction Générale des Impôts - Cadastre. Mise à jour : 2010"
      },
      "geometry": {
        "type": "Polygon",
        "coordinates": [
          [
            [
              2.4782877,
              48.9060859
            ],
            [
              2.4783238,
              48.9059865
            ],
            [
              2.4783409,
              48.9059415
            ],
            [
              2.4783458,
              48.9059287
            ],
            [
              2.4786373,
              48.9059624
            ],
            [
              2.4787748,
              48.9059826
            ],
            [
              2.4786138,
              48.9064488
            ],
            [
              2.4785769,
              48.9065557
            ],
            [
              2.4784561,
              48.9065408
            ],
            [
              2.4781749,
              48.9064952
            ],
            [
              2.4782877,
              48.9060859
            ]
          ]
        ]
      },
      "id": "way/84178589"
    },
    {
      "type": "Feature",
      "properties": {
        "@id": "way/84178771",
        "amenity": "healthcare",
        "building": "public",
        "name": "Centre Municipal de Santé Henri Tauleigne",
        "operator": "ville de Bondy",
        "source": "cadastre-dgi-fr source : Direction Générale des Impôts - Cadastre. Mise à jour : 2010"
      },
      "geometry": {
        "type": "Polygon",
        "coordinates": [
          [
            [
              2.4790817,
              48.9001517
            ],
            [
              2.4790349,
              48.9000386
            ],
            [
              2.4789778,
              48.8998994
            ],
            [
              2.4789648,
              48.8999009
            ],
            [
              2.4789188,
              48.899788
            ],
            [
              2.4790143,
              48.8997742
            ],
            [
              2.479116,
              48.8997582
            ],
            [
              2.4791346,
              48.8998041
            ],
            [
              2.4791467,
              48.8998353
            ],
            [
              2.4791585,
              48.8998678
            ],
            [
              2.4791488,
              48.8998697
            ],
            [
              2.479251,
              48.9001246
            ],
            [
              2.4790817,
              48.9001517
            ]
          ]
        ]
      },
      "id": "way/84178771"
    },
    {
      "type": "Feature",
      "properties": {
        "@id": "way/84178953",
        "amenity": "doctors",
        "building": "yes",
        "source": "cadastre-dgi-fr source : Direction Générale des Impôts - Cadastre. Mise à jour : 2010"
      },
      "geometry": {
        "type": "Polygon",
        "coordinates": [
          [
            [
              2.4788831,
              48.8951109
            ],
            [
              2.4788972,
              48.895107
            ],
            [
              2.4788546,
              48.8950286
            ],
            [
              2.478969,
              48.8950007
            ],
            [
              2.4790328,
              48.8951192
            ],
            [
              2.4789894,
              48.8951299
            ],
            [
              2.4789943,
              48.8951395
            ],
            [
              2.4789476,
              48.8951504
            ],
            [
              2.4789425,
              48.8951417
            ],
            [
              2.4789063,
              48.8951508
            ],
            [
              2.4788831,
              48.8951109
            ]
          ]
        ]
      },
      "id": "way/84178953"
    },
    {
      "type": "Feature",
      "properties": {
        "@id": "way/84178963",
        "amenity": "police",
        "building": "public",
        "name": "Police municipale",
        "operator": "ville de Bondy",
        "police:FR": "police_municipale",
        "source": "cadastre-dgi-fr source : Direction Générale des Impôts - Cadastre. Mise à jour : 2010"
      },
      "geometry": {
        "type": "Polygon",
        "coordinates": [
          [
            [
              2.4835252,
              48.9031152
            ],
            [
              2.4836641,
              48.9030873
            ],
            [
              2.4837313,
              48.9032308
            ],
            [
              2.4835932,
              48.9032599
            ],
            [
              2.4835748,
              48.9032205
            ],
            [
              2.4835252,
              48.9031152
            ]
          ]
        ]
      },
      "id": "way/84178963"
    },
    {
      "type": "Feature",
      "properties": {
        "@id": "way/84179356",
        "amenity": "place_of_worship",
        "building": "church",
        "denomination": "catholic",
        "name": "Église Saint-Louis",
        "ref:FR:CEF": "93010_01",
        "religion": "christian",
        "source": "cadastre-dgi-fr source : Direction Générale des Impôts - Cadastre. Mise à jour : 2010",
        "wikidata": "Q20030186"
      },
      "geometry": {
        "type": "Polygon",
        "coordinates": [
          [
            [
              2.4777058,
              48.8932891
            ],
            [
              2.4774524,
              48.8931877
            ],
            [
              2.4774261,
              48.8931495
            ],
            [
              2.4774843,
              48.8930845
            ],
            [
              2.4775522,
              48.8930824
            ],
            [
              2.4778698,
              48.8932103
            ],
            [
              2.477808,
              48.8932809
            ],
            [
              2.4777058,
              48.8932891
            ]
          ]
        ]
      },
      "id": "way/84179356"
    },
    {
      "type": "Feature",
      "properties": {
        "@id": "way/84179703",
        "amenity": "place_of_worship",
        "building": "yes",
        "religion": "jewish",
        "source": "cadastre-dgi-fr source : Direction Générale des Impôts - Cadastre. Mise à jour : 2010"
      },
      "geometry": {
        "type": "Polygon",
        "coordinates": [
          [
            [
              2.488919,
              48.9102369
            ],
            [
              2.4889724,
              48.9102347
            ],
            [
              2.4889713,
              48.9102205
            ],
            [
              2.4889934,
              48.9102195
            ],
            [
              2.4889945,
              48.9102337
            ],
            [
              2.4890063,
              48.9102333
            ],
            [
              2.4890051,
              48.9102151
            ],
            [
              2.489054,
              48.910208
            ],
            [
              2.4890562,
              48.9102315
            ],
            [
              2.4891274,
              48.9102283
            ],
            [
              2.4891446,
              48.9104117
            ],
            [
              2.4890889,
              48.9104143
            ],
            [
              2.4890867,
              48.9104034
            ],
            [
              2.4889334,
              48.910409
            ],
            [
              2.488919,
              48.9102369
            ]
          ]
        ]
      },
      "id": "way/84179703"
    },
    {
      "type": "Feature",
      "properties": {
        "@id": "way/84180882",
        "amenity": "school",
        "building": "public",
        "name": "centre de loisirs Jacques Prévert",
        "source": "cadastre-dgi-fr source : Direction Générale des Impôts - Cadastre. Mise à jour : 2010"
      },
      "geometry": {
        "type": "Polygon",
        "coordinates": [
          [
            [
              2.4737898,
              48.8958694
            ],
            [
              2.4738308,
              48.8959345
            ],
            [
              2.4737975,
              48.895943
            ],
            [
              2.4738328,
              48.896006
            ],
            [
              2.4736412,
              48.8960549
            ],
            [
              2.4735505,
              48.8960783
            ],
            [
              2.4733723,
              48.8961237
            ],
            [
              2.4733324,
              48.8960575
            ],
            [
              2.4736015,
              48.8959887
            ],
            [
              2.4735657,
              48.895927
            ],
            [
              2.4737898,
              48.8958694
            ]
          ]
        ]
      },
      "id": "way/84180882"
    },
    {
      "type": "Feature",
      "properties": {
        "@id": "way/84180890",
        "amenity": "school",
        "building": "public",
        "name": "Centre de loisirs les P'tits Loups",
        "operator": "ville de Bondy",
        "source": "cadastre-dgi-fr source : Direction Générale des Impôts - Cadastre. Mise à jour : 2010"
      },
      "geometry": {
        "type": "Polygon",
        "coordinates": [
          [
            [
              2.4911823,
              48.8955353
            ],
            [
              2.4906654,
              48.8956375
            ],
            [
              2.4906563,
              48.8956203
            ],
            [
              2.490595,
              48.8956332
            ],
            [
              2.4906132,
              48.8956741
            ],
            [
              2.4907398,
              48.8956489
            ],
            [
              2.490798,
              48.8957796
            ],
            [
              2.4904679,
              48.8958459
            ],
            [
              2.4904078,
              48.8957154
            ],
            [
              2.4904581,
              48.895705
            ],
            [
              2.4904487,
              48.8956807
            ],
            [
              2.4904317,
              48.8956836
            ],
            [
              2.4903827,
              48.8955762
            ],
            [
              2.4911328,
              48.8954271
            ],
            [
              2.4911823,
              48.8955353
            ]
          ]
        ]
      },
      "id": "way/84180890"
    },
    {
      "type": "Feature",
      "properties": {
        "@id": "way/84181228",
        "amenity": "kindergarten",
        "building": "public",
        "name": "Maison de la petite enfance",
        "operator": "ville de Bondy"
      },
      "geometry": {
        "type": "Polygon",
        "coordinates": [
          [
            [
              2.479926,
              48.9171199
            ],
            [
              2.4799449,
              48.9171969
            ],
            [
              2.4799591,
              48.9172463
            ],
            [
              2.4796951,
              48.9172786
            ],
            [
              2.479646,
              48.9171031
            ],
            [
              2.4799116,
              48.9170712
            ],
            [
              2.479926,
              48.9171199
            ]
          ]
        ]
      },
      "id": "way/84181228"
    },
    {
      "type": "Feature",
      "properties": {
        "@id": "way/84181743",
        "amenity": "school",
        "building": "public",
        "name": "Centre de loisirs Appolinaire",
        "polling_station": "yes",
        "polling_station:ref": "28",
        "source": "cadastre-dgi-fr source : Direction Générale des Impôts - Cadastre. Mise à jour : 2010"
      },
      "geometry": {
        "type": "Polygon",
        "coordinates": [
          [
            [
              2.483284,
              48.9017785
            ],
            [
              2.4832383,
              48.9015443
            ],
            [
              2.4833495,
              48.9015278
            ],
            [
              2.4833522,
              48.9016159
            ],
            [
              2.4834366,
              48.9016002
            ],
            [
              2.4834674,
              48.9017226
            ],
            [
              2.4835068,
              48.9017966
            ],
            [
              2.4834705,
              48.9018049
            ],
            [
              2.4835162,
              48.901928
            ],
            [
              2.4833946,
              48.9019616
            ],
            [
              2.4833271,
              48.9018498
            ],
            [
              2.483284,
              48.9017785
            ]
          ]
        ]
      },
      "id": "way/84181743"
    },
    {
      "type": "Feature",
      "properties": {
        "@id": "way/84183377",
        "alt_name": "Pépithèque Mariama Bâ",
        "amenity": "library",
        "building": "public",
        "name": "Bibliothèque Mariama Bâ",
        "name:etymology:wikidata": "Q464389",
        "opening_hours": "Tu,Fr 14:00-19:00; We,Sa 10:00-18:00; Th 14:00-18:00",
        "source": "cadastre-dgi-fr source : Direction Générale des Impôts - Cadastre. Mise à jour : 2010"
      },
      "geometry": {
        "type": "Polygon",
        "coordinates": [
          [
            [
              2.4838456,
              48.9145369
            ],
            [
              2.4836829,
              48.9142764
            ],
            [
              2.4840799,
              48.914168
            ],
            [
              2.4842446,
              48.9144278
            ],
            [
              2.4838456,
              48.9145369
            ]
          ]
        ]
      },
      "id": "way/84183377"
    },
    {
      "type": "Feature",
      "properties": {
        "@id": "way/84184020",
        "amenity": "school",
        "building": "public",
        "name": "Groupe scolaire Terre Saint Blaise",
        "operator": "ville de Bondy",
        "source": "cadastre-dgi-fr source : Direction Générale des Impôts - Cadastre. Mise à jour : 2010"
      },
      "geometry": {
        "type": "Polygon",
        "coordinates": [
          [
            [
              2.4811723,
              48.9166268
            ],
            [
              2.4812518,
              48.9169207
            ],
            [
              2.4815708,
              48.9168844
            ],
            [
              2.4815508,
              48.9168014
            ],
            [
              2.4815774,
              48.9167983
            ],
            [
              2.482242,
              48.9167216
            ],
            [
              2.4828549,
              48.9166508
            ],
            [
              2.4828506,
              48.9166301
            ],
            [
              2.4828707,
              48.9166282
            ],
            [
              2.4828748,
              48.9166487
            ],
            [
              2.4829179,
              48.916644
            ],
            [
              2.482938,
              48.9167263
            ],
            [
              2.482899,
              48.9167306
            ],
            [
              2.482927,
              48.9168285
            ],
            [
              2.482865,
              48.9168359
            ],
            [
              2.4828,
              48.9168433
            ],
            [
              2.4827737,
              48.9167454
            ],
            [
              2.4822596,
              48.9168045
            ],
            [
              2.4817244,
              48.916866
            ],
            [
              2.4817421,
              48.916949
            ],
            [
              2.4816342,
              48.9169614
            ],
            [
              2.4816289,
              48.9169536
            ],
            [
              2.4815891,
              48.9169587
            ],
            [
              2.4813921,
              48.916984
            ],
            [
              2.4813889,
              48.9169874
            ],
            [
              2.4812719,
              48.9170022
            ],
            [
              2.4812815,
              48.9170338
            ],
            [
              2.4811526,
              48.9170479
            ],
            [
              2.4811447,
              48.917016
            ],
            [
              2.4811194,
              48.917019
            ],
            [
              2.4810987,
              48.9169372
            ],
            [
              2.4811252,
              48.9169351
            ],
            [
              2.4810507,
              48.9166416
            ],
            [
              2.4811723,
              48.9166268
            ]
          ]
        ]
      },
      "id": "way/84184020"
    },
    {
      "type": "Feature",
      "properties": {
        "@id": "way/84185151",
        "amenity": "fuel",
        "brand": "Esso",
        "brand:wikidata": "Q867662",
        "brand:wikipedia": "fr:Esso (marque)",
        "building": "yes",
        "fuel:diesel": "yes",
        "fuel:e10": "yes",
        "fuel:octane_98": "yes",
        "name": "Esso",
        "opening_hours": "24/7",
        "ref:FR:prix-carburants": "93140003",
        "source": "Ministère de l'Economie, de l'Industrie et du Numérique - 22/10/2016",
        "wall": "no"
      },
      "geometry": {
        "type": "Polygon",
        "coordinates": [
          [
            [
              2.4904762,
              48.9076088
            ],
            [
              2.4905079,
              48.9075189
            ],
            [
              2.4905158,
              48.9074976
            ],
            [
              2.49083,
              48.9075432
            ],
            [
              2.4907851,
              48.9076793
            ],
            [
              2.4904679,
              48.907631
            ],
            [
              2.4904762,
              48.9076088
            ]
          ]
        ]
      },
      "id": "way/84185151"
    },
    {
      "type": "Feature",
      "properties": {
        "@id": "way/84185227",
        "amenity": "dentist",
        "building": "yes",
        "source": "cadastre-dgi-fr source : Direction Générale des Impôts - Cadastre. Mise à jour : 2010"
      },
      "geometry": {
        "type": "Polygon",
        "coordinates": [
          [
            [
              2.4788479,
              48.8997999
            ],
            [
              2.4787485,
              48.8998157
            ],
            [
              2.4786666,
              48.8998269
            ],
            [
              2.4786418,
              48.899753
            ],
            [
              2.4787758,
              48.8997338
            ],
            [
              2.4787888,
              48.8997752
            ],
            [
              2.4788359,
              48.8997659
            ],
            [
              2.4788479,
              48.8997999
            ]
          ]
        ]
      },
      "id": "way/84185227"
    },
    {
      "type": "Feature",
      "properties": {
        "@id": "way/84186639",
        "amenity": "dentist",
        "building": "yes",
        "name": "Cabinet Dentaire du Moulin",
        "source": "cadastre-dgi-fr source : Direction Générale des Impôts - Cadastre. Mise à jour : 2010"
      },
      "geometry": {
        "type": "Polygon",
        "coordinates": [
          [
            [
              2.4804327,
              48.8970396
            ],
            [
              2.4803971,
              48.8969659
            ],
            [
              2.4802833,
              48.8969869
            ],
            [
              2.4801698,
              48.8967446
            ],
            [
              2.4802608,
              48.8967259
            ],
            [
              2.4804285,
              48.8966918
            ],
            [
              2.4805847,
              48.8970112
            ],
            [
              2.4804327,
              48.8970396
            ]
          ]
        ]
      },
      "id": "way/84186639"
    },
    {
      "type": "Feature",
      "properties": {
        "@id": "way/84188910",
        "addr:housenumber": "58",
        "amenity": "place_of_worship",
        "building": "yes",
        "religion": "muslim",
        "source": "cadastre-dgi-fr source : Direction Générale des Impôts - Cadastre. Mise à jour : 2010"
      },
      "geometry": {
        "type": "Polygon",
        "coordinates": [
          [
            [
              2.4727958,
              48.9083466
            ],
            [
              2.4728679,
              48.9084545
            ],
            [
              2.4728934,
              48.9084926
            ],
            [
              2.4728214,
              48.9085136
            ],
            [
              2.4727402,
              48.9085375
            ],
            [
              2.4727253,
              48.9085145
            ],
            [
              2.4727026,
              48.9084795
            ],
            [
              2.4727273,
              48.9084725
            ],
            [
              2.4727187,
              48.9084547
            ],
            [
              2.4727,
              48.9084533
            ],
            [
              2.4726889,
              48.9084394
            ],
            [
              2.4726875,
              48.9084303
            ],
            [
              2.4726971,
              48.9084181
            ],
            [
              2.4726859,
              48.9084014
            ],
            [
              2.472669,
              48.9084056
            ],
            [
              2.4726291,
              48.9083436
            ],
            [
              2.4726272,
              48.9083407
            ],
            [
              2.4726378,
              48.9083365
            ],
            [
              2.4726328,
              48.9083285
            ],
            [
              2.4726642,
              48.9083178
            ],
            [
              2.4726722,
              48.9083296
            ],
            [
              2.4727664,
              48.9083025
            ],
            [
              2.4727958,
              48.9083466
            ]
          ]
        ]
      },
      "id": "way/84188910"
    },
    {
      "type": "Feature",
      "properties": {
        "@id": "way/84189669",
        "amenity": "police municipale",
        "building": "public",
        "source": "cadastre-dgi-fr source : Direction Générale des Impôts - Cadastre. Mise à jour : 2010",
        "wall": "no"
      },
      "geometry": {
        "type": "Polygon",
        "coordinates": [
          [
            [
              2.4775166,
              48.8945134
            ],
            [
              2.4775522,
              48.8945082
            ],
            [
              2.4775627,
              48.8945356
            ],
            [
              2.4775098,
              48.8945427
            ],
            [
              2.4774589,
              48.8945498
            ],
            [
              2.4774496,
              48.894524
            ],
            [
              2.4775166,
              48.8945134
            ]
          ]
        ]
      },
      "id": "way/84189669"
    },
    {
      "type": "Feature",
      "properties": {
        "@id": "way/84189997",
        "amenity": "community_centre",
        "building": "public",
        "name": "Maison France Services",
        "operator": "ville de Bondy",
        "source": "cadastre-dgi-fr source : Direction Générale des Impôts - Cadastre. Mise à jour : 2010"
      },
      "geometry": {
        "type": "Polygon",
        "coordinates": [
          [
            [
              2.4814228,
              48.9138411
            ],
            [
              2.481432,
              48.9138725
            ],
            [
              2.4812691,
              48.9138927
            ],
            [
              2.4812122,
              48.9136946
            ],
            [
              2.4811084,
              48.9137055
            ],
            [
              2.4811113,
              48.913726
            ],
            [
              2.4811055,
              48.9137266
            ],
            [
              2.4810772,
              48.9136209
            ],
            [
              2.481319,
              48.9135911
            ],
            [
              2.481389,
              48.9138452
            ],
            [
              2.4814228,
              48.9138411
            ]
          ]
        ]
      },
      "id": "way/84189997"
    },
    {
      "type": "Feature",
      "properties": {
        "@id": "way/84191362",
        "amenity": "social_facility",
        "building": "public",
        "name": "Ferme Caillard",
        "source": "cadastre-dgi-fr source : Direction Générale des Impôts - Cadastre. Mise à jour : 2010"
      },
      "geometry": {
        "type": "Polygon",
        "coordinates": [
          [
            [
              2.4780888,
              48.9009292
            ],
            [
              2.478042,
              48.9007977
            ],
            [
              2.4780351,
              48.9007787
            ],
            [
              2.4781244,
              48.9007625
            ],
            [
              2.4781587,
              48.900854
            ],
            [
              2.4785665,
              48.9007867
            ],
            [
              2.4786047,
              48.9008518
            ],
            [
              2.4780914,
              48.9009337
            ],
            [
              2.4780888,
              48.9009292
            ]
          ]
        ]
      },
      "id": "way/84191362"
    },
    {
      "type": "Feature",
      "properties": {
        "@id": "way/84191368",
        "amenity": "social_facility",
        "building": "public",
        "fax": "+33148474053",
        "healthcare": "senior",
        "name": "Résidence Arthur Groussier",
        "operator": "CASVP",
        "operator:type": "public",
        "phone": "+33148505280",
        "ref:FR:FINESS": "930700315",
        "social_facility": "nursing_home",
        "social_facility:for": "senior",
        "source": "cadastre-dgi-fr source : Direction Générale des Impôts - Cadastre. Mise à jour : 2010",
        "type:FR:FINESS": "500",
        "wikidata": "Q112990501"
      },
      "geometry": {
        "type": "Polygon",
        "coordinates": [
          [
            [
              2.4830691,
              48.9112204
            ],
            [
              2.483075,
              48.9111522
            ],
            [
              2.4832502,
              48.911159
            ],
            [
              2.483475,
              48.9111678
            ],
            [
              2.4834838,
              48.9110798
            ],
            [
              2.4834838,
              48.9110785
            ],
            [
              2.4834917,
              48.9109965
            ],
            [
              2.4834996,
              48.9109137
            ],
            [
              2.4834992,
              48.9108481
            ],
            [
              2.483481,
              48.9108485
            ],
            [
              2.483477,
              48.9108191
            ],
            [
              2.4834952,
              48.9108185
            ],
            [
              2.4834916,
              48.910801
            ],
            [
              2.4834322,
              48.910664
            ],
            [
              2.4833405,
              48.9104487
            ],
            [
              2.483435,
              48.9104307
            ],
            [
              2.4834369,
              48.9104342
            ],
            [
              2.4834816,
              48.9104258
            ],
            [
              2.4834907,
              48.9104498
            ],
            [
              2.4835112,
              48.9104461
            ],
            [
              2.4836562,
              48.9107764
            ],
            [
              2.4836621,
              48.9107973
            ],
            [
              2.4838896,
              48.9107863
            ],
            [
              2.4838885,
              48.9107154
            ],
            [
              2.4839479,
              48.9107128
            ],
            [
              2.4839478,
              48.9107032
            ],
            [
              2.4840817,
              48.9107025
            ],
            [
              2.4841545,
              48.9107061
            ],
            [
              2.4842603,
              48.9107137
            ],
            [
              2.4842575,
              48.9107237
            ],
            [
              2.4843185,
              48.91073
            ],
            [
              2.4843031,
              48.9108019
            ],
            [
              2.4844087,
              48.910812
            ],
            [
              2.4844709,
              48.9108198
            ],
            [
              2.4845298,
              48.9108292
            ],
            [
              2.4845584,
              48.910776
            ],
            [
              2.484594,
              48.9107208
            ],
            [
              2.4847248,
              48.910518
            ],
            [
              2.4849152,
              48.9105722
            ],
            [
              2.4848308,
              48.9107038
            ],
            [
              2.4847449,
              48.9108366
            ],
            [
              2.4847317,
              48.9108672
            ],
            [
              2.4847484,
              48.9108699
            ],
            [
              2.4847378,
              48.9109021
            ],
            [
              2.484719,
              48.9109
            ],
            [
              2.4847098,
              48.9109433
            ],
            [
              2.4847099,
              48.9109755
            ],
            [
              2.4845008,
              48.9109673
            ],
            [
              2.4845051,
              48.9109162
            ],
            [
              2.4845125,
              48.9108751
            ],
            [
              2.4844613,
              48.9108675
            ],
            [
              2.4844177,
              48.9108624
            ],
            [
              2.4842929,
              48.9108477
            ],
            [
              2.4842758,
              48.9109231
            ],
            [
              2.4842121,
              48.9109171
            ],
            [
              2.4841244,
              48.9109116
            ],
            [
              2.4840065,
              48.9109068
            ],
            [
              2.4838958,
              48.9109097
            ],
            [
              2.4838925,
              48.9108341
            ],
            [
              2.483771,
              48.9108362
            ],
            [
              2.48367,
              48.9108424
            ],
            [
              2.4836704,
              48.9108802
            ],
            [
              2.4836536,
              48.9110446
            ],
            [
              2.4836536,
              48.9110452
            ],
            [
              2.4836317,
              48.9112616
            ],
            [
              2.4835972,
              48.911261
            ],
            [
              2.4835856,
              48.9114016
            ],
            [
              2.4834877,
              48.911397
            ],
            [
              2.4834976,
              48.9112686
            ],
            [
              2.4830666,
              48.9112497
            ],
            [
              2.4830691,
              48.9112204
            ]
          ]
        ]
      },
      "id": "way/84191368"
    },
    {
      "type": "Feature",
      "properties": {
        "@id": "way/84191857",
        "amenity": "community_centre",
        "building": "public",
        "name": "Maison France Service Brassens",
        "source": "cadastre-dgi-fr source : Direction Générale des Impôts - Cadastre. Mise à jour : 2010"
      },
      "geometry": {
        "type": "Polygon",
        "coordinates": [
          [
            [
              2.4820688,
              48.9003618
            ],
            [
              2.4819239,
              48.9003912
            ],
            [
              2.4818436,
              48.9002284
            ],
            [
              2.4819956,
              48.9001952
            ],
            [
              2.4820688,
              48.9003618
            ]
          ]
        ]
      },
      "id": "way/84191857"
    },
    {
      "type": "Feature",
      "properties": {
        "@id": "way/84192628",
        "amenity": "cinema",
        "building": "public",
        "name": "Cinéma André Malraux",
        "operator": "EPT Est Ensemble",
        "source": "cadastre-dgi-fr source : Direction Générale des Impôts - Cadastre. Mise à jour : 2010"
      },
      "geometry": {
        "type": "Polygon",
        "coordinates": [
          [
            [
              2.4801673,
              48.9016506
            ],
            [
              2.4801555,
              48.9016266
            ],
            [
              2.4801723,
              48.9016231
            ],
            [
              2.4801622,
              48.9016035
            ],
            [
              2.4801324,
              48.9015425
            ],
            [
              2.4804799,
              48.9014683
            ],
            [
              2.4804823,
              48.9014681
            ],
            [
              2.4805487,
              48.9014537
            ],
            [
              2.4806008,
              48.9015588
            ],
            [
              2.4801673,
              48.9016506
            ]
          ]
        ]
      },
      "id": "way/84192628"
    },
    {
      "type": "Feature",
      "properties": {
        "@id": "way/84193148",
        "amenity": "police",
        "building": "public",
        "name": "Police nationale",
        "official_name": "Commissariat de police de Bondy",
        "operator": "Police nationale",
        "operator:wikidata": "Q121484",
        "phone": "+33 1 48 50 30 00",
        "police:FR": "police",
        "source": "cadastre-dgi-fr source : Direction Générale des Impôts - Cadastre. Mise à jour : 2010",
        "wikidata": "Q61954597"
      },
      "geometry": {
        "type": "Polygon",
        "coordinates": [
          [
            [
              2.4858424,
              48.9012957
            ],
            [
              2.486,
              48.901265
            ],
            [
              2.4861491,
              48.9016057
            ],
            [
              2.4860326,
              48.9016279
            ],
            [
              2.4860113,
              48.9016315
            ],
            [
              2.4859904,
              48.9016348
            ],
            [
              2.4859786,
              48.9016087
            ],
            [
              2.4858424,
              48.9012957
            ]
          ]
        ]
      },
      "id": "way/84193148"
    },
    {
      "type": "Feature",
      "properties": {
        "@id": "way/108571539",
        "access": "private",
        "amenity": "parking"
      },
      "geometry": {
        "type": "Polygon",
        "coordinates": [
          [
            [
              2.4844851,
              48.8940827
            ],
            [
              2.4844685,
              48.8940279
            ],
            [
              2.484756,
              48.8939875
            ],
            [
              2.4847716,
              48.8940439
            ],
            [
              2.4844851,
              48.8940827
            ]
          ]
        ]
      },
      "id": "way/108571539"
    },
    {
      "type": "Feature",
      "properties": {
        "@id": "way/108571541",
        "access": "private",
        "amenity": "parking",
        "parking": "surface"
      },
      "geometry": {
        "type": "Polygon",
        "coordinates": [
          [
            [
              2.483479,
              48.8943586
            ],
            [
              2.4834359,
              48.8942926
            ],
            [
              2.4836558,
              48.8942326
            ],
            [
              2.4836656,
              48.8942494
            ],
            [
              2.483696,
              48.8943014
            ],
            [
              2.483479,
              48.8943586
            ]
          ]
        ]
      },
      "id": "way/108571541"
    },
    {
      "type": "Feature",
      "properties": {
        "@id": "way/108571542",
        "access": "private",
        "amenity": "parking",
        "parking": "street_side"
      },
      "geometry": {
        "type": "Polygon",
        "coordinates": [
          [
            [
              2.4839428,
              48.895407
            ],
            [
              2.483916,
              48.8953594
            ],
            [
              2.483975,
              48.8953435
            ],
            [
              2.4839535,
              48.8953048
            ],
            [
              2.4841689,
              48.8952484
            ],
            [
              2.4842441,
              48.8953747
            ],
            [
              2.4840367,
              48.89543
            ],
            [
              2.4840125,
              48.8953912
            ],
            [
              2.4839428,
              48.895407
            ]
          ]
        ]
      },
      "id": "way/108571542"
    },
    {
      "type": "Feature",
      "properties": {
        "@id": "way/108572555",
        "access": "private",
        "amenity": "parking"
      },
      "geometry": {
        "type": "Polygon",
        "coordinates": [
          [
            [
              2.481559,
              48.8955306
            ],
            [
              2.4813728,
              48.8955748
            ],
            [
              2.481349,
              48.8955805
            ],
            [
              2.4812686,
              48.8954337
            ],
            [
              2.4814752,
              48.8953841
            ],
            [
              2.481559,
              48.8955306
            ]
          ]
        ]
      },
      "id": "way/108572555"
    },
    {
      "type": "Feature",
      "properties": {
        "@id": "way/108649321",
        "access": "customers",
        "amenity": "parking",
        "fee": "no",
        "parking": "surface"
      },
      "geometry": {
        "type": "Polygon",
        "coordinates": [
          [
            [
              2.4893582,
              48.9075886
            ],
            [
              2.4891704,
              48.9073788
            ],
            [
              2.4892589,
              48.9073118
            ],
            [
              2.4897337,
              48.9073823
            ],
            [
              2.4896586,
              48.9074934
            ],
            [
              2.4896304,
              48.9075015
            ],
            [
              2.4894593,
              48.9075521
            ],
            [
              2.4893582,
              48.9075886
            ]
          ]
        ]
      },
      "id": "way/108649321"
    },
    {
      "type": "Feature",
      "properties": {
        "@id": "way/108649326",
        "access": "customers",
        "amenity": "parking",
        "fee": "no",
        "parking": "surface"
      },
      "geometry": {
        "type": "Polygon",
        "coordinates": [
          [
            [
              2.4903613,
              48.9080664
            ],
            [
              2.4905491,
              48.9081863
            ],
            [
              2.4902674,
              48.9083625
            ],
            [
              2.4902191,
              48.9083238
            ],
            [
              2.4900984,
              48.9083678
            ],
            [
              2.4899643,
              48.9082056
            ],
            [
              2.4901115,
              48.9081578
            ],
            [
              2.4903023,
              48.9080863
            ],
            [
              2.4903613,
              48.9080664
            ]
          ]
        ]
      },
      "id": "way/108649326"
    },
    {
      "type": "Feature",
      "properties": {
        "@id": "way/108649329",
        "access": "customers",
        "amenity": "parking",
        "fee": "no",
        "parking": "surface"
      },
      "geometry": {
        "type": "Polygon",
        "coordinates": [
          [
            [
              2.4902819,
              48.9079424
            ],
            [
              2.4900636,
              48.9076838
            ],
            [
              2.4902066,
              48.9076292
            ],
            [
              2.4902728,
              48.9076098
            ],
            [
              2.4903372,
              48.9076803
            ],
            [
              2.4903908,
              48.9076873
            ],
            [
              2.490482,
              48.9078002
            ],
            [
              2.4904713,
              48.9078707
            ],
            [
              2.4902819,
              48.9079424
            ]
          ]
        ]
      },
      "id": "way/108649329"
    },
    {
      "type": "Feature",
      "properties": {
        "@id": "way/108649959",
        "amenity": "parking"
      },
      "geometry": {
        "type": "Polygon",
        "coordinates": [
          [
            [
              2.4873116,
              48.9067089
            ],
            [
              2.4874083,
              48.9064316
            ],
            [
              2.4874479,
              48.9064435
            ],
            [
              2.487506,
              48.9063856
            ],
            [
              2.4874518,
              48.9063684
            ],
            [
              2.4876189,
              48.9062896
            ],
            [
              2.4877019,
              48.9063515
            ],
            [
              2.4877333,
              48.9063805
            ],
            [
              2.4880466,
              48.9065891
            ],
            [
              2.4879688,
              48.9068111
            ],
            [
              2.4873116,
              48.9067089
            ]
          ]
        ]
      },
      "id": "way/108649959"
    },
    {
      "type": "Feature",
      "properties": {
        "@id": "way/133612936",
        "amenity": "place_of_worship",
        "building": "church",
        "denomination": "catholic",
        "name": "Église du Christ-Ressuscité",
        "ref:FR:CEF": "93010_03",
        "religion": "christian",
        "source": "cadastre-dgi-fr source : Direction Générale des Impôts - Cadastre. Mise à jour : 2010",
        "wikidata": "Q20033497"
      },
      "geometry": {
        "type": "Polygon",
        "coordinates": [
          [
            [
              2.4793469,
              48.9148123
            ],
            [
              2.4793731,
              48.9149119
            ],
            [
              2.479108,
              48.9149436
            ],
            [
              2.4790057,
              48.9145712
            ],
            [
              2.4792564,
              48.9145398
            ],
            [
              2.479279,
              48.9145362
            ],
            [
              2.4792889,
              48.9145753
            ],
            [
              2.4793433,
              48.9147927
            ],
            [
              2.4793469,
              48.9148123
            ]
          ]
        ]
      },
      "id": "way/133612936"
    },
    {
      "type": "Feature",
      "properties": {
        "@id": "way/167227195",
        "addr:city": "Bondy",
        "addr:housenumber": "4-6",
        "amenity": "school",
        "name": "Collège Henri Sellier",
        "operator:type": "public",
        "ref:UAI": "0931788N",
        "school:FR": "collège",
        "source": "data.gouv.fr:Ministère de l'Éducation nationale, de la Jeunesse et de la Vie associative - 05/2012"
      },
      "geometry": {
        "type": "Polygon",
        "coordinates": [
          [
            [
              2.4935591,
              48.9023054
            ],
            [
              2.4934732,
              48.9022763
            ],
            [
              2.4932772,
              48.9020201
            ],
            [
              2.4934137,
              48.9019731
            ],
            [
              2.4933489,
              48.9018947
            ],
            [
              2.4932557,
              48.9019268
            ],
            [
              2.4929239,
              48.9014976
            ],
            [
              2.492869,
              48.9015185
            ],
            [
              2.4927089,
              48.9013077
            ],
            [
              2.4923947,
              48.9008938
            ],
            [
              2.4925423,
              48.9008328
            ],
            [
              2.492528,
              48.9008141
            ],
            [
              2.4925145,
              48.9007963
            ],
            [
              2.4931044,
              48.9005891
            ],
            [
              2.4943598,
              48.902135
            ],
            [
              2.4935591,
              48.9023054
            ]
          ]
        ]
      },
      "id": "way/167227195"
    },
    {
      "type": "Feature",
      "properties": {
        "@id": "way/244677624",
        "access": "private",
        "amenity": "parking"
      },
      "geometry": {
        "type": "Polygon",
        "coordinates": [
          [
            [
              2.4903363,
              48.8912191
            ],
            [
              2.4897937,
              48.8901473
            ],
            [
              2.4899834,
              48.8901016
            ],
            [
              2.4905379,
              48.8911086
            ],
            [
              2.4903363,
              48.8912191
            ]
          ]
        ]
      },
      "id": "way/244677624"
    },
    {
      "type": "Feature",
      "properties": {
        "@id": "way/244948430",
        "addr:city": "Bondy",
        "addr:postcode": "93140",
        "addr:street": "Esplanade Claude Fuzier",
        "amenity": "parking",
        "parking": "surface"
      },
      "geometry": {
        "type": "Polygon",
        "coordinates": [
          [
            [
              2.4820971,
              48.9018313
            ],
            [
              2.4822675,
              48.901795
            ],
            [
              2.4824068,
              48.9021832
            ],
            [
              2.4822195,
              48.9022226
            ],
            [
              2.4820971,
              48.9018313
            ]
          ]
        ]
      },
      "id": "way/244948430"
    },
    {
      "type": "Feature",
      "properties": {
        "@id": "way/245310634",
        "amenity": "parking"
      },
      "geometry": {
        "type": "Polygon",
        "coordinates": [
          [
            [
              2.4811789,
              48.8880759
            ],
            [
              2.4812259,
              48.8879868
            ],
            [
              2.4813313,
              48.888008
            ],
            [
              2.4813529,
              48.8879693
            ],
            [
              2.4815966,
              48.8880206
            ],
            [
              2.4815654,
              48.8880798
            ],
            [
              2.4816182,
              48.8880925
            ],
            [
              2.4815981,
              48.8881316
            ],
            [
              2.4815786,
              48.8881698
            ],
            [
              2.4811789,
              48.8880759
            ]
          ]
        ]
      },
      "id": "way/245310634"
    },
    {
      "type": "Feature",
      "properties": {
        "@id": "way/248813244",
        "access": "private",
        "amenity": "parking"
      },
      "geometry": {
        "type": "Polygon",
        "coordinates": [
          [
            [
              2.4842446,
              48.9144278
            ],
            [
              2.4840799,
              48.914168
            ],
            [
              2.4840352,
              48.9140863
            ],
            [
              2.4839842,
              48.9141004
            ],
            [
              2.4838367,
              48.9138483
            ],
            [
              2.4840447,
              48.9137956
            ],
            [
              2.4843991,
              48.9143832
            ],
            [
              2.4842446,
              48.9144278
            ]
          ]
        ]
      },
      "id": "way/248813244"
    },
    {
      "type": "Feature",
      "properties": {
        "@id": "way/248813245",
        "amenity": "parking",
        "name": "parking LIDL",
        "parking": "surface",
        "surface": "asphalt"
      },
      "geometry": {
        "type": "Polygon",
        "coordinates": [
          [
            [
              2.4828503,
              48.9135722
            ],
            [
              2.4827987,
              48.9134887
            ],
            [
              2.4830227,
              48.9134289
            ],
            [
              2.4832034,
              48.9133783
            ],
            [
              2.483266,
              48.9134999
            ],
            [
              2.4832423,
              48.9135062
            ],
            [
              2.4833715,
              48.9137192
            ],
            [
              2.4834149,
              48.9137865
            ],
            [
              2.4835491,
              48.9137507
            ],
            [
              2.4836014,
              48.9138343
            ],
            [
              2.483635,
              48.9138255
            ],
            [
              2.4837821,
              48.9137868
            ],
            [
              2.4838202,
              48.9138448
            ],
            [
              2.4839616,
              48.9140794
            ],
            [
              2.4833915,
              48.9142291
            ],
            [
              2.483017,
              48.9139267
            ],
            [
              2.4830495,
              48.9139109
            ],
            [
              2.4830221,
              48.9138665
            ],
            [
              2.4828503,
              48.9135722
            ]
          ]
        ]
      },
      "id": "way/248813245"
    },
    {
      "type": "Feature",
      "properties": {
        "@id": "way/248814761",
        "access": "private",
        "amenity": "parking"
      },
      "geometry": {
        "type": "Polygon",
        "coordinates": [
          [
            [
              2.4828503,
              48.9135722
            ],
            [
              2.4828184,
              48.9135815
            ],
            [
              2.4827762,
              48.9135937
            ],
            [
              2.4826756,
              48.9136247
            ],
            [
              2.4824205,
              48.9134094
            ],
            [
              2.4822877,
              48.9131998
            ],
            [
              2.482788,
              48.9130515
            ],
            [
              2.4830227,
              48.9134289
            ],
            [
              2.4827987,
              48.9134887
            ],
            [
              2.4828503,
              48.9135722
            ]
          ]
        ]
      },
      "id": "way/248814761"
    },
    {
      "type": "Feature",
      "properties": {
        "@id": "way/256244194",
        "amenity": "parking",
        "fee": "yes",
        "name": "Place Charles De Gaulle",
        "parking": "surface",
        "place": "square",
        "supervised": "no"
      },
      "geometry": {
        "type": "Polygon",
        "coordinates": [
          [
            [
              2.4786711,
              48.9010418
            ],
            [
              2.4778339,
              48.9012026
            ],
            [
              2.4778248,
              48.9011819
            ],
            [
              2.4777589,
              48.9010314
            ],
            [
              2.477752,
              48.9010158
            ],
            [
              2.478588,
              48.9008654
            ],
            [
              2.4786711,
              48.9010418
            ]
          ]
        ]
      },
      "id": "way/256244194"
    },
    {
      "type": "Feature",
      "properties": {
        "@id": "way/256245641",
        "amenity": "parking",
        "building:levels": "0",
        "building:owner": "BONDY HABITAT",
        "name": "Place Nicole Neuburger",
        "start_date": "1954"
      },
      "geometry": {
        "type": "Polygon",
        "coordinates": [
          [
            [
              2.4907383,
              48.9010965
            ],
            [
              2.4911397,
              48.9009809
            ],
            [
              2.4914521,
              48.9014696
            ],
            [
              2.4910507,
              48.90158
            ],
            [
              2.4907383,
              48.9010965
            ]
          ]
        ]
      },
      "id": "way/256245641"
    },
    {
      "type": "Feature",
      "properties": {
        "@id": "way/256316788",
        "access": "customers",
        "amenity": "parking"
      },
      "geometry": {
        "type": "Polygon",
        "coordinates": [
          [
            [
              2.4881641,
              48.8949862
            ],
            [
              2.488322,
              48.8947216
            ],
            [
              2.4885284,
              48.894776
            ],
            [
              2.4883797,
              48.8950042
            ],
            [
              2.4881641,
              48.8949862
            ]
          ]
        ]
      },
      "id": "way/256316788"
    },
    {
      "type": "Feature",
      "properties": {
        "@id": "way/280617122",
        "amenity": "shelter",
        "shelter_type": "public_transport"
      },
      "geometry": {
        "type": "Polygon",
        "coordinates": [
          [
            [
              2.4877067,
              48.8931887
            ],
            [
              2.4876993,
              48.8931669
            ],
            [
              2.4876963,
              48.8931582
            ],
            [
              2.4878339,
              48.8931378
            ],
            [
              2.487837,
              48.8931466
            ],
            [
              2.4878444,
              48.8931683
            ],
            [
              2.4877067,
              48.8931887
            ]
          ]
        ]
      },
      "id": "way/280617122"
    },
    {
      "type": "Feature",
      "properties": {
        "@id": "way/280617125",
        "amenity": "shelter",
        "shelter_type": "public_transport"
      },
      "geometry": {
        "type": "Polygon",
        "coordinates": [
          [
            [
              2.4876667,
              48.8930686
            ],
            [
              2.4878028,
              48.8930482
            ],
            [
              2.4878125,
              48.8930764
            ],
            [
              2.4876765,
              48.8930968
            ],
            [
              2.4876667,
              48.8930686
            ]
          ]
        ]
      },
      "id": "way/280617125"
    },
    {
      "type": "Feature",
      "properties": {
        "@id": "way/280617126",
        "amenity": "bicycle_parking",
        "bicycle_parking": "stands",
        "capacity": "9",
        "covered": "yes"
      },
      "geometry": {
        "type": "Polygon",
        "coordinates": [
          [
            [
              2.4873454,
              48.8932432
            ],
            [
              2.4874255,
              48.8932309
            ],
            [
              2.4874348,
              48.8932572
            ],
            [
              2.4873547,
              48.8932694
            ],
            [
              2.4873454,
              48.8932432
            ]
          ]
        ]
      },
      "id": "way/280617126"
    },
    {
      "type": "Feature",
      "properties": {
        "@id": "way/390918364",
        "amenity": "parking"
      },
      "geometry": {
        "type": "Polygon",
        "coordinates": [
          [
            [
              2.4852664,
              48.9073951
            ],
            [
              2.4853603,
              48.9070034
            ],
            [
              2.4854508,
              48.9070112
            ],
            [
              2.4855188,
              48.9067728
            ],
            [
              2.4860521,
              48.906828
            ],
            [
              2.4859004,
              48.9074607
            ],
            [
              2.4852664,
              48.9073951
            ]
          ]
        ]
      },
      "id": "way/390918364"
    },
    {
      "type": "Feature",
      "properties": {
        "@id": "way/398434522",
        "amenity": "recycling",
        "fax": "+33 1 48 02 75 46",
        "name": "Déchèterie de Bondy",
        "opening_hours": "Mo,We,Fr,Sa 09:00-19:30 \"Bondynois uniquement\", Su 09:00-12:00 \"Bondynois uniquement\", Tu,Th 09:00-19:30 \"Professionnels uniquement\"",
        "operator": "Sépur Neuilly Sur Marne",
        "phone": "+33148479205",
        "recycling:batteries": "yes",
        "recycling:glass": "yes",
        "recycling:glass_bottles": "yes",
        "recycling:green_waste": "yes",
        "recycling:plastic": "yes",
        "recycling:plastic_bottles": "yes",
        "recycling_type": "centre",
        "ref:FR:SINOE": "30038",
        "source": "ADEME - SINOE Annuaire des déchèteries DMA - 2024",
        "source:name": "user: \"Teuxe; Changeset: 3249256\"",
        "start_date": "1995-05-01"
      },
      "geometry": {
        "type": "Polygon",
        "coordinates": [
          [
            [
              2.4914187,
              48.9171112
            ],
            [
              2.4914744,
              48.9170962
            ],
            [
              2.4914669,
              48.9170867
            ],
            [
              2.491543,
              48.9170634
            ],
            [
              2.4915768,
              48.9170709
            ],
            [
              2.4914637,
              48.9172047
            ],
            [
              2.4913592,
              48.9173045
            ],
            [
              2.4907725,
              48.9173443
            ],
            [
              2.4907271,
              48.9172616
            ],
            [
              2.4912596,
              48.9171283
            ],
            [
              2.491403,
              48.9170868
            ],
            [
              2.4914187,
              48.9171112
            ]
          ]
        ]
      },
      "id": "way/398434522"
    },
    {
      "type": "Feature",
      "properties": {
        "@id": "way/398434537",
        "amenity": "social_centre",
        "building": "public",
        "building:levels": "2",
        "dwellings": "15",
        "name": "Maison Marianne",
        "operator": "ville de Bondy",
        "polling_station": "yes",
        "polling_station:ref": "31",
        "start_date": "2012"
      },
      "geometry": {
        "type": "Polygon",
        "coordinates": [
          [
            [
              2.482679,
              48.8997465
            ],
            [
              2.4826275,
              48.899609
            ],
            [
              2.4834867,
              48.8992872
            ],
            [
              2.4835928,
              48.8995708
            ],
            [
              2.4835773,
              48.8995733
            ],
            [
              2.4835871,
              48.8995997
            ],
            [
              2.4834711,
              48.8996185
            ],
            [
              2.483448,
              48.8996221
            ],
            [
              2.4828359,
              48.8997212
            ],
            [
              2.482813,
              48.8997248
            ],
            [
              2.482679,
              48.8997465
            ]
          ]
        ]
      },
      "id": "way/398434537"
    },
    {
      "type": "Feature",
      "properties": {
        "@id": "way/398434555",
        "addr:city": "Bondy",
        "addr:housenumber": "8",
        "addr:street": "rue de la terre Saint-Blaise",
        "amenity": "social_facility",
        "building": "public",
        "name": "Centre de Loisirs Saint-Exupery",
        "operator": "ville de Bondy",
        "social_facility:for": "child"
      },
      "geometry": {
        "type": "Polygon",
        "coordinates": [
          [
            [
              2.48142,
              48.9162172
            ],
            [
              2.4815017,
              48.9162071
            ],
            [
              2.4815042,
              48.916216
            ],
            [
              2.4815843,
              48.9162062
            ],
            [
              2.4815818,
              48.9161972
            ],
            [
              2.4816608,
              48.9161875
            ],
            [
              2.4816633,
              48.916196
            ],
            [
              2.4817436,
              48.9161861
            ],
            [
              2.4817411,
              48.9161776
            ],
            [
              2.4818168,
              48.9161683
            ],
            [
              2.4818623,
              48.9163279
            ],
            [
              2.4817841,
              48.9163375
            ],
            [
              2.481769,
              48.9162848
            ],
            [
              2.4816887,
              48.9162947
            ],
            [
              2.4817037,
              48.9163474
            ],
            [
              2.4816266,
              48.9163569
            ],
            [
              2.4816115,
              48.9163038
            ],
            [
              2.4815281,
              48.916314
            ],
            [
              2.4815433,
              48.9163672
            ],
            [
              2.4814655,
              48.9163768
            ],
            [
              2.48142,
              48.9162172
            ]
          ]
        ]
      },
      "id": "way/398434555"
    },
    {
      "type": "Feature",
      "properties": {
        "@id": "way/398434578",
        "addr:city": "Bondy",
        "addr:housenumber": "75",
        "amenity": "theatre",
        "building": "public",
        "name": "Auditorium Angèle et Roger Tribouilloy"
      },
      "geometry": {
        "type": "Polygon",
        "coordinates": [
          [
            [
              2.4879273,
              48.9019806
            ],
            [
              2.4875578,
              48.9020135
            ],
            [
              2.4875024,
              48.9017452
            ],
            [
              2.4878719,
              48.9017122
            ],
            [
              2.4879273,
              48.9019806
            ]
          ]
        ]
      },
      "id": "way/398434578"
    },
    {
      "type": "Feature",
      "properties": {
        "@id": "way/441185211",
        "amenity": "school",
        "name": "École maternelle Jean Zay",
        "operator": "Ville de Bondy",
        "operator:type": "public",
        "polling_station": "yes",
        "polling_station_ref": "04",
        "ref:UAI": "0930414V",
        "school:FR": "maternelle",
        "source": "data.gouv.fr:Éducation Nationale - 05/2016"
      },
      "geometry": {
        "type": "Polygon",
        "coordinates": [
          [
            [
              2.48144,
              48.9115736
            ],
            [
              2.4816831,
              48.9115039
            ],
            [
              2.4816532,
              48.9114617
            ],
            [
              2.4822037,
              48.9112979
            ],
            [
              2.4823469,
              48.9113312
            ],
            [
              2.4823944,
              48.9114045
            ],
            [
              2.4824772,
              48.9114391
            ],
            [
              2.4825951,
              48.9116192
            ],
            [
              2.4826647,
              48.911731
            ],
            [
              2.4815382,
              48.9120589
            ],
            [
              2.4812362,
              48.9116245
            ],
            [
              2.4813108,
              48.911604
            ],
            [
              2.4812933,
              48.9115776
            ],
            [
              2.4814189,
              48.9115423
            ],
            [
              2.48144,
              48.9115736
            ]
          ]
        ]
      },
      "id": "way/441185211"
    },
    {
      "type": "Feature",
      "properties": {
        "@id": "way/441193894",
        "amenity": "community_centre",
        "building": "public",
        "name": "Maison des Parents"
      },
      "geometry": {
        "type": "Polygon",
        "coordinates": [
          [
            [
              2.4903949,
              48.9011884
            ],
            [
              2.4905309,
              48.9011343
            ],
            [
              2.4905627,
              48.9011817
            ],
            [
              2.4904202,
              48.9012304
            ],
            [
              2.4903949,
              48.9011884
            ]
          ]
        ]
      },
      "id": "way/441193894"
    },
    {
      "type": "Feature",
      "properties": {
        "@id": "way/466681867",
        "amenity": "school",
        "name": "Groupe Scolaire Mainguy Guehenno",
        "operator:type": "public",
        "ref:UAI": "0930237C",
        "school:FR": "primaire",
        "source": "data.gouv.fr:Éducation Nationale - 05/2016"
      },
      "geometry": {
        "type": "Polygon",
        "coordinates": [
          [
            [
              2.4762062,
              48.9016147
            ],
            [
              2.4769118,
              48.9014763
            ],
            [
              2.4771544,
              48.9020186
            ],
            [
              2.4770621,
              48.9020399
            ],
            [
              2.4770608,
              48.9020402
            ],
            [
              2.4770445,
              48.9020441
            ],
            [
              2.4768938,
              48.9020776
            ],
            [
              2.4767671,
              48.902107
            ],
            [
              2.4766984,
              48.9021232
            ],
            [
              2.4766399,
              48.9021362
            ],
            [
              2.476584,
              48.9021489
            ],
            [
              2.4765122,
              48.9021657
            ],
            [
              2.4764139,
              48.9021883
            ],
            [
              2.4763451,
              48.902204
            ],
            [
              2.476056,
              48.9022688
            ],
            [
              2.4759178,
              48.9020405
            ],
            [
              2.4760025,
              48.9020256
            ],
            [
              2.476073,
              48.9020112
            ],
            [
              2.4761514,
              48.9019951
            ],
            [
              2.4762401,
              48.9019773
            ],
            [
              2.476277,
              48.9019704
            ],
            [
              2.4763093,
              48.9019638
            ],
            [
              2.4763577,
              48.9019541
            ],
            [
              2.4762062,
              48.9016147
            ]
          ]
        ]
      },
      "id": "way/466681867"
    },
    {
      "type": "Feature",
      "properties": {
        "@id": "way/466683454",
        "amenity": "school",
        "name": "École maternelle Mainguy",
        "operator:type": "public",
        "ref:UAI": "0930501P",
        "school:FR": "maternelle",
        "source": "data.gouv.fr:Éducation Nationale - 05/2016"
      },
      "geometry": {
        "type": "Polygon",
        "coordinates": [
          [
            [
              2.4760037,
              48.9015624
            ],
            [
              2.4758293,
              48.9011763
            ],
            [
              2.4765557,
              48.9010707
            ],
            [
              2.4767118,
              48.9014214
            ],
            [
              2.4760037,
              48.9015624
            ]
          ]
        ]
      },
      "id": "way/466683454"
    },
    {
      "type": "Feature",
      "properties": {
        "@id": "way/562293498",
        "amenity": "marketplace"
      },
      "geometry": {
        "type": "Polygon",
        "coordinates": [
          [
            [
              2.4820593,
              48.9029548
            ],
            [
              2.4820287,
              48.9027941
            ],
            [
              2.4823086,
              48.902771
            ],
            [
              2.4823392,
              48.9029317
            ],
            [
              2.4820593,
              48.9029548
            ]
          ]
        ]
      },
      "id": "way/562293498"
    },
    {
      "type": "Feature",
      "properties": {
        "@id": "way/604004174",
        "addr:city": "Bondy",
        "addr:postcode": "93140",
        "amenity": "school",
        "denomination": "catholic",
        "name": "École, Collège, Lycée et Établissement Supérieur Assomption de Bondy",
        "religion": "christian"
      },
      "geometry": {
        "type": "Polygon",
        "coordinates": [
          [
            [
              2.4904445,
              48.9048165
            ],
            [
              2.489689,
              48.9036292
            ],
            [
              2.4891165,
              48.9027295
            ],
            [
              2.48903,
              48.9025936
            ],
            [
              2.4890061,
              48.902556
            ],
            [
              2.4892504,
              48.9024775
            ],
            [
              2.4897143,
              48.9023286
            ],
            [
              2.491023,
              48.9043662
            ],
            [
              2.4904445,
              48.9048165
            ]
          ]
        ]
      },
      "id": "way/604004174"
    },
    {
      "type": "Feature",
      "properties": {
        "@id": "way/615440555",
        "access": "customers",
        "amenity": "parking",
        "fee": "yes",
        "parking": "lane"
      },
      "geometry": {
        "type": "Polygon",
        "coordinates": [
          [
            [
              2.4891899,
              48.8949312
            ],
            [
              2.4891947,
              48.8949056
            ],
            [
              2.4894071,
              48.8949187
            ],
            [
              2.4894042,
              48.8949424
            ],
            [
              2.4891899,
              48.8949312
            ]
          ]
        ]
      },
      "id": "way/615440555"
    },
    {
      "type": "Feature",
      "properties": {
        "@id": "way/724311855",
        "addr:city": "Bondy",
        "addr:housenumber": "128",
        "amenity": "school",
        "name": "Collège Pierre Curie",
        "operator:type": "public",
        "ref:UAI": "0931005M",
        "school:FR": "collège"
      },
      "geometry": {
        "type": "Polygon",
        "coordinates": [
          [
            [
              2.4867526,
              48.8924466
            ],
            [
              2.4859997,
              48.891036
            ],
            [
              2.4858854,
              48.8908162
            ],
            [
              2.4867213,
              48.8906865
            ],
            [
              2.4867586,
              48.8907714
            ],
            [
              2.4868901,
              48.8910495
            ],
            [
              2.4869113,
              48.8910988
            ],
            [
              2.4868558,
              48.891114
            ],
            [
              2.486965,
              48.8913105
            ],
            [
              2.4869483,
              48.8913148
            ],
            [
              2.4874406,
              48.8921678
            ],
            [
              2.4872278,
              48.8922207
            ],
            [
              2.487251,
              48.8922612
            ],
            [
              2.4872741,
              48.8923016
            ],
            [
              2.4869049,
              48.8923929
            ],
            [
              2.4869141,
              48.8924084
            ],
            [
              2.4867526,
              48.8924466
            ]
          ]
        ]
      },
      "id": "way/724311855"
    },
    {
      "type": "Feature",
      "properties": {
        "@id": "way/724331535",
        "addr:city": "Bondy",
        "addr:housenumber": "77",
        "amenity": "school",
        "name": "Collège Pierre Brossolette",
        "operator:type": "public",
        "ref:UAI": "0931860S",
        "school:FR": "collège"
      },
      "geometry": {
        "type": "Polygon",
        "coordinates": [
          [
            [
              2.4878545,
              48.9025967
            ],
            [
              2.4879538,
              48.9026843
            ],
            [
              2.4884385,
              48.9024486
            ],
            [
              2.4886147,
              48.9027117
            ],
            [
              2.48903,
              48.9025936
            ],
            [
              2.4891165,
              48.9027295
            ],
            [
              2.489689,
              48.9036292
            ],
            [
              2.4891573,
              48.903778
            ],
            [
              2.4891175,
              48.9037997
            ],
            [
              2.4890984,
              48.9038101
            ],
            [
              2.489047,
              48.9038381
            ],
            [
              2.4888558,
              48.9039423
            ],
            [
              2.4885492,
              48.9041095
            ],
            [
              2.487836,
              48.9038556
            ],
            [
              2.4876775,
              48.9026139
            ],
            [
              2.4877524,
              48.9026066
            ],
            [
              2.4878545,
              48.9025967
            ]
          ]
        ]
      },
      "id": "way/724331535"
    },
    {
      "type": "Feature",
      "properties": {
        "@id": "way/756485546",
        "amenity": "parking"
      },
      "geometry": {
        "type": "Polygon",
        "coordinates": [
          [
            [
              2.485415,
              48.9003137
            ],
            [
              2.485585,
              48.9002807
            ],
            [
              2.4856168,
              48.9003539
            ],
            [
              2.4856794,
              48.9004977
            ],
            [
              2.4857464,
              48.9006515
            ],
            [
              2.4859156,
              48.9010402
            ],
            [
              2.4857436,
              48.9010704
            ],
            [
              2.485415,
              48.9003137
            ]
          ]
        ]
      },
      "id": "way/756485546"
    },
    {
      "type": "Feature",
      "properties": {
        "@id": "way/859202884",
        "amenity": "parking_space",
        "capacity": "8"
      },
      "geometry": {
        "type": "Polygon",
        "coordinates": [
          [
            [
              2.4895828,
              48.8985325
            ],
            [
              2.4894749,
              48.8983667
            ],
            [
              2.4895379,
              48.8983376
            ],
            [
              2.4896546,
              48.8985029
            ],
            [
              2.4895828,
              48.8985325
            ]
          ]
        ]
      },
      "id": "way/859202884"
    },
    {
      "type": "Feature",
      "properties": {
        "@id": "way/884289396",
        "amenity": "school",
        "name": "groupe scolaire Olympe de Gouges",
        "polling_station": "yes",
        "polling_station:ref": "24",
        "school:FR": "élémentaire",
        "start_date": "2008"
      },
      "geometry": {
        "type": "Polygon",
        "coordinates": [
          [
            [
              2.4833366,
              48.9125421
            ],
            [
              2.4839873,
              48.912349
            ],
            [
              2.4838576,
              48.9121563
            ],
            [
              2.4840243,
              48.9121042
            ],
            [
              2.484047,
              48.9121366
            ],
            [
              2.4843753,
              48.9120373
            ],
            [
              2.484479,
              48.9119593
            ],
            [
              2.4845037,
              48.9119115
            ],
            [
              2.4845219,
              48.9118514
            ],
            [
              2.4845277,
              48.9117943
            ],
            [
              2.4845225,
              48.9117644
            ],
            [
              2.4845063,
              48.911718
            ],
            [
              2.4845971,
              48.9116822
            ],
            [
              2.4850337,
              48.9122053
            ],
            [
              2.4850447,
              48.9122241
            ],
            [
              2.4850408,
              48.9122437
            ],
            [
              2.4850311,
              48.9122543
            ],
            [
              2.4846127,
              48.9123797
            ],
            [
              2.4845964,
              48.9123562
            ],
            [
              2.4845885,
              48.9123424
            ],
            [
              2.4844414,
              48.9123852
            ],
            [
              2.4842588,
              48.9124384
            ],
            [
              2.4842851,
              48.9124765
            ],
            [
              2.4835592,
              48.9126909
            ],
            [
              2.4834145,
              48.9126623
            ],
            [
              2.4833366,
              48.9125421
            ]
          ]
        ]
      },
      "id": "way/884289396"
    },
    {
      "type": "Feature",
      "properties": {
        "@id": "way/906088650",
        "amenity": "parking",
        "fixme": "A l'entrée, panneau \"stationnement à durée limitée avec contrôle par disque\" mais je n'ai pas trouvé comment le renseigné dans les attributs"
      },
      "geometry": {
        "type": "Polygon",
        "coordinates": [
          [
            [
              2.4844458,
              48.8928879
            ],
            [
              2.4842978,
              48.8925731
            ],
            [
              2.484765,
              48.892471
            ],
            [
              2.484926,
              48.8928125
            ],
            [
              2.484645,
              48.8928566
            ],
            [
              2.4844458,
              48.8928879
            ]
          ]
        ]
      },
      "id": "way/906088650"
    },
    {
      "type": "Feature",
      "properties": {
        "@id": "way/910728727",
        "addr:city": "Bondy",
        "addr:housenumber": "8bis",
        "amenity": "kindergarten",
        "kindergarten:FR": "multi_accueil",
        "name": "Crèche Départementale De Lattre de Tassigny",
        "operator:type": "public"
      },
      "geometry": {
        "type": "Polygon",
        "coordinates": [
          [
            [
              2.4816925,
              48.904819
            ],
            [
              2.4815961,
              48.9044156
            ],
            [
              2.4818898,
              48.904279
            ],
            [
              2.481914,
              48.9042708
            ],
            [
              2.4819605,
              48.904262
            ],
            [
              2.4820254,
              48.9042527
            ],
            [
              2.4825162,
              48.9042653
            ],
            [
              2.4825519,
              48.9044047
            ],
            [
              2.4825139,
              48.9045049
            ],
            [
              2.4824721,
              48.9046152
            ],
            [
              2.4824597,
              48.9046227
            ],
            [
              2.4824465,
              48.9046284
            ],
            [
              2.4824293,
              48.9046317
            ],
            [
              2.4824116,
              48.9046314
            ],
            [
              2.4823914,
              48.9046234
            ],
            [
              2.4823797,
              48.9046098
            ],
            [
              2.4823716,
              48.9045985
            ],
            [
              2.4823618,
              48.9046403
            ],
            [
              2.482355,
              48.9046693
            ],
            [
              2.4823487,
              48.9047091
            ],
            [
              2.4822939,
              48.9047157
            ],
            [
              2.4823031,
              48.9047537
            ],
            [
              2.4823312,
              48.9048689
            ],
            [
              2.4819067,
              48.9049108
            ],
            [
              2.4816925,
              48.904819
            ]
          ]
        ]
      },
      "id": "way/910728727"
    },
    {
      "type": "Feature",
      "properties": {
        "@id": "way/910731024",
        "addr:housenumber": "5",
        "amenity": "kindergarten",
        "kindergarten:FR": "multi_accueil",
        "name": "Crèche Départementale Janusz Korczak",
        "operator:type": "public"
      },
      "geometry": {
        "type": "Polygon",
        "coordinates": [
          [
            [
              2.4774715,
              48.8937293
            ],
            [
              2.4774062,
              48.8934
            ],
            [
              2.4774242,
              48.8933914
            ],
            [
              2.4774585,
              48.8933748
            ],
            [
              2.4777713,
              48.8934808
            ],
            [
              2.4777736,
              48.893507
            ],
            [
              2.4777918,
              48.8936546
            ],
            [
              2.4777969,
              48.8936951
            ],
            [
              2.4776692,
              48.8937081
            ],
            [
              2.4775022,
              48.8937266
            ],
            [
              2.4774715,
              48.8937293
            ]
          ]
        ]
      },
      "id": "way/910731024"
    },
    {
      "type": "Feature",
      "properties": {
        "@id": "way/910735604",
        "addr:housenumber": "20",
        "amenity": "kindergarten",
        "kindergarten:FR": "multi_accueil",
        "name": "Crèche Départementale Léon Blum",
        "operator:type": "public"
      },
      "geometry": {
        "type": "Polygon",
        "coordinates": [
          [
            [
              2.4798811,
              48.9167262
            ],
            [
              2.4798011,
              48.9166797
            ],
            [
              2.4797653,
              48.916543
            ],
            [
              2.4798321,
              48.9165343
            ],
            [
              2.4798086,
              48.9164359
            ],
            [
              2.4794705,
              48.9164761
            ],
            [
              2.4794377,
              48.91635
            ],
            [
              2.4793603,
              48.9160521
            ],
            [
              2.4794046,
              48.9160491
            ],
            [
              2.4793914,
              48.9160144
            ],
            [
              2.4798764,
              48.9159537
            ],
            [
              2.479884,
              48.915965
            ],
            [
              2.4799239,
              48.9160496
            ],
            [
              2.480071,
              48.9160758
            ],
            [
              2.4801054,
              48.9160838
            ],
            [
              2.4802274,
              48.9160951
            ],
            [
              2.4802284,
              48.9160999
            ],
            [
              2.4802626,
              48.9162347
            ],
            [
              2.4802571,
              48.9162462
            ],
            [
              2.4802857,
              48.9163559
            ],
            [
              2.4802946,
              48.9163567
            ],
            [
              2.4803068,
              48.9164167
            ],
            [
              2.4802983,
              48.9164569
            ],
            [
              2.4798811,
              48.9167262
            ]
          ]
        ]
      },
      "id": "way/910735604"
    },
    {
      "type": "Feature",
      "properties": {
        "@id": "way/910748662",
        "addr:housenumber": "2",
        "amenity": "school",
        "contact:email": "ce.0930576W@ac-creteil.fr",
        "contact:phone": "+33 148494399",
        "name": "École maternelle Terre Saint-Blaise",
        "operator:type": "public",
        "polling_station": "yes",
        "polling_station:ref": "21",
        "ref:FR:SIRET": "21930010000076",
        "ref:UAI": "0930576W",
        "school:FR": "maternelle",
        "source": "data.gouv.fr:Éducation Nationale - 05/2016;https://www.dsden93.ac-creteil.fr/spip/spip.php?page=infoecole&rne=0930576W",
        "start_date": "1965-12-01"
      },
      "geometry": {
        "type": "Polygon",
        "coordinates": [
          [
            [
              2.4815891,
              48.9169587
            ],
            [
              2.4813921,
              48.916984
            ],
            [
              2.4813889,
              48.9169874
            ],
            [
              2.4812719,
              48.9170022
            ],
            [
              2.4812815,
              48.9170338
            ],
            [
              2.4812875,
              48.9170548
            ],
            [
              2.4810901,
              48.9170783
            ],
            [
              2.4810037,
              48.9170247
            ],
            [
              2.4809241,
              48.9167423
            ],
            [
              2.481005,
              48.916651
            ],
            [
              2.4810507,
              48.9166416
            ],
            [
              2.4811723,
              48.9166268
            ],
            [
              2.4812305,
              48.9166151
            ],
            [
              2.4813148,
              48.9165844
            ],
            [
              2.4813763,
              48.9165532
            ],
            [
              2.4814491,
              48.9165238
            ],
            [
              2.4814792,
              48.9165152
            ],
            [
              2.4815092,
              48.9165116
            ],
            [
              2.4815774,
              48.9167983
            ],
            [
              2.4815508,
              48.9168014
            ],
            [
              2.4815708,
              48.9168844
            ],
            [
              2.4815891,
              48.9169587
            ]
          ]
        ]
      },
      "id": "way/910748662"
    },
    {
      "type": "Feature",
      "properties": {
        "@id": "way/910753092",
        "addr:housenumber": "4",
        "amenity": "school",
        "contact:email": "ce.0930574U@ac-creteil.fr",
        "contact:phone": "+33 148492801",
        "name": "École primaire André Boulloche",
        "operator:type": "public",
        "ref:FR:SIRET": "21930010000050",
        "ref:UAI": "0930574U",
        "school:FR": "élémentaire",
        "source": "https://www.dsden93.ac-creteil.fr/spip/spip.php?page=infoecole&rne=0930574U;data.gouv.fr:Éducation Nationale - 05/2016",
        "start_date": "1965-12-01"
      },
      "geometry": {
        "type": "Polygon",
        "coordinates": [
          [
            [
              2.4815891,
              48.9169587
            ],
            [
              2.4815708,
              48.9168844
            ],
            [
              2.4815508,
              48.9168014
            ],
            [
              2.4815774,
              48.9167983
            ],
            [
              2.4815092,
              48.9165116
            ],
            [
              2.4821704,
              48.9164326
            ],
            [
              2.482242,
              48.9167216
            ],
            [
              2.4822596,
              48.9168045
            ],
            [
              2.4817244,
              48.916866
            ],
            [
              2.4817421,
              48.916949
            ],
            [
              2.4816342,
              48.9169614
            ],
            [
              2.4816289,
              48.9169536
            ],
            [
              2.4815891,
              48.9169587
            ]
          ]
        ]
      },
      "id": "way/910753092"
    },
    {
      "type": "Feature",
      "properties": {
        "@id": "way/910768334",
        "addr:housenumber": "8",
        "amenity": "school",
        "contact:email": "ce.0930213B@ac-creteil.fr",
        "contact:phone": "+33 148492791",
        "name": "École primaire Aimé Césaire",
        "operator:type": "public",
        "ref:FR:SIRET": "21930010000068",
        "ref:UAI": "0930213B",
        "school:FR": "élémentaire",
        "source": "https://www.dsden93.ac-creteil.fr/spip/spip.php?page=infoecole&rne=0930213B",
        "start_date": "1966-09-30"
      },
      "geometry": {
        "type": "Polygon",
        "coordinates": [
          [
            [
              2.4822596,
              48.9168045
            ],
            [
              2.4821704,
              48.9164326
            ],
            [
              2.4828735,
              48.9163494
            ],
            [
              2.4829896,
              48.9168
            ],
            [
              2.4829177,
              48.9168628
            ],
            [
              2.4828747,
              48.9168678
            ],
            [
              2.482865,
              48.9168359
            ],
            [
              2.4828,
              48.9168433
            ],
            [
              2.4827737,
              48.9167454
            ],
            [
              2.4822596,
              48.9168045
            ]
          ]
        ]
      },
      "id": "way/910768334"
    },
    {
      "type": "Feature",
      "properties": {
        "@id": "way/911134286",
        "addr:housenumber": "22",
        "amenity": "kindergarten",
        "kindergarten:FR": "multi_accueil",
        "name": "Crèche Départementale Paul Renaud",
        "operator": "département Seine St Denis",
        "operator:type": "public"
      },
      "geometry": {
        "type": "Polygon",
        "coordinates": [
          [
            [
              2.4785464,
              48.9111787
            ],
            [
              2.4785772,
              48.9111748
            ],
            [
              2.4786955,
              48.9111578
            ],
            [
              2.4788682,
              48.9111324
            ],
            [
              2.4788979,
              48.911287
            ],
            [
              2.4789198,
              48.9113979
            ],
            [
              2.4791403,
              48.9113625
            ],
            [
              2.4793931,
              48.9113792
            ],
            [
              2.479407,
              48.9115996
            ],
            [
              2.479256,
              48.9116156
            ],
            [
              2.4792531,
              48.9115997
            ],
            [
              2.4791639,
              48.9116135
            ],
            [
              2.4787507,
              48.9116614
            ],
            [
              2.4787431,
              48.9116352
            ],
            [
              2.47868,
              48.911641
            ],
            [
              2.4786375,
              48.9114887
            ],
            [
              2.4786258,
              48.9114887
            ],
            [
              2.4786137,
              48.9114428
            ],
            [
              2.478582,
              48.9113246
            ],
            [
              2.4785617,
              48.9112414
            ],
            [
              2.4785464,
              48.9111787
            ]
          ]
        ]
      },
      "id": "way/911134286"
    },
    {
      "type": "Feature",
      "properties": {
        "@id": "way/913036090",
        "addr:housenumber": "10",
        "amenity": "kindergarten",
        "kindergarten:FR": "multi_accueil",
        "name": "Crèche Départementale Auguste Blanqui",
        "operator:type": "public"
      },
      "geometry": {
        "type": "Polygon",
        "coordinates": [
          [
            [
              2.4882417,
              48.8968763
            ],
            [
              2.4881064,
              48.8968969
            ],
            [
              2.4879753,
              48.8969163
            ],
            [
              2.4878982,
              48.8969268
            ],
            [
              2.4878876,
              48.896891
            ],
            [
              2.4878631,
              48.896895
            ],
            [
              2.4878538,
              48.8968775
            ],
            [
              2.4874696,
              48.8969331
            ],
            [
              2.4874354,
              48.896833
            ],
            [
              2.4873897,
              48.8968402
            ],
            [
              2.4872968,
              48.8965457
            ],
            [
              2.4876482,
              48.8964925
            ],
            [
              2.4876071,
              48.8963719
            ],
            [
              2.4881082,
              48.896298
            ],
            [
              2.4882713,
              48.8967696
            ],
            [
              2.4882055,
              48.8967784
            ],
            [
              2.4882417,
              48.8968763
            ]
          ]
        ]
      },
      "id": "way/913036090"
    },
    {
      "type": "Feature",
      "properties": {
        "@id": "way/913040169",
        "addr:housenumber": "2",
        "amenity": "school",
        "name": "École primaire Assia Djebar (ex école primaire Jules Ferry)",
        "operator:type": "public",
        "ref:UAI": "0930453M",
        "religion": "none",
        "school:FR": "primaire",
        "source": "https://www.dsden93.ac-creteil.fr/spip/spip.php?page=infoecole&rne=0930453M;https://www.ville-bondy.fr/mon-quotidien/enfance-et-vie-scolaire/ecoles-primaires/annuaire-des-ecoles-elementaires/"
      },
      "geometry": {
        "type": "Polygon",
        "coordinates": [
          [
            [
              2.4895252,
              48.8960196
            ],
            [
              2.4894899,
              48.896009
            ],
            [
              2.4894601,
              48.8959508
            ],
            [
              2.4893443,
              48.895723
            ],
            [
              2.4892865,
              48.89561
            ],
            [
              2.4890239,
              48.8950573
            ],
            [
              2.4890489,
              48.8950365
            ],
            [
              2.4894362,
              48.8949809
            ],
            [
              2.4894416,
              48.8949975
            ],
            [
              2.4894997,
              48.8951142
            ],
            [
              2.489854,
              48.895073
            ],
            [
              2.4900803,
              48.8954281
            ],
            [
              2.490339,
              48.8958475
            ],
            [
              2.489986,
              48.8959214
            ],
            [
              2.4895252,
              48.8960196
            ]
          ]
        ]
      },
      "id": "way/913040169"
    },
    {
      "type": "Feature",
      "properties": {
        "@id": "way/913042052",
        "addr:housenumber": "136",
        "amenity": "school",
        "name": "École élémentaire Jean Rostand",
        "operator:type": "public",
        "ref:UAI": "0930149G",
        "religion": "none",
        "school:FR": "élémentaire",
        "source": "https://www.dsden93.ac-creteil.fr/spip/spip.php?page=infoecole&rne=0930149G"
      },
      "geometry": {
        "type": "Polygon",
        "coordinates": [
          [
            [
              2.4894589,
              48.8973366
            ],
            [
              2.4892566,
              48.8967573
            ],
            [
              2.4898933,
              48.8966706
            ],
            [
              2.4900767,
              48.8972327
            ],
            [
              2.4894589,
              48.8973366
            ]
          ]
        ]
      },
      "id": "way/913042052"
    },
    {
      "type": "Feature",
      "properties": {
        "@id": "way/913042053",
        "addr:housenumber": "136",
        "amenity": "school",
        "name": "École élémentaire Jules Ferry",
        "operator:type": "public",
        "polling_station": "yes",
        "polling_station:ref": "10",
        "ref:UAI": "0930271P",
        "religion": "none",
        "school:FR": "élémentaire",
        "source": "https://www.dsden93.ac-creteil.fr/spip/spip.php?page=infoecole&rne=0930271P"
      },
      "geometry": {
        "type": "Polygon",
        "coordinates": [
          [
            [
              2.4899001,
              48.8979575
            ],
            [
              2.4896596,
              48.897303
            ],
            [
              2.4900767,
              48.8972327
            ],
            [
              2.4902275,
              48.897715
            ],
            [
              2.4902824,
              48.8979205
            ],
            [
              2.4902191,
              48.8979274
            ],
            [
              2.4899001,
              48.8979575
            ]
          ]
        ]
      },
      "id": "way/913042053"
    },
    {
      "type": "Feature",
      "properties": {
        "@id": "way/957186996",
        "amenity": "school",
        "building": "public",
        "name": "École maternelle Pasteur",
        "operator": "ville de Bondy",
        "polling_station": "yes",
        "polling_station:ref": "7",
        "ref:UAI": "0930456R",
        "school:FR": "maternelle"
      },
      "geometry": {
        "type": "Polygon",
        "coordinates": [
          [
            [
              2.487848,
              48.9078014
            ],
            [
              2.4877116,
              48.9077414
            ],
            [
              2.4878045,
              48.9076378
            ],
            [
              2.4876446,
              48.9075758
            ],
            [
              2.4877173,
              48.9074943
            ],
            [
              2.4878776,
              48.9075555
            ],
            [
              2.4879686,
              48.9074541
            ],
            [
              2.4881073,
              48.9075076
            ],
            [
              2.4880129,
              48.9076148
            ],
            [
              2.488742,
              48.9078965
            ],
            [
              2.4886654,
              48.9079746
            ],
            [
              2.4879493,
              48.907686
            ],
            [
              2.487848,
              48.9078014
            ]
          ]
        ]
      },
      "id": "way/957186996"
    },
    {
      "type": "Feature",
      "properties": {
        "@id": "way/957186997",
        "amenity": "school",
        "building": "public",
        "name": "Ecole élémentaire Pasteur",
        "operator": "ville de Bondy",
        "ref:UAI": "0930546N",
        "school:FR": "élémentaire"
      },
      "geometry": {
        "type": "Polygon",
        "coordinates": [
          [
            [
              2.4872023,
              48.9083158
            ],
            [
              2.4876961,
              48.9077488
            ],
            [
              2.4886517,
              48.9081155
            ],
            [
              2.4885726,
              48.9081891
            ],
            [
              2.4877883,
              48.9078845
            ],
            [
              2.4874496,
              48.908252
            ],
            [
              2.4877554,
              48.908374
            ],
            [
              2.4883399,
              48.9084977
            ],
            [
              2.4882969,
              48.9085845
            ],
            [
              2.4881894,
              48.9085633
            ],
            [
              2.4876983,
              48.9084475
            ],
            [
              2.487431,
              48.9083446
            ],
            [
              2.4873833,
              48.9083253
            ],
            [
              2.4873444,
              48.9083663
            ],
            [
              2.4873393,
              48.9083709
            ],
            [
              2.4872023,
              48.9083158
            ]
          ]
        ]
      },
      "id": "way/957186997"
    },
    {
      "type": "Feature",
      "properties": {
        "@id": "way/970368838",
        "amenity": "kindergarten",
        "building": "public",
        "name": "Crèche Arc En Ciel"
      },
      "geometry": {
        "type": "Polygon",
        "coordinates": [
          [
            [
              2.4934815,
              48.9030429
            ],
            [
              2.4935306,
              48.9030291
            ],
            [
              2.4935796,
              48.9031114
            ],
            [
              2.4934699,
              48.9031382
            ],
            [
              2.4932724,
              48.9031894
            ],
            [
              2.4932226,
              48.9031077
            ],
            [
              2.4934046,
              48.9030619
            ],
            [
              2.4933024,
              48.9028924
            ],
            [
              2.4938086,
              48.9027619
            ],
            [
              2.4938549,
              48.9028479
            ],
            [
              2.4934298,
              48.9029581
            ],
            [
              2.4934815,
              48.9030429
            ]
          ]
        ]
      },
      "id": "way/970368838"
    },
    {
      "type": "Feature",
      "properties": {
        "@id": "way/1033780156",
        "amenity": "school",
        "area": "yes",
        "name": "Groupe scolaire Pierre Curie"
      },
      "geometry": {
        "type": "Polygon",
        "coordinates": [
          [
            [
              2.4875701,
              48.8922448
            ],
            [
              2.4870203,
              48.8913014
            ],
            [
              2.4883855,
              48.8909857
            ],
            [
              2.4888415,
              48.8919098
            ],
            [
              2.4884043,
              48.8920279
            ],
            [
              2.4884097,
              48.8920808
            ],
            [
              2.4881978,
              48.892139
            ],
            [
              2.4877284,
              48.8922325
            ],
            [
              2.4875701,
              48.8922448
            ]
          ]
        ]
      },
      "id": "way/1033780156"
    },
    {
      "type": "Feature",
      "properties": {
        "@id": "way/1033802245",
        "amenity": "school",
        "area": "yes",
        "name": "École maternelle Henri Sellier"
      },
      "geometry": {
        "type": "Polygon",
        "coordinates": [
          [
            [
              2.4923262,
              48.9008025
            ],
            [
              2.4919927,
              48.9003724
            ],
            [
              2.4924138,
              48.9002067
            ],
            [
              2.4925533,
              48.9003407
            ],
            [
              2.4928325,
              48.9002388
            ],
            [
              2.4931044,
              48.9005891
            ],
            [
              2.4925145,
              48.9007963
            ],
            [
              2.4924415,
              48.9008114
            ],
            [
              2.4923262,
              48.9008025
            ]
          ]
        ]
      },
      "id": "way/1033802245"
    },
    {
      "type": "Feature",
      "properties": {
        "@id": "way/1034103430",
        "amenity": "school",
        "area": "yes",
        "name": "École du Stade"
      },
      "geometry": {
        "type": "Polygon",
        "coordinates": [
          [
            [
              2.4893358,
              48.9056346
            ],
            [
              2.4891389,
              48.9054225
            ],
            [
              2.489343,
              48.9052204
            ],
            [
              2.4887299,
              48.9047892
            ],
            [
              2.488971,
              48.9045599
            ],
            [
              2.4899021,
              48.9052201
            ],
            [
              2.4893358,
              48.9056346
            ]
          ]
        ]
      },
      "id": "way/1034103430"
    },
    {
      "type": "Feature",
      "properties": {
        "@id": "way/1034103431",
        "amenity": "polling_station",
        "building": "public",
        "name": "École primaire Léo Lagrange",
        "polling_station": "yes",
        "polling_station:ref": "28",
        "school:FR": "primaire"
      },
      "geometry": {
        "type": "Polygon",
        "coordinates": [
          [
            [
              2.4904611,
              48.906341
            ],
            [
              2.4900821,
              48.9062771
            ],
            [
              2.4900922,
              48.9062582
            ],
            [
              2.4893847,
              48.906148
            ],
            [
              2.4894089,
              48.9060696
            ],
            [
              2.4901589,
              48.9061798
            ],
            [
              2.4901569,
              48.9062104
            ],
            [
              2.4904783,
              48.9062543
            ],
            [
              2.4904611,
              48.906341
            ]
          ]
        ]
      },
      "id": "way/1034103431"
    },
    {
      "type": "Feature",
      "properties": {
        "@id": "way/1034103433",
        "amenity": "school",
        "area": "yes",
        "name": "Groupe scolaire Léo Lagrange"
      },
      "geometry": {
        "type": "Polygon",
        "coordinates": [
          [
            [
              2.4891703,
              48.9062422
            ],
            [
              2.4893124,
              48.9059945
            ],
            [
              2.4895256,
              48.9057061
            ],
            [
              2.4899613,
              48.9053568
            ],
            [
              2.4907151,
              48.9056371
            ],
            [
              2.4904611,
              48.906341
            ],
            [
              2.490264,
              48.9064352
            ],
            [
              2.4892352,
              48.9062828
            ],
            [
              2.4891703,
              48.9062422
            ]
          ]
        ]
      },
      "id": "way/1034103433"
    },
    {
      "type": "Feature",
      "properties": {
        "@id": "way/1034103434",
        "amenity": "school",
        "area": "yes",
        "name": "Lycée Léo Lagrange"
      },
      "geometry": {
        "type": "Polygon",
        "coordinates": [
          [
            [
              2.4904611,
              48.906341
            ],
            [
              2.4907151,
              48.9056371
            ],
            [
              2.4916333,
              48.9058152
            ],
            [
              2.4913355,
              48.9065765
            ],
            [
              2.4904185,
              48.9064534
            ],
            [
              2.4904611,
              48.906341
            ]
          ]
        ]
      },
      "id": "way/1034103434"
    },
    {
      "type": "Feature",
      "properties": {
        "@id": "way/1034106959",
        "amenity": "school",
        "name": "Groupe scolaire Camille Claudel",
        "ref:UAI": "0932700E",
        "school:FR": "maternelle"
      },
      "geometry": {
        "type": "Polygon",
        "coordinates": [
          [
            [
              2.4878545,
              48.9025967
            ],
            [
              2.4878038,
              48.9024269
            ],
            [
              2.4877235,
              48.9022806
            ],
            [
              2.4875474,
              48.9021121
            ],
            [
              2.4880077,
              48.9019862
            ],
            [
              2.4879675,
              48.9017059
            ],
            [
              2.4882484,
              48.9016721
            ],
            [
              2.488743,
              48.9016125
            ],
            [
              2.4893219,
              48.9024541
            ],
            [
              2.4890061,
              48.902556
            ],
            [
              2.48903,
              48.9025936
            ],
            [
              2.4886147,
              48.9027117
            ],
            [
              2.4884385,
              48.9024486
            ],
            [
              2.4879538,
              48.9026843
            ],
            [
              2.4878545,
              48.9025967
            ]
          ]
        ]
      },
      "id": "way/1034106959"
    },
    {
      "type": "Feature",
      "properties": {
        "@id": "way/1034114086",
        "amenity": "school",
        "name": "Groupe scolaire Salengro Bethinger"
      },
      "geometry": {
        "type": "Polygon",
        "coordinates": [
          [
            [
              2.4762021,
              48.8973092
            ],
            [
              2.475549,
              48.8973571
            ],
            [
              2.475537,
              48.8973762
            ],
            [
              2.4755392,
              48.8974462
            ],
            [
              2.4744917,
              48.8975598
            ],
            [
              2.4743153,
              48.8975552
            ],
            [
              2.4739684,
              48.8971266
            ],
            [
              2.4745645,
              48.896923
            ],
            [
              2.4745497,
              48.8968939
            ],
            [
              2.4747321,
              48.8968487
            ],
            [
              2.4749018,
              48.8968067
            ],
            [
              2.4748536,
              48.8966903
            ],
            [
              2.474999,
              48.8966536
            ],
            [
              2.4750698,
              48.896796
            ],
            [
              2.4752102,
              48.8969923
            ],
            [
              2.4763212,
              48.8968145
            ],
            [
              2.476862,
              48.8967765
            ],
            [
              2.4769878,
              48.896836
            ],
            [
              2.4770282,
              48.8971311
            ],
            [
              2.476229,
              48.897209
            ],
            [
              2.4762021,
              48.8973092
            ]
          ]
        ]
      },
      "id": "way/1034114086"
    },
    {
      "type": "Feature",
      "properties": {
        "@id": "way/1034123849",
        "amenity": "school",
        "building": "public",
        "name": "École Maternelle Guillaume Appolinaire",
        "school:FR": "maternelle",
        "source": "cadastre-dgi-fr source : Direction Générale des Impôts - Cadastre. Mise à jour : 2010"
      },
      "geometry": {
        "type": "Polygon",
        "coordinates": [
          [
            [
              2.4831368,
              48.9020195
            ],
            [
              2.4828933,
              48.9015394
            ],
            [
              2.4828483,
              48.9015434
            ],
            [
              2.48268,
              48.9012905
            ],
            [
              2.4828663,
              48.901255
            ],
            [
              2.4829805,
              48.9013537
            ],
            [
              2.48329,
              48.9013053
            ],
            [
              2.4833231,
              48.9014387
            ],
            [
              2.4830136,
              48.9015157
            ],
            [
              2.4830797,
              48.9016224
            ],
            [
              2.4831698,
              48.9018239
            ],
            [
              2.483284,
              48.9017785
            ],
            [
              2.4833271,
              48.9018498
            ],
            [
              2.4831939,
              48.9018693
            ],
            [
              2.4831848,
              48.9019128
            ],
            [
              2.483275,
              48.901895
            ],
            [
              2.483302,
              48.9019661
            ],
            [
              2.483248,
              48.901978
            ],
            [
              2.483263,
              48.9019977
            ],
            [
              2.4831368,
              48.9020195
            ]
          ]
        ]
      },
      "id": "way/1034123849"
    },
    {
      "type": "Feature",
      "properties": {
        "@id": "way/1034123850",
        "amenity": "school",
        "area": "yes",
        "name": "Groupe scolaire Guillaume Appolinaire"
      },
      "geometry": {
        "type": "Polygon",
        "coordinates": [
          [
            [
              2.4830372,
              48.9020551
            ],
            [
              2.4826272,
              48.9012103
            ],
            [
              2.4831967,
              48.9010771
            ],
            [
              2.4831474,
              48.9012031
            ],
            [
              2.4831334,
              48.9012384
            ],
            [
              2.4831121,
              48.9012897
            ],
            [
              2.4830977,
              48.9013249
            ],
            [
              2.4832088,
              48.9013074
            ],
            [
              2.483372,
              48.9012791
            ],
            [
              2.4836467,
              48.9019531
            ],
            [
              2.4834046,
              48.9019835
            ],
            [
              2.4830372,
              48.9020551
            ]
          ]
        ]
      },
      "id": "way/1034123850"
    },
    {
      "type": "Feature",
      "properties": {
        "@id": "way/1046584248",
        "amenity": "parking_space",
        "parking_space": "disabled"
      },
      "geometry": {
        "type": "Polygon",
        "coordinates": [
          [
            [
              2.4799038,
              48.9136842
            ],
            [
              2.4798222,
              48.9136927
            ],
            [
              2.4798155,
              48.9136647
            ],
            [
              2.4798971,
              48.9136563
            ],
            [
              2.4799038,
              48.9136842
            ]
          ]
        ]
      },
      "id": "way/1046584248"
    },
    {
      "type": "Feature",
      "properties": {
        "@id": "way/1046584249",
        "amenity": "parking_space",
        "parking_space": "disabled"
      },
      "geometry": {
        "type": "Polygon",
        "coordinates": [
          [
            [
              2.4785082,
              48.9125787
            ],
            [
              2.4785007,
              48.9125521
            ],
            [
              2.4785838,
              48.912542
            ],
            [
              2.4785913,
              48.9125687
            ],
            [
              2.4785082,
              48.9125787
            ]
          ]
        ]
      },
      "id": "way/1046584249"
    },
    {
      "type": "Feature",
      "properties": {
        "@id": "way/1049298448",
        "amenity": "parking"
      },
      "geometry": {
        "type": "Polygon",
        "coordinates": [
          [
            [
              2.4856378,
              48.9101973
            ],
            [
              2.4852051,
              48.9100591
            ],
            [
              2.4852113,
              48.909827
            ],
            [
              2.4851941,
              48.9097048
            ],
            [
              2.4853834,
              48.9094818
            ],
            [
              2.4854419,
              48.9094098
            ],
            [
              2.4854569,
              48.909398
            ],
            [
              2.4855401,
              48.9094365
            ],
            [
              2.4859141,
              48.9097442
            ],
            [
              2.4859361,
              48.9098061
            ],
            [
              2.4858762,
              48.9098792
            ],
            [
              2.4859043,
              48.909888
            ],
            [
              2.4858236,
              48.90999
            ],
            [
              2.4858029,
              48.9099836
            ],
            [
              2.4856378,
              48.9101973
            ]
          ]
        ]
      },
      "id": "way/1049298448"
    },
    {
      "type": "Feature",
      "properties": {
        "@id": "way/1049299887",
        "amenity": "parking"
      },
      "geometry": {
        "type": "Polygon",
        "coordinates": [
          [
            [
              2.4821778,
              48.9139444
            ],
            [
              2.481998,
              48.9132624
            ],
            [
              2.4820597,
              48.9132554
            ],
            [
              2.4820936,
              48.9133842
            ],
            [
              2.4821653,
              48.9133761
            ],
            [
              2.4822071,
              48.9135347
            ],
            [
              2.4822653,
              48.913528
            ],
            [
              2.4822985,
              48.9136539
            ],
            [
              2.4823672,
              48.9136461
            ],
            [
              2.4824032,
              48.9137828
            ],
            [
              2.4825051,
              48.9137712
            ],
            [
              2.4825399,
              48.9139032
            ],
            [
              2.4821778,
              48.9139444
            ]
          ]
        ]
      },
      "id": "way/1049299887"
    },
    {
      "type": "Feature",
      "properties": {
        "@id": "way/1049306785",
        "amenity": "parking"
      },
      "geometry": {
        "type": "Polygon",
        "coordinates": [
          [
            [
              2.4867766,
              48.9010821
            ],
            [
              2.4866616,
              48.9008119
            ],
            [
              2.4866938,
              48.9008055
            ],
            [
              2.486677,
              48.900763
            ],
            [
              2.486604,
              48.900775
            ],
            [
              2.486562,
              48.9006745
            ],
            [
              2.4864273,
              48.9007031
            ],
            [
              2.4863698,
              48.9005666
            ],
            [
              2.4864932,
              48.9005445
            ],
            [
              2.486475,
              48.9004993
            ],
            [
              2.4864105,
              48.9005104
            ],
            [
              2.4863712,
              48.9004255
            ],
            [
              2.4867721,
              48.9003487
            ],
            [
              2.4868142,
              48.9003389
            ],
            [
              2.4871385,
              48.9010157
            ],
            [
              2.4867766,
              48.9010821
            ]
          ]
        ]
      },
      "id": "way/1049306785"
    },
    {
      "type": "Feature",
      "properties": {
        "@id": "way/1049330029",
        "access": "private",
        "amenity": "parking"
      },
      "geometry": {
        "type": "Polygon",
        "coordinates": [
          [
            [
              2.4719116,
              48.9037861
            ],
            [
              2.4709632,
              48.9038264
            ],
            [
              2.4707758,
              48.902981
            ],
            [
              2.4708031,
              48.9026529
            ],
            [
              2.4711744,
              48.9026663
            ],
            [
              2.4719116,
              48.9037861
            ]
          ]
        ]
      },
      "id": "way/1049330029"
    },
    {
      "type": "Feature",
      "properties": {
        "@id": "way/1081828447",
        "amenity": "shelter",
        "level": "0",
        "shelter_type": "public_transport"
      },
      "geometry": {
        "type": "Polygon",
        "coordinates": [
          [
            [
              2.4819028,
              48.8937882
            ],
            [
              2.4818951,
              48.893765
            ],
            [
              2.4820314,
              48.8937454
            ],
            [
              2.4820392,
              48.8937686
            ],
            [
              2.4819028,
              48.8937882
            ]
          ]
        ]
      },
      "id": "way/1081828447"
    },
    {
      "type": "Feature",
      "properties": {
        "@id": "way/1081828452",
        "access": "yes",
        "amenity": "bicycle_parking",
        "bicycle_parking": "shed",
        "capacity": "56",
        "covered": "yes",
        "fee": "no",
        "network": "Parkings Vélos Île-de-France Mobilités",
        "ref:IDFM": "295"
      },
      "geometry": {
        "type": "Polygon",
        "coordinates": [
          [
            [
              2.4806343,
              48.8940802
            ],
            [
              2.4808237,
              48.8940534
            ],
            [
              2.4808351,
              48.894088
            ],
            [
              2.4806457,
              48.8941149
            ],
            [
              2.4806343,
              48.8940802
            ]
          ]
        ]
      },
      "id": "way/1081828452"
    },
    {
      "type": "Feature",
      "properties": {
        "@id": "way/1081828453",
        "access": "customers",
        "amenity": "bicycle_parking",
        "bicycle_parking": "shed",
        "capacity": "32",
        "covered": "yes",
        "fee": "no",
        "network": "Parkings Vélos Île-de-France Mobilités",
        "ref:IDFM": "295",
        "website": "https://www.iledefrance-mobilites.fr/titres-et-tarifs/parkings-velos"
      },
      "geometry": {
        "type": "Polygon",
        "coordinates": [
          [
            [
              2.4804408,
              48.894108
            ],
            [
              2.4806279,
              48.8940811
            ],
            [
              2.4806395,
              48.8941159
            ],
            [
              2.4804524,
              48.8941427
            ],
            [
              2.4804408,
              48.894108
            ]
          ]
        ]
      },
      "id": "way/1081828453"
    },
    {
      "type": "Feature",
      "properties": {
        "@id": "way/1090347251",
        "amenity": "parking",
        "parking": "surface"
      },
      "geometry": {
        "type": "Polygon",
        "coordinates": [
          [
            [
              2.4842797,
              48.8986437
            ],
            [
              2.4842042,
              48.898507
            ],
            [
              2.4841814,
              48.8984031
            ],
            [
              2.4842797,
              48.8983703
            ],
            [
              2.4844415,
              48.898343
            ],
            [
              2.4845591,
              48.8983894
            ],
            [
              2.4846309,
              48.898584
            ],
            [
              2.4845508,
              48.8985951
            ],
            [
              2.4842797,
              48.8986437
            ]
          ]
        ]
      },
      "id": "way/1090347251"
    },
    {
      "type": "Feature",
      "properties": {
        "@id": "way/1099293698",
        "addr:city": "Bondy",
        "addr:country": "FR",
        "addr:housenumber": "76",
        "addr:postcode": "93140",
        "addr:street": "Avenue du 14 Juillet",
        "amenity": "public",
        "name": "Service parcs et jardins"
      },
      "geometry": {
        "type": "Polygon",
        "coordinates": [
          [
            [
              2.4915768,
              48.9170709
            ],
            [
              2.491543,
              48.9170634
            ],
            [
              2.4915322,
              48.9170667
            ],
            [
              2.4914669,
              48.9170867
            ],
            [
              2.4914744,
              48.9170962
            ],
            [
              2.4914187,
              48.9171112
            ],
            [
              2.491403,
              48.9170868
            ],
            [
              2.4912596,
              48.9171283
            ],
            [
              2.4907271,
              48.9172616
            ],
            [
              2.490428,
              48.917332
            ],
            [
              2.4900309,
              48.9164505
            ],
            [
              2.4919901,
              48.9160686
            ],
            [
              2.4920654,
              48.9161209
            ],
            [
              2.4920682,
              48.9162091
            ],
            [
              2.4917927,
              48.9169202
            ],
            [
              2.4916836,
              48.9170765
            ],
            [
              2.4915768,
              48.9170709
            ]
          ]
        ]
      },
      "id": "way/1099293698"
    },
    {
      "type": "Feature",
      "properties": {
        "@id": "way/1132502678",
        "addr:city": "Bondy",
        "addr:housenumber": "32",
        "addr:postcode": "93140",
        "addr:street": "Avenue Henri Varagnat",
        "amenity": "community_centre",
        "area": "yes",
        "name": "Pôle départemental d'Innovation Sociale et Environnementale",
        "old_name": "Institut recherche et développement"
      },
      "geometry": {
        "type": "Polygon",
        "coordinates": [
          [
            [
              2.4851953,
              48.9155798
            ],
            [
              2.4846458,
              48.9146666
            ],
            [
              2.4846462,
              48.9146971
            ],
            [
              2.4841148,
              48.9137694
            ],
            [
              2.4861596,
              48.9132442
            ],
            [
              2.4872697,
              48.9150484
            ],
            [
              2.4851953,
              48.9155798
            ]
          ]
        ]
      },
      "id": "way/1132502678"
    },
    {
      "type": "Feature",
      "properties": {
        "@id": "way/1193792610",
        "amenity": "parking",
        "capacity": "9",
        "capacity:disabled": "0",
        "parking": "surface",
        "surface": "asphalt"
      },
      "geometry": {
        "type": "Polygon",
        "coordinates": [
          [
            [
              2.4901466,
              48.9162029
            ],
            [
              2.4905161,
              48.9161319
            ],
            [
              2.4905731,
              48.9161756
            ],
            [
              2.4902016,
              48.916247
            ],
            [
              2.4901466,
              48.9162029
            ]
          ]
        ]
      },
      "id": "way/1193792610"
    },
    {
      "type": "Feature",
      "properties": {
        "@id": "way/1193792614",
        "amenity": "parking",
        "orientation": "diagonal",
        "parking": "street_side",
        "surface": "asphalt"
      },
      "geometry": {
        "type": "Polygon",
        "coordinates": [
          [
            [
              2.4838833,
              48.9113258
            ],
            [
              2.4838927,
              48.9112756
            ],
            [
              2.4842327,
              48.9111998
            ],
            [
              2.484224,
              48.9112461
            ],
            [
              2.4838833,
              48.9113258
            ]
          ]
        ]
      },
      "id": "way/1193792614"
    },
    {
      "type": "Feature",
      "properties": {
        "@id": "way/1193792615",
        "amenity": "parking",
        "orientation": "diagonal",
        "parking": "street_side",
        "surface": "asphalt"
      },
      "geometry": {
        "type": "Polygon",
        "coordinates": [
          [
            [
              2.4838143,
              48.9112531
            ],
            [
              2.4838317,
              48.911206
            ],
            [
              2.4841911,
              48.9111192
            ],
            [
              2.4841905,
              48.9111606
            ],
            [
              2.4838143,
              48.9112531
            ]
          ]
        ]
      },
      "id": "way/1193792615"
    },
    {
      "type": "Feature",
      "properties": {
        "@id": "way/1193792616",
        "amenity": "parking",
        "parking": "surface",
        "surface": "asphalt"
      },
      "geometry": {
        "type": "Polygon",
        "coordinates": [
          [
            [
              2.4766538,
              48.9089492
            ],
            [
              2.4766596,
              48.9088907
            ],
            [
              2.4770249,
              48.9089065
            ],
            [
              2.4770191,
              48.908965
            ],
            [
              2.4766538,
              48.9089492
            ]
          ]
        ]
      },
      "id": "way/1193792616"
    },
    {
      "type": "Feature",
      "properties": {
        "@id": "way/1193792617",
        "amenity": "parking",
        "parking": "surface",
        "surface": "asphalt"
      },
      "geometry": {
        "type": "Polygon",
        "coordinates": [
          [
            [
              2.4753594,
              48.9088786
            ],
            [
              2.4753648,
              48.9088314
            ],
            [
              2.4757215,
              48.908849
            ],
            [
              2.4757161,
              48.9088962
            ],
            [
              2.4753594,
              48.9088786
            ]
          ]
        ]
      },
      "id": "way/1193792617"
    },
    {
      "type": "Feature",
      "properties": {
        "@id": "way/1238282333",
        "amenity": "fountain",
        "natural": "water"
      },
      "geometry": {
        "type": "Polygon",
        "coordinates": [
          [
            [
              2.480922,
              48.9025222
            ],
            [
              2.4809123,
              48.9025113
            ],
            [
              2.4809052,
              48.9025034
            ],
            [
              2.4809037,
              48.9024817
            ],
            [
              2.4809177,
              48.902462
            ],
            [
              2.4809441,
              48.9024488
            ],
            [
              2.4809767,
              48.9024452
            ],
            [
              2.4810081,
              48.9024519
            ],
            [
              2.4810312,
              48.9024675
            ],
            [
              2.4810406,
              48.9024884
            ],
            [
              2.4810342,
              48.9025097
            ],
            [
              2.4810134,
              48.9025267
            ],
            [
              2.480983,
              48.9025353
            ],
            [
              2.48095,
              48.9025337
            ],
            [
              2.480922,
              48.9025222
            ]
          ]
        ]
      },
      "id": "way/1238282333"
    },
    {
      "type": "Feature",
      "properties": {
        "@id": "way/1311764292",
        "amenity": "parking",
        "capacity:disabled": "1"
      },
      "geometry": {
        "type": "Polygon",
        "coordinates": [
          [
            [
              2.4815854,
              48.9028363
            ],
            [
              2.4815585,
              48.9028124
            ],
            [
              2.4816414,
              48.9027681
            ],
            [
              2.4816506,
              48.902784
            ],
            [
              2.4816797,
              48.9027692
            ],
            [
              2.4816917,
              48.9027803
            ],
            [
              2.4815854,
              48.9028363
            ]
          ]
        ]
      },
      "id": "way/1311764292"
    },
    {
      "type": "Feature",
      "properties": {
        "@id": "way/1311777521",
        "access": "yes",
        "amenity": "parking_space",
        "capacity": "1",
        "parking_space": "disabled"
      },
      "geometry": {
        "type": "Polygon",
        "coordinates": [
          [
            [
              2.4811162,
              48.8991415
            ],
            [
              2.4810958,
              48.8990987
            ],
            [
              2.4811212,
              48.8990983
            ],
            [
              2.4811396,
              48.8991415
            ],
            [
              2.4811162,
              48.8991415
            ]
          ]
        ]
      },
      "id": "way/1311777521"
    },
    {
      "type": "Feature",
      "properties": {
        "@id": "way/1311777643",
        "amenity": "parking_space",
        "capacity": "1",
        "parking_space": "disabled"
      },
      "geometry": {
        "type": "Polygon",
        "coordinates": [
          [
            [
              2.4797287,
              48.9146444
            ],
            [
              2.4797169,
              48.9145987
            ],
            [
              2.47976,
              48.9145942
            ],
            [
              2.4797729,
              48.914639
            ],
            [
              2.4797287,
              48.9146444
            ]
          ]
        ]
      },
      "id": "way/1311777643"
    },
    {
      "type": "Feature",
      "properties": {
        "@id": "way/1311778114",
        "amenity": "parking",
        "capacity": "disabled=1"
      },
      "geometry": {
        "type": "Polygon",
        "coordinates": [
          [
            [
              2.4839494,
              48.9174631
            ],
            [
              2.4838961,
              48.9174193
            ],
            [
              2.4839437,
              48.9174105
            ],
            [
              2.4839894,
              48.9174456
            ],
            [
              2.4839494,
              48.9174631
            ]
          ]
        ]
      },
      "id": "way/1311778114"
    },
    {
      "type": "Feature",
      "properties": {
        "@id": "way/1311778495",
        "amenity": "parking_space",
        "capacity": "1",
        "parking_space": "disabled"
      },
      "geometry": {
        "type": "Polygon",
        "coordinates": [
          [
            [
              2.4973569,
              48.8925906
            ],
            [
              2.4974224,
              48.8925765
            ],
            [
              2.4974293,
              48.8925902
            ],
            [
              2.4973644,
              48.8926053
            ],
            [
              2.4973569,
              48.8925906
            ]
          ]
        ]
      },
      "id": "way/1311778495"
    },
    {
      "type": "Feature",
      "properties": {
        "@id": "way/1311778767",
        "amenity": "parking"
      },
      "geometry": {
        "type": "Polygon",
        "coordinates": [
          [
            [
              2.4795802,
              48.91767
            ],
            [
              2.4795866,
              48.9176564
            ],
            [
              2.4796479,
              48.9174957
            ],
            [
              2.479701,
              48.9175018
            ],
            [
              2.4796356,
              48.9176782
            ],
            [
              2.4795802,
              48.91767
            ]
          ]
        ]
      },
      "id": "way/1311778767"
    },
    {
      "type": "Feature",
      "properties": {
        "@id": "way/1311779047",
        "access": "yes",
        "amenity": "parking_space",
        "capacity": "1",
        "parking_space": "disabled"
      },
      "geometry": {
        "type": "Polygon",
        "coordinates": [
          [
            [
              2.48894,
              48.8934464
            ],
            [
              2.4889318,
              48.8934249
            ],
            [
              2.4889272,
              48.8934142
            ],
            [
              2.4890065,
              48.8934011
            ],
            [
              2.4890217,
              48.8934318
            ],
            [
              2.48894,
              48.8934464
            ]
          ]
        ]
      },
      "id": "way/1311779047"
    },
    {
      "type": "Feature",
      "properties": {
        "@id": "way/1311780927",
        "access": "no",
        "amenity": "parking",
        "parking": "street_side"
      },
      "geometry": {
        "type": "Polygon",
        "coordinates": [
          [
            [
              2.4795301,
              48.9048987
            ],
            [
              2.4795275,
              48.9048823
            ],
            [
              2.4795796,
              48.9048772
            ],
            [
              2.4795838,
              48.9048949
            ],
            [
              2.4795301,
              48.9048987
            ]
          ]
        ]
      },
      "id": "way/1311780927"
    },
    {
      "type": "Feature",
      "properties": {
        "@id": "way/1311781065",
        "access": "permit",
        "amenity": "parking",
        "capacity:disabled": "1"
      },
      "geometry": {
        "type": "Polygon",
        "coordinates": [
          [
            [
              2.4823931,
              48.9162672
            ],
            [
              2.4824383,
              48.9162614
            ],
            [
              2.4824508,
              48.9163062
            ],
            [
              2.4824058,
              48.9163099
            ],
            [
              2.4823931,
              48.9162672
            ]
          ]
        ]
      },
      "id": "way/1311781065"
    },
    {
      "type": "Feature",
      "properties": {
        "@id": "way/1311781800",
        "access": "yes",
        "amenity": "parking_space",
        "capacity": "1",
        "parking_space": "disabled"
      },
      "geometry": {
        "type": "Polygon",
        "coordinates": [
          [
            [
              2.4801277,
              48.9076515
            ],
            [
              2.4801331,
              48.9075951
            ],
            [
              2.4801613,
              48.9076003
            ],
            [
              2.4801572,
              48.9076559
            ],
            [
              2.4801277,
              48.9076515
            ]
          ]
        ]
      },
      "id": "way/1311781800"
    },
    {
      "type": "Feature",
      "properties": {
        "@id": "way/1311781807",
        "access": "yes",
        "amenity": "parking_space",
        "capacity": "1",
        "parking_space": "disabled"
      },
      "geometry": {
        "type": "Polygon",
        "coordinates": [
          [
            [
              2.4961965,
              48.8900809
            ],
            [
              2.4961623,
              48.8900426
            ],
            [
              2.4961892,
              48.8900333
            ],
            [
              2.4962234,
              48.8900712
            ],
            [
              2.4961965,
              48.8900809
            ]
          ]
        ]
      },
      "id": "way/1311781807"
    },
    {
      "type": "Feature",
      "properties": {
        "@id": "way/1311782915",
        "access": "yes",
        "amenity": "parking_space",
        "capacity": "1",
        "parking_space": "disabled"
      },
      "geometry": {
        "type": "Polygon",
        "coordinates": [
          [
            [
              2.4805788,
              48.897992
            ],
            [
              2.480556,
              48.8979444
            ],
            [
              2.4805768,
              48.89794
            ],
            [
              2.4806043,
              48.8979916
            ],
            [
              2.4805788,
              48.897992
            ]
          ]
        ]
      },
      "id": "way/1311782915"
    },
    {
      "type": "Feature",
      "properties": {
        "@id": "way/1311783543",
        "amenity": "parking",
        "parking": "street_side"
      },
      "geometry": {
        "type": "Polygon",
        "coordinates": [
          [
            [
              2.4809419,
              48.9093473
            ],
            [
              2.4809386,
              48.909326
            ],
            [
              2.48101,
              48.90932
            ],
            [
              2.4810133,
              48.9093402
            ],
            [
              2.4809419,
              48.9093473
            ]
          ]
        ]
      },
      "id": "way/1311783543"
    },
    {
      "type": "Feature",
      "properties": {
        "@id": "way/1311783544",
        "amenity": "parking",
        "parking": "street_side"
      },
      "geometry": {
        "type": "Polygon",
        "coordinates": [
          [
            [
              2.4809319,
              48.9092933
            ],
            [
              2.4809311,
              48.9092764
            ],
            [
              2.4809942,
              48.9092726
            ],
            [
              2.4809984,
              48.90929
            ],
            [
              2.4809319,
              48.9092933
            ]
          ]
        ]
      },
      "id": "way/1311783544"
    },
    {
      "type": "Feature",
      "properties": {
        "@id": "way/1347557790",
        "access": "yes",
        "amenity": "parking",
        "orientation": "parallel",
        "parking": "street_side",
        "surface": "asphalt"
      },
      "geometry": {
        "type": "Polygon",
        "coordinates": [
          [
            [
              2.489896,
              48.8917075
            ],
            [
              2.4898756,
              48.8916944
            ],
            [
              2.4901641,
              48.891479
            ],
            [
              2.4901852,
              48.8914905
            ],
            [
              2.489896,
              48.8917075
            ]
          ]
        ]
      },
      "id": "way/1347557790"
    },
    {
      "type": "Feature",
      "properties": {
        "@id": "way/1354609630",
        "access": "yes",
        "amenity": "parking",
        "capacity": "63",
        "capacity:disabled": "2",
        "name": "Autopont",
        "parking": "carports"
      },
      "geometry": {
        "type": "Polygon",
        "coordinates": [
          [
            [
              2.4799545,
              48.9058777
            ],
            [
              2.4799929,
              48.9057635
            ],
            [
              2.4809774,
              48.9059017
            ],
            [
              2.4809208,
              48.9060173
            ],
            [
              2.4799545,
              48.9058777
            ]
          ]
        ]
      },
      "id": "way/1354609630"
    },
    {
      "type": "Feature",
      "properties": {
        "@id": "way/1383724457",
        "amenity": "parking",
        "name": "Gâtine",
        "parking": "surface"
      },
      "geometry": {
        "type": "Polygon",
        "coordinates": [
          [
            [
              2.4770623,
              48.9051625
            ],
            [
              2.4769112,
              48.9050846
            ],
            [
              2.4769675,
              48.9046482
            ],
            [
              2.476603,
              48.9046249
            ],
            [
              2.4766119,
              48.9042722
            ],
            [
              2.4776047,
              48.9043287
            ],
            [
              2.4775929,
              48.9045761
            ],
            [
              2.4772728,
              48.90458
            ],
            [
              2.4772165,
              48.9051684
            ],
            [
              2.4770623,
              48.9051625
            ]
          ]
        ]
      },
      "id": "way/1383724457"
    },
    {
      "type": "Feature",
      "properties": {
        "@id": "way/1383724458",
        "amenity": "parking",
        "name": "parking Franprix",
        "parking": "surface"
      },
      "geometry": {
        "type": "Polygon",
        "coordinates": [
          [
            [
              2.4954226,
              48.8904852
            ],
            [
              2.4953808,
              48.8904932
            ],
            [
              2.4953312,
              48.8903722
            ],
            [
              2.495405,
              48.8903744
            ],
            [
              2.4955746,
              48.890415
            ],
            [
              2.49559,
              48.8904338
            ],
            [
              2.4956539,
              48.8904208
            ],
            [
              2.4957013,
              48.8903244
            ],
            [
              2.4957949,
              48.8903498
            ],
            [
              2.4958368,
              48.8904258
            ],
            [
              2.4954226,
              48.8904852
            ]
          ]
        ]
      },
      "id": "way/1383724458"
    },
    {
      "type": "Feature",
      "properties": {
        "@id": "way/1389257584",
        "amenity": "school",
        "name": "École Assomption de Bondy"
      },
      "geometry": {
        "type": "Polygon",
        "coordinates": [
          [
            [
              2.4909993,
              48.9046807
            ],
            [
              2.4909336,
              48.9046727
            ],
            [
              2.4909121,
              48.9046287
            ],
            [
              2.4914566,
              48.9041976
            ],
            [
              2.4919059,
              48.9042593
            ],
            [
              2.491934,
              48.9045828
            ],
            [
              2.4919327,
              48.9046498
            ],
            [
              2.4918321,
              48.9048147
            ],
            [
              2.4909993,
              48.9046807
            ]
          ]
        ]
      },
      "id": "way/1389257584"
    },
    {
      "type": "Feature",
      "properties": {
        "@id": "way/1392453079",
        "access": "yes",
        "amenity": "parking",
        "capacity": "20",
        "operator": "Tanger Marché",
        "operator:type": "private"
      },
      "geometry": {
        "type": "Polygon",
        "coordinates": [
          [
            [
              2.4864718,
              48.9065901
            ],
            [
              2.4866114,
              48.906192
            ],
            [
              2.4866569,
              48.9062305
            ],
            [
              2.486677,
              48.9062172
            ],
            [
              2.4867622,
              48.9062905
            ],
            [
              2.4867963,
              48.9062956
            ],
            [
              2.4866464,
              48.9065517
            ],
            [
              2.4865918,
              48.9065422
            ],
            [
              2.4865683,
              48.9066036
            ],
            [
              2.4864718,
              48.9065901
            ]
          ]
        ]
      },
      "id": "way/1392453079"
    },
    {
      "type": "Feature",
      "properties": {
        "@id": "way/1409743029",
        "amenity": "social_facility",
        "social_facility": "group_home",
        "social_facility:for": "senior"
      },
      "geometry": {
        "type": "Polygon",
        "coordinates": [
          [
            [
              2.4829979,
              48.9115632
            ],
            [
              2.4829891,
              48.9107705
            ],
            [
              2.483058,
              48.9102302
            ],
            [
              2.4851432,
              48.9100702
            ],
            [
              2.4855943,
              48.9102261
            ],
            [
              2.4849422,
              48.9110853
            ],
            [
              2.4844915,
              48.9111781
            ],
            [
              2.4838544,
              48.9113697
            ],
            [
              2.483653,
              48.9114329
            ],
            [
              2.4834667,
              48.911425
            ],
            [
              2.4833676,
              48.9114526
            ],
            [
              2.4829979,
              48.9115632
            ]
          ]
        ]
      },
      "id": "way/1409743029"
    },
    {
      "type": "Feature",
      "properties": {
        "@id": "way/1444257551",
        "access": "customers",
        "amenity": "toilets",
        "changing_table": "yes",
        "fee": "no",
        "indoor": "room",
        "level": "0",
        "unisex": "yes",
        "wheelchair": "yes"
      },
      "geometry": {
        "type": "Polygon",
        "coordinates": [
          [
            [
              2.4789187,
              48.8943433
            ],
            [
              2.4788813,
              48.8943489
            ],
            [
              2.4788747,
              48.8943299
            ],
            [
              2.4789121,
              48.8943243
            ],
            [
              2.4789154,
              48.8943336
            ],
            [
              2.4789187,
              48.8943433
            ]
          ]
        ]
      },
      "id": "way/1444257551"
    },
    {
      "type": "Feature",
      "properties": {
        "@id": "way/1446305034",
        "access": "private",
        "amenity": "parking",
        "parking": "surface"
      },
      "geometry": {
        "type": "Polygon",
        "coordinates": [
          [
            [
              2.4718826,
              48.8892071
            ],
            [
              2.471866,
              48.8891423
            ],
            [
              2.4722262,
              48.889126
            ],
            [
              2.4727178,
              48.8895235
            ],
            [
              2.4728357,
              48.8900212
            ],
            [
              2.472848,
              48.8912202
            ],
            [
              2.4727718,
              48.8915175
            ],
            [
              2.4726072,
              48.8915983
            ],
            [
              2.4724818,
              48.8915417
            ],
            [
              2.4723546,
              48.8910677
            ],
            [
              2.4725129,
              48.8910359
            ],
            [
              2.4725638,
              48.8911699
            ],
            [
              2.4726255,
              48.8911841
            ],
            [
              2.4726792,
              48.8911505
            ],
            [
              2.4726738,
              48.89111
            ],
            [
              2.4726068,
              48.8911065
            ],
            [
              2.4726041,
              48.8909918
            ],
            [
              2.4727194,
              48.8909936
            ],
            [
              2.4727167,
              48.889999
            ],
            [
              2.4726014,
              48.8895404
            ],
            [
              2.4722232,
              48.8891948
            ],
            [
              2.4718826,
              48.8892071
            ]
          ]
        ]
      },
      "id": "way/1446305034"
    },
    {
      "type": "Feature",
      "properties": {
        "@id": "way/1446305035",
        "access": "private",
        "amenity": "parking",
        "parking": "surface"
      },
      "geometry": {
        "type": "Polygon",
        "coordinates": [
          [
            [
              2.471958,
              48.8893176
            ],
            [
              2.471952,
              48.8892702
            ],
            [
              2.4721691,
              48.8892583
            ],
            [
              2.4721751,
              48.8893057
            ],
            [
              2.471958,
              48.8893176
            ]
          ]
        ]
      },
      "id": "way/1446305035"
    },
    {
      "type": "Feature",
      "properties": {
        "@id": "way/1453877249",
        "amenity": "school",
        "education": "school",
        "name": "Groupe scolaire Noue Caillet"
      },
      "geometry": {
        "type": "Polygon",
        "coordinates": [
          [
            [
              2.4788413,
              48.9124091
            ],
            [
              2.4787298,
              48.9119852
            ],
            [
              2.4794914,
              48.9118893
            ],
            [
              2.479407,
              48.9115996
            ],
            [
              2.4793931,
              48.9113792
            ],
            [
              2.4796088,
              48.9113794
            ],
            [
              2.4801498,
              48.9116344
            ],
            [
              2.4807083,
              48.9117298
            ],
            [
              2.4811463,
              48.9119221
            ],
            [
              2.4812098,
              48.9121254
            ],
            [
              2.481158,
              48.9121316
            ],
            [
              2.480117,
              48.9122563
            ],
            [
              2.4800911,
              48.9122565
            ],
            [
              2.4794522,
              48.9123359
            ],
            [
              2.4788413,
              48.9124091
            ]
          ]
        ]
      },
      "id": "way/1453877249"
    },
    {
      "type": "Feature",
      "properties": {
        "@id": "way/1453877251",
        "amenity": "school",
        "building": "public",
        "name": "Ecole élémentarie Roger Salengro",
        "ref:UAI": "0932265G",
        "school:FR": "primaire"
      },
      "geometry": {
        "type": "Polygon",
        "coordinates": [
          [
            [
              2.4745595,
              48.8975098
            ],
            [
              2.4745466,
              48.8974262
            ],
            [
              2.4753081,
              48.8973626
            ],
            [
              2.4754205,
              48.8973532
            ],
            [
              2.4754316,
              48.8973522
            ],
            [
              2.4754365,
              48.8974302
            ],
            [
              2.4745595,
              48.8975098
            ]
          ]
        ]
      },
      "id": "way/1453877251"
    },
    {
      "type": "Feature",
      "properties": {
        "@id": "way/1493418052",
        "amenity": "kindergarten",
        "building": "public",
        "name": "Crèche la Cabane des petits"
      },
      "geometry": {
        "type": "Polygon",
        "coordinates": [
          [
            [
              2.4900935,
              48.8953963
            ],
            [
              2.4898284,
              48.8950363
            ],
            [
              2.4896742,
              48.8950477
            ],
            [
              2.4896503,
              48.8949549
            ],
            [
              2.4898076,
              48.8949312
            ],
            [
              2.4898481,
              48.8949251
            ],
            [
              2.4899972,
              48.8949026
            ],
            [
              2.4900427,
              48.8950193
            ],
            [
              2.4902956,
              48.895352
            ],
            [
              2.4900935,
              48.8953963
            ]
          ]
        ]
      },
      "id": "way/1493418052"
    },
    {
      "type": "Feature",
      "properties": {
        "@id": "way/415301022",
        "amenity": "ticket_validator",
        "barrier": "turnstile",
        "fee": "yes",
        "level": "0"
      },
      "geometry": {
        "type": "LineString",
        "coordinates": [
          [
            2.4796268,
            48.89376
          ],
          [
            2.4796223,
            48.8937464
          ],
          [
            2.4796175,
            48.8937328
          ]
        ]
      },
      "id": "way/415301022"
    },
    {
      "type": "Feature",
      "properties": {
        "@id": "way/417286188",
        "amenity": "ticket_validator",
        "barrier": "turnstile",
        "fee": "yes",
        "level": "-1"
      },
      "geometry": {
        "type": "LineString",
        "coordinates": [
          [
            2.4788672,
            48.8939043
          ],
          [
            2.4788488,
            48.8939071
          ],
          [
            2.4788349,
            48.8939093
          ]
        ]
      },
      "id": "way/417286188"
    },
    {
      "type": "Feature",
      "properties": {
        "@id": "way/417286190",
        "amenity": "ticket_validator",
        "barrier": "turnstile",
        "fee": "yes",
        "level": "0"
      },
      "geometry": {
        "type": "LineString",
        "coordinates": [
          [
            2.4799173,
            48.8937177
          ],
          [
            2.4799115,
            48.8937024
          ],
          [
            2.4799011,
            48.8936733
          ]
        ]
      },
      "id": "way/417286190"
    },
    {
      "type": "Feature",
      "properties": {
        "@id": "way/1081828456",
        "amenity": "ticket_validator",
        "barrier": "turnstile",
        "fee": "yes",
        "level": "0"
      },
      "geometry": {
        "type": "LineString",
        "coordinates": [
          [
            2.4804436,
            48.8941283
          ],
          [
            2.4804327,
            48.8941299
          ],
          [
            2.4803916,
            48.8941357
          ],
          [
            2.4803455,
            48.8941422
          ]
        ]
      },
      "id": "way/1081828456"
    },
    {
      "type": "Feature",
      "properties": {
        "@id": "node/276997368",
        "amenity": "school"
      },
      "geometry": {
        "type": "Point",
        "coordinates": [
          2.4808463,
          48.9120101
        ]
      },
      "id": "node/276997368"
    },
    {
      "type": "Feature",
      "properties": {
        "@id": "node/276997664",
        "addr:housenumber": "34",
        "amenity": "school"
      },
      "geometry": {
        "type": "Point",
        "coordinates": [
          2.4793529,
          48.9122075
        ]
      },
      "id": "node/276997664"
    },
    {
      "type": "Feature",
      "properties": {
        "@id": "node/283195659",
        "amenity": "post_box",
        "operator": "La Poste",
        "operator:wikidata": "Q373724"
      },
      "geometry": {
        "type": "Point",
        "coordinates": [
          2.4994887,
          48.9046661
        ]
      },
      "id": "node/283195659"
    },
    {
      "type": "Feature",
      "properties": {
        "@id": "node/283197146",
        "addr:city": "Bondy",
        "addr:housenumber": "171",
        "amenity": "pharmacy",
        "dispensing": "yes",
        "healthcare": "pharmacy",
        "name": "Pharmacie Souffir Salama",
        "ref:FR:FINESS": "930006887",
        "ref:FR:NAF": "4773Z",
        "ref:FR:SIRET": "48904563300018",
        "source": "Celtipharm - 10/2014",
        "type:FR:FINESS": "620"
      },
      "geometry": {
        "type": "Point",
        "coordinates": [
          2.4973937,
          48.8997475
        ]
      },
      "id": "node/283197146"
    },
    {
      "type": "Feature",
      "properties": {
        "@id": "node/283197629",
        "amenity": "recycling"
      },
      "geometry": {
        "type": "Point",
        "coordinates": [
          2.4971987,
          48.8997588
        ]
      },
      "id": "node/283197629"
    },
    {
      "type": "Feature",
      "properties": {
        "@id": "node/480416727",
        "amenity": "marketplace"
      },
      "geometry": {
        "type": "Point",
        "coordinates": [
          2.4914242,
          48.9016323
        ]
      },
      "id": "node/480416727"
    },
    {
      "type": "Feature",
      "properties": {
        "@id": "node/574874556",
        "amenity": "pharmacy",
        "dispensing": "yes",
        "name": "Pharmacie de l'Hôtel de Ville",
        "ref:FR:FINESS": "930006705",
        "source": "Celtipharm - 10/2014",
        "wheelchair": "yes"
      },
      "geometry": {
        "type": "Point",
        "coordinates": [
          2.4817821,
          48.9028799
        ]
      },
      "id": "node/574874556"
    },
    {
      "type": "Feature",
      "properties": {
        "@id": "node/574874559",
        "amenity": "post_box",
        "operator": "La Poste",
        "operator:wikidata": "Q373724"
      },
      "geometry": {
        "type": "Point",
        "coordinates": [
          2.4871121,
          48.9014659
        ]
      },
      "id": "node/574874559"
    },
    {
      "type": "Feature",
      "properties": {
        "@id": "node/574874564",
        "amenity": "parking"
      },
      "geometry": {
        "type": "Point",
        "coordinates": [
          2.4866218,
          48.90148
        ]
      },
      "id": "node/574874564"
    },
    {
      "type": "Feature",
      "properties": {
        "@id": "node/574874567",
        "amenity": "post_box",
        "operator": "La Poste",
        "operator:wikidata": "Q373724"
      },
      "geometry": {
        "type": "Point",
        "coordinates": [
          2.4820059,
          48.901414
        ]
      },
      "id": "node/574874567"
    },
    {
      "type": "Feature",
      "properties": {
        "@id": "node/574874594",
        "amenity": "parking"
      },
      "geometry": {
        "type": "Point",
        "coordinates": [
          2.4811179,
          48.9055562
        ]
      },
      "id": "node/574874594"
    },
    {
      "type": "Feature",
      "properties": {
        "@id": "node/574874596",
        "access": "customers",
        "amenity": "parking",
        "fee": "no",
        "parking": "surface"
      },
      "geometry": {
        "type": "Point",
        "coordinates": [
          2.4772985,
          48.9044067
        ]
      },
      "id": "node/574874596"
    },
    {
      "type": "Feature",
      "properties": {
        "@id": "node/574874598",
        "access": "private",
        "amenity": "parking"
      },
      "geometry": {
        "type": "Point",
        "coordinates": [
          2.4786212,
          48.9040591
        ]
      },
      "id": "node/574874598"
    },
    {
      "type": "Feature",
      "properties": {
        "@id": "node/574874615",
        "amenity": "parking"
      },
      "geometry": {
        "type": "Point",
        "coordinates": [
          2.4820835,
          48.9065224
        ]
      },
      "id": "node/574874615"
    },
    {
      "type": "Feature",
      "properties": {
        "@id": "node/574952491",
        "amenity": "fast_food",
        "brand": "McDonald's",
        "brand:wikidata": "Q38076",
        "brand:wikipedia": "fr:McDonald's",
        "cuisine": "burger",
        "drive_through": "yes",
        "name": "McDonald's",
        "opening_hours": "Mo-Sa 07:00-06:59; Su 07:00-24:00",
        "phone": "+33 1 48 49 90 90",
        "takeaway": "yes",
        "website": "https://www.mcdonalds.fr/restaurants/mcdonalds-bondy/292",
        "wheelchair": "yes"
      },
      "geometry": {
        "type": "Point",
        "coordinates": [
          2.4899644,
          48.9075763
        ]
      },
      "id": "node/574952491"
    },
    {
      "type": "Feature",
      "properties": {
        "@id": "node/574952498",
        "addr:city": "Bondy",
        "addr:housenumber": "25",
        "amenity": "cinema",
        "name": "Ciné Malraux",
        "ref:FR:CNC": "61504",
        "website": "https://www.cinemalraux.fr/"
      },
      "geometry": {
        "type": "Point",
        "coordinates": [
          2.4802864,
          48.9015185
        ]
      },
      "id": "node/574952498"
    },
    {
      "type": "Feature",
      "properties": {
        "@id": "node/574952504",
        "addr:city": "Bondy",
        "addr:housenumber": "73",
        "amenity": "restaurant",
        "name": "Le Chêne",
        "wheelchair": "limited"
      },
      "geometry": {
        "type": "Point",
        "coordinates": [
          2.4805745,
          48.9032181
        ]
      },
      "id": "node/574952504"
    },
    {
      "type": "Feature",
      "properties": {
        "@id": "node/574952511",
        "amenity": "post_box",
        "operator": "La Poste",
        "operator:wikidata": "Q373724"
      },
      "geometry": {
        "type": "Point",
        "coordinates": [
          2.47921,
          48.8948708
        ]
      },
      "id": "node/574952511"
    },
    {
      "type": "Feature",
      "properties": {
        "@id": "node/735558901",
        "amenity": "bank",
        "atm": "yes",
        "brand": "BNP Paribas",
        "brand:wikidata": "Q499707",
        "brand:wikipedia": "en:BNP Paribas",
        "name": "BNP Paribas"
      },
      "geometry": {
        "type": "Point",
        "coordinates": [
          2.4780852,
          48.8953248
        ]
      },
      "id": "node/735558901"
    },
    {
      "type": "Feature",
      "properties": {
        "@id": "node/735558908",
        "amenity": "bank",
        "atm": "yes",
        "brand": "LCL",
        "brand:wikidata": "Q779722",
        "brand:wikipedia": "fr:Crédit lyonnais",
        "name": "LCL"
      },
      "geometry": {
        "type": "Point",
        "coordinates": [
          2.4785407,
          48.8945291
        ]
      },
      "id": "node/735558908"
    },
    {
      "type": "Feature",
      "properties": {
        "@id": "node/735558922",
        "amenity": "fast_food"
      },
      "geometry": {
        "type": "Point",
        "coordinates": [
          2.4784281,
          48.8965569
        ]
      },
      "id": "node/735558922"
    },
    {
      "type": "Feature",
      "properties": {
        "@id": "node/735558948",
        "amenity": "restaurant",
        "cuisine": "french",
        "name": "La Rotonde"
      },
      "geometry": {
        "type": "Point",
        "coordinates": [
          2.4775264,
          48.8949297
        ]
      },
      "id": "node/735558948"
    },
    {
      "type": "Feature",
      "properties": {
        "@id": "node/919869875",
        "amenity": "cafe"
      },
      "geometry": {
        "type": "Point",
        "coordinates": [
          2.4792288,
          48.893634
        ]
      },
      "id": "node/919869875"
    },
    {
      "type": "Feature",
      "properties": {
        "@id": "node/933859711",
        "amenity": "bar"
      },
      "geometry": {
        "type": "Point",
        "coordinates": [
          2.4861964,
          48.9185948
        ]
      },
      "id": "node/933859711"
    },
    {
      "type": "Feature",
      "properties": {
        "@id": "node/957307733",
        "amenity": "restaurant",
        "cuisine": "couscous"
      },
      "geometry": {
        "type": "Point",
        "coordinates": [
          2.477119,
          48.8962528
        ]
      },
      "id": "node/957307733"
    },
    {
      "type": "Feature",
      "properties": {
        "@id": "node/957307746",
        "amenity": "cafe",
        "tobacco": "yes"
      },
      "geometry": {
        "type": "Point",
        "coordinates": [
          2.4785818,
          48.8964605
        ]
      },
      "id": "node/957307746"
    },
    {
      "type": "Feature",
      "properties": {
        "@id": "node/957307748",
        "amenity": "fast_food",
        "cuisine": "kebab"
      },
      "geometry": {
        "type": "Point",
        "coordinates": [
          2.4782827,
          48.8964946
        ]
      },
      "id": "node/957307748"
    },
    {
      "type": "Feature",
      "properties": {
        "@id": "node/957307760",
        "amenity": "post_box",
        "operator": "La Poste",
        "operator:wikidata": "Q373724"
      },
      "geometry": {
        "type": "Point",
        "coordinates": [
          2.4784584,
          48.8964735
        ]
      },
      "id": "node/957307760"
    },
    {
      "type": "Feature",
      "properties": {
        "@id": "node/969165271",
        "amenity": "atm",
        "operator": "La Banque Postale",
        "source": "cadastre-dgi-fr source : Direction Générale des Impôts - Cadastre. Mise à jour : 2010"
      },
      "geometry": {
        "type": "Point",
        "coordinates": [
          2.4763529,
          48.9003291
        ]
      },
      "id": "node/969165271"
    },
    {
      "type": "Feature",
      "properties": {
        "@id": "node/978986814",
        "amenity": "fast_food"
      },
      "geometry": {
        "type": "Point",
        "coordinates": [
          2.4774947,
          48.8953778
        ]
      },
      "id": "node/978986814"
    },
    {
      "type": "Feature",
      "properties": {
        "@id": "node/1117707781",
        "amenity": "doctors"
      },
      "geometry": {
        "type": "Point",
        "coordinates": [
          2.4806799,
          48.8962393
        ]
      },
      "id": "node/1117707781"
    },
    {
      "type": "Feature",
      "properties": {
        "@id": "node/1117805224",
        "amenity": "atm"
      },
      "geometry": {
        "type": "Point",
        "coordinates": [
          2.4780861,
          48.8953009
        ]
      },
      "id": "node/1117805224"
    },
    {
      "type": "Feature",
      "properties": {
        "@id": "node/1117805227",
        "amenity": "atm"
      },
      "geometry": {
        "type": "Point",
        "coordinates": [
          2.4781061,
          48.8952925
        ]
      },
      "id": "node/1117805227"
    },
    {
      "type": "Feature",
      "properties": {
        "@id": "node/1177228198",
        "amenity": "ticket_validator",
        "barrier": "turnstile",
        "fee": "yes",
        "level": "0",
        "wheelchair": "no"
      },
      "geometry": {
        "type": "Point",
        "coordinates": [
          2.4799115,
          48.8937024
        ]
      },
      "id": "node/1177228198"
    },
    {
      "type": "Feature",
      "properties": {
        "@id": "node/1181072501",
        "amenity": "ticket_validator",
        "barrier": "turnstile",
        "fee": "yes",
        "level": "-1",
        "wheelchair": "no"
      },
      "geometry": {
        "type": "Point",
        "coordinates": [
          2.4788488,
          48.8939071
        ]
      },
      "id": "node/1181072501"
    },
    {
      "type": "Feature",
      "properties": {
        "@id": "node/1181160629",
        "amenity": "parking_entrance",
        "parking": "underground"
      },
      "geometry": {
        "type": "Point",
        "coordinates": [
          2.4821841,
          48.9016458
        ]
      },
      "id": "node/1181160629"
    },
    {
      "type": "Feature",
      "properties": {
        "@id": "node/1245995189",
        "addr:city": "Bondy",
        "addr:housenumber": "176",
        "addr:postcode": "93140",
        "addr:street": "Avenue du Général Gallieni",
        "alt_name": "Kentucky Fried Chicken",
        "amenity": "fast_food",
        "brand": "KFC",
        "brand:wikidata": "Q524757",
        "brand:wikipedia": "en:KFC",
        "cuisine": "chicken",
        "drive_through": "yes",
        "name": "KFC",
        "opening_hours": "Su-Th 11:00-23:00; Fr-Sa 11:00-00:00",
        "phone": "+33 1 48 49 88 16",
        "takeaway": "yes",
        "website": "https://www.kfc.fr/"
      },
      "geometry": {
        "type": "Point",
        "coordinates": [
          2.4876796,
          48.9066047
        ]
      },
      "id": "node/1245995189"
    },
    {
      "type": "Feature",
      "properties": {
        "@id": "node/1465849698",
        "amenity": "veterinary",
        "source": "cadastre-dgi-fr source : Direction Générale des Impôts - Cadastre. Mise à jour : 2011"
      },
      "geometry": {
        "type": "Point",
        "coordinates": [
          2.4769438,
          48.9034805
        ]
      },
      "id": "node/1465849698"
    },
    {
      "type": "Feature",
      "properties": {
        "@id": "node/1465849700",
        "addr:city": "Bondy",
        "addr:housenumber": "37",
        "amenity": "pharmacy",
        "dispensing": "yes",
        "name": "Pharmacie Drahy",
        "ref:FR:FINESS": "930006622",
        "ref:FR:NAF": "4773Z",
        "ref:FR:SIREN": "384546156",
        "ref:FR:SIRET": "38454615600017",
        "source": "cadastre-dgi-fr source : Direction Générale des Impôts - Cadastre. Mise à jour : 2011;Celtipharm - 10/2014",
        "type:FR:FINESS": "620"
      },
      "geometry": {
        "type": "Point",
        "coordinates": [
          2.4774494,
          48.9036632
        ]
      },
      "id": "node/1465849700"
    },
    {
      "type": "Feature",
      "properties": {
        "@id": "node/2161696119",
        "amenity": "fast_food",
        "cuisine": "pizza",
        "name": "Palais de Bondy",
        "opening_hours": "Mo-Su,PH 11:00-23:00"
      },
      "geometry": {
        "type": "Point",
        "coordinates": [
          2.4783344,
          48.8937215
        ]
      },
      "id": "node/2161696119"
    },
    {
      "type": "Feature",
      "properties": {
        "@id": "node/2161696135",
        "amenity": "fast_food",
        "cuisine": "pizza",
        "name": "Pizzatime"
      },
      "geometry": {
        "type": "Point",
        "coordinates": [
          2.4806333,
          48.8934502
        ]
      },
      "id": "node/2161696135"
    },
    {
      "type": "Feature",
      "properties": {
        "@id": "node/2291424915",
        "amenity": "school",
        "name": "École maternelle Henri Sellier",
        "operator:type": "public",
        "ref:UAI": "0930430M",
        "school:FR": "maternelle",
        "source": "data.gouv.fr:Ministère de l'Éducation nationale, de la Jeunesse et de la Vie associative - 05/2012"
      },
      "geometry": {
        "type": "Point",
        "coordinates": [
          2.4926578,
          48.900461
        ]
      },
      "id": "node/2291424915"
    },
    {
      "type": "Feature",
      "properties": {
        "@id": "node/2620910974",
        "amenity": "atm",
        "operator": "Caisse d'Épargne"
      },
      "geometry": {
        "type": "Point",
        "coordinates": [
          2.4795554,
          48.9002893
        ]
      },
      "id": "node/2620910974"
    },
    {
      "type": "Feature",
      "properties": {
        "@id": "node/2620911474",
        "amenity": "atm",
        "operator": "Banque Populaire"
      },
      "geometry": {
        "type": "Point",
        "coordinates": [
          2.4795388,
          48.9025344
        ]
      },
      "id": "node/2620911474"
    },
    {
      "type": "Feature",
      "properties": {
        "@id": "node/2620912279",
        "amenity": "atm",
        "brand": "BNP Paribas",
        "brand:wikidata": "Q499707",
        "operator": "BNP Paribas",
        "operator:wikidata": "Q499707"
      },
      "geometry": {
        "type": "Point",
        "coordinates": [
          2.4790364,
          48.9054815
        ]
      },
      "id": "node/2620912279"
    },
    {
      "type": "Feature",
      "properties": {
        "@id": "node/2620918133",
        "amenity": "atm",
        "operator": "La Banque Postale"
      },
      "geometry": {
        "type": "Point",
        "coordinates": [
          2.4871039,
          48.9015747
        ]
      },
      "id": "node/2620918133"
    },
    {
      "type": "Feature",
      "properties": {
        "@id": "node/2806783582",
        "amenity": "waste_basket"
      },
      "geometry": {
        "type": "Point",
        "coordinates": [
          2.4798893,
          48.8936517
        ]
      },
      "id": "node/2806783582"
    },
    {
      "type": "Feature",
      "properties": {
        "@id": "node/2806783583",
        "amenity": "clock"
      },
      "geometry": {
        "type": "Point",
        "coordinates": [
          2.4810449,
          48.8936387
        ]
      },
      "id": "node/2806783583"
    },
    {
      "type": "Feature",
      "properties": {
        "@id": "node/2806783584",
        "amenity": "waste_basket"
      },
      "geometry": {
        "type": "Point",
        "coordinates": [
          2.48085,
          48.8936793
        ]
      },
      "id": "node/2806783584"
    },
    {
      "type": "Feature",
      "properties": {
        "@id": "node/2806783585",
        "amenity": "bench",
        "backrest": "no",
        "seats": "3"
      },
      "geometry": {
        "type": "Point",
        "coordinates": [
          2.4807652,
          48.8936877
        ]
      },
      "id": "node/2806783585"
    },
    {
      "type": "Feature",
      "properties": {
        "@id": "node/2806783586",
        "amenity": "bench",
        "backrest": "no",
        "seats": "3"
      },
      "geometry": {
        "type": "Point",
        "coordinates": [
          2.4806593,
          48.8936929
        ]
      },
      "id": "node/2806783586"
    },
    {
      "type": "Feature",
      "properties": {
        "@id": "node/2806783587",
        "amenity": "waste_basket"
      },
      "geometry": {
        "type": "Point",
        "coordinates": [
          2.4806314,
          48.8936953
        ]
      },
      "id": "node/2806783587"
    },
    {
      "type": "Feature",
      "properties": {
        "@id": "node/2806783588",
        "amenity": "bench",
        "backrest": "no",
        "seats": "3"
      },
      "geometry": {
        "type": "Point",
        "coordinates": [
          2.4806072,
          48.8936987
        ]
      },
      "id": "node/2806783588"
    },
    {
      "type": "Feature",
      "properties": {
        "@id": "node/2806783589",
        "amenity": "waste_basket"
      },
      "geometry": {
        "type": "Point",
        "coordinates": [
          2.4805656,
          48.8937041
        ]
      },
      "id": "node/2806783589"
    },
    {
      "type": "Feature",
      "properties": {
        "@id": "node/2806783594",
        "amenity": "vending_machine",
        "level": "0.5",
        "network": "Transilien",
        "operator": "SNCF Voyageurs",
        "operator:wikidata": "Q93090957",
        "operator:wikipedia": "fr:SNCF Voyageurs",
        "vending": "public_transport_tickets"
      },
      "geometry": {
        "type": "Point",
        "coordinates": [
          2.4787951,
          48.8938443
        ]
      },
      "id": "node/2806783594"
    },
    {
      "type": "Feature",
      "properties": {
        "@id": "node/2806783600",
        "amenity": "bench",
        "backrest": "no",
        "seats": "3"
      },
      "geometry": {
        "type": "Point",
        "coordinates": [
          2.4808535,
          48.8939206
        ]
      },
      "id": "node/2806783600"
    },
    {
      "type": "Feature",
      "properties": {
        "@id": "node/2806787601",
        "amenity": "bench",
        "backrest": "no",
        "seats": "3"
      },
      "geometry": {
        "type": "Point",
        "coordinates": [
          2.479496,
          48.893867
        ]
      },
      "id": "node/2806787601"
    },
    {
      "type": "Feature",
      "properties": {
        "@id": "node/2806787603",
        "amenity": "waste_basket"
      },
      "geometry": {
        "type": "Point",
        "coordinates": [
          2.4794756,
          48.8938699
        ]
      },
      "id": "node/2806787603"
    },
    {
      "type": "Feature",
      "properties": {
        "@id": "node/2806787605",
        "amenity": "bench",
        "backrest": "no",
        "seats": "3"
      },
      "geometry": {
        "type": "Point",
        "coordinates": [
          2.4794549,
          48.8938718
        ]
      },
      "id": "node/2806787605"
    },
    {
      "type": "Feature",
      "properties": {
        "@id": "node/2806787610",
        "amenity": "vending_machine",
        "brand": "Selecta",
        "brand:wikidata": "Q472153",
        "level": "0",
        "operator": "Selecta",
        "vending": "drinks;sweets"
      },
      "geometry": {
        "type": "Point",
        "coordinates": [
          2.4793578,
          48.8938884
        ]
      },
      "id": "node/2806787610"
    },
    {
      "type": "Feature",
      "properties": {
        "@id": "node/2806787614",
        "amenity": "bench",
        "backrest": "no",
        "seats": "3"
      },
      "geometry": {
        "type": "Point",
        "coordinates": [
          2.4793086,
          48.8938941
        ]
      },
      "id": "node/2806787614"
    },
    {
      "type": "Feature",
      "properties": {
        "@id": "node/2806787624",
        "amenity": "clock",
        "level": "0"
      },
      "geometry": {
        "type": "Point",
        "coordinates": [
          2.4787422,
          48.8939748
        ]
      },
      "id": "node/2806787624"
    },
    {
      "type": "Feature",
      "properties": {
        "@id": "node/2806787626",
        "amenity": "bench",
        "backrest": "no",
        "seats": "3"
      },
      "geometry": {
        "type": "Point",
        "coordinates": [
          2.4795791,
          48.8939759
        ]
      },
      "id": "node/2806787626"
    },
    {
      "type": "Feature",
      "properties": {
        "@id": "node/2806787627",
        "amenity": "bench",
        "backrest": "no",
        "seats": "3"
      },
      "geometry": {
        "type": "Point",
        "coordinates": [
          2.4795296,
          48.8939845
        ]
      },
      "id": "node/2806787627"
    },
    {
      "type": "Feature",
      "properties": {
        "@id": "node/2806787628",
        "amenity": "waste_basket"
      },
      "geometry": {
        "type": "Point",
        "coordinates": [
          2.4795139,
          48.893987
        ]
      },
      "id": "node/2806787628"
    },
    {
      "type": "Feature",
      "properties": {
        "@id": "node/2806787629",
        "amenity": "bench",
        "backrest": "no",
        "seats": "3"
      },
      "geometry": {
        "type": "Point",
        "coordinates": [
          2.4794952,
          48.8939898
        ]
      },
      "id": "node/2806787629"
    },
    {
      "type": "Feature",
      "properties": {
        "@id": "node/2806787630",
        "amenity": "bench",
        "backrest": "no",
        "check_date": "2025-02-07",
        "seats": "3"
      },
      "geometry": {
        "type": "Point",
        "coordinates": [
          2.4802495,
          48.8939918
        ]
      },
      "id": "node/2806787630"
    },
    {
      "type": "Feature",
      "properties": {
        "@id": "node/2806787631",
        "amenity": "waste_basket",
        "check_date": "2025-02-07"
      },
      "geometry": {
        "type": "Point",
        "coordinates": [
          2.4802338,
          48.8939943
        ]
      },
      "id": "node/2806787631"
    },
    {
      "type": "Feature",
      "properties": {
        "@id": "node/2806787632",
        "amenity": "bench",
        "backrest": "no",
        "check_date": "2025-02-07",
        "seats": "3"
      },
      "geometry": {
        "type": "Point",
        "coordinates": [
          2.4802151,
          48.8939971
        ]
      },
      "id": "node/2806787632"
    },
    {
      "type": "Feature",
      "properties": {
        "@id": "node/2806787633",
        "amenity": "bench",
        "backrest": "no",
        "seats": "3"
      },
      "geometry": {
        "type": "Point",
        "coordinates": [
          2.4793515,
          48.894001
        ]
      },
      "id": "node/2806787633"
    },
    {
      "type": "Feature",
      "properties": {
        "@id": "node/2806787636",
        "amenity": "vending_machine",
        "brand": "Selecta",
        "brand:wikidata": "Q472153",
        "level": "0",
        "operator": "Selecta",
        "vending": "drinks;sweets"
      },
      "geometry": {
        "type": "Point",
        "coordinates": [
          2.4792877,
          48.8941491
        ]
      },
      "id": "node/2806787636"
    },
    {
      "type": "Feature",
      "properties": {
        "@id": "node/2806787639",
        "amenity": "waste_basket",
        "check_date": "2023-05-21"
      },
      "geometry": {
        "type": "Point",
        "coordinates": [
          2.4792309,
          48.8940134
        ]
      },
      "id": "node/2806787639"
    },
    {
      "type": "Feature",
      "properties": {
        "@id": "node/2806787644",
        "amenity": "ticket_validator",
        "level": "-1",
        "operator": "SNCF"
      },
      "geometry": {
        "type": "Point",
        "coordinates": [
          2.4788832,
          48.8939669
        ]
      },
      "id": "node/2806787644"
    },
    {
      "type": "Feature",
      "properties": {
        "@id": "node/2806787645",
        "amenity": "ticket_validator",
        "level": "-1",
        "operator": "SNCF"
      },
      "geometry": {
        "type": "Point",
        "coordinates": [
          2.4788872,
          48.8939767
        ]
      },
      "id": "node/2806787645"
    },
    {
      "type": "Feature",
      "properties": {
        "@id": "node/2806787656",
        "amenity": "bench",
        "backrest": "no",
        "seats": "3"
      },
      "geometry": {
        "type": "Point",
        "coordinates": [
          2.4787309,
          48.8941028
        ]
      },
      "id": "node/2806787656"
    },
    {
      "type": "Feature",
      "properties": {
        "@id": "node/2806787657",
        "amenity": "waste_basket"
      },
      "geometry": {
        "type": "Point",
        "coordinates": [
          2.4787084,
          48.894104
        ]
      },
      "id": "node/2806787657"
    },
    {
      "type": "Feature",
      "properties": {
        "@id": "node/2806787658",
        "amenity": "bench",
        "backrest": "no",
        "seats": "3"
      },
      "geometry": {
        "type": "Point",
        "coordinates": [
          2.4786887,
          48.8941099
        ]
      },
      "id": "node/2806787658"
    },
    {
      "type": "Feature",
      "properties": {
        "@id": "node/2806787660",
        "amenity": "bench",
        "backrest": "no",
        "seats": "3"
      },
      "geometry": {
        "type": "Point",
        "coordinates": [
          2.4793708,
          48.8941268
        ]
      },
      "id": "node/2806787660"
    },
    {
      "type": "Feature",
      "properties": {
        "@id": "node/2806787662",
        "amenity": "clock"
      },
      "geometry": {
        "type": "Point",
        "coordinates": [
          2.4794383,
          48.8941257
        ]
      },
      "id": "node/2806787662"
    },
    {
      "type": "Feature",
      "properties": {
        "@id": "node/2806787663",
        "amenity": "clock"
      },
      "geometry": {
        "type": "Point",
        "coordinates": [
          2.4794156,
          48.8940234
        ]
      },
      "id": "node/2806787663"
    },
    {
      "type": "Feature",
      "properties": {
        "@id": "node/2806787665",
        "amenity": "waste_basket"
      },
      "geometry": {
        "type": "Point",
        "coordinates": [
          2.4794012,
          48.8941549
        ]
      },
      "id": "node/2806787665"
    },
    {
      "type": "Feature",
      "properties": {
        "@id": "node/2806787669",
        "amenity": "waste_basket"
      },
      "geometry": {
        "type": "Point",
        "coordinates": [
          2.4793475,
          48.8942325
        ]
      },
      "id": "node/2806787669"
    },
    {
      "type": "Feature",
      "properties": {
        "@id": "node/2806787674",
        "amenity": "waste_basket",
        "level": "-1"
      },
      "geometry": {
        "type": "Point",
        "coordinates": [
          2.4789519,
          48.8942028
        ]
      },
      "id": "node/2806787674"
    },
    {
      "type": "Feature",
      "properties": {
        "@id": "node/2806787684",
        "amenity": "bench",
        "backrest": "no",
        "seats": "3"
      },
      "geometry": {
        "type": "Point",
        "coordinates": [
          2.4786108,
          48.8942483
        ]
      },
      "id": "node/2806787684"
    },
    {
      "type": "Feature",
      "properties": {
        "@id": "node/2806787685",
        "amenity": "waste_basket"
      },
      "geometry": {
        "type": "Point",
        "coordinates": [
          2.4785903,
          48.8942533
        ]
      },
      "id": "node/2806787685"
    },
    {
      "type": "Feature",
      "properties": {
        "@id": "node/2806787686",
        "amenity": "bench",
        "backrest": "no",
        "check_date": "2024-03-17",
        "seats": "3"
      },
      "geometry": {
        "type": "Point",
        "coordinates": [
          2.4785669,
          48.8942537
        ]
      },
      "id": "node/2806787686"
    },
    {
      "type": "Feature",
      "properties": {
        "@id": "node/2806787688",
        "amenity": "bench",
        "backrest": "no",
        "seats": "3"
      },
      "geometry": {
        "type": "Point",
        "coordinates": [
          2.4782402,
          48.8943012
        ]
      },
      "id": "node/2806787688"
    },
    {
      "type": "Feature",
      "properties": {
        "@id": "node/2806787689",
        "amenity": "waste_basket"
      },
      "geometry": {
        "type": "Point",
        "coordinates": [
          2.4782173,
          48.8943035
        ]
      },
      "id": "node/2806787689"
    },
    {
      "type": "Feature",
      "properties": {
        "@id": "node/2806787690",
        "amenity": "bench",
        "backrest": "no",
        "seats": "3"
      },
      "geometry": {
        "type": "Point",
        "coordinates": [
          2.4782015,
          48.8943039
        ]
      },
      "id": "node/2806787690"
    },
    {
      "type": "Feature",
      "properties": {
        "@id": "node/2806793105",
        "amenity": "bench",
        "backrest": "no",
        "seats": "5"
      },
      "geometry": {
        "type": "Point",
        "coordinates": [
          2.4795861,
          48.8941062
        ]
      },
      "id": "node/2806793105"
    },
    {
      "type": "Feature",
      "properties": {
        "@id": "node/2806793106",
        "amenity": "waste_basket"
      },
      "geometry": {
        "type": "Point",
        "coordinates": [
          2.4795533,
          48.8941078
        ]
      },
      "id": "node/2806793106"
    },
    {
      "type": "Feature",
      "properties": {
        "@id": "node/2806793107",
        "amenity": "bench",
        "backrest": "no",
        "seats": "3"
      },
      "geometry": {
        "type": "Point",
        "coordinates": [
          2.4795322,
          48.8941112
        ]
      },
      "id": "node/2806793107"
    },
    {
      "type": "Feature",
      "properties": {
        "@id": "node/2806820484",
        "amenity": "vending_machine",
        "level": "0",
        "network": "Transilien",
        "operator": "SNCF Voyageurs",
        "operator:wikidata": "Q93090957",
        "operator:wikipedia": "fr:SNCF Voyageurs",
        "vending": "public_transport_tickets"
      },
      "geometry": {
        "type": "Point",
        "coordinates": [
          2.4799954,
          48.8936977
        ]
      },
      "id": "node/2806820484"
    },
    {
      "type": "Feature",
      "properties": {
        "@id": "node/2806820491",
        "amenity": "ticket_validator",
        "level": "0",
        "operator": "SNCF"
      },
      "geometry": {
        "type": "Point",
        "coordinates": [
          2.4798389,
          48.8936995
        ]
      },
      "id": "node/2806820491"
    },
    {
      "type": "Feature",
      "properties": {
        "@id": "node/2806820492",
        "amenity": "bicycle_parking",
        "bicycle_parking": "stands",
        "capacity": "16",
        "operator": "SNCF",
        "website": "https://www.iledefrance-mobilites.fr/titres-et-tarifs/parkings-velos"
      },
      "geometry": {
        "type": "Point",
        "coordinates": [
          2.4797739,
          48.8936947
        ]
      },
      "id": "node/2806820492"
    },
    {
      "type": "Feature",
      "properties": {
        "@id": "node/2806820493",
        "amenity": "ticket_validator",
        "level": "0",
        "operator": "SNCF"
      },
      "geometry": {
        "type": "Point",
        "coordinates": [
          2.4798484,
          48.8936986
        ]
      },
      "id": "node/2806820493"
    },
    {
      "type": "Feature",
      "properties": {
        "@id": "node/2806820497",
        "amenity": "waste_basket"
      },
      "geometry": {
        "type": "Point",
        "coordinates": [
          2.4808368,
          48.8939222
        ]
      },
      "id": "node/2806820497"
    },
    {
      "type": "Feature",
      "properties": {
        "@id": "node/2806820498",
        "amenity": "waste_basket"
      },
      "geometry": {
        "type": "Point",
        "coordinates": [
          2.4805888,
          48.8939437
        ]
      },
      "id": "node/2806820498"
    },
    {
      "type": "Feature",
      "properties": {
        "@id": "node/2806820499",
        "amenity": "bench",
        "backrest": "no",
        "seats": "3"
      },
      "geometry": {
        "type": "Point",
        "coordinates": [
          2.4805647,
          48.8939593
        ]
      },
      "id": "node/2806820499"
    },
    {
      "type": "Feature",
      "properties": {
        "@id": "node/2846999581",
        "amenity": "waste_basket"
      },
      "geometry": {
        "type": "Point",
        "coordinates": [
          2.4878424,
          48.8930445
        ]
      },
      "id": "node/2846999581"
    },
    {
      "type": "Feature",
      "properties": {
        "@id": "node/2846999583",
        "amenity": "bench",
        "backrest": "no",
        "bench:type": "seated",
        "colour": "gray",
        "material": "metal",
        "seats": "3"
      },
      "geometry": {
        "type": "Point",
        "coordinates": [
          2.48777,
          48.8930562
        ]
      },
      "id": "node/2846999583"
    },
    {
      "type": "Feature",
      "properties": {
        "@id": "node/2846999584",
        "amenity": "vending_machine",
        "network": "Transilien",
        "operator": "SNCF Voyageurs",
        "operator:wikidata": "Q93090957",
        "operator:wikipedia": "fr:SNCF Voyageurs",
        "vending": "public_transport_tickets",
        "wheelchair": "no"
      },
      "geometry": {
        "type": "Point",
        "coordinates": [
          2.4877034,
          48.8930657
        ]
      },
      "id": "node/2846999584"
    },
    {
      "type": "Feature",
      "properties": {
        "@id": "node/2846999590",
        "amenity": "bench",
        "backrest": "no",
        "bench:type": "seated",
        "colour": "gray",
        "material": "metal",
        "seats": "3"
      },
      "geometry": {
        "type": "Point",
        "coordinates": [
          2.4876178,
          48.8930783
        ]
      },
      "id": "node/2846999590"
    },
    {
      "type": "Feature",
      "properties": {
        "@id": "node/2846999666",
        "amenity": "bench",
        "backrest": "no",
        "bench:type": "stand_up",
        "colour": "gray",
        "material": "metal",
        "seats": "3"
      },
      "geometry": {
        "type": "Point",
        "coordinates": [
          2.4878162,
          48.8930485
        ]
      },
      "id": "node/2846999666"
    },
    {
      "type": "Feature",
      "properties": {
        "@id": "node/2846999821",
        "amenity": "bench",
        "backrest": "no",
        "bench:type": "stand_up",
        "colour": "gray",
        "material": "metal",
        "seats": "3"
      },
      "geometry": {
        "type": "Point",
        "coordinates": [
          2.4876551,
          48.893073
        ]
      },
      "id": "node/2846999821"
    },
    {
      "type": "Feature",
      "properties": {
        "@id": "node/2846999873",
        "amenity": "waste_basket"
      },
      "geometry": {
        "type": "Point",
        "coordinates": [
          2.4878885,
          48.893157
        ]
      },
      "id": "node/2846999873"
    },
    {
      "type": "Feature",
      "properties": {
        "@id": "node/2846999878",
        "amenity": "bench",
        "backrest": "no",
        "bench:type": "stand_up",
        "colour": "gray",
        "material": "metal",
        "seats": "3"
      },
      "geometry": {
        "type": "Point",
        "coordinates": [
          2.4878619,
          48.8931618
        ]
      },
      "id": "node/2846999878"
    },
    {
      "type": "Feature",
      "properties": {
        "@id": "node/2846999881",
        "amenity": "bench",
        "backrest": "no",
        "bench:type": "seated",
        "colour": "gray",
        "material": "metal",
        "seats": "3"
      },
      "geometry": {
        "type": "Point",
        "coordinates": [
          2.4878009,
          48.8931676
        ]
      },
      "id": "node/2846999881"
    },
    {
      "type": "Feature",
      "properties": {
        "@id": "node/2846999885",
        "amenity": "vending_machine",
        "network": "Transilien",
        "operator": "SNCF Voyageurs",
        "operator:wikidata": "Q93090957",
        "operator:wikipedia": "fr:SNCF Voyageurs",
        "vending": "public_transport_tickets",
        "wheelchair": "yes"
      },
      "geometry": {
        "type": "Point",
        "coordinates": [
          2.4877417,
          48.8931775
        ]
      },
      "id": "node/2846999885"
    },
    {
      "type": "Feature",
      "properties": {
        "@id": "node/2847000002",
        "amenity": "waste_basket"
      },
      "geometry": {
        "type": "Point",
        "coordinates": [
          2.4874907,
          48.8930981
        ]
      },
      "id": "node/2847000002"
    },
    {
      "type": "Feature",
      "properties": {
        "@id": "node/2847000055",
        "amenity": "waste_basket"
      },
      "geometry": {
        "type": "Point",
        "coordinates": [
          2.4878209,
          48.893165
        ]
      },
      "id": "node/2847000055"
    },
    {
      "type": "Feature",
      "properties": {
        "@id": "node/2847000107",
        "amenity": "bench",
        "backrest": "no",
        "bench:type": "stand_up",
        "colour": "gray",
        "material": "metal",
        "seats": "3"
      },
      "geometry": {
        "type": "Point",
        "coordinates": [
          2.4876944,
          48.8931868
        ]
      },
      "id": "node/2847000107"
    },
    {
      "type": "Feature",
      "properties": {
        "@id": "node/2847000109",
        "amenity": "bench",
        "backrest": "no",
        "bench:type": "seated",
        "colour": "gray",
        "material": "metal",
        "seats": "3"
      },
      "geometry": {
        "type": "Point",
        "coordinates": [
          2.487655,
          48.8931923
        ]
      },
      "id": "node/2847000109"
    },
    {
      "type": "Feature",
      "properties": {
        "@id": "node/2847000112",
        "amenity": "waste_basket"
      },
      "geometry": {
        "type": "Point",
        "coordinates": [
          2.4875271,
          48.8932093
        ]
      },
      "id": "node/2847000112"
    },
    {
      "type": "Feature",
      "properties": {
        "@id": "node/2920183203",
        "amenity": "parking_entrance"
      },
      "geometry": {
        "type": "Point",
        "coordinates": [
          2.4784561,
          48.9065408
        ]
      },
      "id": "node/2920183203"
    },
    {
      "type": "Feature",
      "properties": {
        "@id": "node/2920183879",
        "amenity": "parking_entrance",
        "parking": "underground"
      },
      "geometry": {
        "type": "Point",
        "coordinates": [
          2.4786138,
          48.9064488
        ]
      },
      "id": "node/2920183879"
    },
    {
      "type": "Feature",
      "properties": {
        "@id": "node/3452507609",
        "amenity": "bank",
        "atm": "no"
      },
      "geometry": {
        "type": "Point",
        "coordinates": [
          2.4772185,
          48.895182
        ]
      },
      "id": "node/3452507609"
    },
    {
      "type": "Feature",
      "properties": {
        "@id": "node/3452507613",
        "amenity": "pharmacy",
        "dispensing": "yes",
        "name": "Pharmacie de la Gare",
        "ref:FR:FINESS": "930006770",
        "source": "Celtipharm - 10/2014"
      },
      "geometry": {
        "type": "Point",
        "coordinates": [
          2.4783413,
          48.8946527
        ]
      },
      "id": "node/3452507613"
    },
    {
      "type": "Feature",
      "properties": {
        "@id": "node/4011925365",
        "addr:city": "Bondy",
        "addr:housenumber": "93",
        "amenity": "pharmacy",
        "contact:phone": "+33 1 48 47 01 88",
        "dispensing": "yes",
        "name": "Pharmacie Barrault",
        "ref:FR:FINESS": "930006754",
        "ref:FR:NAF": "4773Z",
        "ref:FR:SIRET": "39899711400010",
        "source": "Celtipharm - 10/2014",
        "type:FR:FINESS": "620"
      },
      "geometry": {
        "type": "Point",
        "coordinates": [
          2.4788783,
          48.8985572
        ]
      },
      "id": "node/4011925365"
    },
    {
      "type": "Feature",
      "properties": {
        "@id": "node/4011925366",
        "addr:city": "Bondy",
        "addr:housenumber": "33",
        "amenity": "pharmacy",
        "dispensing": "yes",
        "name": "Pharmacie Rosier",
        "ref:FR:FINESS": "930006572",
        "ref:FR:NAF": "4773Z",
        "ref:FR:SIRET": "33884597700010",
        "source": "Celtipharm - 10/2014",
        "type:FR:FINESS": "620"
      },
      "geometry": {
        "type": "Point",
        "coordinates": [
          2.4862401,
          48.9101032
        ]
      },
      "id": "node/4011925366"
    },
    {
      "type": "Feature",
      "properties": {
        "@id": "node/4011925367",
        "addr:city": "Bondy",
        "addr:housenumber": "106",
        "amenity": "pharmacy",
        "dispensing": "yes",
        "name": "Pharmacie des Saules",
        "ref:FR:FINESS": "930006671",
        "ref:FR:NAF": "4773Z",
        "ref:FR:SIRET": "37793195100018",
        "source": "Celtipharm - 10/2014",
        "type:FR:FINESS": "620"
      },
      "geometry": {
        "type": "Point",
        "coordinates": [
          2.4872163,
          48.8984531
        ]
      },
      "id": "node/4011925367"
    },
    {
      "type": "Feature",
      "properties": {
        "@id": "node/4011925368",
        "addr:city": "Bondy",
        "addr:housenumber": "3",
        "amenity": "pharmacy",
        "dispensing": "yes",
        "name": "Pharmacie du Centre",
        "ref:FR:FINESS": "930006804",
        "ref:FR:NAF": "4773Z",
        "ref:FR:SIRET": "38373603000016",
        "source": "Celtipharm - 10/2014;local knowledge",
        "type:FR:FINESS": "620"
      },
      "geometry": {
        "type": "Point",
        "coordinates": [
          2.4798374,
          48.9027258
        ]
      },
      "id": "node/4011925368"
    },
    {
      "type": "Feature",
      "properties": {
        "@id": "node/4163415892",
        "amenity": "ticket_validator",
        "barrier": "turnstile",
        "fee": "yes",
        "level": "0",
        "wheelchair": "yes"
      },
      "geometry": {
        "type": "Point",
        "coordinates": [
          2.4796223,
          48.8937464
        ]
      },
      "id": "node/4163415892"
    },
    {
      "type": "Feature",
      "properties": {
        "@id": "node/4178500434",
        "amenity": "waste_basket",
        "check_date": "2025-02-07"
      },
      "geometry": {
        "type": "Point",
        "coordinates": [
          2.4802847,
          48.8938683
        ]
      },
      "id": "node/4178500434"
    },
    {
      "type": "Feature",
      "properties": {
        "@id": "node/4178500435",
        "amenity": "bench",
        "backrest": "no",
        "check_date": "2025-02-07",
        "seats": "3"
      },
      "geometry": {
        "type": "Point",
        "coordinates": [
          2.480305,
          48.8938688
        ]
      },
      "id": "node/4178500435"
    },
    {
      "type": "Feature",
      "properties": {
        "@id": "node/4178500438",
        "amenity": "bench",
        "backrest": "no",
        "check_date": "2025-02-07",
        "seats": "3"
      },
      "geometry": {
        "type": "Point",
        "coordinates": [
          2.4802582,
          48.8938744
        ]
      },
      "id": "node/4178500438"
    },
    {
      "type": "Feature",
      "properties": {
        "@id": "node/4178500470",
        "amenity": "ticket_validator",
        "barrier": "turnstile",
        "fee": "yes",
        "level": "0",
        "turnstile": "yes",
        "wheelchair": "no"
      },
      "geometry": {
        "type": "Point",
        "coordinates": [
          2.4787738,
          48.8942241
        ]
      },
      "id": "node/4178500470"
    },
    {
      "type": "Feature",
      "properties": {
        "@id": "node/4178541408",
        "amenity": "waste_basket"
      },
      "geometry": {
        "type": "Point",
        "coordinates": [
          2.4790134,
          48.894373
        ]
      },
      "id": "node/4178541408"
    },
    {
      "type": "Feature",
      "properties": {
        "@id": "node/4178541419",
        "amenity": "vending_machine",
        "brand": "Selecta",
        "brand:wikidata": "Q472153",
        "level": "0",
        "operator": "Selecta",
        "vending": "drinks;sweets"
      },
      "geometry": {
        "type": "Point",
        "coordinates": [
          2.4796179,
          48.8942646
        ]
      },
      "id": "node/4178541419"
    },
    {
      "type": "Feature",
      "properties": {
        "@id": "node/4178541422",
        "amenity": "waste_basket",
        "level": "0"
      },
      "geometry": {
        "type": "Point",
        "coordinates": [
          2.4792075,
          48.8943949
        ]
      },
      "id": "node/4178541422"
    },
    {
      "type": "Feature",
      "properties": {
        "@id": "node/4178541423",
        "amenity": "photo_booth",
        "level": "0",
        "operator": "Photomaton"
      },
      "geometry": {
        "type": "Point",
        "coordinates": [
          2.4795925,
          48.8942693
        ]
      },
      "id": "node/4178541423"
    },
    {
      "type": "Feature",
      "properties": {
        "@id": "node/4178541425",
        "amenity": "clock",
        "level": "0"
      },
      "geometry": {
        "type": "Point",
        "coordinates": [
          2.4790191,
          48.8944341
        ]
      },
      "id": "node/4178541425"
    },
    {
      "type": "Feature",
      "properties": {
        "@id": "node/4178541428",
        "amenity": "vending_machine",
        "level": "0",
        "network": "Transilien",
        "operator": "SNCF Voyageurs",
        "operator:wikidata": "Q93090957",
        "operator:wikipedia": "fr:SNCF Voyageurs",
        "vending": "public_transport_tickets"
      },
      "geometry": {
        "type": "Point",
        "coordinates": [
          2.479081,
          48.8943986
        ]
      },
      "id": "node/4178541428"
    },
    {
      "type": "Feature",
      "properties": {
        "@id": "node/4202088429",
        "amenity": "recycling",
        "recycling:glass": "yes"
      },
      "geometry": {
        "type": "Point",
        "coordinates": [
          2.4954536,
          48.890352
        ]
      },
      "id": "node/4202088429"
    },
    {
      "type": "Feature",
      "properties": {
        "@id": "node/4465326980",
        "amenity": "bench",
        "backrest": "no",
        "seats": "6"
      },
      "geometry": {
        "type": "Point",
        "coordinates": [
          2.4777773,
          48.8942852
        ]
      },
      "id": "node/4465326980"
    },
    {
      "type": "Feature",
      "properties": {
        "@id": "node/4498095985",
        "amenity": "cafe",
        "name": "Le Blues Bar",
        "tobacco": "yes"
      },
      "geometry": {
        "type": "Point",
        "coordinates": [
          2.4761995,
          48.8993121
        ]
      },
      "id": "node/4498095985"
    },
    {
      "type": "Feature",
      "properties": {
        "@id": "node/4527866798",
        "amenity": "post_box",
        "operator": "La Poste",
        "operator:wikidata": "Q373724",
        "ref": "A2C1W2",
        "source": "data.gouv.fr:LaPoste - 05/2016"
      },
      "geometry": {
        "type": "Point",
        "coordinates": [
          2.4764015,
          48.9003462
        ]
      },
      "id": "node/4527866798"
    },
    {
      "type": "Feature",
      "properties": {
        "@id": "node/4534591198",
        "addr:city": "Bondy",
        "addr:housenumber": "26",
        "addr:postcode": "93140",
        "addr:street": "Rue Odette Pain",
        "amenity": "pharmacy",
        "dispensing": "yes",
        "healthcare": "pharmacy",
        "name": "Pharmacie Centrale de Bondy",
        "opening_hours": "Mo-Sa 08:30-19:30",
        "phone": "+33 1 48 47 51 88",
        "ref:FR:FINESS": "930006820",
        "source": "Le ministère des solidarités et de la santé - 08/2018"
      },
      "geometry": {
        "type": "Point",
        "coordinates": [
          2.4809299,
          48.9136107
        ]
      },
      "id": "node/4534591198"
    },
    {
      "type": "Feature",
      "properties": {
        "@id": "node/4614269454",
        "addr:city": "Bondy",
        "addr:housenumber": "77",
        "amenity": "school",
        "name": "Lycée général et technologique Jean Renoir",
        "operator:type": "public",
        "ref:UAI": "0930118Y",
        "school:FR": "lycée",
        "source": "data.gouv.fr:Éducation Nationale - 05/2016"
      },
      "geometry": {
        "type": "Point",
        "coordinates": [
          2.4746124,
          48.9036769
        ]
      },
      "id": "node/4614269454"
    },
    {
      "type": "Feature",
      "properties": {
        "@id": "node/4614269455",
        "addr:city": "Bondy",
        "addr:housenumber": "11",
        "amenity": "school",
        "contact:email": "ce.0931711e@ac-creteil.fr",
        "contact:phone": "+33 1 48 02 58 00",
        "contact:website": "http://jean-renoir-bondy.info/",
        "name": "Collège Lycée Jean Renoir",
        "operator:type": "public",
        "ref:FR:SIRET": "19931711600010",
        "ref:UAI": "0931711E",
        "school:FR": "collège",
        "source": "data.gouv.fr:Éducation Nationale - 05/2016",
        "start_date": "1977-03-14"
      },
      "geometry": {
        "type": "Point",
        "coordinates": [
          2.4736528,
          48.9028187
        ]
      },
      "id": "node/4614269455"
    },
    {
      "type": "Feature",
      "properties": {
        "@id": "node/5045845712",
        "amenity": "bicycle_parking",
        "bicycle_parking": "stands",
        "capacity": "6",
        "covered": "no",
        "fee": "no",
        "supervised": "no"
      },
      "geometry": {
        "type": "Point",
        "coordinates": [
          2.4823717,
          48.9137353
        ]
      },
      "id": "node/5045845712"
    },
    {
      "type": "Feature",
      "properties": {
        "@id": "node/5078844439",
        "access": "customers",
        "addr:city": "Bondy",
        "addr:housenumber": "30",
        "amenity": "parking",
        "name": "Parking Indigo Anne Frank",
        "operator": "Indigo",
        "park_ride": "no",
        "parking": "underground",
        "surface": "asphalt"
      },
      "geometry": {
        "type": "Point",
        "coordinates": [
          2.4798829,
          48.9037266
        ]
      },
      "id": "node/5078844439"
    },
    {
      "type": "Feature",
      "properties": {
        "@id": "node/5472511687",
        "addr:city": "Bondy",
        "addr:housenumber": "59",
        "amenity": "doctors",
        "healthcare": "yes",
        "healthcare:speciality": "diagnostic_radiology;radiology;echography",
        "name": "RADIOLOGIE BONDY",
        "operator": "Dr TIDJANI Kamel",
        "phone": "+33 1 48 47 29 32",
        "website": "http://www.radiologiebondy.fr/"
      },
      "geometry": {
        "type": "Point",
        "coordinates": [
          2.4788098,
          48.9035152
        ]
      },
      "id": "node/5472511687"
    },
    {
      "type": "Feature",
      "properties": {
        "@id": "node/5617399763",
        "amenity": "fuel",
        "brand": "BP",
        "compressed_air": "yes",
        "fuel:diesel": "yes",
        "fuel:e10": "yes",
        "fuel:octane_98": "yes",
        "opening_hours": "24/7",
        "ref:FR:prix-carburants": "93140004",
        "shop": "convenience;gas",
        "source": "Ministère de l'Economie, de l'Industrie et du Numérique - 03/2020",
        "toilets": "yes"
      },
      "geometry": {
        "type": "Point",
        "coordinates": [
          2.4852422,
          48.9067624
        ]
      },
      "id": "node/5617399763"
    },
    {
      "type": "Feature",
      "properties": {
        "@id": "node/5899572419",
        "access": "customers",
        "amenity": "bicycle_parking",
        "capacity": "30",
        "covered": "yes",
        "fee": "yes",
        "level": "-1",
        "network": "Parkings Vélos Île-de-France Mobilités",
        "operator": "Bondy",
        "ref:IDFM": "76",
        "service:bicycle:pump": "yes",
        "website": "https://www.iledefrance-mobilites.fr/titres-et-tarifs/parkings-velos"
      },
      "geometry": {
        "type": "Point",
        "coordinates": [
          2.477425,
          48.8946505
        ]
      },
      "id": "node/5899572419"
    },
    {
      "type": "Feature",
      "properties": {
        "@id": "node/6343875676",
        "amenity": "post_box",
        "collection_times": "Mo-Fr 17:00; Sa 11:00",
        "operator": "La Poste",
        "operator:wikidata": "Q373724",
        "operator:wikipedia": "fr:La Poste (entreprise française)",
        "ref": "A2C1V9",
        "source": "survey 2019-03"
      },
      "geometry": {
        "type": "Point",
        "coordinates": [
          2.4869496,
          48.9015582
        ]
      },
      "id": "node/6343875676"
    },
    {
      "type": "Feature",
      "properties": {
        "@id": "node/6940365091",
        "access": "yes",
        "amenity": "drinking_water",
        "fee": "no"
      },
      "geometry": {
        "type": "Point",
        "coordinates": [
          2.4705213,
          48.9049624
        ]
      },
      "id": "node/6940365091"
    },
    {
      "type": "Feature",
      "properties": {
        "@id": "node/7474148313",
        "amenity": "social_facility",
        "fax": "+33148472437",
        "name": "Maison de l'Églantier",
        "phone": "+33155890800",
        "ref:FR:FINESS": "930021308",
        "ref:FR:SIRET": "32364952500397",
        "social_facility": "nursing_home",
        "social_facility:for": "senior",
        "source": "Le ministère des solidarités et de la santé - 03/2019",
        "type:FR:FINESS": "500",
        "wikidata": "Q112990472"
      },
      "geometry": {
        "type": "Point",
        "coordinates": [
          2.4887263,
          48.8945365
        ]
      },
      "id": "node/7474148313"
    },
    {
      "type": "Feature",
      "properties": {
        "@id": "node/8154069083",
        "amenity": "bicycle_parking",
        "bicycle_parking": "stands",
        "capacity": "6"
      },
      "geometry": {
        "type": "Point",
        "coordinates": [
          2.4902346,
          48.898056
        ]
      },
      "id": "node/8154069083"
    },
    {
      "type": "Feature",
      "properties": {
        "@id": "node/8154091037",
        "amenity": "bicycle_parking",
        "bicycle_parking": "stands",
        "capacity": "4"
      },
      "geometry": {
        "type": "Point",
        "coordinates": [
          2.4790619,
          48.8947087
        ]
      },
      "id": "node/8154091037"
    },
    {
      "type": "Feature",
      "properties": {
        "@id": "node/8154099381",
        "amenity": "bicycle_parking",
        "capacity": "2"
      },
      "geometry": {
        "type": "Point",
        "coordinates": [
          2.492383,
          48.9007762
        ]
      },
      "id": "node/8154099381"
    },
    {
      "type": "Feature",
      "properties": {
        "@id": "node/8220107162",
        "amenity": "bank",
        "atm": "yes",
        "brand": "Caisse d'Épargne",
        "brand:wikidata": "Q1547738",
        "brand:wikipedia": "fr:Caisse d'épargne (banque)",
        "name": "Caisse d'Épargne"
      },
      "geometry": {
        "type": "Point",
        "coordinates": [
          2.4828701,
          48.9024713
        ]
      },
      "id": "node/8220107162"
    },
    {
      "type": "Feature",
      "properties": {
        "@id": "node/8220118450",
        "amenity": "atm"
      },
      "geometry": {
        "type": "Point",
        "coordinates": [
          2.4820361,
          48.9127496
        ]
      },
      "id": "node/8220118450"
    },
    {
      "type": "Feature",
      "properties": {
        "@id": "node/8325880894",
        "amenity": "fountain",
        "fountain": "wallace",
        "name": "Fontaine Wallace"
      },
      "geometry": {
        "type": "Point",
        "coordinates": [
          2.4782793,
          48.8949802
        ]
      },
      "id": "node/8325880894"
    },
    {
      "type": "Feature",
      "properties": {
        "@id": "node/8456653169",
        "amenity": "social_facility",
        "name": "Centre de P.M.I.",
        "social_facility": "ambulatory_care",
        "social_facility:for": "juvenile"
      },
      "geometry": {
        "type": "Point",
        "coordinates": [
          2.4796195,
          48.916635
        ]
      },
      "id": "node/8456653169"
    },
    {
      "type": "Feature",
      "properties": {
        "@id": "node/8481742717",
        "addr:housenumber": "151",
        "amenity": "kindergarten",
        "kindergarten:FR": "multi_accueil",
        "name": "Crèche La cabane des petits",
        "operator:type": "public"
      },
      "geometry": {
        "type": "Point",
        "coordinates": [
          2.4899218,
          48.8949322
        ]
      },
      "id": "node/8481742717"
    },
    {
      "type": "Feature",
      "properties": {
        "@id": "node/8483115949",
        "addr:postcode": "93140",
        "amenity": "post_office",
        "brand": "La Poste",
        "name": "Bondy Corner Colis",
        "opening_hours": "closed",
        "post_office": "post_partner",
        "ref:FR:LaPoste": "15498D",
        "source": "LaPoste - 2021-01",
        "wheelchair": "no"
      },
      "geometry": {
        "type": "Point",
        "coordinates": [
          2.481872,
          48.9133274
        ]
      },
      "id": "node/8483115949"
    },
    {
      "type": "Feature",
      "properties": {
        "@id": "node/8635476032",
        "amenity": "drinking_water"
      },
      "geometry": {
        "type": "Point",
        "coordinates": [
          2.4819439,
          48.9028295
        ]
      },
      "id": "node/8635476032"
    },
    {
      "type": "Feature",
      "properties": {
        "@id": "node/8665895557",
        "amenity": "parking_space",
        "capacity": "2",
        "parking_space": "disabled"
      },
      "geometry": {
        "type": "Point",
        "coordinates": [
          2.4876299,
          48.906462
        ]
      },
      "id": "node/8665895557"
    },
    {
      "type": "Feature",
      "properties": {
        "@id": "node/9019005966",
        "addr:housenumber": "1",
        "addr:street": "Rue Éric Tabarly",
        "amenity": "school",
        "contact:email": "ce.0932717Y@ac-creteil.fr",
        "contact:phone": "+33 148474115",
        "name": "Collège privé La plume de l'éducation",
        "operator:type": "private",
        "ref:FR:SIRET": "80775035100023",
        "ref:UAI": "0932717Y",
        "school:FR": "collège",
        "source": "Ministère de l'Éducation nationale, de l'Enseignement supérieur et de la Recherche - 2025-12",
        "start_date": "2018-01-01"
      },
      "geometry": {
        "type": "Point",
        "coordinates": [
          2.4819842,
          48.9123687
        ]
      },
      "id": "node/9019005966"
    },
    {
      "type": "Feature",
      "properties": {
        "@id": "node/9167641139",
        "amenity": "ticket_validator",
        "level": "0",
        "network": "Transilien",
        "operator": "SNCF"
      },
      "geometry": {
        "type": "Point",
        "coordinates": [
          2.4787574,
          48.8942379
        ]
      },
      "id": "node/9167641139"
    },
    {
      "type": "Feature",
      "properties": {
        "@id": "node/9167641141",
        "amenity": "ticket_validator",
        "level": "0"
      },
      "geometry": {
        "type": "Point",
        "coordinates": [
          2.4811345,
          48.8938838
        ]
      },
      "id": "node/9167641141"
    },
    {
      "type": "Feature",
      "properties": {
        "@id": "node/9167641142",
        "amenity": "ticket_validator",
        "level": "0"
      },
      "geometry": {
        "type": "Point",
        "coordinates": [
          2.4811205,
          48.8938865
        ]
      },
      "id": "node/9167641142"
    },
    {
      "type": "Feature",
      "properties": {
        "@id": "node/9167641146",
        "amenity": "ticket_validator",
        "level": "-1",
        "operator": "SNCF"
      },
      "geometry": {
        "type": "Point",
        "coordinates": [
          2.4797137,
          48.8938406
        ]
      },
      "id": "node/9167641146"
    },
    {
      "type": "Feature",
      "properties": {
        "@id": "node/9167641150",
        "amenity": "vending_machine",
        "level": "0",
        "network": "Transilien",
        "operator": "SNCF Voyageurs",
        "operator:wikidata": "Q93090957",
        "operator:wikipedia": "fr:SNCF Voyageurs",
        "vending": "public_transport_tickets"
      },
      "geometry": {
        "type": "Point",
        "coordinates": [
          2.4796992,
          48.8937454
        ]
      },
      "id": "node/9167641150"
    },
    {
      "type": "Feature",
      "properties": {
        "@id": "node/9167641164",
        "amenity": "vending_machine",
        "level": "0",
        "network": "Grandes Lignes",
        "operator": "SNCF Voyageurs",
        "operator:wikidata": "Q93090957",
        "operator:wikipedia": "fr:SNCF Voyageurs",
        "vending": "public_transport_tickets",
        "wheelchair": "yes"
      },
      "geometry": {
        "type": "Point",
        "coordinates": [
          2.479379,
          48.894302
        ]
      },
      "id": "node/9167641164"
    },
    {
      "type": "Feature",
      "properties": {
        "@id": "node/9167641165",
        "amenity": "vending_machine",
        "level": "0",
        "network": "Transilien",
        "operator": "SNCF Voyageurs",
        "operator:wikidata": "Q93090957",
        "operator:wikipedia": "fr:SNCF Voyageurs",
        "vending": "public_transport_tickets"
      },
      "geometry": {
        "type": "Point",
        "coordinates": [
          2.479404,
          48.8942983
        ]
      },
      "id": "node/9167641165"
    },
    {
      "type": "Feature",
      "properties": {
        "@id": "node/9167641166",
        "amenity": "coworking_space",
        "level": "0",
        "socket:device:USB-A": "yes",
        "socket:typee": "yes"
      },
      "geometry": {
        "type": "Point",
        "coordinates": [
          2.4795474,
          48.8943099
        ]
      },
      "id": "node/9167641166"
    },
    {
      "type": "Feature",
      "properties": {
        "@id": "node/9167641167",
        "amenity": "reception_desk",
        "audio_loop": "yes",
        "brand": "Guichet Transilien",
        "brand:wikidata": "Q389554",
        "level": "0",
        "name": "Guichet Transilien",
        "operator": "SNCF",
        "shop": "ticket",
        "wheelchair": "yes"
      },
      "geometry": {
        "type": "Point",
        "coordinates": [
          2.4794329,
          48.8942953
        ]
      },
      "id": "node/9167641167"
    },
    {
      "type": "Feature",
      "properties": {
        "@id": "node/9167641170",
        "amenity": "vending_machine",
        "brand": "Selecta",
        "brand:wikidata": "Q472153",
        "level": "0",
        "operator": "Selecta",
        "vending": "drinks;sweets"
      },
      "geometry": {
        "type": "Point",
        "coordinates": [
          2.4792496,
          48.893901
        ]
      },
      "id": "node/9167641170"
    },
    {
      "type": "Feature",
      "properties": {
        "@id": "node/9170013374",
        "amenity": "parcel_locker",
        "brand": "Amazon Locker",
        "brand:wikidata": "Q16974764",
        "level": "0",
        "name": "Amazon Locker - Iska",
        "opening_hours": "Mo-Su 08:00-20:00",
        "operator": "Amazon",
        "parcel_pickup": "yes"
      },
      "geometry": {
        "type": "Point",
        "coordinates": [
          2.4796473,
          48.8942758
        ]
      },
      "id": "node/9170013374"
    },
    {
      "type": "Feature",
      "properties": {
        "@id": "node/9232624710",
        "access": "yes",
        "amenity": "parking_entrance",
        "fee": "yes",
        "parking": "surface"
      },
      "geometry": {
        "type": "Point",
        "coordinates": [
          2.4777589,
          48.9010314
        ]
      },
      "id": "node/9232624710"
    },
    {
      "type": "Feature",
      "properties": {
        "@id": "node/9232624711",
        "access": "yes",
        "amenity": "parking_entrance",
        "fee": "yes",
        "parking": "surface"
      },
      "geometry": {
        "type": "Point",
        "coordinates": [
          2.4785905,
          48.900912
        ]
      },
      "id": "node/9232624711"
    },
    {
      "type": "Feature",
      "properties": {
        "@id": "node/9232624712",
        "addr:city": "Bondy",
        "addr:housenumber": "58",
        "amenity": "veterinary",
        "name": "Clinique vétérinaire Docteur Manceau",
        "phone": "+33 1 48 49 82 96"
      },
      "geometry": {
        "type": "Point",
        "coordinates": [
          2.478455,
          48.9002587
        ]
      },
      "id": "node/9232624712"
    },
    {
      "type": "Feature",
      "properties": {
        "@id": "node/9306740040",
        "amenity": "bicycle_parking",
        "capacity": "2"
      },
      "geometry": {
        "type": "Point",
        "coordinates": [
          2.482805,
          48.916876
        ]
      },
      "id": "node/9306740040"
    },
    {
      "type": "Feature",
      "properties": {
        "@id": "node/9306740041",
        "amenity": "bicycle_parking",
        "capacity": "2"
      },
      "geometry": {
        "type": "Point",
        "coordinates": [
          2.4790782,
          48.915108
        ]
      },
      "id": "node/9306740041"
    },
    {
      "type": "Feature",
      "properties": {
        "@id": "node/9306740042",
        "amenity": "bicycle_parking",
        "capacity": "4"
      },
      "geometry": {
        "type": "Point",
        "coordinates": [
          2.4815783,
          48.913439
        ]
      },
      "id": "node/9306740042"
    },
    {
      "type": "Feature",
      "properties": {
        "@id": "node/9306740043",
        "amenity": "bicycle_parking",
        "capacity": "8",
        "public": "yes"
      },
      "geometry": {
        "type": "Point",
        "coordinates": [
          2.4813286,
          48.9122485
        ]
      },
      "id": "node/9306740043"
    },
    {
      "type": "Feature",
      "properties": {
        "@id": "node/9306740044",
        "amenity": "bicycle_parking",
        "capacity": "2"
      },
      "geometry": {
        "type": "Point",
        "coordinates": [
          2.4796071,
          48.9124301
        ]
      },
      "id": "node/9306740044"
    },
    {
      "type": "Feature",
      "properties": {
        "@id": "node/9306740045",
        "amenity": "bicycle_parking",
        "capacity": "2"
      },
      "geometry": {
        "type": "Point",
        "coordinates": [
          2.4778557,
          48.9126577
        ]
      },
      "id": "node/9306740045"
    },
    {
      "type": "Feature",
      "properties": {
        "@id": "node/9306740046",
        "amenity": "bicycle_parking",
        "capacity": "2"
      },
      "geometry": {
        "type": "Point",
        "coordinates": [
          2.4776292,
          48.911824
        ]
      },
      "id": "node/9306740046"
    },
    {
      "type": "Feature",
      "properties": {
        "@id": "node/9306740047",
        "amenity": "bicycle_parking",
        "capacity": "6"
      },
      "geometry": {
        "type": "Point",
        "coordinates": [
          2.4805195,
          48.912336
        ]
      },
      "id": "node/9306740047"
    },
    {
      "type": "Feature",
      "properties": {
        "@id": "node/9306740048",
        "amenity": "bicycle_parking",
        "capacity": "12"
      },
      "geometry": {
        "type": "Point",
        "coordinates": [
          2.4807193,
          48.9109026
        ]
      },
      "id": "node/9306740048"
    },
    {
      "type": "Feature",
      "properties": {
        "@id": "node/9306740049",
        "amenity": "bicycle_parking",
        "capacity": "4"
      },
      "geometry": {
        "type": "Point",
        "coordinates": [
          2.4845318,
          48.9123907
        ]
      },
      "id": "node/9306740049"
    },
    {
      "type": "Feature",
      "properties": {
        "@id": "node/9306740050",
        "amenity": "bicycle_parking",
        "capacity": "10"
      },
      "geometry": {
        "type": "Point",
        "coordinates": [
          2.4852544,
          48.911139
        ]
      },
      "id": "node/9306740050"
    },
    {
      "type": "Feature",
      "properties": {
        "@id": "node/9306740051",
        "amenity": "bicycle_parking",
        "capacity": "10"
      },
      "geometry": {
        "type": "Point",
        "coordinates": [
          2.4912413,
          48.9139073
        ]
      },
      "id": "node/9306740051"
    },
    {
      "type": "Feature",
      "properties": {
        "@id": "node/9306740052",
        "amenity": "bicycle_parking",
        "capacity": "10"
      },
      "geometry": {
        "type": "Point",
        "coordinates": [
          2.4890406,
          48.9135264
        ]
      },
      "id": "node/9306740052"
    },
    {
      "type": "Feature",
      "properties": {
        "@id": "node/9306740053",
        "amenity": "bicycle_parking",
        "bicycle_parking": "stands",
        "capacity": "6",
        "covered": "no"
      },
      "geometry": {
        "type": "Point",
        "coordinates": [
          2.4872708,
          48.907836
        ]
      },
      "id": "node/9306740053"
    },
    {
      "type": "Feature",
      "properties": {
        "@id": "node/9306740054",
        "amenity": "bicycle_parking",
        "capacity": "2"
      },
      "geometry": {
        "type": "Point",
        "coordinates": [
          2.4894706,
          48.9063089
        ]
      },
      "id": "node/9306740054"
    },
    {
      "type": "Feature",
      "properties": {
        "@id": "node/9306740055",
        "amenity": "bicycle_parking",
        "capacity": "8"
      },
      "geometry": {
        "type": "Point",
        "coordinates": [
          2.4825468,
          48.9051481
        ]
      },
      "id": "node/9306740055"
    },
    {
      "type": "Feature",
      "properties": {
        "@id": "node/9306740056",
        "amenity": "bicycle_parking",
        "capacity": "8"
      },
      "geometry": {
        "type": "Point",
        "coordinates": [
          2.4825207,
          48.9049511
        ]
      },
      "id": "node/9306740056"
    },
    {
      "type": "Feature",
      "properties": {
        "@id": "node/9306740057",
        "amenity": "bicycle_parking",
        "capacity": "8"
      },
      "geometry": {
        "type": "Point",
        "coordinates": [
          2.4831055,
          48.9039823
        ]
      },
      "id": "node/9306740057"
    },
    {
      "type": "Feature",
      "properties": {
        "@id": "node/9306740058",
        "amenity": "bicycle_parking",
        "capacity": "6"
      },
      "geometry": {
        "type": "Point",
        "coordinates": [
          2.4829648,
          48.9033273
        ]
      },
      "id": "node/9306740058"
    },
    {
      "type": "Feature",
      "properties": {
        "@id": "node/9306740059",
        "amenity": "bicycle_parking",
        "capacity": "10"
      },
      "geometry": {
        "type": "Point",
        "coordinates": [
          2.480192,
          48.9034418
        ]
      },
      "id": "node/9306740059"
    },
    {
      "type": "Feature",
      "properties": {
        "@id": "node/9306740060",
        "amenity": "bicycle_parking",
        "capacity": "2"
      },
      "geometry": {
        "type": "Point",
        "coordinates": [
          2.4796091,
          48.9022999
        ]
      },
      "id": "node/9306740060"
    },
    {
      "type": "Feature",
      "properties": {
        "@id": "node/9306740061",
        "amenity": "bicycle_parking",
        "capacity": "8"
      },
      "geometry": {
        "type": "Point",
        "coordinates": [
          2.4791194,
          48.9014645
        ]
      },
      "id": "node/9306740061"
    },
    {
      "type": "Feature",
      "properties": {
        "@id": "node/9306740062",
        "amenity": "bicycle_parking",
        "capacity": "4"
      },
      "geometry": {
        "type": "Point",
        "coordinates": [
          2.4787842,
          48.9009605
        ]
      },
      "id": "node/9306740062"
    },
    {
      "type": "Feature",
      "properties": {
        "@id": "node/9306740063",
        "amenity": "bicycle_parking",
        "capacity": "4"
      },
      "geometry": {
        "type": "Point",
        "coordinates": [
          2.4801279,
          48.9016369
        ]
      },
      "id": "node/9306740063"
    },
    {
      "type": "Feature",
      "properties": {
        "@id": "node/9306740064",
        "amenity": "bicycle_parking",
        "capacity": "2"
      },
      "geometry": {
        "type": "Point",
        "coordinates": [
          2.481084,
          48.9015928
        ]
      },
      "id": "node/9306740064"
    },
    {
      "type": "Feature",
      "properties": {
        "@id": "node/9306740065",
        "amenity": "bicycle_parking",
        "capacity": "24"
      },
      "geometry": {
        "type": "Point",
        "coordinates": [
          2.4822645,
          48.9022539
        ]
      },
      "id": "node/9306740065"
    },
    {
      "type": "Feature",
      "properties": {
        "@id": "node/9306740066",
        "amenity": "bicycle_parking",
        "capacity": "18"
      },
      "geometry": {
        "type": "Point",
        "coordinates": [
          2.4819614,
          48.9022271
        ]
      },
      "id": "node/9306740066"
    },
    {
      "type": "Feature",
      "properties": {
        "@id": "node/9306740067",
        "amenity": "bicycle_parking",
        "capacity": "4"
      },
      "geometry": {
        "type": "Point",
        "coordinates": [
          2.4832614,
          48.9020163
        ]
      },
      "id": "node/9306740067"
    },
    {
      "type": "Feature",
      "properties": {
        "@id": "node/9306740068",
        "amenity": "bicycle_parking",
        "capacity": "4"
      },
      "geometry": {
        "type": "Point",
        "coordinates": [
          2.4820488,
          48.9013821
        ]
      },
      "id": "node/9306740068"
    },
    {
      "type": "Feature",
      "properties": {
        "@id": "node/9306740069",
        "amenity": "bicycle_parking",
        "capacity": "6"
      },
      "geometry": {
        "type": "Point",
        "coordinates": [
          2.4792068,
          48.8998204
        ]
      },
      "id": "node/9306740069"
    },
    {
      "type": "Feature",
      "properties": {
        "@id": "node/9306740070",
        "amenity": "bicycle_parking",
        "capacity": "2"
      },
      "geometry": {
        "type": "Point",
        "coordinates": [
          2.4770681,
          48.8968208
        ]
      },
      "id": "node/9306740070"
    },
    {
      "type": "Feature",
      "properties": {
        "@id": "node/9306740071",
        "amenity": "bicycle_parking",
        "capacity": "4"
      },
      "geometry": {
        "type": "Point",
        "coordinates": [
          2.4808766,
          48.8934459
        ]
      },
      "id": "node/9306740071"
    },
    {
      "type": "Feature",
      "properties": {
        "@id": "node/9306740072",
        "amenity": "bicycle_parking",
        "capacity": "4"
      },
      "geometry": {
        "type": "Point",
        "coordinates": [
          2.4823932,
          48.8932332
        ]
      },
      "id": "node/9306740072"
    },
    {
      "type": "Feature",
      "properties": {
        "@id": "node/9306740073",
        "amenity": "bicycle_parking",
        "capacity": "2"
      },
      "geometry": {
        "type": "Point",
        "coordinates": [
          2.4870275,
          48.8923911
        ]
      },
      "id": "node/9306740073"
    },
    {
      "type": "Feature",
      "properties": {
        "@id": "node/9578064757",
        "amenity": "bicycle_parking",
        "capacity": "8"
      },
      "geometry": {
        "type": "Point",
        "coordinates": [
          2.4841946,
          48.9154775
        ]
      },
      "id": "node/9578064757"
    },
    {
      "type": "Feature",
      "properties": {
        "@id": "node/9578064758",
        "amenity": "bicycle_parking",
        "capacity": "14"
      },
      "geometry": {
        "type": "Point",
        "coordinates": [
          2.4838984,
          48.9149622
        ]
      },
      "id": "node/9578064758"
    },
    {
      "type": "Feature",
      "properties": {
        "@id": "node/9578064759",
        "amenity": "bicycle_parking",
        "capacity": "10"
      },
      "geometry": {
        "type": "Point",
        "coordinates": [
          2.4819343,
          48.9130036
        ]
      },
      "id": "node/9578064759"
    },
    {
      "type": "Feature",
      "properties": {
        "@id": "node/9578064760",
        "amenity": "bicycle_parking",
        "capacity": "8"
      },
      "geometry": {
        "type": "Point",
        "coordinates": [
          2.4820617,
          48.9129936
        ]
      },
      "id": "node/9578064760"
    },
    {
      "type": "Feature",
      "properties": {
        "@id": "node/9578064761",
        "amenity": "bicycle_parking",
        "capacity": "10"
      },
      "geometry": {
        "type": "Point",
        "coordinates": [
          2.4821095,
          48.9132471
        ]
      },
      "id": "node/9578064761"
    },
    {
      "type": "Feature",
      "properties": {
        "@id": "node/9578064762",
        "amenity": "bicycle_parking",
        "capacity": "3"
      },
      "geometry": {
        "type": "Point",
        "coordinates": [
          2.4783708,
          48.912611
        ]
      },
      "id": "node/9578064762"
    },
    {
      "type": "Feature",
      "properties": {
        "@id": "node/9578064763",
        "amenity": "bicycle_parking",
        "capacity": "2"
      },
      "geometry": {
        "type": "Point",
        "coordinates": [
          2.4783813,
          48.9130911
        ]
      },
      "id": "node/9578064763"
    },
    {
      "type": "Feature",
      "properties": {
        "@id": "node/9578064764",
        "amenity": "bicycle_parking",
        "capacity": "10"
      },
      "geometry": {
        "type": "Point",
        "coordinates": [
          2.4827403,
          48.9118506
        ]
      },
      "id": "node/9578064764"
    },
    {
      "type": "Feature",
      "properties": {
        "@id": "node/9578064765",
        "amenity": "bicycle_parking",
        "capacity": "6"
      },
      "geometry": {
        "type": "Point",
        "coordinates": [
          2.4830645,
          48.9121719
        ]
      },
      "id": "node/9578064765"
    },
    {
      "type": "Feature",
      "properties": {
        "@id": "node/9578064766",
        "amenity": "bicycle_parking",
        "capacity": "4"
      },
      "geometry": {
        "type": "Point",
        "coordinates": [
          2.488535,
          48.9135245
        ]
      },
      "id": "node/9578064766"
    },
    {
      "type": "Feature",
      "properties": {
        "@id": "node/9578064767",
        "amenity": "bicycle_parking",
        "capacity": "4"
      },
      "geometry": {
        "type": "Point",
        "coordinates": [
          2.4896168,
          48.9076297
        ]
      },
      "id": "node/9578064767"
    },
    {
      "type": "Feature",
      "properties": {
        "@id": "node/9578064768",
        "amenity": "bicycle_parking",
        "capacity": "6"
      },
      "geometry": {
        "type": "Point",
        "coordinates": [
          2.485111,
          48.9044134
        ]
      },
      "id": "node/9578064768"
    },
    {
      "type": "Feature",
      "properties": {
        "@id": "node/9578064769",
        "amenity": "bicycle_parking",
        "capacity": "2"
      },
      "geometry": {
        "type": "Point",
        "coordinates": [
          2.4765832,
          48.903752
        ]
      },
      "id": "node/9578064769"
    },
    {
      "type": "Feature",
      "properties": {
        "@id": "node/9578064770",
        "amenity": "bicycle_parking",
        "capacity": "4"
      },
      "geometry": {
        "type": "Point",
        "coordinates": [
          2.4737374,
          48.9042356
        ]
      },
      "id": "node/9578064770"
    },
    {
      "type": "Feature",
      "properties": {
        "@id": "node/9578064771",
        "amenity": "bicycle_parking",
        "capacity": "2"
      },
      "geometry": {
        "type": "Point",
        "coordinates": [
          2.4911821,
          48.9017217
        ]
      },
      "id": "node/9578064771"
    },
    {
      "type": "Feature",
      "properties": {
        "@id": "node/9578064772",
        "amenity": "bicycle_parking",
        "capacity": "10"
      },
      "geometry": {
        "type": "Point",
        "coordinates": [
          2.4915628,
          48.9016534
        ]
      },
      "id": "node/9578064772"
    },
    {
      "type": "Feature",
      "properties": {
        "@id": "node/9578064773",
        "amenity": "bicycle_parking",
        "capacity": "2"
      },
      "geometry": {
        "type": "Point",
        "coordinates": [
          2.4906698,
          48.9011164
        ]
      },
      "id": "node/9578064773"
    },
    {
      "type": "Feature",
      "properties": {
        "@id": "node/9578064774",
        "amenity": "bicycle_parking",
        "capacity": "2"
      },
      "geometry": {
        "type": "Point",
        "coordinates": [
          2.4912098,
          48.9009845
        ]
      },
      "id": "node/9578064774"
    },
    {
      "type": "Feature",
      "properties": {
        "@id": "node/9578064775",
        "amenity": "bicycle_parking",
        "capacity": "2"
      },
      "geometry": {
        "type": "Point",
        "coordinates": [
          2.4936329,
          48.899874
        ]
      },
      "id": "node/9578064775"
    },
    {
      "type": "Feature",
      "properties": {
        "@id": "node/9578064776",
        "amenity": "bicycle_parking",
        "capacity": "4"
      },
      "geometry": {
        "type": "Point",
        "coordinates": [
          2.4806934,
          48.8902728
        ]
      },
      "id": "node/9578064776"
    },
    {
      "type": "Feature",
      "properties": {
        "@id": "node/9578064777",
        "amenity": "bicycle_parking",
        "capacity": "6"
      },
      "geometry": {
        "type": "Point",
        "coordinates": [
          2.4830876,
          48.8895438
        ]
      },
      "id": "node/9578064777"
    },
    {
      "type": "Feature",
      "properties": {
        "@id": "node/9578064778",
        "amenity": "bicycle_parking",
        "capacity": "6"
      },
      "geometry": {
        "type": "Point",
        "coordinates": [
          2.4825498,
          48.8897502
        ]
      },
      "id": "node/9578064778"
    },
    {
      "type": "Feature",
      "properties": {
        "@id": "node/9589820223",
        "amenity": "polling_station",
        "polling_station": "yes"
      },
      "geometry": {
        "type": "Point",
        "coordinates": [
          2.489828,
          48.9061748
        ]
      },
      "id": "node/9589820223"
    },
    {
      "type": "Feature",
      "properties": {
        "@id": "node/9589820224",
        "amenity": "polling_station",
        "polling_station": "yes"
      },
      "geometry": {
        "type": "Point",
        "coordinates": [
          2.4902035,
          48.9057178
        ]
      },
      "id": "node/9589820224"
    },
    {
      "type": "Feature",
      "properties": {
        "@id": "node/9624436157",
        "amenity": "recycling",
        "recycling_type": "container"
      },
      "geometry": {
        "type": "Point",
        "coordinates": [
          2.47834,
          48.9123197
        ]
      },
      "id": "node/9624436157"
    },
    {
      "type": "Feature",
      "properties": {
        "@id": "node/9624436159",
        "amenity": "recycling",
        "recycling_type": "container"
      },
      "geometry": {
        "type": "Point",
        "coordinates": [
          2.4777154,
          48.9118737
        ]
      },
      "id": "node/9624436159"
    },
    {
      "type": "Feature",
      "properties": {
        "@id": "node/9632536973",
        "amenity": "drinking_water",
        "operator": "Fontaine Wallace"
      },
      "geometry": {
        "type": "Point",
        "coordinates": [
          2.4810027,
          48.8900757
        ]
      },
      "id": "node/9632536973"
    },
    {
      "type": "Feature",
      "properties": {
        "@id": "node/9634125758",
        "amenity": "parking_entrance"
      },
      "geometry": {
        "type": "Point",
        "coordinates": [
          2.478744,
          48.9051458
        ]
      },
      "id": "node/9634125758"
    },
    {
      "type": "Feature",
      "properties": {
        "@id": "node/9634125760",
        "amenity": "parking_entrance"
      },
      "geometry": {
        "type": "Point",
        "coordinates": [
          2.4787741,
          48.9053259
        ]
      },
      "id": "node/9634125760"
    },
    {
      "type": "Feature",
      "properties": {
        "@id": "node/9634476180",
        "amenity": "fountain",
        "drinking_water": "yes",
        "fountain": "wallace"
      },
      "geometry": {
        "type": "Point",
        "coordinates": [
          2.4812695,
          48.9045287
        ]
      },
      "id": "node/9634476180"
    },
    {
      "type": "Feature",
      "properties": {
        "@id": "node/9914987456",
        "amenity": "waste_basket",
        "level": "0"
      },
      "geometry": {
        "type": "Point",
        "coordinates": [
          2.4819102,
          48.893765
        ]
      },
      "id": "node/9914987456"
    },
    {
      "type": "Feature",
      "properties": {
        "@id": "node/9914987457",
        "amenity": "bench",
        "backrest": "no",
        "level": "0",
        "material": "metal",
        "seats": "3"
      },
      "geometry": {
        "type": "Point",
        "coordinates": [
          2.4817856,
          48.8937935
        ]
      },
      "id": "node/9914987457"
    },
    {
      "type": "Feature",
      "properties": {
        "@id": "node/9914987458",
        "amenity": "bench",
        "backrest": "no",
        "level": "0",
        "material": "metal",
        "seats": "3"
      },
      "geometry": {
        "type": "Point",
        "coordinates": [
          2.4817464,
          48.8937996
        ]
      },
      "id": "node/9914987458"
    },
    {
      "type": "Feature",
      "properties": {
        "@id": "node/9914987459",
        "amenity": "bench",
        "backrest": "no",
        "level": "0",
        "material": "metal",
        "seats": "3"
      },
      "geometry": {
        "type": "Point",
        "coordinates": [
          2.4817028,
          48.8938054
        ]
      },
      "id": "node/9914987459"
    },
    {
      "type": "Feature",
      "properties": {
        "@id": "node/9914987460",
        "amenity": "waste_basket",
        "level": "0"
      },
      "geometry": {
        "type": "Point",
        "coordinates": [
          2.4816284,
          48.8938179
        ]
      },
      "id": "node/9914987460"
    },
    {
      "type": "Feature",
      "properties": {
        "@id": "node/9914987467",
        "amenity": "bench",
        "backrest": "no",
        "level": "0",
        "material": "metal",
        "seats": "3"
      },
      "geometry": {
        "type": "Point",
        "coordinates": [
          2.4822329,
          48.8937295
        ]
      },
      "id": "node/9914987467"
    },
    {
      "type": "Feature",
      "properties": {
        "@id": "node/9914987468",
        "amenity": "bench",
        "backrest": "no",
        "level": "0",
        "material": "metal",
        "seats": "3"
      },
      "geometry": {
        "type": "Point",
        "coordinates": [
          2.4821533,
          48.8937409
        ]
      },
      "id": "node/9914987468"
    },
    {
      "type": "Feature",
      "properties": {
        "@id": "node/9914987469",
        "amenity": "waste_basket",
        "level": "0"
      },
      "geometry": {
        "type": "Point",
        "coordinates": [
          2.4822748,
          48.8937234
        ]
      },
      "id": "node/9914987469"
    },
    {
      "type": "Feature",
      "properties": {
        "@id": "node/9914987476",
        "amenity": "waste_basket",
        "level": "0"
      },
      "geometry": {
        "type": "Point",
        "coordinates": [
          2.4823107,
          48.893816
        ]
      },
      "id": "node/9914987476"
    },
    {
      "type": "Feature",
      "properties": {
        "@id": "node/9914987477",
        "amenity": "waste_basket",
        "level": "0"
      },
      "geometry": {
        "type": "Point",
        "coordinates": [
          2.4819342,
          48.8938794
        ]
      },
      "id": "node/9914987477"
    },
    {
      "type": "Feature",
      "properties": {
        "@id": "node/9914987478",
        "amenity": "shelter",
        "level": "0",
        "shelter_type": "public_transport"
      },
      "geometry": {
        "type": "Point",
        "coordinates": [
          2.4817454,
          48.8939077
        ]
      },
      "id": "node/9914987478"
    },
    {
      "type": "Feature",
      "properties": {
        "@id": "node/9914987479",
        "amenity": "waste_basket",
        "level": "0"
      },
      "geometry": {
        "type": "Point",
        "coordinates": [
          2.4816639,
          48.8939134
        ]
      },
      "id": "node/9914987479"
    },
    {
      "type": "Feature",
      "properties": {
        "@id": "node/9914987480",
        "amenity": "waste_basket",
        "level": "0"
      },
      "geometry": {
        "type": "Point",
        "coordinates": [
          2.4813491,
          48.8939634
        ]
      },
      "id": "node/9914987480"
    },
    {
      "type": "Feature",
      "properties": {
        "@id": "node/9914987494",
        "amenity": "ticket_validator",
        "barrier": "turnstile",
        "fee": "yes",
        "level": "0",
        "wheelchair": "no"
      },
      "geometry": {
        "type": "Point",
        "coordinates": [
          2.4803916,
          48.8941357
        ]
      },
      "id": "node/9914987494"
    },
    {
      "type": "Feature",
      "properties": {
        "@id": "node/9914987495",
        "amenity": "ticket_validator",
        "barrier": "turnstile",
        "bicycle": "yes",
        "fee": "yes",
        "level": "0",
        "wheelchair": "yes"
      },
      "geometry": {
        "type": "Point",
        "coordinates": [
          2.4804327,
          48.8941299
        ]
      },
      "id": "node/9914987495"
    },
    {
      "type": "Feature",
      "properties": {
        "@id": "node/9914987504",
        "amenity": "ticket_validator",
        "level": "0",
        "network": "Transilien",
        "operator": "SNCF"
      },
      "geometry": {
        "type": "Point",
        "coordinates": [
          2.4803124,
          48.8941219
        ]
      },
      "id": "node/9914987504"
    },
    {
      "type": "Feature",
      "properties": {
        "@id": "node/9914987505",
        "amenity": "vending_machine",
        "level": "0",
        "network": "Transilien",
        "operator": "SNCF Voyageurs",
        "operator:wikidata": "Q93090957",
        "operator:wikipedia": "fr:SNCF Voyageurs",
        "vending": "public_transport_tickets",
        "wheelchair": "yes"
      },
      "geometry": {
        "type": "Point",
        "coordinates": [
          2.4803101,
          48.8941596
        ]
      },
      "id": "node/9914987505"
    },
    {
      "type": "Feature",
      "properties": {
        "@id": "node/9914987510",
        "amenity": "ticket_validator",
        "level": "0",
        "network": "Transilien",
        "operator": "SNCF"
      },
      "geometry": {
        "type": "Point",
        "coordinates": [
          2.4802251,
          48.8941314
        ]
      },
      "id": "node/9914987510"
    },
    {
      "type": "Feature",
      "properties": {
        "@id": "node/10231019660",
        "amenity": "bicycle_parking",
        "bicycle_parking": "bollard",
        "capacity": "4"
      },
      "geometry": {
        "type": "Point",
        "coordinates": [
          2.4830396,
          48.9008162
        ]
      },
      "id": "node/10231019660"
    },
    {
      "type": "Feature",
      "properties": {
        "@id": "node/10727809439",
        "addr:city": "Bondy",
        "addr:housenumber": "108",
        "addr:postcode": "93140",
        "addr:street": "Avenue du Général Gallieni",
        "amenity": "fast_food",
        "cuisine": "kebab",
        "name": "Ev’Et by Samy",
        "phone": "+33 1 88 50 26 27",
        "website": "https://www.instagram.com/evet_by_samy/"
      },
      "geometry": {
        "type": "Point",
        "coordinates": [
          2.4817389,
          48.9057672
        ]
      },
      "id": "node/10727809439"
    },
    {
      "type": "Feature",
      "properties": {
        "@id": "node/10837065372",
        "addr:city": "Bondy",
        "addr:housenumber": "4",
        "addr:postcode": "93140",
        "addr:street": "Rue de la Philosophie",
        "amenity": "community_centre",
        "name": "Salle Angela Davis",
        "operator": "Mairie de Bondy",
        "operator:type": "public"
      },
      "geometry": {
        "type": "Point",
        "coordinates": [
          2.4953019,
          48.8901004
        ]
      },
      "id": "node/10837065372"
    },
    {
      "type": "Feature",
      "properties": {
        "@id": "node/10837102564",
        "addr:city": "Bondy",
        "addr:housenumber": "18",
        "addr:postcode": "93140",
        "addr:street": "Rue de la Liberté",
        "amenity": "kindergarten",
        "name": "crèche Babilou Bondy Liberté",
        "operator": "Babilou",
        "operator:type": "private"
      },
      "geometry": {
        "type": "Point",
        "coordinates": [
          2.4812066,
          48.8944792
        ]
      },
      "id": "node/10837102564"
    },
    {
      "type": "Feature",
      "properties": {
        "@id": "node/10870380948",
        "addr:city": "Bondy",
        "addr:housenumber": "1",
        "addr:postcode": "93140",
        "addr:street": "Rue Odette Pain",
        "amenity": "social_centre",
        "name": "Centre de développement de la femme",
        "operator": "Mairie de Bondy",
        "operator:type": "public"
      },
      "geometry": {
        "type": "Point",
        "coordinates": [
          2.4789044,
          48.9138857
        ]
      },
      "id": "node/10870380948"
    },
    {
      "type": "Feature",
      "properties": {
        "@id": "node/11152431912",
        "amenity": "polling_station",
        "polling_station": "yes",
        "polling_station:ref": "11"
      },
      "geometry": {
        "type": "Point",
        "coordinates": [
          2.4853657,
          48.8986674
        ]
      },
      "id": "node/11152431912"
    },
    {
      "type": "Feature",
      "properties": {
        "@id": "node/11152432597",
        "amenity": "polling_station",
        "polling_station": "yes",
        "polling_station:ref": "11"
      },
      "geometry": {
        "type": "Point",
        "coordinates": [
          2.476487,
          48.8971224
        ]
      },
      "id": "node/11152432597"
    },
    {
      "type": "Feature",
      "properties": {
        "@id": "node/11155892881",
        "amenity": "polling_station",
        "id": "node/9589820224",
        "polling_station": "yes"
      },
      "geometry": {
        "type": "Point",
        "coordinates": [
          2.4910341,
          48.9058957
        ]
      },
      "id": "node/11155892881"
    },
    {
      "type": "Feature",
      "properties": {
        "@id": "node/11212768937",
        "addr:housenumber": "72",
        "addr:postcode": "93140",
        "addr:street": "Avenue du Général Gallieni",
        "amenity": "car_rental",
        "name": "Agence Rent and drop - Paris Est Bondy",
        "opening_hours": "Mo-Fr 08:00-11:00, 14:00-17:00; Sa 08:00-09:30, 16:00-17:00",
        "phone": "+33 9 71 09 10 78"
      },
      "geometry": {
        "type": "Point",
        "coordinates": [
          2.4780936,
          48.9053574
        ]
      },
      "id": "node/11212768937"
    },
    {
      "type": "Feature",
      "properties": {
        "@id": "node/11253502129",
        "amenity": "parking_space",
        "capacity:disabled": "1",
        "parking_space": "disabled",
        "wheelchair": "yes"
      },
      "geometry": {
        "type": "Point",
        "coordinates": [
          2.4893542,
          48.9097989
        ]
      },
      "id": "node/11253502129"
    },
    {
      "type": "Feature",
      "properties": {
        "@id": "node/11253502130",
        "amenity": "parking_space",
        "capacity:disabled": "1",
        "parking_space": "disabled",
        "wheelchair": "yes"
      },
      "geometry": {
        "type": "Point",
        "coordinates": [
          2.4893669,
          48.9097685
        ]
      },
      "id": "node/11253502130"
    },
    {
      "type": "Feature",
      "properties": {
        "@id": "node/11253502132",
        "amenity": "parking_space",
        "capacity:disabled": "1",
        "parking_space": "disabled",
        "wheelchair": "yes"
      },
      "geometry": {
        "type": "Point",
        "coordinates": [
          2.489387,
          48.9092763
        ]
      },
      "id": "node/11253502132"
    },
    {
      "type": "Feature",
      "properties": {
        "@id": "node/11279655446",
        "amenity": "school"
      },
      "geometry": {
        "type": "Point",
        "coordinates": [
          2.4771671,
          48.8955946
        ]
      },
      "id": "node/11279655446"
    },
    {
      "type": "Feature",
      "properties": {
        "@id": "node/11357014021",
        "addr:housenumber": "27",
        "addr:street": "Rue Jules Guesde",
        "amenity": "restaurant",
        "description": "Restaurant Bar Café",
        "name": "Harry's Café",
        "phone": "+33 6 58 14 14 14",
        "website": "https://www.facebook.com/harryscafebondy/"
      },
      "geometry": {
        "type": "Point",
        "coordinates": [
          2.4766509,
          48.9040216
        ]
      },
      "id": "node/11357014021"
    },
    {
      "type": "Feature",
      "properties": {
        "@id": "node/11974755621",
        "amenity": "drinking_water",
        "fountain": "bottle_refill",
        "level": "0",
        "operator": "SNCF Gares & Connexions",
        "operator:wikidata": "Q3098278"
      },
      "geometry": {
        "type": "Point",
        "coordinates": [
          2.4795165,
          48.8942952
        ]
      },
      "id": "node/11974755621"
    },
    {
      "type": "Feature",
      "properties": {
        "@id": "node/12070470269",
        "addr:city": "Bondy",
        "addr:housenumber": "160",
        "addr:postcode": "93140",
        "addr:street": "Avenue du Général Gallieni",
        "amenity": "fast_food",
        "cuisine": "grill;kebab;turkish",
        "name": "Otantik",
        "opening_hours": "Mo-Su 11:00-02:00",
        "phone": "+33 9 53 93 09 34"
      },
      "geometry": {
        "type": "Point",
        "coordinates": [
          2.485662,
          48.9063523
        ]
      },
      "id": "node/12070470269"
    },
    {
      "type": "Feature",
      "properties": {
        "@id": "node/12142125468",
        "amenity": "parking_space",
        "capacity": "1",
        "parking_space": "disabled"
      },
      "geometry": {
        "type": "Point",
        "coordinates": [
          2.4974224,
          48.8925765
        ]
      },
      "id": "node/12142125468"
    },
    {
      "type": "Feature",
      "properties": {
        "@id": "node/12142131643",
        "access": "yes",
        "amenity": "parking_space",
        "capacity": "1",
        "parking_space": "disabled"
      },
      "geometry": {
        "type": "Point",
        "coordinates": [
          2.4961623,
          48.8900426
        ]
      },
      "id": "node/12142131643"
    },
    {
      "type": "Feature",
      "properties": {
        "@id": "node/12142134659",
        "amenity": "parking",
        "capacity:disabled": "2"
      },
      "geometry": {
        "type": "Point",
        "coordinates": [
          2.4840101,
          48.9140667
        ]
      },
      "id": "node/12142134659"
    },
    {
      "type": "Feature",
      "properties": {
        "@id": "node/12170276609",
        "amenity": "polling_station",
        "name": "École maternelle Camille Claudel",
        "polling_station": "yes",
        "polling_station:ref": "9",
        "polling_station:ref_1": "32"
      },
      "geometry": {
        "type": "Point",
        "coordinates": [
          2.4881863,
          48.9021764
        ]
      },
      "id": "node/12170276609"
    },
    {
      "type": "Feature",
      "properties": {
        "@id": "node/12181757257",
        "amenity": "drinking_water"
      },
      "geometry": {
        "type": "Point",
        "coordinates": [
          2.4803325,
          48.912418
        ]
      },
      "id": "node/12181757257"
    },
    {
      "type": "Feature",
      "properties": {
        "@id": "node/12181757258",
        "amenity": "drinking_water"
      },
      "geometry": {
        "type": "Point",
        "coordinates": [
          2.4889103,
          48.9016513
        ]
      },
      "id": "node/12181757258"
    },
    {
      "type": "Feature",
      "properties": {
        "@id": "node/12231340201",
        "amenity": "bench"
      },
      "geometry": {
        "type": "Point",
        "coordinates": [
          2.4844823,
          48.9033387
        ]
      },
      "id": "node/12231340201"
    },
    {
      "type": "Feature",
      "properties": {
        "@id": "node/12231340301",
        "amenity": "bench"
      },
      "geometry": {
        "type": "Point",
        "coordinates": [
          2.4847389,
          48.9033183
        ]
      },
      "id": "node/12231340301"
    },
    {
      "type": "Feature",
      "properties": {
        "@id": "node/12231341001",
        "amenity": "bench"
      },
      "geometry": {
        "type": "Point",
        "coordinates": [
          2.4854548,
          48.9032618
        ]
      },
      "id": "node/12231341001"
    },
    {
      "type": "Feature",
      "properties": {
        "@id": "node/12246918182",
        "amenity": "parking_entrance"
      },
      "geometry": {
        "type": "Point",
        "coordinates": [
          2.4759274,
          48.8913592
        ]
      },
      "id": "node/12246918182"
    },
    {
      "type": "Feature",
      "properties": {
        "@id": "node/12282062511",
        "access": "yes",
        "amenity": "bicycle_parking",
        "bicycle_parking": "stands",
        "capacity": "4",
        "fee": "no"
      },
      "geometry": {
        "type": "Point",
        "coordinates": [
          2.4873399,
          48.9167273
        ]
      },
      "id": "node/12282062511"
    },
    {
      "type": "Feature",
      "properties": {
        "@id": "node/12282062512",
        "amenity": "bicycle_parking",
        "bicycle_parking": "stands",
        "capacity": "6",
        "covered": "no",
        "fee": "no"
      },
      "geometry": {
        "type": "Point",
        "coordinates": [
          2.4887061,
          48.9135987
        ]
      },
      "id": "node/12282062512"
    },
    {
      "type": "Feature",
      "properties": {
        "@id": "node/12282062515",
        "access": "yes",
        "amenity": "toilets",
        "changing_table": "no",
        "female": "yes",
        "male": "yes",
        "toilets:disposal": "flush",
        "wheelchair": "yes"
      },
      "geometry": {
        "type": "Point",
        "coordinates": [
          2.4886265,
          48.9138079
        ]
      },
      "id": "node/12282062515"
    },
    {
      "type": "Feature",
      "properties": {
        "@id": "node/12282062538",
        "access": "yes",
        "amenity": "drinking_water",
        "fee": "no",
        "operator": "Eau publique par Est Ensemble"
      },
      "geometry": {
        "type": "Point",
        "coordinates": [
          2.4877802,
          48.9163384
        ]
      },
      "id": "node/12282062538"
    },
    {
      "type": "Feature",
      "properties": {
        "@id": "node/12437312912",
        "amenity": "community_centre",
        "name": "Sohane"
      },
      "geometry": {
        "type": "Point",
        "coordinates": [
          2.4900752,
          48.891077
        ]
      },
      "id": "node/12437312912"
    },
    {
      "type": "Feature",
      "properties": {
        "@id": "node/12487837669",
        "addr:city": "Bondy",
        "addr:housenumber": "18 bis",
        "addr:postcode": "93140",
        "addr:street": "Avenue Léon Blum",
        "amenity": "social_facility",
        "email": "contact@asso-lamarmite.org",
        "name": "La Marmite",
        "opening_hours": "Sep-Jun Mo 12:00-17:45; Tu-Fr 10:00-17:45; Jul-Aug Tu-Fr 10:00-17:45; PH off",
        "phone": "+33 1 48 02 03 30",
        "website": "https://asso-lamarmite.org/"
      },
      "geometry": {
        "type": "Point",
        "coordinates": [
          2.4790854,
          48.9156356
        ]
      },
      "id": "node/12487837669"
    },
    {
      "type": "Feature",
      "properties": {
        "@id": "node/12966588751",
        "amenity": "drinking_water"
      },
      "geometry": {
        "type": "Point",
        "coordinates": [
          2.4797331,
          48.9014878
        ]
      },
      "id": "node/12966588751"
    },
    {
      "type": "Feature",
      "properties": {
        "@id": "node/12966650000",
        "amenity": "drinking_water"
      },
      "geometry": {
        "type": "Point",
        "coordinates": [
          2.4795058,
          48.9013263
        ]
      },
      "id": "node/12966650000"
    },
    {
      "type": "Feature",
      "properties": {
        "@id": "node/12966659001",
        "amenity": "toilets"
      },
      "geometry": {
        "type": "Point",
        "coordinates": [
          2.4809616,
          48.9029258
        ]
      },
      "id": "node/12966659001"
    },
    {
      "type": "Feature",
      "properties": {
        "@id": "node/12966659002",
        "amenity": "toilets"
      },
      "geometry": {
        "type": "Point",
        "coordinates": [
          2.4782369,
          48.8950267
        ]
      },
      "id": "node/12966659002"
    },
    {
      "type": "Feature",
      "properties": {
        "@id": "node/13041032002",
        "amenity": "waste_basket"
      },
      "geometry": {
        "type": "Point",
        "coordinates": [
          2.4830659,
          48.8937839
        ]
      },
      "id": "node/13041032002"
    },
    {
      "type": "Feature",
      "properties": {
        "@id": "node/13041522401",
        "amenity": "waste_basket"
      },
      "geometry": {
        "type": "Point",
        "coordinates": [
          2.4810045,
          48.8941281
        ]
      },
      "id": "node/13041522401"
    },
    {
      "type": "Feature",
      "properties": {
        "@id": "node/13041526701",
        "amenity": "waste_basket"
      },
      "geometry": {
        "type": "Point",
        "coordinates": [
          2.4838668,
          48.8936592
        ]
      },
      "id": "node/13041526701"
    },
    {
      "type": "Feature",
      "properties": {
        "@id": "node/13041526801",
        "amenity": "waste_basket"
      },
      "geometry": {
        "type": "Point",
        "coordinates": [
          2.4850808,
          48.8935211
        ]
      },
      "id": "node/13041526801"
    },
    {
      "type": "Feature",
      "properties": {
        "@id": "node/13046298002",
        "addr:housenumber": "10",
        "addr:postcode": "93140",
        "addr:street": "Rue Louis-Auguste Blanqui",
        "amenity": "restaurant",
        "cuisine": "vietnamese",
        "name": "BOLKIRI Bondy Street Food Viêt",
        "opening_hours": "Mo-Su 11:15-14:45, 18:15-22:30",
        "outdoor_seating": "no",
        "self_service": "yes",
        "website": "https://bolkiri.fr/"
      },
      "geometry": {
        "type": "Point",
        "coordinates": [
          2.4797355,
          48.90016
        ]
      },
      "id": "node/13046298002"
    },
    {
      "type": "Feature",
      "properties": {
        "@id": "node/13246064982",
        "amenity": "bicycle_parking",
        "bicycle_parking": "stands",
        "capacity": "10",
        "fixme": "vérifer emplacement + capacité + type"
      },
      "geometry": {
        "type": "Point",
        "coordinates": [
          2.4882357,
          48.8998796
        ]
      },
      "id": "node/13246064982"
    },
    {
      "type": "Feature",
      "properties": {
        "@id": "node/13267218172",
        "amenity": "exhibition_centre",
        "name": "Centre d’exposition Isidore Suarez",
        "was:name": "Espace Marcel Chauzy"
      },
      "geometry": {
        "type": "Point",
        "coordinates": [
          2.4812715,
          48.9022015
        ]
      },
      "id": "node/13267218172"
    },
    {
      "type": "Feature",
      "properties": {
        "@id": "node/13332752641",
        "amenity": "waste_basket",
        "waste": "trash"
      },
      "geometry": {
        "type": "Point",
        "coordinates": [
          2.4896212,
          48.9076491
        ]
      },
      "id": "node/13332752641"
    },
    {
      "type": "Feature",
      "properties": {
        "@id": "node/13367639501",
        "amenity": "music_school",
        "contact:city": "Bondy",
        "contact:housenumber": "4",
        "contact:phone": "+33 6 44 60 04 44",
        "contact:postcode": "93140",
        "contact:street": "Rue Georges Elie",
        "name": "Youssef - Allegro Musique"
      },
      "geometry": {
        "type": "Point",
        "coordinates": [
          2.4931123,
          48.9068336
        ]
      },
      "id": "node/13367639501"
    }
  ]
}