{
  "type": "FeatureCollection",
  "generator": "overpass-turbo",
  "copyright": "The data included in this document is from www.openstreetmap.org. The data is made available under ODbL.",
  "timestamp": "2026-02-02T09:16:43Z",
  "features": [
    {
      "type": "Feature",
      "properties": {
        "@id": "relation/59874",
        "admin_level": "8",
        "admin_type:FR": "commune",
        "alt_name:br": "An Naoned",
        "boundary": "administrative",
        "capital": "4",
        "name": "Nantes",
        "name:ar": "نانت",
        "name:be": "Нант",
        "name:bg": "Нант",
        "name:br": "Naoned",
        "name:ca": "Nantes",
        "name:cy": "Naoned",
        "name:el": "Νάντη",
        "name:eo": "Nanto",
        "name:es": "Nantes",
        "name:ext": "Nanti",
        "name:fa": "نانت",
        "name:fr": "Nantes",
        "name:fr-x-gallo": "Nauntt",
        "name:ga": "Naoned",
        "name:gd": "Naoned",
        "name:gv": "Naoned",
        "name:he": "נאנט",
        "name:hi": "नांत",
        "name:hy": "Նանտ",
        "name:ja": "ナント",
        "name:ka": "ნანტი",
        "name:kk": "Нант",
        "name:ko": "낭트",
        "name:kw": "Naoned",
        "name:la": "Portus-Namnetum",
        "name:lt": "Nantas",
        "name:lv": "Nante",
        "name:mk": "Нант",
        "name:mr": "नाँत",
        "name:mzn": "نانت",
        "name:oc": "Nantas",
        "name:pa": "ਨੌਂਤ",
        "name:pnb": "نانتیز",
        "name:ru": "Нант",
        "name:sr": "Нант",
        "name:ta": "நாந்து",
        "name:th": "น็องต์",
        "name:uk": "Нант",
        "name:ur": "نانت",
        "name:yi": "נאנט",
        "name:zh": "南特",
        "population": "323204",
        "population:date": "2021",
        "postal_code": "44000;44100;44200;44300",
        "ref:FR:SIREN": "214401093",
        "ref:INSEE": "44109",
        "source:name:oc": "ieo-bdtopoc",
        "source:population": "INSEE 2024",
        "source:postal_code": "La Poste - 12/2014",
        "type": "boundary",
        "website": "https://www.nantes.fr/",
        "wikidata": "Q12191",
        "wikipedia": "fr:Nantes"
      },
      "geometry": {
        "type": "Polygon",
        "coordinates": [
          [
            [
              -1.508284,
              47.2904088
            ],
            [
              -1.5082649,
              47.2904804
            ],
            [
              -1.5082706,
              47.2906424
            ],
            [
              -1.5083175,
              47.2910025
            ],
            [
              -1.5083395,
              47.2915438
            ],
            [
              -1.508279,
              47.291936
            ],
            [
              -1.5084013,
              47.2928227
            ],
            [
              -1.5084676,
              47.2932036
            ],
            [
              -1.5084647,
              47.2935556
            ],
            [
              -1.5088398,
              47.2942564
            ],
            [
              -1.5090665,
              47.2946088
            ],
            [
              -1.5093804,
              47.2951068
            ],
            [
              -1.5097152,
              47.2956147
            ],
            [
              -1.5100848,
              47.2954727
            ],
            [
              -1.5104392,
              47.2953352
            ],
            [
              -1.5113026,
              47.2949485
            ],
            [
              -1.5115341,
              47.2948684
            ],
            [
              -1.5116962,
              47.2948515
            ],
            [
              -1.5119209,
              47.2947506
            ],
            [
              -1.5121827,
              47.2946091
            ],
            [
              -1.5123728,
              47.2945404
            ],
            [
              -1.5127695,
              47.294465
            ],
            [
              -1.5131472,
              47.2944173
            ],
            [
              -1.5134589,
              47.2943206
            ],
            [
              -1.5137148,
              47.2942725
            ],
            [
              -1.5143012,
              47.294134
            ],
            [
              -1.5157717,
              47.2942032
            ],
            [
              -1.5159357,
              47.2942508
            ],
            [
              -1.516276,
              47.2943819
            ],
            [
              -1.5173815,
              47.2948504
            ],
            [
              -1.5178905,
              47.2949953
            ],
            [
              -1.5183774,
              47.2951176
            ],
            [
              -1.5189402,
              47.2953049
            ],
            [
              -1.5191958,
              47.2954231
            ],
            [
              -1.5195615,
              47.2956753
            ],
            [
              -1.5195842,
              47.295691
            ],
            [
              -1.5197402,
              47.295773
            ],
            [
              -1.5199876,
              47.2958349
            ],
            [
              -1.5201744,
              47.2958509
            ],
            [
              -1.5207283,
              47.2958231
            ],
            [
              -1.5209396,
              47.2958583
            ],
            [
              -1.5210458,
              47.2958468
            ],
            [
              -1.5216857,
              47.2957928
            ],
            [
              -1.5219318,
              47.2957623
            ],
            [
              -1.5221521,
              47.2957574
            ],
            [
              -1.5225539,
              47.2957674
            ],
            [
              -1.5227923,
              47.2956942
            ],
            [
              -1.5231378,
              47.2956179
            ],
            [
              -1.523294,
              47.2955533
            ],
            [
              -1.5237744,
              47.2951841
            ],
            [
              -1.5240102,
              47.2950323
            ],
            [
              -1.524286,
              47.294899
            ],
            [
              -1.5247879,
              47.2946481
            ],
            [
              -1.52496,
              47.294617
            ],
            [
              -1.5250972,
              47.294587
            ],
            [
              -1.5252352,
              47.2945354
            ],
            [
              -1.5253185,
              47.2944999
            ],
            [
              -1.525398,
              47.2944625
            ],
            [
              -1.5255763,
              47.2944232
            ],
            [
              -1.5258235,
              47.2944059
            ],
            [
              -1.5261098,
              47.2944212
            ],
            [
              -1.526458,
              47.2944741
            ],
            [
              -1.5272059,
              47.2945934
            ],
            [
              -1.5277662,
              47.2946524
            ],
            [
              -1.528461,
              47.2947068
            ],
            [
              -1.5326198,
              47.2949951
            ],
            [
              -1.5332706,
              47.2935839
            ],
            [
              -1.5332793,
              47.2927706
            ],
            [
              -1.5331123,
              47.2922444
            ],
            [
              -1.5324139,
              47.2910765
            ],
            [
              -1.5294882,
              47.2877479
            ],
            [
              -1.5278184,
              47.2858771
            ],
            [
              -1.527511,
              47.2851859
            ],
            [
              -1.5273156,
              47.2847402
            ],
            [
              -1.5272059,
              47.2844542
            ],
            [
              -1.526965,
              47.2837043
            ],
            [
              -1.5267598,
              47.2829508
            ],
            [
              -1.5266009,
              47.2819699
            ],
            [
              -1.5265534,
              47.2815273
            ],
            [
              -1.526542,
              47.2809878
            ],
            [
              -1.5265953,
              47.280514
            ],
            [
              -1.5266833,
              47.2800437
            ],
            [
              -1.5268438,
              47.2791128
            ],
            [
              -1.5269298,
              47.2788124
            ],
            [
              -1.5272754,
              47.2780908
            ],
            [
              -1.5277955,
              47.2771765
            ],
            [
              -1.5283711,
              47.2763882
            ],
            [
              -1.5290786,
              47.2754598
            ],
            [
              -1.529695,
              47.2746298
            ],
            [
              -1.5300207,
              47.2742149
            ],
            [
              -1.5304283,
              47.2737822
            ],
            [
              -1.5307932,
              47.2734207
            ],
            [
              -1.5312907,
              47.2729812
            ],
            [
              -1.5321161,
              47.2722697
            ],
            [
              -1.5340047,
              47.27071
            ],
            [
              -1.535411,
              47.2695758
            ],
            [
              -1.5361306,
              47.2689712
            ],
            [
              -1.5367481,
              47.2684469
            ],
            [
              -1.5369253,
              47.2682475
            ],
            [
              -1.5371003,
              47.2679905
            ],
            [
              -1.5373082,
              47.2675803
            ],
            [
              -1.5374114,
              47.2672887
            ],
            [
              -1.5375131,
              47.2669044
            ],
            [
              -1.5376092,
              47.2663378
            ],
            [
              -1.5377549,
              47.2654677
            ],
            [
              -1.5377635,
              47.2651457
            ],
            [
              -1.5377388,
              47.2648129
            ],
            [
              -1.5372992,
              47.2622105
            ],
            [
              -1.5367802,
              47.2610349
            ],
            [
              -1.5364619,
              47.2605892
            ],
            [
              -1.5363128,
              47.2599532
            ],
            [
              -1.5360788,
              47.2594226
            ],
            [
              -1.5363514,
              47.2586282
            ],
            [
              -1.5365307,
              47.2584577
            ],
            [
              -1.5367354,
              47.2582691
            ],
            [
              -1.5373124,
              47.2574999
            ],
            [
              -1.5378797,
              47.2569722
            ],
            [
              -1.5384341,
              47.2565019
            ],
            [
              -1.5388414,
              47.2560387
            ],
            [
              -1.5390941,
              47.2557246
            ],
            [
              -1.5391954,
              47.2549017
            ],
            [
              -1.5399477,
              47.2550027
            ],
            [
              -1.540225,
              47.2550233
            ],
            [
              -1.5407407,
              47.2550247
            ],
            [
              -1.5409175,
              47.2549644
            ],
            [
              -1.5412031,
              47.2549303
            ],
            [
              -1.5413637,
              47.2549593
            ],
            [
              -1.5415647,
              47.2549593
            ],
            [
              -1.5417441,
              47.2549796
            ],
            [
              -1.5419908,
              47.2550263
            ],
            [
              -1.5429556,
              47.2552992
            ],
            [
              -1.543178,
              47.2553556
            ],
            [
              -1.5435552,
              47.2555677
            ],
            [
              -1.5439646,
              47.2558115
            ],
            [
              -1.5442417,
              47.2559884
            ],
            [
              -1.5444407,
              47.2560792
            ],
            [
              -1.5446851,
              47.2561689
            ],
            [
              -1.5449881,
              47.2562369
            ],
            [
              -1.5452945,
              47.2562817
            ],
            [
              -1.5457879,
              47.2563277
            ],
            [
              -1.5463757,
              47.2563567
            ],
            [
              -1.5464834,
              47.2563644
            ],
            [
              -1.5467407,
              47.2563978
            ],
            [
              -1.546906,
              47.2564155
            ],
            [
              -1.547017,
              47.2564026
            ],
            [
              -1.5471163,
              47.2563769
            ],
            [
              -1.5472779,
              47.2563099
            ],
            [
              -1.5474109,
              47.2562622
            ],
            [
              -1.5475046,
              47.2562549
            ],
            [
              -1.547878,
              47.2562716
            ],
            [
              -1.5480325,
              47.2562885
            ],
            [
              -1.5482634,
              47.2563242
            ],
            [
              -1.548352,
              47.2563195
            ],
            [
              -1.5484887,
              47.2562947
            ],
            [
              -1.5487592,
              47.2562144
            ],
            [
              -1.5490129,
              47.2562013
            ],
            [
              -1.5491824,
              47.2562067
            ],
            [
              -1.5492725,
              47.256224
            ],
            [
              -1.5494236,
              47.2562795
            ],
            [
              -1.5494818,
              47.2563778
            ],
            [
              -1.5495725,
              47.2564809
            ],
            [
              -1.5496587,
              47.256532
            ],
            [
              -1.5497362,
              47.2565435
            ],
            [
              -1.550004,
              47.2565316
            ],
            [
              -1.5502854,
              47.2565338
            ],
            [
              -1.5504788,
              47.2565686
            ],
            [
              -1.5506857,
              47.2566149
            ],
            [
              -1.5507475,
              47.2566513
            ],
            [
              -1.5508576,
              47.2567935
            ],
            [
              -1.5509487,
              47.2570274
            ],
            [
              -1.5509122,
              47.2571004
            ],
            [
              -1.5508399,
              47.2572123
            ],
            [
              -1.5507112,
              47.2573725
            ],
            [
              -1.5506593,
              47.2574521
            ],
            [
              -1.5506547,
              47.2575238
            ],
            [
              -1.5507067,
              47.2575908
            ],
            [
              -1.5508511,
              47.2576347
            ],
            [
              -1.5511823,
              47.2575114
            ],
            [
              -1.5512798,
              47.2575063
            ],
            [
              -1.5513983,
              47.2575392
            ],
            [
              -1.5514725,
              47.257575
            ],
            [
              -1.5516646,
              47.2576777
            ],
            [
              -1.5518246,
              47.2577998
            ],
            [
              -1.5519029,
              47.2578209
            ],
            [
              -1.5520616,
              47.2578449
            ],
            [
              -1.5521046,
              47.2578687
            ],
            [
              -1.5521198,
              47.2579008
            ],
            [
              -1.5521165,
              47.2579457
            ],
            [
              -1.5523819,
              47.2581982
            ],
            [
              -1.5527527,
              47.2584961
            ],
            [
              -1.5528101,
              47.258523
            ],
            [
              -1.5528975,
              47.2585243
            ],
            [
              -1.5530888,
              47.2585131
            ],
            [
              -1.5531614,
              47.2585296
            ],
            [
              -1.5532321,
              47.2585656
            ],
            [
              -1.5532424,
              47.2586028
            ],
            [
              -1.5531874,
              47.2586474
            ],
            [
              -1.5531526,
              47.2586984
            ],
            [
              -1.5531375,
              47.2587499
            ],
            [
              -1.553155,
              47.2587674
            ],
            [
              -1.5532591,
              47.2587778
            ],
            [
              -1.5533139,
              47.2587938
            ],
            [
              -1.5533406,
              47.2588146
            ],
            [
              -1.5533571,
              47.2588418
            ],
            [
              -1.5533949,
              47.2589918
            ],
            [
              -1.5534463,
              47.2590103
            ],
            [
              -1.5536198,
              47.259041
            ],
            [
              -1.5536573,
              47.2590638
            ],
            [
              -1.5536952,
              47.2592574
            ],
            [
              -1.5538378,
              47.2594632
            ],
            [
              -1.5538498,
              47.2596499
            ],
            [
              -1.5538816,
              47.2597505
            ],
            [
              -1.55398,
              47.2598605
            ],
            [
              -1.5540282,
              47.2598828
            ],
            [
              -1.5541335,
              47.2599077
            ],
            [
              -1.5541929,
              47.2601869
            ],
            [
              -1.5543182,
              47.2603589
            ],
            [
              -1.5543755,
              47.2603833
            ],
            [
              -1.5544751,
              47.2604257
            ],
            [
              -1.5544872,
              47.2604689
            ],
            [
              -1.5544615,
              47.2605163
            ],
            [
              -1.554399,
              47.2606919
            ],
            [
              -1.5545095,
              47.2608092
            ],
            [
              -1.5545329,
              47.260894
            ],
            [
              -1.5548522,
              47.2612973
            ],
            [
              -1.5549084,
              47.2613653
            ],
            [
              -1.5549523,
              47.2615013
            ],
            [
              -1.5549853,
              47.2616187
            ],
            [
              -1.5549562,
              47.2617188
            ],
            [
              -1.5548757,
              47.2618137
            ],
            [
              -1.5548495,
              47.2618953
            ],
            [
              -1.5548592,
              47.2620059
            ],
            [
              -1.5549019,
              47.2621232
            ],
            [
              -1.5549261,
              47.2622549
            ],
            [
              -1.5549068,
              47.2623949
            ],
            [
              -1.5548805,
              47.262455
            ],
            [
              -1.5547722,
              47.2625275
            ],
            [
              -1.5547243,
              47.262596
            ],
            [
              -1.5546845,
              47.2627494
            ],
            [
              -1.5546583,
              47.2628785
            ],
            [
              -1.554668,
              47.2629667
            ],
            [
              -1.5547931,
              47.2631491
            ],
            [
              -1.5548805,
              47.2632913
            ],
            [
              -1.5549707,
              47.2633875
            ],
            [
              -1.5551464,
              47.2635824
            ],
            [
              -1.5552124,
              47.2637319
            ],
            [
              -1.5551949,
              47.2637951
            ],
            [
              -1.5551134,
              47.2638649
            ],
            [
              -1.5550707,
              47.2639116
            ],
            [
              -1.5550717,
              47.2640097
            ],
            [
              -1.5551765,
              47.2641177
            ],
            [
              -1.5553327,
              47.2642455
            ],
            [
              -1.5554219,
              47.2642751
            ],
            [
              -1.555682,
              47.2642955
            ],
            [
              -1.5558508,
              47.2643258
            ],
            [
              -1.555976,
              47.2643607
            ],
            [
              -1.5560585,
              47.2644226
            ],
            [
              -1.5561138,
              47.2644575
            ],
            [
              -1.5562331,
              47.2644891
            ],
            [
              -1.5563797,
              47.2644839
            ],
            [
              -1.556607,
              47.2644968
            ],
            [
              -1.556727,
              47.2645379
            ],
            [
              -1.556793,
              47.264578
            ],
            [
              -1.5568144,
              47.2646083
            ],
            [
              -1.5568803,
              47.2646913
            ],
            [
              -1.5569337,
              47.2647222
            ],
            [
              -1.5570162,
              47.2647321
            ],
            [
              -1.5570831,
              47.2647058
            ],
            [
              -1.5571403,
              47.2646783
            ],
            [
              -1.5572578,
              47.2646972
            ],
            [
              -1.5573442,
              47.2647407
            ],
            [
              -1.5574461,
              47.2648019
            ],
            [
              -1.5574917,
              47.264875
            ],
            [
              -1.5575082,
              47.2649316
            ],
            [
              -1.5575043,
              47.2649632
            ],
            [
              -1.5575508,
              47.264983
            ],
            [
              -1.5576615,
              47.2649994
            ],
            [
              -1.5577216,
              47.2650192
            ],
            [
              -1.5577663,
              47.2650857
            ],
            [
              -1.5578165,
              47.2651264
            ],
            [
              -1.5579875,
              47.2651502
            ],
            [
              -1.5582029,
              47.2651634
            ],
            [
              -1.5583543,
              47.2651417
            ],
            [
              -1.5584241,
              47.2651555
            ],
            [
              -1.5584639,
              47.2651996
            ],
            [
              -1.5584998,
              47.2652819
            ],
            [
              -1.5585231,
              47.2654011
            ],
            [
              -1.5585716,
              47.265519
            ],
            [
              -1.5586386,
              47.2655954
            ],
            [
              -1.5586308,
              47.2656454
            ],
            [
              -1.5585406,
              47.2656974
            ],
            [
              -1.5584358,
              47.2657494
            ],
            [
              -1.5583756,
              47.2657817
            ],
            [
              -1.5583785,
              47.2658278
            ],
            [
              -1.5584406,
              47.2658864
            ],
            [
              -1.5586027,
              47.2659661
            ],
            [
              -1.5587133,
              47.2659819
            ],
            [
              -1.5588317,
              47.2660359
            ],
            [
              -1.5588608,
              47.2660813
            ],
            [
              -1.5589139,
              47.2661226
            ],
            [
              -1.5589268,
              47.266157
            ],
            [
              -1.5589045,
              47.2662209
            ],
            [
              -1.5589083,
              47.2663236
            ],
            [
              -1.5589064,
              47.2663763
            ],
            [
              -1.5589258,
              47.2664573
            ],
            [
              -1.5588521,
              47.2665692
            ],
            [
              -1.5587832,
              47.2667114
            ],
            [
              -1.5587502,
              47.2667556
            ],
            [
              -1.5586114,
              47.2668181
            ],
            [
              -1.5584106,
              47.2668859
            ],
            [
              -1.5583601,
              47.2669353
            ],
            [
              -1.5583426,
              47.2669893
            ],
            [
              -1.5583378,
              47.2670242
            ],
            [
              -1.5584047,
              47.2670545
            ],
            [
              -1.5585183,
              47.2670762
            ],
            [
              -1.5586104,
              47.2670999
            ],
            [
              -1.5586793,
              47.2671592
            ],
            [
              -1.5587288,
              47.267231
            ],
            [
              -1.5586793,
              47.2673166
            ],
            [
              -1.5586541,
              47.2673752
            ],
            [
              -1.5586211,
              47.267439
            ],
            [
              -1.5585124,
              47.2674937
            ],
            [
              -1.5584542,
              47.2675806
            ],
            [
              -1.5584028,
              47.267601
            ],
            [
              -1.5583543,
              47.2676188
            ],
            [
              -1.5583465,
              47.267653
            ],
            [
              -1.5583494,
              47.2677077
            ],
            [
              -1.5583339,
              47.2677702
            ],
            [
              -1.5582505,
              47.2678387
            ],
            [
              -1.5581515,
              47.2679164
            ],
            [
              -1.558133,
              47.2679757
            ],
            [
              -1.5581301,
              47.2680264
            ],
            [
              -1.5581777,
              47.2680448
            ],
            [
              -1.5582767,
              47.2681001
            ],
            [
              -1.5582834,
              47.268162
            ],
            [
              -1.5582068,
              47.2682232
            ],
            [
              -1.5581427,
              47.2682588
            ],
            [
              -1.5581321,
              47.2683477
            ],
            [
              -1.5581437,
              47.2684089
            ],
            [
              -1.5581922,
              47.2685169
            ],
            [
              -1.5582679,
              47.2686512
            ],
            [
              -1.5582708,
              47.2687217
            ],
            [
              -1.5582466,
              47.2688033
            ],
            [
              -1.558232,
              47.2689791
            ],
            [
              -1.5582689,
              47.2690581
            ],
            [
              -1.5582572,
              47.269145
            ],
            [
              -1.5583339,
              47.2692431
            ],
            [
              -1.5583601,
              47.2693603
            ],
            [
              -1.558461,
              47.2694525
            ],
            [
              -1.5584384,
              47.2695206
            ],
            [
              -1.5584735,
              47.2695395
            ],
            [
              -1.5589183,
              47.2697686
            ],
            [
              -1.5593481,
              47.2703122
            ],
            [
              -1.5595223,
              47.2702248
            ],
            [
              -1.5597305,
              47.2701675
            ],
            [
              -1.5600417,
              47.2700881
            ],
            [
              -1.5606002,
              47.2699557
            ],
            [
              -1.5611851,
              47.2698349
            ],
            [
              -1.5614235,
              47.2697944
            ],
            [
              -1.561663,
              47.2698002
            ],
            [
              -1.5617384,
              47.2697899
            ],
            [
              -1.5618043,
              47.2698104
            ],
            [
              -1.5619141,
              47.269823
            ],
            [
              -1.5619858,
              47.2698193
            ],
            [
              -1.5620318,
              47.2698006
            ],
            [
              -1.5621011,
              47.2697997
            ],
            [
              -1.5623,
              47.2698395
            ],
            [
              -1.5624441,
              47.2698793
            ],
            [
              -1.5624987,
              47.2698614
            ],
            [
              -1.5626211,
              47.2698363
            ],
            [
              -1.56277,
              47.26983
            ],
            [
              -1.5628428,
              47.2698002
            ],
            [
              -1.5629121,
              47.2698081
            ],
            [
              -1.5629519,
              47.2697992
            ],
            [
              -1.563038,
              47.2697634
            ],
            [
              -1.5631752,
              47.2697571
            ],
            [
              -1.5634424,
              47.2696519
            ],
            [
              -1.5635505,
              47.2696319
            ],
            [
              -1.5636671,
              47.2695981
            ],
            [
              -1.5637605,
              47.2695616
            ],
            [
              -1.5639021,
              47.2695204
            ],
            [
              -1.5640366,
              47.2694771
            ],
            [
              -1.5641783,
              47.2695013
            ],
            [
              -1.5642723,
              47.2695045
            ],
            [
              -1.5644394,
              47.2695502
            ],
            [
              -1.5645008,
              47.2696086
            ],
            [
              -1.5645797,
              47.2697117
            ],
            [
              -1.5646167,
              47.2697815
            ],
            [
              -1.5647104,
              47.2698195
            ],
            [
              -1.5647389,
              47.2698649
            ],
            [
              -1.5647595,
              47.2699145
            ],
            [
              -1.5648075,
              47.269998
            ],
            [
              -1.5648579,
              47.2700362
            ],
            [
              -1.5649059,
              47.2700502
            ],
            [
              -1.5650336,
              47.2700919
            ],
            [
              -1.5651048,
              47.2701279
            ],
            [
              -1.5651869,
              47.2701919
            ],
            [
              -1.565331,
              47.2703228
            ],
            [
              -1.5653958,
              47.2703938
            ],
            [
              -1.5654734,
              47.2703994
            ],
            [
              -1.5655921,
              47.2704566
            ],
            [
              -1.5656336,
              47.2705169
            ],
            [
              -1.565744,
              47.2705674
            ],
            [
              -1.5658785,
              47.2706098
            ],
            [
              -1.5659269,
              47.2706317
            ],
            [
              -1.5658672,
              47.2706962
            ],
            [
              -1.5658741,
              47.270722
            ],
            [
              -1.565906,
              47.270739
            ],
            [
              -1.5660658,
              47.2707213
            ],
            [
              -1.5661221,
              47.2707266
            ],
            [
              -1.5661856,
              47.270779
            ],
            [
              -1.56627,
              47.2708759
            ],
            [
              -1.5663849,
              47.2709278
            ],
            [
              -1.5665146,
              47.2709524
            ],
            [
              -1.5665773,
              47.2709908
            ],
            [
              -1.5665993,
              47.2710563
            ],
            [
              -1.5665547,
              47.2711605
            ],
            [
              -1.5665756,
              47.271226
            ],
            [
              -1.5666405,
              47.2712686
            ],
            [
              -1.5667578,
              47.2712741
            ],
            [
              -1.5668298,
              47.271262
            ],
            [
              -1.5669166,
              47.2712541
            ],
            [
              -1.5669677,
              47.271252
            ],
            [
              -1.5670377,
              47.2712625
            ],
            [
              -1.5670964,
              47.2713042
            ],
            [
              -1.5670871,
              47.271347
            ],
            [
              -1.5669794,
              47.2713856
            ],
            [
              -1.5669777,
              47.2714089
            ],
            [
              -1.5670319,
              47.2714708
            ],
            [
              -1.5670995,
              47.2715176
            ],
            [
              -1.5671811,
              47.2715518
            ],
            [
              -1.5673067,
              47.2715833
            ],
            [
              -1.5673976,
              47.2716524
            ],
            [
              -1.5674823,
              47.2716687
            ],
            [
              -1.567565,
              47.2717592
            ],
            [
              -1.5676062,
              47.271745
            ],
            [
              -1.5675894,
              47.2716945
            ],
            [
              -1.5676086,
              47.2716198
            ],
            [
              -1.5676844,
              47.2715688
            ],
            [
              -1.5677304,
              47.2715132
            ],
            [
              -1.5677669,
              47.2715034
            ],
            [
              -1.5678615,
              47.2715346
            ],
            [
              -1.5679178,
              47.2715465
            ],
            [
              -1.5679546,
              47.2715494
            ],
            [
              -1.5680085,
              47.271558
            ],
            [
              -1.5682482,
              47.2716607
            ],
            [
              -1.5685868,
              47.2717822
            ],
            [
              -1.5687183,
              47.2718549
            ],
            [
              -1.5687717,
              47.2718783
            ],
            [
              -1.5688619,
              47.2718635
            ],
            [
              -1.5691185,
              47.2719244
            ],
            [
              -1.5692675,
              47.271929
            ],
            [
              -1.5694014,
              47.2719185
            ],
            [
              -1.5697192,
              47.27185
            ],
            [
              -1.5700083,
              47.2718437
            ],
            [
              -1.5701282,
              47.2718579
            ],
            [
              -1.5702946,
              47.2718144
            ],
            [
              -1.5705279,
              47.2717921
            ],
            [
              -1.5706279,
              47.2718072
            ],
            [
              -1.5707045,
              47.2718026
            ],
            [
              -1.5708457,
              47.2718289
            ],
            [
              -1.5709816,
              47.2718428
            ],
            [
              -1.5711603,
              47.2718417
            ],
            [
              -1.5712744,
              47.2718047
            ],
            [
              -1.571435,
              47.2718019
            ],
            [
              -1.5715468,
              47.2718152
            ],
            [
              -1.571706,
              47.2717758
            ],
            [
              -1.5717787,
              47.2717905
            ],
            [
              -1.5718683,
              47.2718054
            ],
            [
              -1.5719802,
              47.2718143
            ],
            [
              -1.5720824,
              47.2718224
            ],
            [
              -1.572141,
              47.2718443
            ],
            [
              -1.5721949,
              47.2718852
            ],
            [
              -1.5722837,
              47.271899
            ],
            [
              -1.5725297,
              47.2719006
            ],
            [
              -1.5727143,
              47.2719227
            ],
            [
              -1.5735198,
              47.2720226
            ],
            [
              -1.5737486,
              47.2720379
            ],
            [
              -1.5740313,
              47.2720279
            ],
            [
              -1.5742814,
              47.2720459
            ],
            [
              -1.5744728,
              47.2720365
            ],
            [
              -1.5749219,
              47.2720056
            ],
            [
              -1.5750879,
              47.2719907
            ],
            [
              -1.5754066,
              47.2719313
            ],
            [
              -1.5756621,
              47.2719495
            ],
            [
              -1.5761048,
              47.2719811
            ],
            [
              -1.5764564,
              47.271932
            ],
            [
              -1.5767991,
              47.2718873
            ],
            [
              -1.5772842,
              47.2719609
            ],
            [
              -1.5774242,
              47.2719646
            ],
            [
              -1.577876,
              47.2721201
            ],
            [
              -1.5779395,
              47.2721287
            ],
            [
              -1.5781155,
              47.2721411
            ],
            [
              -1.5782451,
              47.272162
            ],
            [
              -1.5787783,
              47.2722863
            ],
            [
              -1.5789398,
              47.2723361
            ],
            [
              -1.5790325,
              47.2723724
            ],
            [
              -1.5792469,
              47.2724902
            ],
            [
              -1.5794911,
              47.2725188
            ],
            [
              -1.5798637,
              47.2725621
            ],
            [
              -1.580193,
              47.2725887
            ],
            [
              -1.5803104,
              47.272605
            ],
            [
              -1.5805774,
              47.2726666
            ],
            [
              -1.5807618,
              47.27271
            ],
            [
              -1.581168,
              47.2728468
            ],
            [
              -1.5812339,
              47.2728601
            ],
            [
              -1.5814634,
              47.2728917
            ],
            [
              -1.581637,
              47.2729509
            ],
            [
              -1.5818099,
              47.27299
            ],
            [
              -1.5820185,
              47.2730547
            ],
            [
              -1.5821763,
              47.2730712
            ],
            [
              -1.5827557,
              47.2730964
            ],
            [
              -1.5828583,
              47.2730966
            ],
            [
              -1.5829911,
              47.2731143
            ],
            [
              -1.5830329,
              47.273111
            ],
            [
              -1.58354,
              47.2730021
            ],
            [
              -1.5837931,
              47.2729481
            ],
            [
              -1.5838659,
              47.2728661
            ],
            [
              -1.5838724,
              47.2728654
            ],
            [
              -1.5838745,
              47.272871
            ],
            [
              -1.5838937,
              47.2728598
            ],
            [
              -1.5840756,
              47.27281
            ],
            [
              -1.5840577,
              47.2727774
            ],
            [
              -1.5841678,
              47.2727366
            ],
            [
              -1.584209,
              47.2727634
            ],
            [
              -1.5846263,
              47.2726929
            ],
            [
              -1.5848366,
              47.2733129
            ],
            [
              -1.5851632,
              47.2733306
            ],
            [
              -1.5853772,
              47.2734004
            ],
            [
              -1.5871345,
              47.2743579
            ],
            [
              -1.5873286,
              47.2744311
            ],
            [
              -1.5889698,
              47.2747681
            ],
            [
              -1.5897122,
              47.2747486
            ],
            [
              -1.5898069,
              47.2747346
            ],
            [
              -1.5901033,
              47.2746452
            ],
            [
              -1.59145,
              47.2742389
            ],
            [
              -1.5927245,
              47.2737332
            ],
            [
              -1.5929743,
              47.2736254
            ],
            [
              -1.5933967,
              47.2734454
            ],
            [
              -1.5926845,
              47.2726303
            ],
            [
              -1.5921004,
              47.27197
            ],
            [
              -1.5916754,
              47.2714801
            ],
            [
              -1.5904663,
              47.2700916
            ],
            [
              -1.5896161,
              47.2691229
            ],
            [
              -1.5894103,
              47.2692105
            ],
            [
              -1.5877698,
              47.2673514
            ],
            [
              -1.5865816,
              47.265983
            ],
            [
              -1.5861487,
              47.2654877
            ],
            [
              -1.5844907,
              47.2635672
            ],
            [
              -1.5833344,
              47.2622327
            ],
            [
              -1.5816586,
              47.2603142
            ],
            [
              -1.5815829,
              47.2602276
            ],
            [
              -1.5810818,
              47.25965
            ],
            [
              -1.5805738,
              47.2590685
            ],
            [
              -1.5799248,
              47.2583246
            ],
            [
              -1.5794842,
              47.2578216
            ],
            [
              -1.5790028,
              47.2572471
            ],
            [
              -1.5787088,
              47.2569265
            ],
            [
              -1.5782681,
              47.2564198
            ],
            [
              -1.5777677,
              47.2558472
            ],
            [
              -1.5776095,
              47.2556671
            ],
            [
              -1.577338,
              47.2553578
            ],
            [
              -1.5769987,
              47.2549586
            ],
            [
              -1.576606,
              47.2545138
            ],
            [
              -1.5764497,
              47.2543638
            ],
            [
              -1.5762439,
              47.2538284
            ],
            [
              -1.5762009,
              47.253593
            ],
            [
              -1.5761726,
              47.2532655
            ],
            [
              -1.576089,
              47.2530685
            ],
            [
              -1.5761555,
              47.2528476
            ],
            [
              -1.5761948,
              47.2525663
            ],
            [
              -1.5762297,
              47.2523991
            ],
            [
              -1.5762453,
              47.2523177
            ],
            [
              -1.5763962,
              47.2515759
            ],
            [
              -1.5764956,
              47.2511525
            ],
            [
              -1.5766225,
              47.2505771
            ],
            [
              -1.5767243,
              47.2500915
            ],
            [
              -1.5768079,
              47.2497407
            ],
            [
              -1.5769336,
              47.2492121
            ],
            [
              -1.5770073,
              47.2489024
            ],
            [
              -1.5771291,
              47.2483974
            ],
            [
              -1.5771637,
              47.248243
            ],
            [
              -1.5771808,
              47.2481686
            ],
            [
              -1.5772032,
              47.2480859
            ],
            [
              -1.5772316,
              47.2479727
            ],
            [
              -1.5772946,
              47.2477065
            ],
            [
              -1.5773066,
              47.2476333
            ],
            [
              -1.5773116,
              47.2476106
            ],
            [
              -1.5773311,
              47.2475189
            ],
            [
              -1.577337,
              47.2474567
            ],
            [
              -1.5773364,
              47.2474093
            ],
            [
              -1.5773323,
              47.2473253
            ],
            [
              -1.5773226,
              47.2472361
            ],
            [
              -1.5773373,
              47.2472182
            ],
            [
              -1.5773272,
              47.2471736
            ],
            [
              -1.577323,
              47.247155
            ],
            [
              -1.5774039,
              47.2471508
            ],
            [
              -1.5774268,
              47.2471463
            ],
            [
              -1.577407,
              47.2470697
            ],
            [
              -1.5773862,
              47.2470058
            ],
            [
              -1.5775404,
              47.2469735
            ],
            [
              -1.577937,
              47.2469353
            ],
            [
              -1.5778854,
              47.2468615
            ],
            [
              -1.5778699,
              47.246814
            ],
            [
              -1.5778202,
              47.2467517
            ],
            [
              -1.5778064,
              47.2467353
            ],
            [
              -1.577778,
              47.2466544
            ],
            [
              -1.5777797,
              47.2465914
            ],
            [
              -1.5777861,
              47.2465323
            ],
            [
              -1.5778235,
              47.2463776
            ],
            [
              -1.5778972,
              47.2462548
            ],
            [
              -1.5779414,
              47.2462092
            ],
            [
              -1.5779867,
              47.2461753
            ],
            [
              -1.5780806,
              47.2461221
            ],
            [
              -1.5781649,
              47.24607
            ],
            [
              -1.578304,
              47.245982
            ],
            [
              -1.5783863,
              47.2459225
            ],
            [
              -1.5785605,
              47.2457433
            ],
            [
              -1.5787566,
              47.2455762
            ],
            [
              -1.5789093,
              47.2454403
            ],
            [
              -1.5789569,
              47.245401
            ],
            [
              -1.5791488,
              47.2452983
            ],
            [
              -1.5792702,
              47.2452194
            ],
            [
              -1.5792935,
              47.2452063
            ],
            [
              -1.5793315,
              47.2451911
            ],
            [
              -1.579699,
              47.2450443
            ],
            [
              -1.5797416,
              47.2450437
            ],
            [
              -1.5797849,
              47.2450435
            ],
            [
              -1.5798609,
              47.24503
            ],
            [
              -1.579892,
              47.2450169
            ],
            [
              -1.5800394,
              47.2449311
            ],
            [
              -1.5801935,
              47.2448384
            ],
            [
              -1.580358,
              47.2447416
            ],
            [
              -1.5805042,
              47.2446555
            ],
            [
              -1.580546,
              47.2446414
            ],
            [
              -1.580591,
              47.2446252
            ],
            [
              -1.5807095,
              47.2445898
            ],
            [
              -1.5807829,
              47.2445377
            ],
            [
              -1.58084,
              47.2445133
            ],
            [
              -1.5809072,
              47.2444808
            ],
            [
              -1.5810108,
              47.2444241
            ],
            [
              -1.581067,
              47.2443934
            ],
            [
              -1.5811099,
              47.2443588
            ],
            [
              -1.5812105,
              47.2443279
            ],
            [
              -1.5813781,
              47.2442696
            ],
            [
              -1.5815417,
              47.2442678
            ],
            [
              -1.58177,
              47.2442194
            ],
            [
              -1.5818132,
              47.2441872
            ],
            [
              -1.5818509,
              47.2441561
            ],
            [
              -1.5818582,
              47.2441487
            ],
            [
              -1.5818849,
              47.2441217
            ],
            [
              -1.5819478,
              47.2440752
            ],
            [
              -1.5819711,
              47.2440432
            ],
            [
              -1.5820359,
              47.2439938
            ],
            [
              -1.5821033,
              47.243976
            ],
            [
              -1.5821189,
              47.2439707
            ],
            [
              -1.58214,
              47.2439506
            ],
            [
              -1.5821624,
              47.2439356
            ],
            [
              -1.5821996,
              47.2439192
            ],
            [
              -1.5822376,
              47.2439113
            ],
            [
              -1.5822746,
              47.2439117
            ],
            [
              -1.5822866,
              47.2439106
            ],
            [
              -1.5823135,
              47.243904
            ],
            [
              -1.5823269,
              47.2438971
            ],
            [
              -1.582364,
              47.243874
            ],
            [
              -1.582419,
              47.2438088
            ],
            [
              -1.582425,
              47.2438056
            ],
            [
              -1.5824459,
              47.2437974
            ],
            [
              -1.5824757,
              47.2437839
            ],
            [
              -1.5824822,
              47.243778
            ],
            [
              -1.5825237,
              47.243758
            ],
            [
              -1.582559,
              47.2437443
            ],
            [
              -1.5826201,
              47.243723
            ],
            [
              -1.582659,
              47.2437332
            ],
            [
              -1.5826921,
              47.2437475
            ],
            [
              -1.582727,
              47.2437518
            ],
            [
              -1.5827696,
              47.2436269
            ],
            [
              -1.5829803,
              47.243613
            ],
            [
              -1.583365,
              47.2434041
            ],
            [
              -1.5837461,
              47.2433106
            ],
            [
              -1.5838435,
              47.2432798
            ],
            [
              -1.584008,
              47.243196
            ],
            [
              -1.5841303,
              47.2431399
            ],
            [
              -1.5842351,
              47.2430879
            ],
            [
              -1.5843641,
              47.243043
            ],
            [
              -1.5845157,
              47.2430405
            ],
            [
              -1.5846389,
              47.2430124
            ],
            [
              -1.5847993,
              47.242969
            ],
            [
              -1.5850253,
              47.2428943
            ],
            [
              -1.5850857,
              47.2428691
            ],
            [
              -1.5851183,
              47.2428633
            ],
            [
              -1.5851447,
              47.2428545
            ],
            [
              -1.5854705,
              47.242807
            ],
            [
              -1.5854956,
              47.2428093
            ],
            [
              -1.5855256,
              47.2427809
            ],
            [
              -1.5857681,
              47.2426832
            ],
            [
              -1.5859937,
              47.2425922
            ],
            [
              -1.5860808,
              47.2425199
            ],
            [
              -1.586149,
              47.2424435
            ],
            [
              -1.5862548,
              47.2422982
            ],
            [
              -1.5863597,
              47.2420863
            ],
            [
              -1.5864385,
              47.2419725
            ],
            [
              -1.5864795,
              47.241914
            ],
            [
              -1.5866108,
              47.2417797
            ],
            [
              -1.5866711,
              47.2417219
            ],
            [
              -1.5867353,
              47.2416727
            ],
            [
              -1.5869817,
              47.2415585
            ],
            [
              -1.587187,
              47.2414561
            ],
            [
              -1.5874314,
              47.2413048
            ],
            [
              -1.5877475,
              47.2410898
            ],
            [
              -1.5878097,
              47.2410475
            ],
            [
              -1.587959,
              47.2409216
            ],
            [
              -1.5881176,
              47.2407836
            ],
            [
              -1.5882942,
              47.2405868
            ],
            [
              -1.5884341,
              47.2404339
            ],
            [
              -1.5884855,
              47.2403741
            ],
            [
              -1.5886778,
              47.2401595
            ],
            [
              -1.5888025,
              47.2399918
            ],
            [
              -1.5890053,
              47.239722
            ],
            [
              -1.5892928,
              47.2393407
            ],
            [
              -1.5893936,
              47.2392042
            ],
            [
              -1.5894427,
              47.2391435
            ],
            [
              -1.5879714,
              47.2384048
            ],
            [
              -1.5866068,
              47.2377196
            ],
            [
              -1.5864257,
              47.2376148
            ],
            [
              -1.5862984,
              47.2375338
            ],
            [
              -1.5860348,
              47.2372623
            ],
            [
              -1.5859716,
              47.2372167
            ],
            [
              -1.5858951,
              47.237161
            ],
            [
              -1.5858728,
              47.2371521
            ],
            [
              -1.5857714,
              47.2370903
            ],
            [
              -1.5855074,
              47.2369277
            ],
            [
              -1.585455,
              47.2368948
            ],
            [
              -1.5853688,
              47.2368444
            ],
            [
              -1.583907,
              47.235798
            ],
            [
              -1.5847997,
              47.2346286
            ],
            [
              -1.5851221,
              47.234322
            ],
            [
              -1.5855625,
              47.2339226
            ],
            [
              -1.5856684,
              47.2338314
            ],
            [
              -1.5860745,
              47.2334816
            ],
            [
              -1.5861839,
              47.2333784
            ],
            [
              -1.5867409,
              47.2329035
            ],
            [
              -1.5870117,
              47.2326767
            ],
            [
              -1.5879942,
              47.2319388
            ],
            [
              -1.5885001,
              47.2322311
            ],
            [
              -1.5887911,
              47.2324328
            ],
            [
              -1.5892911,
              47.2327759
            ],
            [
              -1.5896485,
              47.2324423
            ],
            [
              -1.5899969,
              47.2320857
            ],
            [
              -1.5899424,
              47.2320543
            ],
            [
              -1.5902005,
              47.2318442
            ],
            [
              -1.5902537,
              47.2318038
            ],
            [
              -1.5905744,
              47.2319887
            ],
            [
              -1.5906532,
              47.2319885
            ],
            [
              -1.5918353,
              47.2313407
            ],
            [
              -1.5919917,
              47.2312485
            ],
            [
              -1.592354,
              47.2316348
            ],
            [
              -1.5929426,
              47.2313325
            ],
            [
              -1.5940016,
              47.230806
            ],
            [
              -1.5944334,
              47.2305873
            ],
            [
              -1.5947746,
              47.2304288
            ],
            [
              -1.5956629,
              47.2300213
            ],
            [
              -1.5963228,
              47.2297216
            ],
            [
              -1.5969267,
              47.2294151
            ],
            [
              -1.5969335,
              47.2294116
            ],
            [
              -1.5969688,
              47.2294054
            ],
            [
              -1.5975504,
              47.2291065
            ],
            [
              -1.5979031,
              47.2289004
            ],
            [
              -1.5981223,
              47.2287411
            ],
            [
              -1.598397,
              47.2284976
            ],
            [
              -1.5991719,
              47.2278166
            ],
            [
              -1.599608,
              47.227481
            ],
            [
              -1.6003529,
              47.2269642
            ],
            [
              -1.6007682,
              47.2266761
            ],
            [
              -1.6015191,
              47.2261403
            ],
            [
              -1.6025445,
              47.2253395
            ],
            [
              -1.6026805,
              47.2251999
            ],
            [
              -1.6028476,
              47.2249765
            ],
            [
              -1.6029413,
              47.2247988
            ],
            [
              -1.6029936,
              47.2245869
            ],
            [
              -1.6030091,
              47.2244761
            ],
            [
              -1.6030108,
              47.2243329
            ],
            [
              -1.6029691,
              47.2241762
            ],
            [
              -1.6027616,
              47.2235637
            ],
            [
              -1.6026774,
              47.2232844
            ],
            [
              -1.602631,
              47.2230004
            ],
            [
              -1.6026308,
              47.2227389
            ],
            [
              -1.6027834,
              47.2218044
            ],
            [
              -1.6029129,
              47.2218149
            ],
            [
              -1.6030528,
              47.2218182
            ],
            [
              -1.6031071,
              47.2218154
            ],
            [
              -1.6032067,
              47.2218065
            ],
            [
              -1.6032924,
              47.221794
            ],
            [
              -1.603418,
              47.2217672
            ],
            [
              -1.6034924,
              47.2217457
            ],
            [
              -1.6035579,
              47.2217212
            ],
            [
              -1.6036415,
              47.2216885
            ],
            [
              -1.6037114,
              47.2216495
            ],
            [
              -1.6037815,
              47.2216057
            ],
            [
              -1.6038515,
              47.2215532
            ],
            [
              -1.6039191,
              47.2214805
            ],
            [
              -1.6040367,
              47.2213601
            ],
            [
              -1.6040756,
              47.2213079
            ],
            [
              -1.6040924,
              47.221255
            ],
            [
              -1.6041005,
              47.2212004
            ],
            [
              -1.6041122,
              47.221122
            ],
            [
              -1.6040942,
              47.2209981
            ],
            [
              -1.6040455,
              47.2208762
            ],
            [
              -1.6039651,
              47.2207502
            ],
            [
              -1.6038551,
              47.2206475
            ],
            [
              -1.603747,
              47.2205669
            ],
            [
              -1.6035654,
              47.2204763
            ],
            [
              -1.6034376,
              47.220423
            ],
            [
              -1.6040544,
              47.2183738
            ],
            [
              -1.6041239,
              47.2181969
            ],
            [
              -1.6043272,
              47.2178222
            ],
            [
              -1.6046545,
              47.2171953
            ],
            [
              -1.6050148,
              47.2164795
            ],
            [
              -1.605111,
              47.2163249
            ],
            [
              -1.605183,
              47.2162092
            ],
            [
              -1.6053305,
              47.2160092
            ],
            [
              -1.6054988,
              47.2158116
            ],
            [
              -1.6056533,
              47.2156431
            ],
            [
              -1.6058285,
              47.215478
            ],
            [
              -1.6061525,
              47.2152031
            ],
            [
              -1.6072403,
              47.2142981
            ],
            [
              -1.6073522,
              47.2141813
            ],
            [
              -1.6075582,
              47.2139663
            ],
            [
              -1.6078583,
              47.2136066
            ],
            [
              -1.6084959,
              47.2127201
            ],
            [
              -1.6085362,
              47.2126653
            ],
            [
              -1.6087017,
              47.2124401
            ],
            [
              -1.6089002,
              47.2121578
            ],
            [
              -1.6090609,
              47.2119344
            ],
            [
              -1.6091316,
              47.2118361
            ],
            [
              -1.6094232,
              47.2114538
            ],
            [
              -1.60939,
              47.2111844
            ],
            [
              -1.6111782,
              47.2091122
            ],
            [
              -1.6116684,
              47.2085461
            ],
            [
              -1.6117704,
              47.2084283
            ],
            [
              -1.6124137,
              47.2076938
            ],
            [
              -1.6129626,
              47.2070672
            ],
            [
              -1.6130039,
              47.2070191
            ],
            [
              -1.6147621,
              47.2049715
            ],
            [
              -1.6147814,
              47.2049491
            ],
            [
              -1.6148336,
              47.2048648
            ],
            [
              -1.6148812,
              47.20477
            ],
            [
              -1.6149207,
              47.2046558
            ],
            [
              -1.6149647,
              47.2043825
            ],
            [
              -1.6150655,
              47.2042766
            ],
            [
              -1.6152594,
              47.204073
            ],
            [
              -1.6156475,
              47.2036829
            ],
            [
              -1.6160213,
              47.2032823
            ],
            [
              -1.6164434,
              47.2028735
            ],
            [
              -1.6165573,
              47.2027423
            ],
            [
              -1.6166586,
              47.2026098
            ],
            [
              -1.6167154,
              47.2025311
            ],
            [
              -1.6167572,
              47.2024687
            ],
            [
              -1.6167652,
              47.2023899
            ],
            [
              -1.6167749,
              47.2023266
            ],
            [
              -1.6167955,
              47.2021709
            ],
            [
              -1.6168002,
              47.2021481
            ],
            [
              -1.6168426,
              47.2019409
            ],
            [
              -1.6169015,
              47.2016722
            ],
            [
              -1.6169078,
              47.2016328
            ],
            [
              -1.6169177,
              47.2015334
            ],
            [
              -1.6169286,
              47.2013914
            ],
            [
              -1.6169293,
              47.2011341
            ],
            [
              -1.6169303,
              47.2011183
            ],
            [
              -1.6168767,
              47.2011142
            ],
            [
              -1.6168818,
              47.2009435
            ],
            [
              -1.6168917,
              47.2008591
            ],
            [
              -1.6168791,
              47.2007815
            ],
            [
              -1.6168687,
              47.200643
            ],
            [
              -1.6168674,
              47.2006084
            ],
            [
              -1.6168641,
              47.2005161
            ],
            [
              -1.6168643,
              47.2004127
            ],
            [
              -1.6168644,
              47.2003077
            ],
            [
              -1.6168657,
              47.2002641
            ],
            [
              -1.6168682,
              47.2002388
            ],
            [
              -1.6168752,
              47.2001917
            ],
            [
              -1.6168853,
              47.2001434
            ],
            [
              -1.6169071,
              47.2000694
            ],
            [
              -1.6169211,
              47.2000183
            ],
            [
              -1.6169308,
              47.1999906
            ],
            [
              -1.6169407,
              47.1999657
            ],
            [
              -1.6169526,
              47.1999412
            ],
            [
              -1.6169713,
              47.1999038
            ],
            [
              -1.6169969,
              47.199855
            ],
            [
              -1.6170087,
              47.1998407
            ],
            [
              -1.6170228,
              47.1998242
            ],
            [
              -1.6170456,
              47.1998115
            ],
            [
              -1.6170776,
              47.1998044
            ],
            [
              -1.6171128,
              47.199808
            ],
            [
              -1.6171435,
              47.1998051
            ],
            [
              -1.617489,
              47.1998374
            ],
            [
              -1.6175565,
              47.1998411
            ],
            [
              -1.6177722,
              47.1998445
            ],
            [
              -1.6178095,
              47.1998384
            ],
            [
              -1.6178263,
              47.1998327
            ],
            [
              -1.6178396,
              47.1998191
            ],
            [
              -1.6178619,
              47.1997335
            ],
            [
              -1.617879,
              47.1996509
            ],
            [
              -1.6179296,
              47.1994363
            ],
            [
              -1.6179816,
              47.1992405
            ],
            [
              -1.6180352,
              47.1991002
            ],
            [
              -1.6180699,
              47.1990238
            ],
            [
              -1.6181118,
              47.1989457
            ],
            [
              -1.6181692,
              47.1988442
            ],
            [
              -1.6182098,
              47.19877
            ],
            [
              -1.6182267,
              47.1987311
            ],
            [
              -1.6182604,
              47.1986442
            ],
            [
              -1.6182638,
              47.1986231
            ],
            [
              -1.6182615,
              47.1986056
            ],
            [
              -1.6182538,
              47.1985918
            ],
            [
              -1.6181661,
              47.1985348
            ],
            [
              -1.6181216,
              47.1985078
            ],
            [
              -1.6181011,
              47.1984971
            ],
            [
              -1.6178651,
              47.1983832
            ],
            [
              -1.6178549,
              47.1983713
            ],
            [
              -1.6178505,
              47.1983612
            ],
            [
              -1.6178501,
              47.1983468
            ],
            [
              -1.6178569,
              47.1983157
            ],
            [
              -1.61789,
              47.1981927
            ],
            [
              -1.6179074,
              47.1980401
            ],
            [
              -1.6179113,
              47.1979962
            ],
            [
              -1.6179169,
              47.1978157
            ],
            [
              -1.6179243,
              47.1977495
            ],
            [
              -1.6179428,
              47.1977039
            ],
            [
              -1.6179714,
              47.197641
            ],
            [
              -1.6180323,
              47.1975552
            ],
            [
              -1.6181082,
              47.1974681
            ],
            [
              -1.6181452,
              47.1974069
            ],
            [
              -1.6181201,
              47.1972566
            ],
            [
              -1.6180986,
              47.1972111
            ],
            [
              -1.6179679,
              47.197024
            ],
            [
              -1.6179438,
              47.1969716
            ],
            [
              -1.6179091,
              47.1968128
            ],
            [
              -1.6179217,
              47.1966904
            ],
            [
              -1.6180402,
              47.196651
            ],
            [
              -1.6184838,
              47.1961053
            ],
            [
              -1.6186052,
              47.1957565
            ],
            [
              -1.6186713,
              47.1956159
            ],
            [
              -1.6187011,
              47.1956198
            ],
            [
              -1.6191365,
              47.1946443
            ],
            [
              -1.6191255,
              47.1945121
            ],
            [
              -1.6191103,
              47.1943291
            ],
            [
              -1.6190928,
              47.1941802
            ],
            [
              -1.6189926,
              47.193281
            ],
            [
              -1.6219439,
              47.1933
            ],
            [
              -1.6252791,
              47.1930646
            ],
            [
              -1.6266827,
              47.1929673
            ],
            [
              -1.6282268,
              47.1930499
            ],
            [
              -1.6294735,
              47.1930749
            ],
            [
              -1.631262,
              47.1930963
            ],
            [
              -1.6324595,
              47.193055
            ],
            [
              -1.6332687,
              47.1929253
            ],
            [
              -1.6356047,
              47.1925695
            ],
            [
              -1.6366306,
              47.192602
            ],
            [
              -1.637804,
              47.1922372
            ],
            [
              -1.638234,
              47.1919923
            ],
            [
              -1.6406638,
              47.1912636
            ],
            [
              -1.64122,
              47.1912148
            ],
            [
              -1.6418115,
              47.191163
            ],
            [
              -1.6417386,
              47.1908647
            ],
            [
              -1.6412353,
              47.1905645
            ],
            [
              -1.6410595,
              47.1904964
            ],
            [
              -1.6407816,
              47.1903864
            ],
            [
              -1.6404863,
              47.1902966
            ],
            [
              -1.6401076,
              47.1901821
            ],
            [
              -1.6397675,
              47.1900945
            ],
            [
              -1.6397097,
              47.1900838
            ],
            [
              -1.6384484,
              47.1898444
            ],
            [
              -1.6378208,
              47.1897274
            ],
            [
              -1.6371957,
              47.1896011
            ],
            [
              -1.6369271,
              47.1895497
            ],
            [
              -1.6361617,
              47.189403
            ],
            [
              -1.635933,
              47.1893908
            ],
            [
              -1.6356564,
              47.1893984
            ],
            [
              -1.635133,
              47.1894166
            ],
            [
              -1.6347058,
              47.1893947
            ],
            [
              -1.634525,
              47.1893849
            ],
            [
              -1.6343936,
              47.1893803
            ],
            [
              -1.6342225,
              47.1893909
            ],
            [
              -1.6336942,
              47.189433
            ],
            [
              -1.6332708,
              47.1894627
            ],
            [
              -1.6331714,
              47.1894642
            ],
            [
              -1.6330605,
              47.1894604
            ],
            [
              -1.6329963,
              47.1894568
            ],
            [
              -1.6321612,
              47.1894156
            ],
            [
              -1.6314542,
              47.1893797
            ],
            [
              -1.6307577,
              47.1893391
            ],
            [
              -1.6303451,
              47.1892942
            ],
            [
              -1.6299289,
              47.1892451
            ],
            [
              -1.6296546,
              47.1892115
            ],
            [
              -1.6295566,
              47.1891986
            ],
            [
              -1.6294812,
              47.1891983
            ],
            [
              -1.6294318,
              47.1892045
            ],
            [
              -1.6293805,
              47.1892212
            ],
            [
              -1.6293075,
              47.1892456
            ],
            [
              -1.6292529,
              47.1892578
            ],
            [
              -1.6291779,
              47.1892682
            ],
            [
              -1.6291159,
              47.1892684
            ],
            [
              -1.629073,
              47.1892662
            ],
            [
              -1.6287769,
              47.1892301
            ],
            [
              -1.6283522,
              47.1891812
            ],
            [
              -1.6281508,
              47.1891545
            ],
            [
              -1.6280774,
              47.1891368
            ],
            [
              -1.6278879,
              47.1890822
            ],
            [
              -1.6277559,
              47.1890468
            ],
            [
              -1.6274914,
              47.1889873
            ],
            [
              -1.6271541,
              47.188827
            ],
            [
              -1.6271105,
              47.188811
            ],
            [
              -1.6268908,
              47.1887499
            ],
            [
              -1.6267018,
              47.188696
            ],
            [
              -1.6264944,
              47.1885933
            ],
            [
              -1.6264082,
              47.1885702
            ],
            [
              -1.6263256,
              47.1885567
            ],
            [
              -1.6261673,
              47.1885326
            ],
            [
              -1.625986,
              47.1885187
            ],
            [
              -1.625531,
              47.1884831
            ],
            [
              -1.6254838,
              47.1884655
            ],
            [
              -1.6251985,
              47.1883515
            ],
            [
              -1.6251679,
              47.1883357
            ],
            [
              -1.6250933,
              47.1882888
            ],
            [
              -1.6250331,
              47.1882484
            ],
            [
              -1.6249889,
              47.1882243
            ],
            [
              -1.6249321,
              47.1881944
            ],
            [
              -1.6249144,
              47.1881861
            ],
            [
              -1.6247077,
              47.1881396
            ],
            [
              -1.6245024,
              47.188116
            ],
            [
              -1.6244665,
              47.1881036
            ],
            [
              -1.6244297,
              47.1880918
            ],
            [
              -1.6242446,
              47.1879917
            ],
            [
              -1.6240793,
              47.1879088
            ],
            [
              -1.6238874,
              47.1878444
            ],
            [
              -1.6237172,
              47.1877847
            ],
            [
              -1.6235533,
              47.1877192
            ],
            [
              -1.6235068,
              47.1877089
            ],
            [
              -1.6234152,
              47.1876979
            ],
            [
              -1.6233747,
              47.1876978
            ],
            [
              -1.6232942,
              47.1876762
            ],
            [
              -1.6232165,
              47.1876475
            ],
            [
              -1.6231201,
              47.1876217
            ],
            [
              -1.6228745,
              47.1875712
            ],
            [
              -1.6227852,
              47.1875582
            ],
            [
              -1.6226659,
              47.1875644
            ],
            [
              -1.6225719,
              47.1875811
            ],
            [
              -1.6223682,
              47.1876613
            ],
            [
              -1.6223244,
              47.1876702
            ],
            [
              -1.622257,
              47.187677
            ],
            [
              -1.6221839,
              47.187677
            ],
            [
              -1.6220427,
              47.1876795
            ],
            [
              -1.621971,
              47.1876697
            ],
            [
              -1.6218276,
              47.1876628
            ],
            [
              -1.6217682,
              47.1876718
            ],
            [
              -1.6215843,
              47.1877021
            ],
            [
              -1.6215465,
              47.187701
            ],
            [
              -1.6214186,
              47.1876705
            ],
            [
              -1.6212901,
              47.1876341
            ],
            [
              -1.6212169,
              47.1875675
            ],
            [
              -1.6209735,
              47.1873881
            ],
            [
              -1.6208867,
              47.1873121
            ],
            [
              -1.6207902,
              47.1872267
            ],
            [
              -1.6207165,
              47.1872107
            ],
            [
              -1.6206961,
              47.1871871
            ],
            [
              -1.6206671,
              47.1871425
            ],
            [
              -1.6204597,
              47.1869794
            ],
            [
              -1.6198108,
              47.1869691
            ],
            [
              -1.6191626,
              47.1869572
            ],
            [
              -1.618885,
              47.1869486
            ],
            [
              -1.6185374,
              47.1869165
            ],
            [
              -1.6183404,
              47.1868604
            ],
            [
              -1.6175418,
              47.1866507
            ],
            [
              -1.6172895,
              47.1865867
            ],
            [
              -1.6171423,
              47.1865495
            ],
            [
              -1.6162843,
              47.1863304
            ],
            [
              -1.6152489,
              47.1860234
            ],
            [
              -1.6142267,
              47.1857113
            ],
            [
              -1.6135472,
              47.185512
            ],
            [
              -1.6131583,
              47.1854109
            ],
            [
              -1.612428,
              47.1852212
            ],
            [
              -1.6120065,
              47.1851174
            ],
            [
              -1.6115774,
              47.1850177
            ],
            [
              -1.6106915,
              47.1848071
            ],
            [
              -1.6104131,
              47.1847576
            ],
            [
              -1.6092176,
              47.1845439
            ],
            [
              -1.6085969,
              47.1844735
            ],
            [
              -1.6077682,
              47.1843867
            ],
            [
              -1.6064989,
              47.1845296
            ],
            [
              -1.6051792,
              47.1847971
            ],
            [
              -1.6046527,
              47.184932
            ],
            [
              -1.6039994,
              47.1850998
            ],
            [
              -1.6028566,
              47.1854822
            ],
            [
              -1.6027893,
              47.1855008
            ],
            [
              -1.6027219,
              47.1855282
            ],
            [
              -1.6025086,
              47.1856332
            ],
            [
              -1.6014893,
              47.1861339
            ],
            [
              -1.6004187,
              47.1871394
            ],
            [
              -1.599336,
              47.1881412
            ],
            [
              -1.5989459,
              47.188415
            ],
            [
              -1.5981564,
              47.1889592
            ],
            [
              -1.5976567,
              47.1892511
            ],
            [
              -1.5972024,
              47.1895175
            ],
            [
              -1.5969891,
              47.1896427
            ],
            [
              -1.5967479,
              47.1897693
            ],
            [
              -1.5962731,
              47.1900203
            ],
            [
              -1.5957914,
              47.1902617
            ],
            [
              -1.5952902,
              47.191591
            ],
            [
              -1.5958719,
              47.1916256
            ],
            [
              -1.596234,
              47.1924777
            ],
            [
              -1.5948421,
              47.1926954
            ],
            [
              -1.5937718,
              47.1929429
            ],
            [
              -1.5899758,
              47.1940858
            ],
            [
              -1.5888161,
              47.194435
            ],
            [
              -1.5862158,
              47.1952192
            ],
            [
              -1.5832957,
              47.1961375
            ],
            [
              -1.5785403,
              47.1972637
            ],
            [
              -1.5773949,
              47.1974806
            ],
            [
              -1.577271,
              47.1974943
            ],
            [
              -1.5763221,
              47.1975992
            ],
            [
              -1.5741251,
              47.1979419
            ],
            [
              -1.5712956,
              47.1980669
            ],
            [
              -1.5674246,
              47.1980532
            ],
            [
              -1.5516453,
              47.1980439
            ],
            [
              -1.5496477,
              47.1980662
            ],
            [
              -1.5484223,
              47.1980827
            ],
            [
              -1.5480938,
              47.1974415
            ],
            [
              -1.5488236,
              47.1968065
            ],
            [
              -1.5486251,
              47.1963336
            ],
            [
              -1.5486088,
              47.196267
            ],
            [
              -1.5485411,
              47.1959908
            ],
            [
              -1.5484091,
              47.1954415
            ],
            [
              -1.5481413,
              47.195394
            ],
            [
              -1.5478146,
              47.1949944
            ],
            [
              -1.5470025,
              47.1941346
            ],
            [
              -1.5462696,
              47.1943111
            ],
            [
              -1.545646,
              47.1944627
            ],
            [
              -1.5448152,
              47.1946625
            ],
            [
              -1.5446829,
              47.1946918
            ],
            [
              -1.5445144,
              47.1949239
            ],
            [
              -1.5443461,
              47.1951495
            ],
            [
              -1.5425223,
              47.1936987
            ],
            [
              -1.5421146,
              47.1934417
            ],
            [
              -1.54144,
              47.1931187
            ],
            [
              -1.5403701,
              47.1926064
            ],
            [
              -1.5398634,
              47.1923461
            ],
            [
              -1.5392573,
              47.1920346
            ],
            [
              -1.5386277,
              47.1916081
            ],
            [
              -1.5376263,
              47.1908016
            ],
            [
              -1.5368741,
              47.1901958
            ],
            [
              -1.5362611,
              47.1895318
            ],
            [
              -1.5359459,
              47.1889508
            ],
            [
              -1.5356316,
              47.1883713
            ],
            [
              -1.5354397,
              47.1879525
            ],
            [
              -1.5354252,
              47.1879208
            ],
            [
              -1.5352907,
              47.1873295
            ],
            [
              -1.5351015,
              47.1868592
            ],
            [
              -1.534908,
              47.186378
            ],
            [
              -1.5348456,
              47.1862921
            ],
            [
              -1.5346024,
              47.1859571
            ],
            [
              -1.5344861,
              47.1858376
            ],
            [
              -1.5342581,
              47.1856033
            ],
            [
              -1.5326405,
              47.1839296
            ],
            [
              -1.5316269,
              47.1832659
            ],
            [
              -1.5313872,
              47.1831531
            ],
            [
              -1.5309672,
              47.1829556
            ],
            [
              -1.5304834,
              47.1828034
            ],
            [
              -1.5294358,
              47.1824738
            ],
            [
              -1.5280464,
              47.1820859
            ],
            [
              -1.5276584,
              47.1820257
            ],
            [
              -1.5271135,
              47.1819362
            ],
            [
              -1.5267859,
              47.1818781
            ],
            [
              -1.525869,
              47.1817249
            ],
            [
              -1.5251026,
              47.1815969
            ],
            [
              -1.5246826,
              47.1815268
            ],
            [
              -1.5244061,
              47.1814806
            ],
            [
              -1.5237949,
              47.18138
            ],
            [
              -1.5236956,
              47.1813637
            ],
            [
              -1.5227853,
              47.1812139
            ],
            [
              -1.521971,
              47.1810799
            ],
            [
              -1.5217141,
              47.1810376
            ],
            [
              -1.5213628,
              47.1809935
            ],
            [
              -1.5181093,
              47.1805856
            ],
            [
              -1.5179743,
              47.1809717
            ],
            [
              -1.5179033,
              47.1810122
            ],
            [
              -1.5178586,
              47.1810855
            ],
            [
              -1.5175662,
              47.1816191
            ],
            [
              -1.5179909,
              47.1818347
            ],
            [
              -1.5175305,
              47.1826453
            ],
            [
              -1.5172152,
              47.1831322
            ],
            [
              -1.5171292,
              47.1832401
            ],
            [
              -1.517053,
              47.1833288
            ],
            [
              -1.5170147,
              47.1834364
            ],
            [
              -1.5172547,
              47.1835233
            ],
            [
              -1.5171613,
              47.1837612
            ],
            [
              -1.5171609,
              47.1838017
            ],
            [
              -1.5171788,
              47.1838466
            ],
            [
              -1.5172352,
              47.183949
            ],
            [
              -1.5173338,
              47.1841354
            ],
            [
              -1.5173172,
              47.1841562
            ],
            [
              -1.5173417,
              47.1841962
            ],
            [
              -1.5175299,
              47.1844942
            ],
            [
              -1.5175384,
              47.1847727
            ],
            [
              -1.5171697,
              47.1853723
            ],
            [
              -1.5171656,
              47.1854451
            ],
            [
              -1.5170608,
              47.1855004
            ],
            [
              -1.5170073,
              47.1854163
            ],
            [
              -1.5165302,
              47.1857451
            ],
            [
              -1.5168644,
              47.1859804
            ],
            [
              -1.516622,
              47.1862366
            ],
            [
              -1.5162356,
              47.1864941
            ],
            [
              -1.5152087,
              47.1870939
            ],
            [
              -1.5149564,
              47.1872129
            ],
            [
              -1.5140574,
              47.187703
            ],
            [
              -1.5134492,
              47.1873423
            ],
            [
              -1.5128608,
              47.186973
            ],
            [
              -1.5126219,
              47.1871481
            ],
            [
              -1.5125165,
              47.1872816
            ],
            [
              -1.512365,
              47.1874131
            ],
            [
              -1.5119215,
              47.1872218
            ],
            [
              -1.5116205,
              47.1870575
            ],
            [
              -1.5112131,
              47.1876722
            ],
            [
              -1.5115367,
              47.1875675
            ],
            [
              -1.5115523,
              47.1875833
            ],
            [
              -1.5119592,
              47.187624
            ],
            [
              -1.5120415,
              47.1874537
            ],
            [
              -1.5121968,
              47.1874309
            ],
            [
              -1.5123696,
              47.1874845
            ],
            [
              -1.5124123,
              47.1875286
            ],
            [
              -1.512383,
              47.1875781
            ],
            [
              -1.5123349,
              47.1877542
            ],
            [
              -1.5126867,
              47.1877874
            ],
            [
              -1.5126677,
              47.1880944
            ],
            [
              -1.5128016,
              47.1882775
            ],
            [
              -1.5130236,
              47.1885623
            ],
            [
              -1.512839,
              47.1892873
            ],
            [
              -1.512827,
              47.1893204
            ],
            [
              -1.5136464,
              47.189368
            ],
            [
              -1.5138286,
              47.1893826
            ],
            [
              -1.5146678,
              47.1894568
            ],
            [
              -1.5152427,
              47.1894767
            ],
            [
              -1.5166513,
              47.1895642
            ],
            [
              -1.5176736,
              47.1896312
            ],
            [
              -1.5178861,
              47.1896446
            ],
            [
              -1.5182506,
              47.18969
            ],
            [
              -1.5187298,
              47.189774
            ],
            [
              -1.5193608,
              47.1899071
            ],
            [
              -1.5198926,
              47.1900701
            ],
            [
              -1.5207848,
              47.1903662
            ],
            [
              -1.5215682,
              47.1906495
            ],
            [
              -1.5241224,
              47.1914891
            ],
            [
              -1.5244229,
              47.1916014
            ],
            [
              -1.5245854,
              47.1916505
            ],
            [
              -1.5255795,
              47.191989
            ],
            [
              -1.5255566,
              47.1920187
            ],
            [
              -1.5255406,
              47.1920422
            ],
            [
              -1.5255315,
              47.1920615
            ],
            [
              -1.5255191,
              47.1921665
            ],
            [
              -1.525501,
              47.192303
            ],
            [
              -1.5254554,
              47.1926871
            ],
            [
              -1.5254467,
              47.192889
            ],
            [
              -1.5254363,
              47.1930239
            ],
            [
              -1.5254336,
              47.1930848
            ],
            [
              -1.5254326,
              47.193149
            ],
            [
              -1.5253837,
              47.1935097
            ],
            [
              -1.5253783,
              47.1936632
            ],
            [
              -1.5253858,
              47.1937209
            ],
            [
              -1.525445,
              47.193943
            ],
            [
              -1.5254847,
              47.1941162
            ],
            [
              -1.5254977,
              47.1941812
            ],
            [
              -1.5254967,
              47.1942452
            ],
            [
              -1.5254977,
              47.1945302
            ],
            [
              -1.5254864,
              47.1946398
            ],
            [
              -1.525469,
              47.1947431
            ],
            [
              -1.5253904,
              47.1949214
            ],
            [
              -1.5252771,
              47.1951681
            ],
            [
              -1.5252456,
              47.1952365
            ],
            [
              -1.5251814,
              47.1953681
            ],
            [
              -1.5248288,
              47.1960785
            ],
            [
              -1.5247258,
              47.1962942
            ],
            [
              -1.5246665,
              47.1964374
            ],
            [
              -1.5246429,
              47.1964805
            ],
            [
              -1.5246362,
              47.1965167
            ],
            [
              -1.5248117,
              47.1965002
            ],
            [
              -1.5255413,
              47.1964233
            ],
            [
              -1.5257484,
              47.1963963
            ],
            [
              -1.5258984,
              47.1963808
            ],
            [
              -1.5260468,
              47.1963636
            ],
            [
              -1.5263146,
              47.1963331
            ],
            [
              -1.5265441,
              47.1963104
            ],
            [
              -1.5271728,
              47.1962403
            ],
            [
              -1.5273196,
              47.1962248
            ],
            [
              -1.5274828,
              47.1962139
            ],
            [
              -1.5276134,
              47.1962138
            ],
            [
              -1.52772,
              47.1962222
            ],
            [
              -1.5278768,
              47.1962316
            ],
            [
              -1.5285486,
              47.1963736
            ],
            [
              -1.5286091,
              47.1963883
            ],
            [
              -1.5288284,
              47.196432
            ],
            [
              -1.5289308,
              47.1964558
            ],
            [
              -1.5290024,
              47.196471
            ],
            [
              -1.529377,
              47.1965448
            ],
            [
              -1.5295646,
              47.1965805
            ],
            [
              -1.5301004,
              47.1966936
            ],
            [
              -1.5301938,
              47.1967169
            ],
            [
              -1.5304549,
              47.1967986
            ],
            [
              -1.5306156,
              47.1968495
            ],
            [
              -1.5307428,
              47.1968735
            ],
            [
              -1.5308313,
              47.1968818
            ],
            [
              -1.5309017,
              47.1969023
            ],
            [
              -1.5309401,
              47.1969207
            ],
            [
              -1.5309713,
              47.1969413
            ],
            [
              -1.5310057,
              47.196977
            ],
            [
              -1.5310237,
              47.197009
            ],
            [
              -1.5310363,
              47.1970473
            ],
            [
              -1.5310249,
              47.1971063
            ],
            [
              -1.5309556,
              47.1972185
            ],
            [
              -1.5309302,
              47.197297
            ],
            [
              -1.5309254,
              47.1973217
            ],
            [
              -1.5309172,
              47.1973443
            ],
            [
              -1.5308928,
              47.1974332
            ],
            [
              -1.5308584,
              47.1975257
            ],
            [
              -1.5307518,
              47.1976177
            ],
            [
              -1.5306147,
              47.1977354
            ],
            [
              -1.5303613,
              47.1978636
            ],
            [
              -1.5290332,
              47.1984946
            ],
            [
              -1.5288138,
              47.1986028
            ],
            [
              -1.5287186,
              47.1986589
            ],
            [
              -1.528676,
              47.1986922
            ],
            [
              -1.5286241,
              47.1987537
            ],
            [
              -1.5285915,
              47.1988038
            ],
            [
              -1.5285612,
              47.1988645
            ],
            [
              -1.5285506,
              47.1989229
            ],
            [
              -1.5285464,
              47.1991304
            ],
            [
              -1.5285426,
              47.1993177
            ],
            [
              -1.5285396,
              47.1993246
            ],
            [
              -1.5284708,
              47.1994847
            ],
            [
              -1.5284616,
              47.1995061
            ],
            [
              -1.5284512,
              47.1995303
            ],
            [
              -1.5283886,
              47.1995618
            ],
            [
              -1.5281598,
              47.1996739
            ],
            [
              -1.5279736,
              47.1997365
            ],
            [
              -1.5277389,
              47.1998258
            ],
            [
              -1.5274293,
              47.1999397
            ],
            [
              -1.5270874,
              47.2000728
            ],
            [
              -1.5268607,
              47.2001619
            ],
            [
              -1.5267204,
              47.2002286
            ],
            [
              -1.5266957,
              47.2002406
            ],
            [
              -1.5266225,
              47.2002759
            ],
            [
              -1.5269851,
              47.2005929
            ],
            [
              -1.5271948,
              47.2007762
            ],
            [
              -1.5272597,
              47.2008312
            ],
            [
              -1.5274438,
              47.2009874
            ],
            [
              -1.5275671,
              47.2011018
            ],
            [
              -1.5276949,
              47.2012094
            ],
            [
              -1.5277476,
              47.2012583
            ],
            [
              -1.5278703,
              47.2013724
            ],
            [
              -1.5280285,
              47.2015171
            ],
            [
              -1.5281794,
              47.2016655
            ],
            [
              -1.5284311,
              47.2019436
            ],
            [
              -1.5286962,
              47.2022066
            ],
            [
              -1.5289902,
              47.2024367
            ],
            [
              -1.5290392,
              47.2024751
            ],
            [
              -1.5291289,
              47.2025453
            ],
            [
              -1.5291793,
              47.2025901
            ],
            [
              -1.5301531,
              47.2036247
            ],
            [
              -1.524925,
              47.2059566
            ],
            [
              -1.5239536,
              47.2063898
            ],
            [
              -1.5226436,
              47.2072178
            ],
            [
              -1.521067,
              47.2084261
            ],
            [
              -1.5209478,
              47.2085241
            ],
            [
              -1.5199189,
              47.2095385
            ],
            [
              -1.5182036,
              47.2108778
            ],
            [
              -1.5157109,
              47.2124633
            ],
            [
              -1.5150746,
              47.2129098
            ],
            [
              -1.5142467,
              47.2134897
            ],
            [
              -1.5119391,
              47.2157385
            ],
            [
              -1.5109554,
              47.2169899
            ],
            [
              -1.5079782,
              47.2179079
            ],
            [
              -1.5061617,
              47.2183727
            ],
            [
              -1.5035147,
              47.2188498
            ],
            [
              -1.5024674,
              47.2191632
            ],
            [
              -1.5005875,
              47.2197647
            ],
            [
              -1.4986851,
              47.2202323
            ],
            [
              -1.4970503,
              47.2208721
            ],
            [
              -1.4956774,
              47.221361
            ],
            [
              -1.4936213,
              47.2220462
            ],
            [
              -1.4917881,
              47.2226317
            ],
            [
              -1.491362,
              47.2227222
            ],
            [
              -1.4904905,
              47.2229231
            ],
            [
              -1.4890881,
              47.2232591
            ],
            [
              -1.4873664,
              47.2237673
            ],
            [
              -1.485796,
              47.2242395
            ],
            [
              -1.4843974,
              47.2246727
            ],
            [
              -1.4831259,
              47.2251809
            ],
            [
              -1.481906,
              47.225791
            ],
            [
              -1.4809876,
              47.2263357
            ],
            [
              -1.4790623,
              47.2276656
            ],
            [
              -1.4788443,
              47.227815
            ],
            [
              -1.4800319,
              47.2289083
            ],
            [
              -1.4802329,
              47.2290933
            ],
            [
              -1.4804201,
              47.2292657
            ],
            [
              -1.4807971,
              47.2296196
            ],
            [
              -1.4825068,
              47.2310979
            ],
            [
              -1.4832175,
              47.231791
            ],
            [
              -1.4834683,
              47.2320163
            ],
            [
              -1.4843483,
              47.2328631
            ],
            [
              -1.4845414,
              47.233013
            ],
            [
              -1.4858514,
              47.2343133
            ],
            [
              -1.4858627,
              47.2346362
            ],
            [
              -1.4858197,
              47.2348668
            ],
            [
              -1.4858287,
              47.2349637
            ],
            [
              -1.4858536,
              47.2351005
            ],
            [
              -1.4860144,
              47.2355064
            ],
            [
              -1.4859555,
              47.2358293
            ],
            [
              -1.4860167,
              47.2361014
            ],
            [
              -1.4860416,
              47.2361322
            ],
            [
              -1.4863427,
              47.2362352
            ],
            [
              -1.4864242,
              47.2362828
            ],
            [
              -1.4865488,
              47.2365288
            ],
            [
              -1.4866575,
              47.2366764
            ],
            [
              -1.4867548,
              47.2368778
            ],
            [
              -1.4870783,
              47.2371423
            ],
            [
              -1.4872922,
              47.2373139
            ],
            [
              -1.4873126,
              47.2374369
            ],
            [
              -1.4873068,
              47.2375701
            ],
            [
              -1.4872476,
              47.2377995
            ],
            [
              -1.4871843,
              47.2379019
            ],
            [
              -1.4870887,
              47.2379997
            ],
            [
              -1.4869972,
              47.238113
            ],
            [
              -1.4868881,
              47.2382895
            ],
            [
              -1.4867629,
              47.238497
            ],
            [
              -1.4867077,
              47.2386048
            ],
            [
              -1.486736,
              47.2386761
            ],
            [
              -1.4868024,
              47.2389155
            ],
            [
              -1.4868433,
              47.2390372
            ],
            [
              -1.4881872,
              47.2397825
            ],
            [
              -1.4885663,
              47.2401228
            ],
            [
              -1.4876027,
              47.2403086
            ],
            [
              -1.4871119,
              47.2403504
            ],
            [
              -1.4871973,
              47.2406373
            ],
            [
              -1.486912,
              47.2408241
            ],
            [
              -1.4868028,
              47.2409036
            ],
            [
              -1.486655,
              47.2410439
            ],
            [
              -1.4865684,
              47.2411677
            ],
            [
              -1.4863878,
              47.241557
            ],
            [
              -1.4862661,
              47.2418195
            ],
            [
              -1.4862333,
              47.2419171
            ],
            [
              -1.4862157,
              47.242017
            ],
            [
              -1.4862157,
              47.2420981
            ],
            [
              -1.4862418,
              47.2421957
            ],
            [
              -1.4862722,
              47.2422646
            ],
            [
              -1.4864631,
              47.2427368
            ],
            [
              -1.4865033,
              47.2428767
            ],
            [
              -1.4865191,
              47.242969
            ],
            [
              -1.4865135,
              47.2431423
            ],
            [
              -1.4865056,
              47.2434997
            ],
            [
              -1.4864801,
              47.2436865
            ],
            [
              -1.4864376,
              47.2440212
            ],
            [
              -1.4864178,
              47.2441319
            ],
            [
              -1.486417,
              47.2441778
            ],
            [
              -1.4864861,
              47.2442028
            ],
            [
              -1.4865348,
              47.2442078
            ],
            [
              -1.4865868,
              47.2442112
            ],
            [
              -1.4867233,
              47.2442074
            ],
            [
              -1.4867867,
              47.2442147
            ],
            [
              -1.4867884,
              47.2442858
            ],
            [
              -1.4868127,
              47.2443035
            ],
            [
              -1.4868727,
              47.2443569
            ],
            [
              -1.4868869,
              47.2443726
            ],
            [
              -1.4869152,
              47.2443946
            ],
            [
              -1.4870193,
              47.244448
            ],
            [
              -1.4871133,
              47.2445041
            ],
            [
              -1.487149,
              47.2445191
            ],
            [
              -1.4872854,
              47.244546
            ],
            [
              -1.4873522,
              47.2445971
            ],
            [
              -1.4874603,
              47.2446201
            ],
            [
              -1.4875735,
              47.2446613
            ],
            [
              -1.4875877,
              47.2446601
            ],
            [
              -1.4876335,
              47.2446409
            ],
            [
              -1.48774,
              47.2447135
            ],
            [
              -1.487843,
              47.2447673
            ],
            [
              -1.4879392,
              47.2447911
            ],
            [
              -1.487984,
              47.2448008
            ],
            [
              -1.4880502,
              47.2448549
            ],
            [
              -1.4880853,
              47.2448695
            ],
            [
              -1.4881872,
              47.2448922
            ],
            [
              -1.4882212,
              47.2449141
            ],
            [
              -1.4882823,
              47.2449414
            ],
            [
              -1.4884193,
              47.2449991
            ],
            [
              -1.48846,
              47.2450083
            ],
            [
              -1.4885631,
              47.2450052
            ],
            [
              -1.4886027,
              47.2450225
            ],
            [
              -1.488635,
              47.2450463
            ],
            [
              -1.4886627,
              47.2450824
            ],
            [
              -1.4886882,
              47.2450924
            ],
            [
              -1.4887533,
              47.2451251
            ],
            [
              -1.4887635,
              47.2451305
            ],
            [
              -1.4887963,
              47.2451497
            ],
            [
              -1.4888178,
              47.2451774
            ],
            [
              -1.4888178,
              47.2452012
            ],
            [
              -1.4888382,
              47.245212
            ],
            [
              -1.4888829,
              47.2452193
            ],
            [
              -1.4889265,
              47.2452304
            ],
            [
              -1.488952,
              47.2452481
            ],
            [
              -1.4889667,
              47.2452757
            ],
            [
              -1.4890052,
              47.2452915
            ],
            [
              -1.4890448,
              47.2453222
            ],
            [
              -1.4890607,
              47.2453591
            ],
            [
              -1.4890918,
              47.2454022
            ],
            [
              -1.4891354,
              47.2454621
            ],
            [
              -1.4891592,
              47.245474
            ],
            [
              -1.4891909,
              47.245476
            ],
            [
              -1.4892141,
              47.2454783
            ],
            [
              -1.4892237,
              47.2454867
            ],
            [
              -1.4892271,
              47.2455109
            ],
            [
              -1.4892378,
              47.2455321
            ],
            [
              -1.4892667,
              47.2455517
            ],
            [
              -1.4893296,
              47.2455813
            ],
            [
              -1.4895866,
              47.245763
            ],
            [
              -1.4896732,
              47.2458115
            ],
            [
              -1.4897224,
              47.2458672
            ],
            [
              -1.4898045,
              47.2459071
            ],
            [
              -1.4898985,
              47.245931
            ],
            [
              -1.4899551,
              47.2459863
            ],
            [
              -1.4899777,
              47.2459917
            ],
            [
              -1.490083,
              47.2459975
            ],
            [
              -1.490156,
              47.2460386
            ],
            [
              -1.4902491,
              47.246115
            ],
            [
              -1.4903763,
              47.2462211
            ],
            [
              -1.4905178,
              47.2463145
            ],
            [
              -1.4906276,
              47.2464209
            ],
            [
              -1.4906599,
              47.2464913
            ],
            [
              -1.4907793,
              47.2466027
            ],
            [
              -1.4909508,
              47.2467964
            ],
            [
              -1.4909956,
              47.2468536
            ],
            [
              -1.4911122,
              47.2470285
            ],
            [
              -1.4912494,
              47.2471827
            ],
            [
              -1.4913901,
              47.2473182
            ],
            [
              -1.4914235,
              47.2473413
            ],
            [
              -1.4914518,
              47.2473551
            ],
            [
              -1.4914881,
              47.2473536
            ],
            [
              -1.4915079,
              47.2473428
            ],
            [
              -1.4915503,
              47.2473332
            ],
            [
              -1.4915933,
              47.2473432
            ],
            [
              -1.4917552,
              47.2474576
            ],
            [
              -1.4920145,
              47.2476691
            ],
            [
              -1.4925489,
              47.2481195
            ],
            [
              -1.4925834,
              47.2481506
            ],
            [
              -1.4927935,
              47.2483992
            ],
            [
              -1.4927026,
              47.2484598
            ],
            [
              -1.4926253,
              47.2485114
            ],
            [
              -1.4925681,
              47.2485389
            ],
            [
              -1.4923785,
              47.2486298
            ],
            [
              -1.4924751,
              47.2487982
            ],
            [
              -1.4925716,
              47.2489664
            ],
            [
              -1.4927782,
              47.2493374
            ],
            [
              -1.4928342,
              47.2494379
            ],
            [
              -1.4931065,
              47.2499113
            ],
            [
              -1.4932928,
              47.2502044
            ],
            [
              -1.4933007,
              47.2502168
            ],
            [
              -1.4934847,
              47.2505146
            ],
            [
              -1.4936471,
              47.2504739
            ],
            [
              -1.4937049,
              47.2504704
            ],
            [
              -1.4938566,
              47.2504988
            ],
            [
              -1.4939211,
              47.2505038
            ],
            [
              -1.4940122,
              47.2505177
            ],
            [
              -1.4941543,
              47.2505223
            ],
            [
              -1.4942098,
              47.2505346
            ],
            [
              -1.4943389,
              47.2505427
            ],
            [
              -1.4948416,
              47.2505842
            ],
            [
              -1.4952656,
              47.2506214
            ],
            [
              -1.4954716,
              47.2507997
            ],
            [
              -1.4955984,
              47.2508866
            ],
            [
              -1.4956081,
              47.2509423
            ],
            [
              -1.4956398,
              47.2510057
            ],
            [
              -1.4956816,
              47.2510641
            ],
            [
              -1.4957388,
              47.2511156
            ],
            [
              -1.4957977,
              47.2511847
            ],
            [
              -1.4958696,
              47.2513454
            ],
            [
              -1.4959036,
              47.2514268
            ],
            [
              -1.4959834,
              47.2514879
            ],
            [
              -1.4959953,
              47.2515175
            ],
            [
              -1.4960021,
              47.2515544
            ],
            [
              -1.49598,
              47.2515986
            ],
            [
              -1.495903,
              47.2516458
            ],
            [
              -1.4959171,
              47.2517377
            ],
            [
              -1.4959687,
              47.2517942
            ],
            [
              -1.4960456,
              47.2519129
            ],
            [
              -1.4960485,
              47.2519751
            ],
            [
              -1.4960972,
              47.252062
            ],
            [
              -1.4960773,
              47.2521227
            ],
            [
              -1.4960858,
              47.2521419
            ],
            [
              -1.4961062,
              47.2521684
            ],
            [
              -1.4961249,
              47.2521776
            ],
            [
              -1.4962081,
              47.2522022
            ],
            [
              -1.4962234,
              47.2522195
            ],
            [
              -1.4963321,
              47.2522349
            ],
            [
              -1.4963559,
              47.2523475
            ],
            [
              -1.4963502,
              47.2523917
            ],
            [
              -1.4963468,
              47.2524612
            ],
            [
              -1.4963536,
              47.2524904
            ],
            [
              -1.4964362,
              47.2525577
            ],
            [
              -1.4964232,
              47.2526068
            ],
            [
              -1.4964453,
              47.2526749
            ],
            [
              -1.4964317,
              47.2527037
            ],
            [
              -1.4964515,
              47.2527394
            ],
            [
              -1.4964572,
              47.2527828
            ],
            [
              -1.4965914,
              47.2529223
            ],
            [
              -1.4965551,
              47.2529669
            ],
            [
              -1.4965546,
              47.2530729
            ],
            [
              -1.4965919,
              47.2530968
            ],
            [
              -1.4966582,
              47.2530968
            ],
            [
              -1.4966717,
              47.2531221
            ],
            [
              -1.4966638,
              47.2531379
            ],
            [
              -1.4966089,
              47.2531813
            ],
            [
              -1.4966265,
              47.253237
            ],
            [
              -1.4966859,
              47.2532624
            ],
            [
              -1.4966842,
              47.2533127
            ],
            [
              -1.4966961,
              47.2533565
            ],
            [
              -1.4966548,
              47.2534322
            ],
            [
              -1.4966565,
              47.2534595
            ],
            [
              -1.4966978,
              47.2534894
            ],
            [
              -1.4967668,
              47.2534937
            ],
            [
              -1.4968008,
              47.2535317
            ],
            [
              -1.4968693,
              47.2538026
            ],
            [
              -1.4968518,
              47.2538837
            ],
            [
              -1.4968467,
              47.2539674
            ],
            [
              -1.4968625,
              47.2539966
            ],
            [
              -1.4969163,
              47.2540224
            ],
            [
              -1.496948,
              47.2540401
            ],
            [
              -1.4969537,
              47.2540646
            ],
            [
              -1.496952,
              47.2541596
            ],
            [
              -1.4969355,
              47.2542122
            ],
            [
              -1.4970063,
              47.2543428
            ],
            [
              -1.4970425,
              47.2544151
            ],
            [
              -1.4971218,
              47.2545622
            ],
            [
              -1.4971444,
              47.2545991
            ],
            [
              -1.4971246,
              47.2546283
            ],
            [
              -1.4971291,
              47.2546859
            ],
            [
              -1.4971212,
              47.2547547
            ],
            [
              -1.4971025,
              47.2548473
            ],
            [
              -1.4970855,
              47.2548685
            ],
            [
              -1.4970216,
              47.2548919
            ],
            [
              -1.496905,
              47.2549242
            ],
            [
              -1.496901,
              47.2549691
            ],
            [
              -1.4969282,
              47.2550002
            ],
            [
              -1.4969316,
              47.2550548
            ],
            [
              -1.4969276,
              47.2551132
            ],
            [
              -1.4969191,
              47.2551609
            ],
            [
              -1.4969412,
              47.2553372
            ],
            [
              -1.4969712,
              47.2554513
            ],
            [
              -1.4969667,
              47.2555727
            ],
            [
              -1.4968976,
              47.2556258
            ],
            [
              -1.4968919,
              47.2556696
            ],
            [
              -1.4968823,
              47.2556895
            ],
            [
              -1.4967719,
              47.2558598
            ],
            [
              -1.4967068,
              47.2559816
            ],
            [
              -1.4966593,
              47.2560834
            ],
            [
              -1.4966474,
              47.2561349
            ],
            [
              -1.4966332,
              47.256252
            ],
            [
              -1.4966474,
              47.2563423
            ],
            [
              -1.4966502,
              47.2564215
            ],
            [
              -1.4966451,
              47.2564491
            ],
            [
              -1.49664,
              47.2565141
            ],
            [
              -1.4966027,
              47.2565475
            ],
            [
              -1.4965642,
              47.2565775
            ],
            [
              -1.4965381,
              47.256612
            ],
            [
              -1.4965308,
              47.2566731
            ],
            [
              -1.4965155,
              47.2567319
            ],
            [
              -1.4965212,
              47.2567673
            ],
            [
              -1.4965472,
              47.2567995
            ],
            [
              -1.4965659,
              47.256833
            ],
            [
              -1.4965647,
              47.2568741
            ],
            [
              -1.4965342,
              47.2569121
            ],
            [
              -1.4964759,
              47.2569356
            ],
            [
              -1.4964057,
              47.2569206
            ],
            [
              -1.4963185,
              47.2568871
            ],
            [
              -1.4962551,
              47.2568787
            ],
            [
              -1.4959511,
              47.2571553
            ],
            [
              -1.495689,
              47.2573728
            ],
            [
              -1.4956499,
              47.2574024
            ],
            [
              -1.495586,
              47.2574619
            ],
            [
              -1.4954133,
              47.2575856
            ],
            [
              -1.4952005,
              47.2577255
            ],
            [
              -1.4951512,
              47.2577727
            ],
            [
              -1.4950788,
              47.2578561
            ],
            [
              -1.4949984,
              47.2579491
            ],
            [
              -1.4949593,
              47.2579602
            ],
            [
              -1.4949452,
              47.2580063
            ],
            [
              -1.4948857,
              47.2581485
            ],
            [
              -1.494846,
              47.2582209
            ],
            [
              -1.4947148,
              47.2584601
            ],
            [
              -1.4944119,
              47.2585604
            ],
            [
              -1.4942857,
              47.2586092
            ],
            [
              -1.4942432,
              47.2586587
            ],
            [
              -1.4942121,
              47.2587187
            ],
            [
              -1.4942025,
              47.2587966
            ],
            [
              -1.4941787,
              47.2589492
            ],
            [
              -1.4941968,
              47.2590345
            ],
            [
              -1.4942042,
              47.2591766
            ],
            [
              -1.4941832,
              47.2594352
            ],
            [
              -1.4941543,
              47.2595908
            ],
            [
              -1.4941402,
              47.2599419
            ],
            [
              -1.4941256,
              47.2600121
            ],
            [
              -1.4940853,
              47.2602251
            ],
            [
              -1.4940666,
              47.2603092
            ],
            [
              -1.4940762,
              47.2604099
            ],
            [
              -1.4941758,
              47.2608974
            ],
            [
              -1.4942645,
              47.2611195
            ],
            [
              -1.494278,
              47.2613082
            ],
            [
              -1.4944882,
              47.2616204
            ],
            [
              -1.4949424,
              47.2620866
            ],
            [
              -1.4950009,
              47.2621209
            ],
            [
              -1.4951666,
              47.2622883
            ],
            [
              -1.4952859,
              47.2624004
            ],
            [
              -1.4956965,
              47.2622031
            ],
            [
              -1.4963131,
              47.2619079
            ],
            [
              -1.4967839,
              47.2616826
            ],
            [
              -1.4974274,
              47.2613923
            ],
            [
              -1.497702,
              47.2612677
            ],
            [
              -1.498049,
              47.2611108
            ],
            [
              -1.499271,
              47.2605589
            ],
            [
              -1.499589,
              47.2604155
            ],
            [
              -1.4999807,
              47.2602389
            ],
            [
              -1.50015,
              47.260162
            ],
            [
              -1.5004319,
              47.2600395
            ],
            [
              -1.5004609,
              47.2600695
            ],
            [
              -1.5007337,
              47.2599641
            ],
            [
              -1.5007134,
              47.2599361
            ],
            [
              -1.5007526,
              47.2599197
            ],
            [
              -1.5011125,
              47.259792
            ],
            [
              -1.5011881,
              47.2597611
            ],
            [
              -1.5012447,
              47.2597352
            ],
            [
              -1.5013266,
              47.259706
            ],
            [
              -1.501422,
              47.259674
            ],
            [
              -1.501578,
              47.2596158
            ],
            [
              -1.5015749,
              47.2596381
            ],
            [
              -1.5017956,
              47.2595532
            ],
            [
              -1.5018396,
              47.2594948
            ],
            [
              -1.501974,
              47.2594409
            ],
            [
              -1.5020047,
              47.2594499
            ],
            [
              -1.5020726,
              47.2594347
            ],
            [
              -1.5020862,
              47.2594934
            ],
            [
              -1.5021632,
              47.2594411
            ],
            [
              -1.5025871,
              47.2592949
            ],
            [
              -1.5032251,
              47.2590694
            ],
            [
              -1.504147,
              47.2587437
            ],
            [
              -1.5044366,
              47.2586393
            ],
            [
              -1.5052117,
              47.2583198
            ],
            [
              -1.5050907,
              47.2581868
            ],
            [
              -1.5056328,
              47.2579726
            ],
            [
              -1.5057493,
              47.2582211
            ],
            [
              -1.5058384,
              47.2584591
            ],
            [
              -1.5059614,
              47.2587748
            ],
            [
              -1.5063153,
              47.2591964
            ],
            [
              -1.506163,
              47.2592582
            ],
            [
              -1.5062144,
              47.2593712
            ],
            [
              -1.5060388,
              47.259441
            ],
            [
              -1.5067323,
              47.2602635
            ],
            [
              -1.5062039,
              47.2611979
            ],
            [
              -1.5060822,
              47.261444
            ],
            [
              -1.5060419,
              47.2615249
            ],
            [
              -1.5078556,
              47.2619818
            ],
            [
              -1.5081665,
              47.2620147
            ],
            [
              -1.5080376,
              47.2622367
            ],
            [
              -1.5076649,
              47.2628025
            ],
            [
              -1.5075736,
              47.263039
            ],
            [
              -1.5075296,
              47.2632303
            ],
            [
              -1.5071005,
              47.2635102
            ],
            [
              -1.5070772,
              47.2637175
            ],
            [
              -1.5068453,
              47.2640201
            ],
            [
              -1.5065597,
              47.2642414
            ],
            [
              -1.5061654,
              47.2645076
            ],
            [
              -1.5035261,
              47.2662895
            ],
            [
              -1.5031518,
              47.2665314
            ],
            [
              -1.5030053,
              47.2666701
            ],
            [
              -1.5029155,
              47.2667971
            ],
            [
              -1.5028024,
              47.2669897
            ],
            [
              -1.5027263,
              47.267152
            ],
            [
              -1.5024054,
              47.2678014
            ],
            [
              -1.5021207,
              47.2683774
            ],
            [
              -1.501768,
              47.2690911
            ],
            [
              -1.5016562,
              47.2692847
            ],
            [
              -1.5015757,
              47.2694412
            ],
            [
              -1.5015044,
              47.2695329
            ],
            [
              -1.5012466,
              47.2699012
            ],
            [
              -1.5009928,
              47.2702683
            ],
            [
              -1.4997384,
              47.2717768
            ],
            [
              -1.4994616,
              47.2721605
            ],
            [
              -1.5028505,
              47.2735017
            ],
            [
              -1.5032175,
              47.2736405
            ],
            [
              -1.5045096,
              47.2741225
            ],
            [
              -1.504844,
              47.274246
            ],
            [
              -1.5051465,
              47.2743244
            ],
            [
              -1.5052917,
              47.274362
            ],
            [
              -1.5055042,
              47.2743979
            ],
            [
              -1.5058705,
              47.2744559
            ],
            [
              -1.5059877,
              47.2744714
            ],
            [
              -1.5078905,
              47.2747236
            ],
            [
              -1.5096353,
              47.2749716
            ],
            [
              -1.5096323,
              47.2750626
            ],
            [
              -1.5096335,
              47.2751036
            ],
            [
              -1.5096346,
              47.2751934
            ],
            [
              -1.5096338,
              47.2752649
            ],
            [
              -1.509628,
              47.2755097
            ],
            [
              -1.5096185,
              47.2759119
            ],
            [
              -1.509616,
              47.2760187
            ],
            [
              -1.5096096,
              47.2762481
            ],
            [
              -1.5096052,
              47.276405
            ],
            [
              -1.5095983,
              47.2765983
            ],
            [
              -1.5095818,
              47.2767885
            ],
            [
              -1.5095376,
              47.2770038
            ],
            [
              -1.5094789,
              47.277217
            ],
            [
              -1.5093813,
              47.2775378
            ],
            [
              -1.5093494,
              47.2776428
            ],
            [
              -1.5091463,
              47.2783304
            ],
            [
              -1.509106,
              47.2784992
            ],
            [
              -1.5090189,
              47.2787906
            ],
            [
              -1.508916,
              47.2791096
            ],
            [
              -1.5087525,
              47.2793814
            ],
            [
              -1.5085779,
              47.2796545
            ],
            [
              -1.5085498,
              47.2796977
            ],
            [
              -1.5100104,
              47.2816347
            ],
            [
              -1.5104424,
              47.2826708
            ],
            [
              -1.5106049,
              47.2830984
            ],
            [
              -1.5102511,
              47.2843415
            ],
            [
              -1.5101638,
              47.2844038
            ],
            [
              -1.5103395,
              47.284535
            ],
            [
              -1.5099537,
              47.284821
            ],
            [
              -1.5095805,
              47.2851322
            ],
            [
              -1.5094543,
              47.2852911
            ],
            [
              -1.5092097,
              47.2854961
            ],
            [
              -1.5090642,
              47.285635
            ],
            [
              -1.5087528,
              47.2861995
            ],
            [
              -1.5086809,
              47.2864424
            ],
            [
              -1.5086536,
              47.2865318
            ],
            [
              -1.5084922,
              47.2870606
            ],
            [
              -1.5084317,
              47.2871108
            ],
            [
              -1.508237,
              47.2870335
            ],
            [
              -1.5082506,
              47.2872089
            ],
            [
              -1.5080732,
              47.2877065
            ],
            [
              -1.5082285,
              47.2877724
            ],
            [
              -1.5080174,
              47.2881537
            ],
            [
              -1.5080304,
              47.2885552
            ],
            [
              -1.5081583,
              47.2885582
            ],
            [
              -1.508284,
              47.2904088
            ]
          ]
        ]
      },
      "id": "relation/59874"
    },
    {
      "type": "Feature",
      "properties": {
        "@id": "relation/60972",
        "admin_level": "8",
        "admin_type:FR": "commune",
        "boundary": "administrative",
        "name": "Orvault",
        "name:br": "Orvez",
        "name:fr": "Orvault",
        "name:fr-x-gallo": "Orvao",
        "name:uk": "Орво",
        "population": "27872",
        "population:date": "2021",
        "postal_code": "44700",
        "ref:FR:SIREN": "214401143",
        "ref:INSEE": "44114",
        "source:population": "INSEE 2024",
        "source:postal_code": "La Poste - 12/2014",
        "type": "boundary",
        "website": "https://www.orvault.fr/",
        "wikidata": "Q271407",
        "wikipedia": "fr:Orvault"
      },
      "geometry": {
        "type": "Polygon",
        "coordinates": [
          [
            [
              -1.5981025,
              47.2435797
            ],
            [
              -1.5979988,
              47.2435454
            ],
            [
              -1.5978749,
              47.2435044
            ],
            [
              -1.5977861,
              47.2434322
            ],
            [
              -1.5977634,
              47.2434137
            ],
            [
              -1.5976376,
              47.2433342
            ],
            [
              -1.5975337,
              47.2432809
            ],
            [
              -1.5971501,
              47.243091
            ],
            [
              -1.5966308,
              47.2428338
            ],
            [
              -1.5963085,
              47.2426682
            ],
            [
              -1.596253,
              47.2426396
            ],
            [
              -1.5961546,
              47.2425905
            ],
            [
              -1.5960725,
              47.2425493
            ],
            [
              -1.5959875,
              47.2425071
            ],
            [
              -1.5959003,
              47.2424653
            ],
            [
              -1.5958167,
              47.2424253
            ],
            [
              -1.595539,
              47.2422862
            ],
            [
              -1.5946944,
              47.2418644
            ],
            [
              -1.594254,
              47.2416435
            ],
            [
              -1.5941387,
              47.241586
            ],
            [
              -1.5930746,
              47.2410503
            ],
            [
              -1.5929195,
              47.2409728
            ],
            [
              -1.5927373,
              47.2408826
            ],
            [
              -1.5926652,
              47.2408508
            ],
            [
              -1.5926417,
              47.2408389
            ],
            [
              -1.59239,
              47.2407114
            ],
            [
              -1.5921056,
              47.2405688
            ],
            [
              -1.5918991,
              47.2404658
            ],
            [
              -1.5917805,
              47.2404073
            ],
            [
              -1.5912919,
              47.2401583
            ],
            [
              -1.5907035,
              47.2398623
            ],
            [
              -1.5895947,
              47.2393045
            ],
            [
              -1.5893936,
              47.2392042
            ],
            [
              -1.5892928,
              47.2393407
            ],
            [
              -1.5890053,
              47.239722
            ],
            [
              -1.5888025,
              47.2399918
            ],
            [
              -1.5886778,
              47.2401595
            ],
            [
              -1.5884855,
              47.2403741
            ],
            [
              -1.5884341,
              47.2404339
            ],
            [
              -1.5882942,
              47.2405868
            ],
            [
              -1.5881176,
              47.2407836
            ],
            [
              -1.587959,
              47.2409216
            ],
            [
              -1.5878097,
              47.2410475
            ],
            [
              -1.5877475,
              47.2410898
            ],
            [
              -1.5874314,
              47.2413048
            ],
            [
              -1.587187,
              47.2414561
            ],
            [
              -1.5869817,
              47.2415585
            ],
            [
              -1.5867353,
              47.2416727
            ],
            [
              -1.5866711,
              47.2417219
            ],
            [
              -1.5866108,
              47.2417797
            ],
            [
              -1.5864795,
              47.241914
            ],
            [
              -1.5864385,
              47.2419725
            ],
            [
              -1.5863597,
              47.2420863
            ],
            [
              -1.5862548,
              47.2422982
            ],
            [
              -1.586149,
              47.2424435
            ],
            [
              -1.5860808,
              47.2425199
            ],
            [
              -1.5859937,
              47.2425922
            ],
            [
              -1.5857681,
              47.2426832
            ],
            [
              -1.5855256,
              47.2427809
            ],
            [
              -1.5854956,
              47.2428093
            ],
            [
              -1.5854705,
              47.242807
            ],
            [
              -1.5851447,
              47.2428545
            ],
            [
              -1.5851183,
              47.2428633
            ],
            [
              -1.5850857,
              47.2428691
            ],
            [
              -1.5850253,
              47.2428943
            ],
            [
              -1.5847993,
              47.242969
            ],
            [
              -1.5846389,
              47.2430124
            ],
            [
              -1.5845157,
              47.2430405
            ],
            [
              -1.5843641,
              47.243043
            ],
            [
              -1.5842351,
              47.2430879
            ],
            [
              -1.5841303,
              47.2431399
            ],
            [
              -1.584008,
              47.243196
            ],
            [
              -1.5838435,
              47.2432798
            ],
            [
              -1.5837461,
              47.2433106
            ],
            [
              -1.583365,
              47.2434041
            ],
            [
              -1.5829803,
              47.243613
            ],
            [
              -1.5827696,
              47.2436269
            ],
            [
              -1.582727,
              47.2437518
            ],
            [
              -1.5826921,
              47.2437475
            ],
            [
              -1.582659,
              47.2437332
            ],
            [
              -1.5826201,
              47.243723
            ],
            [
              -1.582559,
              47.2437443
            ],
            [
              -1.5825237,
              47.243758
            ],
            [
              -1.5824822,
              47.243778
            ],
            [
              -1.5824757,
              47.2437839
            ],
            [
              -1.5824459,
              47.2437974
            ],
            [
              -1.582425,
              47.2438056
            ],
            [
              -1.582419,
              47.2438088
            ],
            [
              -1.582364,
              47.243874
            ],
            [
              -1.5823269,
              47.2438971
            ],
            [
              -1.5823135,
              47.243904
            ],
            [
              -1.5822866,
              47.2439106
            ],
            [
              -1.5822746,
              47.2439117
            ],
            [
              -1.5822376,
              47.2439113
            ],
            [
              -1.5821996,
              47.2439192
            ],
            [
              -1.5821624,
              47.2439356
            ],
            [
              -1.58214,
              47.2439506
            ],
            [
              -1.5821189,
              47.2439707
            ],
            [
              -1.5821033,
              47.243976
            ],
            [
              -1.5820359,
              47.2439938
            ],
            [
              -1.5819711,
              47.2440432
            ],
            [
              -1.5819478,
              47.2440752
            ],
            [
              -1.5818849,
              47.2441217
            ],
            [
              -1.5818582,
              47.2441487
            ],
            [
              -1.5818509,
              47.2441561
            ],
            [
              -1.5818132,
              47.2441872
            ],
            [
              -1.58177,
              47.2442194
            ],
            [
              -1.5815417,
              47.2442678
            ],
            [
              -1.5813781,
              47.2442696
            ],
            [
              -1.5812105,
              47.2443279
            ],
            [
              -1.5811099,
              47.2443588
            ],
            [
              -1.581067,
              47.2443934
            ],
            [
              -1.5810108,
              47.2444241
            ],
            [
              -1.5809072,
              47.2444808
            ],
            [
              -1.58084,
              47.2445133
            ],
            [
              -1.5807829,
              47.2445377
            ],
            [
              -1.5807095,
              47.2445898
            ],
            [
              -1.580591,
              47.2446252
            ],
            [
              -1.580546,
              47.2446414
            ],
            [
              -1.5805042,
              47.2446555
            ],
            [
              -1.580358,
              47.2447416
            ],
            [
              -1.5801935,
              47.2448384
            ],
            [
              -1.5800394,
              47.2449311
            ],
            [
              -1.579892,
              47.2450169
            ],
            [
              -1.5798609,
              47.24503
            ],
            [
              -1.5797849,
              47.2450435
            ],
            [
              -1.5797416,
              47.2450437
            ],
            [
              -1.579699,
              47.2450443
            ],
            [
              -1.5793315,
              47.2451911
            ],
            [
              -1.5792935,
              47.2452063
            ],
            [
              -1.5792702,
              47.2452194
            ],
            [
              -1.5791488,
              47.2452983
            ],
            [
              -1.5789569,
              47.245401
            ],
            [
              -1.5789093,
              47.2454403
            ],
            [
              -1.5787566,
              47.2455762
            ],
            [
              -1.5785605,
              47.2457433
            ],
            [
              -1.5783863,
              47.2459225
            ],
            [
              -1.578304,
              47.245982
            ],
            [
              -1.5781649,
              47.24607
            ],
            [
              -1.5780806,
              47.2461221
            ],
            [
              -1.5779867,
              47.2461753
            ],
            [
              -1.5779414,
              47.2462092
            ],
            [
              -1.5778972,
              47.2462548
            ],
            [
              -1.5778235,
              47.2463776
            ],
            [
              -1.5777861,
              47.2465323
            ],
            [
              -1.5777797,
              47.2465914
            ],
            [
              -1.577778,
              47.2466544
            ],
            [
              -1.5778064,
              47.2467353
            ],
            [
              -1.5778202,
              47.2467517
            ],
            [
              -1.5778699,
              47.246814
            ],
            [
              -1.5778854,
              47.2468615
            ],
            [
              -1.577937,
              47.2469353
            ],
            [
              -1.5775404,
              47.2469735
            ],
            [
              -1.5773862,
              47.2470058
            ],
            [
              -1.577407,
              47.2470697
            ],
            [
              -1.5774268,
              47.2471463
            ],
            [
              -1.5774039,
              47.2471508
            ],
            [
              -1.577323,
              47.247155
            ],
            [
              -1.5773272,
              47.2471736
            ],
            [
              -1.5773373,
              47.2472182
            ],
            [
              -1.5773226,
              47.2472361
            ],
            [
              -1.5773323,
              47.2473253
            ],
            [
              -1.5773364,
              47.2474093
            ],
            [
              -1.577337,
              47.2474567
            ],
            [
              -1.5773311,
              47.2475189
            ],
            [
              -1.5773116,
              47.2476106
            ],
            [
              -1.5773066,
              47.2476333
            ],
            [
              -1.5772946,
              47.2477065
            ],
            [
              -1.5772316,
              47.2479727
            ],
            [
              -1.5772032,
              47.2480859
            ],
            [
              -1.5771808,
              47.2481686
            ],
            [
              -1.5771637,
              47.248243
            ],
            [
              -1.5771291,
              47.2483974
            ],
            [
              -1.5770073,
              47.2489024
            ],
            [
              -1.5769336,
              47.2492121
            ],
            [
              -1.5768079,
              47.2497407
            ],
            [
              -1.5767243,
              47.2500915
            ],
            [
              -1.5766225,
              47.2505771
            ],
            [
              -1.5764956,
              47.2511525
            ],
            [
              -1.5763962,
              47.2515759
            ],
            [
              -1.5762453,
              47.2523177
            ],
            [
              -1.5762297,
              47.2523991
            ],
            [
              -1.5761948,
              47.2525663
            ],
            [
              -1.5761555,
              47.2528476
            ],
            [
              -1.576089,
              47.2530685
            ],
            [
              -1.5761726,
              47.2532655
            ],
            [
              -1.5762009,
              47.253593
            ],
            [
              -1.5762439,
              47.2538284
            ],
            [
              -1.5764497,
              47.2543638
            ],
            [
              -1.576606,
              47.2545138
            ],
            [
              -1.5769987,
              47.2549586
            ],
            [
              -1.577338,
              47.2553578
            ],
            [
              -1.5776095,
              47.2556671
            ],
            [
              -1.5777677,
              47.2558472
            ],
            [
              -1.5782681,
              47.2564198
            ],
            [
              -1.5787088,
              47.2569265
            ],
            [
              -1.5790028,
              47.2572471
            ],
            [
              -1.5794842,
              47.2578216
            ],
            [
              -1.5799248,
              47.2583246
            ],
            [
              -1.5805738,
              47.2590685
            ],
            [
              -1.5810818,
              47.25965
            ],
            [
              -1.5815829,
              47.2602276
            ],
            [
              -1.5816586,
              47.2603142
            ],
            [
              -1.5833344,
              47.2622327
            ],
            [
              -1.5844907,
              47.2635672
            ],
            [
              -1.5861487,
              47.2654877
            ],
            [
              -1.5865816,
              47.265983
            ],
            [
              -1.5877698,
              47.2673514
            ],
            [
              -1.5894103,
              47.2692105
            ],
            [
              -1.5896161,
              47.2691229
            ],
            [
              -1.5904663,
              47.2700916
            ],
            [
              -1.5916754,
              47.2714801
            ],
            [
              -1.5921004,
              47.27197
            ],
            [
              -1.5926845,
              47.2726303
            ],
            [
              -1.5933967,
              47.2734454
            ],
            [
              -1.5929743,
              47.2736254
            ],
            [
              -1.593441,
              47.2740537
            ],
            [
              -1.5937662,
              47.2743314
            ],
            [
              -1.5940757,
              47.2746411
            ],
            [
              -1.5944639,
              47.2749761
            ],
            [
              -1.5947568,
              47.2752458
            ],
            [
              -1.5951637,
              47.2756212
            ],
            [
              -1.5956877,
              47.2762079
            ],
            [
              -1.5958428,
              47.2764157
            ],
            [
              -1.5959771,
              47.2766415
            ],
            [
              -1.5961361,
              47.2769917
            ],
            [
              -1.5963218,
              47.2774973
            ],
            [
              -1.5964956,
              47.2777405
            ],
            [
              -1.5969655,
              47.2780282
            ],
            [
              -1.5979406,
              47.2788279
            ],
            [
              -1.5979864,
              47.2788702
            ],
            [
              -1.5987365,
              47.2796342
            ],
            [
              -1.5988395,
              47.2797013
            ],
            [
              -1.6019801,
              47.2818453
            ],
            [
              -1.6032724,
              47.2827263
            ],
            [
              -1.6034674,
              47.2833067
            ],
            [
              -1.603635,
              47.2839066
            ],
            [
              -1.6037163,
              47.2842095
            ],
            [
              -1.6037932,
              47.2845147
            ],
            [
              -1.6039533,
              47.2851357
            ],
            [
              -1.6040224,
              47.2854035
            ],
            [
              -1.6041379,
              47.2858468
            ],
            [
              -1.6042022,
              47.2860695
            ],
            [
              -1.6042775,
              47.2862907
            ],
            [
              -1.6043278,
              47.2864062
            ],
            [
              -1.604382,
              47.2865236
            ],
            [
              -1.6045105,
              47.2867484
            ],
            [
              -1.6046861,
              47.2870083
            ],
            [
              -1.6048713,
              47.2872649
            ],
            [
              -1.6051279,
              47.2875475
            ],
            [
              -1.6053919,
              47.2878258
            ],
            [
              -1.6055419,
              47.2879826
            ],
            [
              -1.6058031,
              47.288266
            ],
            [
              -1.60634,
              47.2888196
            ],
            [
              -1.6068756,
              47.2893738
            ],
            [
              -1.6071121,
              47.2896069
            ],
            [
              -1.607239,
              47.2897393
            ],
            [
              -1.6073256,
              47.2898285
            ],
            [
              -1.6075947,
              47.2901157
            ],
            [
              -1.6076913,
              47.2902259
            ],
            [
              -1.6077659,
              47.2903233
            ],
            [
              -1.6078505,
              47.2904296
            ],
            [
              -1.6079643,
              47.2905751
            ],
            [
              -1.6080552,
              47.2906986
            ],
            [
              -1.6081698,
              47.2908648
            ],
            [
              -1.6082279,
              47.2909616
            ],
            [
              -1.608283,
              47.2910466
            ],
            [
              -1.6083549,
              47.2911575
            ],
            [
              -1.608371,
              47.2911835
            ],
            [
              -1.6084053,
              47.2912352
            ],
            [
              -1.6086365,
              47.291605
            ],
            [
              -1.6087884,
              47.2918442
            ],
            [
              -1.6089401,
              47.2920858
            ],
            [
              -1.6090561,
              47.2920546
            ],
            [
              -1.6103139,
              47.2932083
            ],
            [
              -1.6117917,
              47.2950708
            ],
            [
              -1.6127643,
              47.2959249
            ],
            [
              -1.6138281,
              47.2965293
            ],
            [
              -1.6139128,
              47.2965476
            ],
            [
              -1.6140744,
              47.2965911
            ],
            [
              -1.6141496,
              47.296612
            ],
            [
              -1.6142275,
              47.2966402
            ],
            [
              -1.6143713,
              47.2967011
            ],
            [
              -1.6148876,
              47.2969117
            ],
            [
              -1.6169076,
              47.2977558
            ],
            [
              -1.6174143,
              47.2979675
            ],
            [
              -1.6175877,
              47.2980488
            ],
            [
              -1.6177588,
              47.2981314
            ],
            [
              -1.6179844,
              47.2982573
            ],
            [
              -1.6181941,
              47.2983896
            ],
            [
              -1.6185962,
              47.2986729
            ],
            [
              -1.6187726,
              47.2987846
            ],
            [
              -1.6189561,
              47.2988914
            ],
            [
              -1.6190335,
              47.2989341
            ],
            [
              -1.6191136,
              47.2989749
            ],
            [
              -1.6191941,
              47.299014
            ],
            [
              -1.6192766,
              47.2990513
            ],
            [
              -1.6196039,
              47.2992164
            ],
            [
              -1.6202964,
              47.299494
            ],
            [
              -1.6209755,
              47.2997912
            ],
            [
              -1.6213081,
              47.299945
            ],
            [
              -1.6216339,
              47.300102
            ],
            [
              -1.6223794,
              47.3004862
            ],
            [
              -1.6230977,
              47.3008899
            ],
            [
              -1.6245555,
              47.3016851
            ],
            [
              -1.6266916,
              47.3026602
            ],
            [
              -1.6267443,
              47.3026835
            ],
            [
              -1.6267964,
              47.3027055
            ],
            [
              -1.6270854,
              47.3028029
            ],
            [
              -1.6273784,
              47.3029407
            ],
            [
              -1.6282468,
              47.3032714
            ],
            [
              -1.6288459,
              47.3034986
            ],
            [
              -1.629267,
              47.303674
            ],
            [
              -1.6295403,
              47.3037969
            ],
            [
              -1.6297897,
              47.3039385
            ],
            [
              -1.6302878,
              47.3042203
            ],
            [
              -1.6309625,
              47.3046263
            ],
            [
              -1.6312507,
              47.3047979
            ],
            [
              -1.6322541,
              47.3053649
            ],
            [
              -1.6332981,
              47.3058945
            ],
            [
              -1.6336407,
              47.3060512
            ],
            [
              -1.6339581,
              47.3061679
            ],
            [
              -1.6342821,
              47.3062871
            ],
            [
              -1.634878,
              47.3064688
            ],
            [
              -1.6385428,
              47.3077071
            ],
            [
              -1.6395126,
              47.3080532
            ],
            [
              -1.6403086,
              47.3083263
            ],
            [
              -1.6415931,
              47.3088175
            ],
            [
              -1.641848,
              47.3089217
            ],
            [
              -1.6422391,
              47.3091395
            ],
            [
              -1.6430164,
              47.3096992
            ],
            [
              -1.644093,
              47.3087858
            ],
            [
              -1.6438808,
              47.307865
            ],
            [
              -1.6449404,
              47.3079506
            ],
            [
              -1.645124,
              47.3076838
            ],
            [
              -1.649039,
              47.3074091
            ],
            [
              -1.6500798,
              47.3060881
            ],
            [
              -1.6507952,
              47.3058924
            ],
            [
              -1.6513241,
              47.305923
            ],
            [
              -1.6552536,
              47.3073728
            ],
            [
              -1.6553179,
              47.3073993
            ],
            [
              -1.6564447,
              47.3063824
            ],
            [
              -1.6576367,
              47.3052267
            ],
            [
              -1.6594768,
              47.303461
            ],
            [
              -1.6607375,
              47.3022451
            ],
            [
              -1.661395,
              47.3016159
            ],
            [
              -1.6617449,
              47.3012754
            ],
            [
              -1.6621588,
              47.3009322
            ],
            [
              -1.6621459,
              47.300835
            ],
            [
              -1.6625507,
              47.2992091
            ],
            [
              -1.6627093,
              47.2990896
            ],
            [
              -1.6627033,
              47.2976729
            ],
            [
              -1.6624309,
              47.2973538
            ],
            [
              -1.6613611,
              47.2959232
            ],
            [
              -1.6602286,
              47.2944388
            ],
            [
              -1.6598685,
              47.293963
            ],
            [
              -1.6588506,
              47.2926181
            ],
            [
              -1.6587768,
              47.2925205
            ],
            [
              -1.6568631,
              47.2896814
            ],
            [
              -1.6568374,
              47.2896519
            ],
            [
              -1.6570426,
              47.2894996
            ],
            [
              -1.6571277,
              47.289423
            ],
            [
              -1.6572989,
              47.2892641
            ],
            [
              -1.6576244,
              47.2889584
            ],
            [
              -1.6578741,
              47.2887204
            ],
            [
              -1.658032,
              47.2885742
            ],
            [
              -1.658123,
              47.2884957
            ],
            [
              -1.6581745,
              47.2884581
            ],
            [
              -1.658232,
              47.2884227
            ],
            [
              -1.6582805,
              47.2883927
            ],
            [
              -1.6583367,
              47.2883632
            ],
            [
              -1.6584822,
              47.2883026
            ],
            [
              -1.6586736,
              47.2882383
            ],
            [
              -1.6590088,
              47.2881368
            ],
            [
              -1.6591834,
              47.2880796
            ],
            [
              -1.659274,
              47.2880429
            ],
            [
              -1.6593486,
              47.2880065
            ],
            [
              -1.6594054,
              47.2879742
            ],
            [
              -1.6594606,
              47.2879369
            ],
            [
              -1.6595382,
              47.287875
            ],
            [
              -1.659642,
              47.2877798
            ],
            [
              -1.6598964,
              47.2875246
            ],
            [
              -1.660071,
              47.2873319
            ],
            [
              -1.6601532,
              47.2872315
            ],
            [
              -1.6602332,
              47.2871254
            ],
            [
              -1.6603235,
              47.2869806
            ],
            [
              -1.6603653,
              47.2869028
            ],
            [
              -1.6604003,
              47.2868298
            ],
            [
              -1.6604245,
              47.2867677
            ],
            [
              -1.6604505,
              47.286699
            ],
            [
              -1.6604903,
              47.2865588
            ],
            [
              -1.6605509,
              47.2862857
            ],
            [
              -1.6606606,
              47.285735
            ],
            [
              -1.6606842,
              47.2856406
            ],
            [
              -1.6607129,
              47.2855662
            ],
            [
              -1.660782,
              47.2854307
            ],
            [
              -1.6607953,
              47.2844583
            ],
            [
              -1.6607705,
              47.2829034
            ],
            [
              -1.6608695,
              47.2813753
            ],
            [
              -1.6608881,
              47.2793832
            ],
            [
              -1.6600884,
              47.2792865
            ],
            [
              -1.6585106,
              47.2760145
            ],
            [
              -1.658465,
              47.27592
            ],
            [
              -1.6568424,
              47.2748042
            ],
            [
              -1.6563784,
              47.274719
            ],
            [
              -1.6560029,
              47.2743068
            ],
            [
              -1.6557134,
              47.2741098
            ],
            [
              -1.6554652,
              47.2739101
            ],
            [
              -1.6550703,
              47.2734539
            ],
            [
              -1.65481,
              47.2732745
            ],
            [
              -1.654579,
              47.2730695
            ],
            [
              -1.6538063,
              47.2719014
            ],
            [
              -1.6531917,
              47.2714248
            ],
            [
              -1.6527813,
              47.270827
            ],
            [
              -1.6527551,
              47.2704753
            ],
            [
              -1.6525212,
              47.2699959
            ],
            [
              -1.6525424,
              47.2692588
            ],
            [
              -1.6525638,
              47.2687291
            ],
            [
              -1.6524025,
              47.2686102
            ],
            [
              -1.653009,
              47.2679566
            ],
            [
              -1.6534984,
              47.2673692
            ],
            [
              -1.6525596,
              47.2658148
            ],
            [
              -1.6522586,
              47.2644353
            ],
            [
              -1.6521773,
              47.2631417
            ],
            [
              -1.6523306,
              47.2623377
            ],
            [
              -1.6529604,
              47.2603221
            ],
            [
              -1.6535433,
              47.2599628
            ],
            [
              -1.6535448,
              47.2599483
            ],
            [
              -1.6535504,
              47.2598951
            ],
            [
              -1.6537785,
              47.2596232
            ],
            [
              -1.6538179,
              47.2595763
            ],
            [
              -1.6539129,
              47.2594873
            ],
            [
              -1.653986,
              47.2593981
            ],
            [
              -1.6538189,
              47.2593638
            ],
            [
              -1.6536632,
              47.2593377
            ],
            [
              -1.6532997,
              47.2592769
            ],
            [
              -1.6481747,
              47.2584148
            ],
            [
              -1.6454651,
              47.2579825
            ],
            [
              -1.6447679,
              47.2578688
            ],
            [
              -1.644501,
              47.2578203
            ],
            [
              -1.6435468,
              47.2576468
            ],
            [
              -1.6425951,
              47.2574734
            ],
            [
              -1.6411128,
              47.2572202
            ],
            [
              -1.6397797,
              47.2569622
            ],
            [
              -1.6392249,
              47.2568615
            ],
            [
              -1.6384081,
              47.2567139
            ],
            [
              -1.6355357,
              47.2561411
            ],
            [
              -1.6335212,
              47.2557756
            ],
            [
              -1.6329861,
              47.2556774
            ],
            [
              -1.6324354,
              47.2555722
            ],
            [
              -1.632123,
              47.2555061
            ],
            [
              -1.6313748,
              47.2553294
            ],
            [
              -1.6305713,
              47.2551013
            ],
            [
              -1.6303299,
              47.2550232
            ],
            [
              -1.6301404,
              47.2549616
            ],
            [
              -1.6299814,
              47.2549051
            ],
            [
              -1.6293562,
              47.2546764
            ],
            [
              -1.6291364,
              47.254601
            ],
            [
              -1.6289408,
              47.2545243
            ],
            [
              -1.6287752,
              47.2544593
            ],
            [
              -1.6286358,
              47.2544047
            ],
            [
              -1.6251664,
              47.2530375
            ],
            [
              -1.624087,
              47.2526197
            ],
            [
              -1.6218,
              47.2516894
            ],
            [
              -1.6208846,
              47.2514085
            ],
            [
              -1.6208179,
              47.2513896
            ],
            [
              -1.6207441,
              47.2513687
            ],
            [
              -1.6201432,
              47.2512106
            ],
            [
              -1.6193748,
              47.2510084
            ],
            [
              -1.6180357,
              47.2506235
            ],
            [
              -1.6159463,
              47.2500436
            ],
            [
              -1.6156798,
              47.2499814
            ],
            [
              -1.6145089,
              47.2496609
            ],
            [
              -1.6115246,
              47.2488504
            ],
            [
              -1.6097345,
              47.2483694
            ],
            [
              -1.6069938,
              47.2475566
            ],
            [
              -1.6059673,
              47.2471908
            ],
            [
              -1.6045849,
              47.246614
            ],
            [
              -1.6044712,
              47.2465639
            ],
            [
              -1.604213,
              47.2464501
            ],
            [
              -1.6040809,
              47.2463837
            ],
            [
              -1.6033386,
              47.2460523
            ],
            [
              -1.6021049,
              47.2455048
            ],
            [
              -1.6019405,
              47.2454263
            ],
            [
              -1.6016018,
              47.2452588
            ],
            [
              -1.6011637,
              47.2450466
            ],
            [
              -1.600829,
              47.2448921
            ],
            [
              -1.6005148,
              47.2447486
            ],
            [
              -1.6004941,
              47.2447392
            ],
            [
              -1.6001339,
              47.2445724
            ],
            [
              -1.6000472,
              47.2445322
            ],
            [
              -1.5999612,
              47.2444924
            ],
            [
              -1.5998775,
              47.2444524
            ],
            [
              -1.5997265,
              47.2443802
            ],
            [
              -1.5995957,
              47.2443158
            ],
            [
              -1.5993987,
              47.2442181
            ],
            [
              -1.5993399,
              47.2441886
            ],
            [
              -1.5991657,
              47.2441013
            ],
            [
              -1.5989739,
              47.2440051
            ],
            [
              -1.5986744,
              47.2438566
            ],
            [
              -1.5985484,
              47.2437934
            ],
            [
              -1.5984749,
              47.2437582
            ],
            [
              -1.5981025,
              47.2435797
            ]
          ]
        ]
      },
      "id": "relation/60972"
    },
    {
      "type": "Feature",
      "properties": {
        "@id": "relation/10481970",
        "admin_level": "8",
        "boundary": "religious_administration",
        "denomination": "catholic",
        "name": "Paroisse Saint-Jacques-Saint-Jean-Sainte-Famille",
        "name:br": "Parrez Sant-Jakez-Sant-Yann-Familh-Santel",
        "religion": "christian",
        "type": "boundary",
        "website": "https://jjsf-nantes.fr/"
      },
      "geometry": {
        "type": "Polygon",
        "coordinates": [
          [
            [
              -1.5157109,
              47.2124633
            ],
            [
              -1.5182036,
              47.2108778
            ],
            [
              -1.5199189,
              47.2095385
            ],
            [
              -1.5209478,
              47.2085241
            ],
            [
              -1.521067,
              47.2084261
            ],
            [
              -1.5226436,
              47.2072178
            ],
            [
              -1.5239536,
              47.2063898
            ],
            [
              -1.524925,
              47.2059566
            ],
            [
              -1.5301531,
              47.2036247
            ],
            [
              -1.5324977,
              47.2026341
            ],
            [
              -1.5351378,
              47.201613
            ],
            [
              -1.5351505,
              47.2016082
            ],
            [
              -1.5354105,
              47.201507
            ],
            [
              -1.5367101,
              47.2010383
            ],
            [
              -1.5389374,
              47.200235
            ],
            [
              -1.541612,
              47.1994175
            ],
            [
              -1.5440681,
              47.1988202
            ],
            [
              -1.5465825,
              47.1983096
            ],
            [
              -1.5484223,
              47.1980827
            ],
            [
              -1.5480938,
              47.1974415
            ],
            [
              -1.5488236,
              47.1968065
            ],
            [
              -1.5486251,
              47.1963336
            ],
            [
              -1.5486088,
              47.196267
            ],
            [
              -1.5485411,
              47.1959908
            ],
            [
              -1.5484091,
              47.1954415
            ],
            [
              -1.5481413,
              47.195394
            ],
            [
              -1.5478146,
              47.1949944
            ],
            [
              -1.5470025,
              47.1941346
            ],
            [
              -1.5462696,
              47.1943111
            ],
            [
              -1.545646,
              47.1944627
            ],
            [
              -1.5448152,
              47.1946625
            ],
            [
              -1.5446829,
              47.1946918
            ],
            [
              -1.5445144,
              47.1949239
            ],
            [
              -1.5443461,
              47.1951495
            ],
            [
              -1.5425223,
              47.1936987
            ],
            [
              -1.5421146,
              47.1934417
            ],
            [
              -1.54144,
              47.1931187
            ],
            [
              -1.5403701,
              47.1926064
            ],
            [
              -1.5398634,
              47.1923461
            ],
            [
              -1.5392573,
              47.1920346
            ],
            [
              -1.5386277,
              47.1916081
            ],
            [
              -1.5376263,
              47.1908016
            ],
            [
              -1.5368741,
              47.1901958
            ],
            [
              -1.5362611,
              47.1895318
            ],
            [
              -1.5359459,
              47.1889508
            ],
            [
              -1.5356316,
              47.1883713
            ],
            [
              -1.5354397,
              47.1879525
            ],
            [
              -1.5354252,
              47.1879208
            ],
            [
              -1.5352907,
              47.1873295
            ],
            [
              -1.5351015,
              47.1868592
            ],
            [
              -1.534908,
              47.186378
            ],
            [
              -1.5348456,
              47.1862921
            ],
            [
              -1.5346024,
              47.1859571
            ],
            [
              -1.5344861,
              47.1858376
            ],
            [
              -1.5342581,
              47.1856033
            ],
            [
              -1.5326405,
              47.1839296
            ],
            [
              -1.5316269,
              47.1832659
            ],
            [
              -1.5313872,
              47.1831531
            ],
            [
              -1.5309672,
              47.1829556
            ],
            [
              -1.5304834,
              47.1828034
            ],
            [
              -1.5294358,
              47.1824738
            ],
            [
              -1.5280464,
              47.1820859
            ],
            [
              -1.5276584,
              47.1820257
            ],
            [
              -1.5271135,
              47.1819362
            ],
            [
              -1.5267859,
              47.1818781
            ],
            [
              -1.525869,
              47.1817249
            ],
            [
              -1.5251026,
              47.1815969
            ],
            [
              -1.5246826,
              47.1815268
            ],
            [
              -1.5244061,
              47.1814806
            ],
            [
              -1.5237949,
              47.18138
            ],
            [
              -1.5236956,
              47.1813637
            ],
            [
              -1.5227853,
              47.1812139
            ],
            [
              -1.521971,
              47.1810799
            ],
            [
              -1.5217141,
              47.1810376
            ],
            [
              -1.5213628,
              47.1809935
            ],
            [
              -1.5181093,
              47.1805856
            ],
            [
              -1.5179743,
              47.1809717
            ],
            [
              -1.5179033,
              47.1810122
            ],
            [
              -1.5178586,
              47.1810855
            ],
            [
              -1.5175662,
              47.1816191
            ],
            [
              -1.5179909,
              47.1818347
            ],
            [
              -1.5175305,
              47.1826453
            ],
            [
              -1.5172152,
              47.1831322
            ],
            [
              -1.5171292,
              47.1832401
            ],
            [
              -1.517053,
              47.1833288
            ],
            [
              -1.5170147,
              47.1834364
            ],
            [
              -1.5172547,
              47.1835233
            ],
            [
              -1.5171613,
              47.1837612
            ],
            [
              -1.5171609,
              47.1838017
            ],
            [
              -1.5171788,
              47.1838466
            ],
            [
              -1.5172352,
              47.183949
            ],
            [
              -1.5173338,
              47.1841354
            ],
            [
              -1.5173172,
              47.1841562
            ],
            [
              -1.5173417,
              47.1841962
            ],
            [
              -1.5175299,
              47.1844942
            ],
            [
              -1.5175384,
              47.1847727
            ],
            [
              -1.5171697,
              47.1853723
            ],
            [
              -1.5171656,
              47.1854451
            ],
            [
              -1.5170608,
              47.1855004
            ],
            [
              -1.5170073,
              47.1854163
            ],
            [
              -1.5165302,
              47.1857451
            ],
            [
              -1.5168644,
              47.1859804
            ],
            [
              -1.516622,
              47.1862366
            ],
            [
              -1.5162356,
              47.1864941
            ],
            [
              -1.5152087,
              47.1870939
            ],
            [
              -1.5149564,
              47.1872129
            ],
            [
              -1.5140574,
              47.187703
            ],
            [
              -1.5134492,
              47.1873423
            ],
            [
              -1.5128608,
              47.186973
            ],
            [
              -1.5126219,
              47.1871481
            ],
            [
              -1.5125165,
              47.1872816
            ],
            [
              -1.512365,
              47.1874131
            ],
            [
              -1.5119215,
              47.1872218
            ],
            [
              -1.5116205,
              47.1870575
            ],
            [
              -1.5112131,
              47.1876722
            ],
            [
              -1.5115367,
              47.1875675
            ],
            [
              -1.5115523,
              47.1875833
            ],
            [
              -1.5119592,
              47.187624
            ],
            [
              -1.5120415,
              47.1874537
            ],
            [
              -1.5121968,
              47.1874309
            ],
            [
              -1.5123696,
              47.1874845
            ],
            [
              -1.5124123,
              47.1875286
            ],
            [
              -1.512383,
              47.1875781
            ],
            [
              -1.5123349,
              47.1877542
            ],
            [
              -1.5126867,
              47.1877874
            ],
            [
              -1.5126677,
              47.1880944
            ],
            [
              -1.5128016,
              47.1882775
            ],
            [
              -1.5130236,
              47.1885623
            ],
            [
              -1.512839,
              47.1892873
            ],
            [
              -1.512827,
              47.1893204
            ],
            [
              -1.5126531,
              47.1893086
            ],
            [
              -1.511045,
              47.1892116
            ],
            [
              -1.510062,
              47.1891486
            ],
            [
              -1.5090761,
              47.1890857
            ],
            [
              -1.507558,
              47.1890022
            ],
            [
              -1.5057459,
              47.1888762
            ],
            [
              -1.5044635,
              47.1888017
            ],
            [
              -1.5043909,
              47.1887975
            ],
            [
              -1.5043277,
              47.1887938
            ],
            [
              -1.5041603,
              47.1887829
            ],
            [
              -1.5040658,
              47.1887767
            ],
            [
              -1.5039882,
              47.1887717
            ],
            [
              -1.503413,
              47.1887341
            ],
            [
              -1.5028589,
              47.1886991
            ],
            [
              -1.5013006,
              47.1886008
            ],
            [
              -1.5012511,
              47.1885977
            ],
            [
              -1.5009805,
              47.1885806
            ],
            [
              -1.5005947,
              47.1885557
            ],
            [
              -1.4993095,
              47.1884729
            ],
            [
              -1.4988871,
              47.1884464
            ],
            [
              -1.4986336,
              47.1884321
            ],
            [
              -1.4985078,
              47.188425
            ],
            [
              -1.4977323,
              47.1883712
            ],
            [
              -1.4951534,
              47.1882188
            ],
            [
              -1.4941357,
              47.1881386
            ],
            [
              -1.492035,
              47.1879953
            ],
            [
              -1.4884034,
              47.1877448
            ],
            [
              -1.4882766,
              47.1877265
            ],
            [
              -1.4882022,
              47.1877238
            ],
            [
              -1.4879595,
              47.1877088
            ],
            [
              -1.4877597,
              47.1876919
            ],
            [
              -1.4875672,
              47.1876914
            ],
            [
              -1.4864061,
              47.1876115
            ],
            [
              -1.4858083,
              47.1875685
            ],
            [
              -1.4849842,
              47.1875092
            ],
            [
              -1.4848063,
              47.1874965
            ],
            [
              -1.4841909,
              47.1874521
            ],
            [
              -1.483155,
              47.1873776
            ],
            [
              -1.4831086,
              47.1873742
            ],
            [
              -1.4829706,
              47.1873643
            ],
            [
              -1.482736,
              47.1873523
            ],
            [
              -1.4815938,
              47.1872733
            ],
            [
              -1.4804749,
              47.187196
            ],
            [
              -1.4795184,
              47.1871299
            ],
            [
              -1.4782789,
              47.1870358
            ],
            [
              -1.4781629,
              47.187027
            ],
            [
              -1.4769342,
              47.186945
            ],
            [
              -1.4767979,
              47.1869352
            ],
            [
              -1.4767677,
              47.186933
            ],
            [
              -1.4767262,
              47.1869301
            ],
            [
              -1.4764518,
              47.1869104
            ],
            [
              -1.4741292,
              47.1867436
            ],
            [
              -1.4738467,
              47.1884704
            ],
            [
              -1.4737902,
              47.1885304
            ],
            [
              -1.4738044,
              47.1885643
            ],
            [
              -1.4738125,
              47.188596
            ],
            [
              -1.4738433,
              47.1887157
            ],
            [
              -1.4738611,
              47.1888846
            ],
            [
              -1.4738659,
              47.1894151
            ],
            [
              -1.4736784,
              47.1900871
            ],
            [
              -1.4735917,
              47.190328
            ],
            [
              -1.4735733,
              47.1903699
            ],
            [
              -1.4735673,
              47.1903861
            ],
            [
              -1.4735473,
              47.1904266
            ],
            [
              -1.473677,
              47.1905252
            ],
            [
              -1.4739261,
              47.1907659
            ],
            [
              -1.4742429,
              47.1910839
            ],
            [
              -1.4745704,
              47.1913882
            ],
            [
              -1.4745894,
              47.191404
            ],
            [
              -1.474628,
              47.1914395
            ],
            [
              -1.4740778,
              47.1916634
            ],
            [
              -1.4745077,
              47.1922103
            ],
            [
              -1.4746436,
              47.1931678
            ],
            [
              -1.4749416,
              47.1933181
            ],
            [
              -1.4747645,
              47.1945163
            ],
            [
              -1.4749655,
              47.1945938
            ],
            [
              -1.4746163,
              47.1951805
            ],
            [
              -1.475151,
              47.1954644
            ],
            [
              -1.4756706,
              47.1961135
            ],
            [
              -1.4755459,
              47.1967307
            ],
            [
              -1.4755336,
              47.1967914
            ],
            [
              -1.4756812,
              47.1971301
            ],
            [
              -1.4759384,
              47.1971287
            ],
            [
              -1.4759578,
              47.1980445
            ],
            [
              -1.4758008,
              47.1987648
            ],
            [
              -1.4759861,
              47.2002769
            ],
            [
              -1.4759889,
              47.2002964
            ],
            [
              -1.4761413,
              47.2006195
            ],
            [
              -1.4765118,
              47.200475
            ],
            [
              -1.477212,
              47.2004175
            ],
            [
              -1.478683,
              47.2023034
            ],
            [
              -1.4794953,
              47.2033147
            ],
            [
              -1.479623,
              47.2035946
            ],
            [
              -1.4791194,
              47.206207
            ],
            [
              -1.4794537,
              47.2064604
            ],
            [
              -1.4796579,
              47.2065026
            ],
            [
              -1.4799328,
              47.2067286
            ],
            [
              -1.4802888,
              47.2068833
            ],
            [
              -1.48088,
              47.2070106
            ],
            [
              -1.4807425,
              47.2072992
            ],
            [
              -1.4813187,
              47.2074173
            ],
            [
              -1.4815523,
              47.2077811
            ],
            [
              -1.4814415,
              47.2079025
            ],
            [
              -1.4815819,
              47.2092195
            ],
            [
              -1.4814602,
              47.2093287
            ],
            [
              -1.481095,
              47.2096565
            ],
            [
              -1.4812747,
              47.2118955
            ],
            [
              -1.4817187,
              47.2118808
            ],
            [
              -1.4821833,
              47.2128068
            ],
            [
              -1.4823417,
              47.2127925
            ],
            [
              -1.4828094,
              47.2123651
            ],
            [
              -1.483066,
              47.2126101
            ],
            [
              -1.4850346,
              47.212461
            ],
            [
              -1.4850913,
              47.212671
            ],
            [
              -1.4844217,
              47.212805
            ],
            [
              -1.4845413,
              47.2130263
            ],
            [
              -1.4852153,
              47.214247
            ],
            [
              -1.4846116,
              47.214564
            ],
            [
              -1.4835699,
              47.2152961
            ],
            [
              -1.4830988,
              47.2156899
            ],
            [
              -1.4828892,
              47.2159153
            ],
            [
              -1.4830277,
              47.2161159
            ],
            [
              -1.4833016,
              47.2164724
            ],
            [
              -1.4835476,
              47.2165592
            ],
            [
              -1.4837822,
              47.2166301
            ],
            [
              -1.4843119,
              47.2165979
            ],
            [
              -1.4849493,
              47.2174055
            ],
            [
              -1.4835783,
              47.218256
            ],
            [
              -1.4834047,
              47.2184056
            ],
            [
              -1.4824324,
              47.2192435
            ],
            [
              -1.4812179,
              47.2210449
            ],
            [
              -1.4811461,
              47.2221695
            ],
            [
              -1.4800102,
              47.2243653
            ],
            [
              -1.4809876,
              47.2263357
            ],
            [
              -1.481906,
              47.225791
            ],
            [
              -1.4831259,
              47.2251809
            ],
            [
              -1.4843974,
              47.2246727
            ],
            [
              -1.485796,
              47.2242395
            ],
            [
              -1.4873664,
              47.2237673
            ],
            [
              -1.4890881,
              47.2232591
            ],
            [
              -1.4904905,
              47.2229231
            ],
            [
              -1.491362,
              47.2227222
            ],
            [
              -1.4917881,
              47.2226317
            ],
            [
              -1.4936213,
              47.2220462
            ],
            [
              -1.4956774,
              47.221361
            ],
            [
              -1.4970503,
              47.2208721
            ],
            [
              -1.4986851,
              47.2202323
            ],
            [
              -1.5005875,
              47.2197647
            ],
            [
              -1.5024674,
              47.2191632
            ],
            [
              -1.5035147,
              47.2188498
            ],
            [
              -1.5061617,
              47.2183727
            ],
            [
              -1.5079782,
              47.2179079
            ],
            [
              -1.5109554,
              47.2169899
            ],
            [
              -1.5119391,
              47.2157385
            ],
            [
              -1.5142467,
              47.2134897
            ],
            [
              -1.5150746,
              47.2129098
            ],
            [
              -1.5157109,
              47.2124633
            ]
          ]
        ]
      },
      "id": "relation/10481970"
    },
    {
      "type": "Feature",
      "properties": {
        "@id": "relation/10481979",
        "admin_level": "8",
        "boundary": "religious_administration",
        "denomination": "catholic",
        "name": "Paroisse Sainte-Marie-de-Doulon",
        "name:br": "Parrez Itron-Varia-Doulon",
        "religion": "christian",
        "type": "boundary",
        "website": "https://saintemarie-doulon.org/"
      },
      "geometry": {
        "type": "Polygon",
        "coordinates": [
          [
            [
              -1.5219055,
              47.2480606
            ],
            [
              -1.5219465,
              47.2480269
            ],
            [
              -1.5219864,
              47.2479941
            ],
            [
              -1.5220749,
              47.2479215
            ],
            [
              -1.5221382,
              47.2478696
            ],
            [
              -1.5223391,
              47.2476939
            ],
            [
              -1.5223976,
              47.2476428
            ],
            [
              -1.5225305,
              47.2475266
            ],
            [
              -1.5227402,
              47.2473433
            ],
            [
              -1.5235946,
              47.2465717
            ],
            [
              -1.5238334,
              47.2463561
            ],
            [
              -1.5242943,
              47.2459399
            ],
            [
              -1.5246207,
              47.2456451
            ],
            [
              -1.5248667,
              47.2454307
            ],
            [
              -1.5255324,
              47.2448505
            ],
            [
              -1.526294,
              47.2441866
            ],
            [
              -1.5269767,
              47.24356
            ],
            [
              -1.527019,
              47.2435212
            ],
            [
              -1.5271288,
              47.2434172
            ],
            [
              -1.5271916,
              47.2433577
            ],
            [
              -1.5272452,
              47.2433118
            ],
            [
              -1.5273138,
              47.2432467
            ],
            [
              -1.5273691,
              47.2432543
            ],
            [
              -1.5274105,
              47.2432504
            ],
            [
              -1.5274407,
              47.2432365
            ],
            [
              -1.527466,
              47.2432171
            ],
            [
              -1.5274859,
              47.2431977
            ],
            [
              -1.5274988,
              47.2431768
            ],
            [
              -1.5275002,
              47.243154
            ],
            [
              -1.5275527,
              47.2431183
            ],
            [
              -1.5276196,
              47.2430729
            ],
            [
              -1.5277262,
              47.2429668
            ],
            [
              -1.5279782,
              47.2427438
            ],
            [
              -1.528076,
              47.2426792
            ],
            [
              -1.5281013,
              47.2426625
            ],
            [
              -1.5281981,
              47.2426051
            ],
            [
              -1.5283166,
              47.2424372
            ],
            [
              -1.5283542,
              47.2423937
            ],
            [
              -1.5284268,
              47.242325
            ],
            [
              -1.5288981,
              47.2419062
            ],
            [
              -1.5289491,
              47.2418635
            ],
            [
              -1.5291858,
              47.2416544
            ],
            [
              -1.5292378,
              47.2416117
            ],
            [
              -1.5294159,
              47.2414654
            ],
            [
              -1.5300487,
              47.2409062
            ],
            [
              -1.5300885,
              47.2408709
            ],
            [
              -1.5301092,
              47.240852
            ],
            [
              -1.5301352,
              47.2408263
            ],
            [
              -1.5301533,
              47.2407962
            ],
            [
              -1.5301594,
              47.2407861
            ],
            [
              -1.5301989,
              47.2407137
            ],
            [
              -1.530126,
              47.2406894
            ],
            [
              -1.5301025,
              47.2406681
            ],
            [
              -1.5300617,
              47.2406312
            ],
            [
              -1.5299522,
              47.2405858
            ],
            [
              -1.5295764,
              47.2404188
            ],
            [
              -1.5293714,
              47.2402966
            ],
            [
              -1.5291841,
              47.2401527
            ],
            [
              -1.5291261,
              47.2401782
            ],
            [
              -1.5290539,
              47.2402081
            ],
            [
              -1.52898,
              47.2402067
            ],
            [
              -1.5286124,
              47.2401415
            ],
            [
              -1.5282381,
              47.2400761
            ],
            [
              -1.5280195,
              47.2400472
            ],
            [
              -1.5277951,
              47.2400201
            ],
            [
              -1.5274108,
              47.2399679
            ],
            [
              -1.5272463,
              47.2399399
            ],
            [
              -1.5269646,
              47.2398797
            ],
            [
              -1.5266377,
              47.2398122
            ],
            [
              -1.526514,
              47.2397866
            ],
            [
              -1.5260942,
              47.2397009
            ],
            [
              -1.5259994,
              47.239679
            ],
            [
              -1.5257065,
              47.2395636
            ],
            [
              -1.5252445,
              47.2393823
            ],
            [
              -1.525038,
              47.2393008
            ],
            [
              -1.5249447,
              47.2392642
            ],
            [
              -1.5246479,
              47.2391474
            ],
            [
              -1.5246043,
              47.23913
            ],
            [
              -1.5245554,
              47.2391223
            ],
            [
              -1.5245935,
              47.239032
            ],
            [
              -1.5247595,
              47.2387642
            ],
            [
              -1.524946,
              47.2384675
            ],
            [
              -1.5250082,
              47.2383783
            ],
            [
              -1.5250319,
              47.2383386
            ],
            [
              -1.5251212,
              47.238203
            ],
            [
              -1.5252895,
              47.237942
            ],
            [
              -1.5254056,
              47.2377649
            ],
            [
              -1.5254327,
              47.237724
            ],
            [
              -1.5254536,
              47.2376873
            ],
            [
              -1.5253611,
              47.2376366
            ],
            [
              -1.5252853,
              47.2375837
            ],
            [
              -1.5252597,
              47.2375613
            ],
            [
              -1.5252317,
              47.2375367
            ],
            [
              -1.5251492,
              47.2374642
            ],
            [
              -1.5250275,
              47.2374349
            ],
            [
              -1.5249788,
              47.2374246
            ],
            [
              -1.5248683,
              47.2374011
            ],
            [
              -1.5248048,
              47.2373147
            ],
            [
              -1.5247879,
              47.2372859
            ],
            [
              -1.5247719,
              47.2372619
            ],
            [
              -1.5247371,
              47.2372278
            ],
            [
              -1.5246909,
              47.237191
            ],
            [
              -1.523714,
              47.236586
            ],
            [
              -1.5234409,
              47.2364159
            ],
            [
              -1.523301,
              47.2363439
            ],
            [
              -1.5231379,
              47.2362632
            ],
            [
              -1.5230003,
              47.2361988
            ],
            [
              -1.5229193,
              47.2361552
            ],
            [
              -1.5228393,
              47.2361184
            ],
            [
              -1.5228145,
              47.2361054
            ],
            [
              -1.5225784,
              47.2359903
            ],
            [
              -1.5223016,
              47.2358632
            ],
            [
              -1.5219381,
              47.2356834
            ],
            [
              -1.5217539,
              47.2356141
            ],
            [
              -1.5216894,
              47.2355932
            ],
            [
              -1.5215411,
              47.2355517
            ],
            [
              -1.5214649,
              47.2355351
            ],
            [
              -1.5214062,
              47.235526
            ],
            [
              -1.5213594,
              47.2355208
            ],
            [
              -1.5212504,
              47.2355104
            ],
            [
              -1.5211283,
              47.2355025
            ],
            [
              -1.5210117,
              47.2354968
            ],
            [
              -1.5209372,
              47.2354994
            ],
            [
              -1.520824,
              47.2355068
            ],
            [
              -1.5200038,
              47.2355778
            ],
            [
              -1.519563,
              47.2356173
            ],
            [
              -1.5194674,
              47.2356197
            ],
            [
              -1.5194196,
              47.2356101
            ],
            [
              -1.519318,
              47.2355934
            ],
            [
              -1.5191772,
              47.235559
            ],
            [
              -1.5193407,
              47.2354223
            ],
            [
              -1.5193747,
              47.2353939
            ],
            [
              -1.5195414,
              47.2352544
            ],
            [
              -1.5198477,
              47.2349872
            ],
            [
              -1.5202488,
              47.2346236
            ],
            [
              -1.5203541,
              47.2345281
            ],
            [
              -1.5206587,
              47.2342276
            ],
            [
              -1.5207294,
              47.2341584
            ],
            [
              -1.5210407,
              47.233863
            ],
            [
              -1.5212224,
              47.2336702
            ],
            [
              -1.5213386,
              47.2335398
            ],
            [
              -1.5214483,
              47.2333833
            ],
            [
              -1.5215161,
              47.2332867
            ],
            [
              -1.5216558,
              47.2330662
            ],
            [
              -1.5216818,
              47.2330251
            ],
            [
              -1.5217415,
              47.2329266
            ],
            [
              -1.5218523,
              47.2327587
            ],
            [
              -1.5219194,
              47.2326584
            ],
            [
              -1.5219324,
              47.2326387
            ],
            [
              -1.5219477,
              47.2326155
            ],
            [
              -1.522243,
              47.2321652
            ],
            [
              -1.5224734,
              47.2318153
            ],
            [
              -1.5226785,
              47.2315042
            ],
            [
              -1.5227224,
              47.2314372
            ],
            [
              -1.5227485,
              47.2313976
            ],
            [
              -1.5228255,
              47.2313031
            ],
            [
              -1.5231493,
              47.2308469
            ],
            [
              -1.5232527,
              47.2307591
            ],
            [
              -1.5233695,
              47.2306792
            ],
            [
              -1.5238128,
              47.2303378
            ],
            [
              -1.5239189,
              47.2302571
            ],
            [
              -1.5240014,
              47.2301948
            ],
            [
              -1.5242487,
              47.2299982
            ],
            [
              -1.5247011,
              47.2296441
            ],
            [
              -1.5247568,
              47.2296007
            ],
            [
              -1.5248625,
              47.229517
            ],
            [
              -1.5250092,
              47.2294008
            ],
            [
              -1.525403,
              47.2290834
            ],
            [
              -1.5256237,
              47.2289301
            ],
            [
              -1.5261304,
              47.2285733
            ],
            [
              -1.5261533,
              47.2285572
            ],
            [
              -1.5261735,
              47.2285429
            ],
            [
              -1.5263011,
              47.2284541
            ],
            [
              -1.5264354,
              47.2283609
            ],
            [
              -1.5264971,
              47.2283181
            ],
            [
              -1.5267063,
              47.2281796
            ],
            [
              -1.5268388,
              47.2280931
            ],
            [
              -1.5274832,
              47.2276613
            ],
            [
              -1.5275273,
              47.2276321
            ],
            [
              -1.5280442,
              47.2272235
            ],
            [
              -1.5281827,
              47.2271149
            ],
            [
              -1.5282875,
              47.2270264
            ],
            [
              -1.5284018,
              47.2268896
            ],
            [
              -1.5285185,
              47.2267589
            ],
            [
              -1.5286942,
              47.2265772
            ],
            [
              -1.5287163,
              47.2265522
            ],
            [
              -1.52878,
              47.2264752
            ],
            [
              -1.5288259,
              47.2264082
            ],
            [
              -1.5288911,
              47.2263077
            ],
            [
              -1.5289457,
              47.2262068
            ],
            [
              -1.529009,
              47.2262186
            ],
            [
              -1.5290356,
              47.226224
            ],
            [
              -1.5290622,
              47.2262294
            ],
            [
              -1.5290989,
              47.2262308
            ],
            [
              -1.5291321,
              47.2262266
            ],
            [
              -1.5291696,
              47.2262166
            ],
            [
              -1.5292078,
              47.2261924
            ],
            [
              -1.5293379,
              47.2260886
            ],
            [
              -1.5296551,
              47.225834
            ],
            [
              -1.5297664,
              47.2257566
            ],
            [
              -1.5299059,
              47.2256624
            ],
            [
              -1.5304139,
              47.2253341
            ],
            [
              -1.5304651,
              47.2252789
            ],
            [
              -1.5305045,
              47.2252083
            ],
            [
              -1.5306055,
              47.2251904
            ],
            [
              -1.5306329,
              47.2251856
            ],
            [
              -1.5307192,
              47.2251703
            ],
            [
              -1.5307715,
              47.2250994
            ],
            [
              -1.5308031,
              47.22506
            ],
            [
              -1.5308682,
              47.2249901
            ],
            [
              -1.531081,
              47.2247447
            ],
            [
              -1.5311663,
              47.2246774
            ],
            [
              -1.5315138,
              47.2244034
            ],
            [
              -1.531556,
              47.2243702
            ],
            [
              -1.5315652,
              47.2243629
            ],
            [
              -1.5315913,
              47.2243423
            ],
            [
              -1.5319666,
              47.224107
            ],
            [
              -1.5322632,
              47.223924
            ],
            [
              -1.5323155,
              47.223894
            ],
            [
              -1.5323647,
              47.2238635
            ],
            [
              -1.5332124,
              47.223338
            ],
            [
              -1.5333329,
              47.2232679
            ],
            [
              -1.5336734,
              47.2230669
            ],
            [
              -1.533964,
              47.2228954
            ],
            [
              -1.5342862,
              47.2226915
            ],
            [
              -1.5346907,
              47.2224356
            ],
            [
              -1.5353787,
              47.2220003
            ],
            [
              -1.5354549,
              47.2219476
            ],
            [
              -1.5354355,
              47.2219328
            ],
            [
              -1.5354022,
              47.2219079
            ],
            [
              -1.5353758,
              47.2218921
            ],
            [
              -1.5352171,
              47.2218511
            ],
            [
              -1.5338648,
              47.2215021
            ],
            [
              -1.5338977,
              47.2213386
            ],
            [
              -1.5339266,
              47.2211955
            ],
            [
              -1.534496,
              47.2209862
            ],
            [
              -1.5347865,
              47.2208737
            ],
            [
              -1.5349567,
              47.2208107
            ],
            [
              -1.535171,
              47.2207334
            ],
            [
              -1.5353422,
              47.2206668
            ],
            [
              -1.5352449,
              47.2205476
            ],
            [
              -1.5352051,
              47.2204994
            ],
            [
              -1.535168,
              47.2204575
            ],
            [
              -1.5350438,
              47.2203176
            ],
            [
              -1.5349736,
              47.2202553
            ],
            [
              -1.5349091,
              47.2201783
            ],
            [
              -1.5348426,
              47.2201076
            ],
            [
              -1.5348153,
              47.2200814
            ],
            [
              -1.5344574,
              47.2196804
            ],
            [
              -1.5343699,
              47.2195569
            ],
            [
              -1.5343572,
              47.2195271
            ],
            [
              -1.5343344,
              47.2194694
            ],
            [
              -1.5343995,
              47.2194578
            ],
            [
              -1.5344164,
              47.2194546
            ],
            [
              -1.5346334,
              47.2194119
            ],
            [
              -1.5346527,
              47.2194082
            ],
            [
              -1.5347554,
              47.2193885
            ],
            [
              -1.5348786,
              47.2193649
            ],
            [
              -1.5349199,
              47.219357
            ],
            [
              -1.5355913,
              47.2192267
            ],
            [
              -1.5363813,
              47.219073
            ],
            [
              -1.5369498,
              47.2189643
            ],
            [
              -1.5372993,
              47.2188976
            ],
            [
              -1.5377029,
              47.2188186
            ],
            [
              -1.5382517,
              47.2187113
            ],
            [
              -1.5382865,
              47.2187051
            ],
            [
              -1.5383125,
              47.2187009
            ],
            [
              -1.538431,
              47.2186772
            ],
            [
              -1.5385472,
              47.2186566
            ],
            [
              -1.5386394,
              47.2186384
            ],
            [
              -1.5387036,
              47.2186252
            ],
            [
              -1.538723,
              47.2186212
            ],
            [
              -1.5391223,
              47.2185424
            ],
            [
              -1.5396772,
              47.2184491
            ],
            [
              -1.5404421,
              47.2182997
            ],
            [
              -1.5417747,
              47.2180557
            ],
            [
              -1.5419793,
              47.2180214
            ],
            [
              -1.5423444,
              47.2179427
            ],
            [
              -1.5429255,
              47.2178316
            ],
            [
              -1.5430752,
              47.2178127
            ],
            [
              -1.5433582,
              47.2177705
            ],
            [
              -1.543691,
              47.2176948
            ],
            [
              -1.5439753,
              47.2176269
            ],
            [
              -1.5441035,
              47.2175893
            ],
            [
              -1.5441959,
              47.2175519
            ],
            [
              -1.544658,
              47.2173609
            ],
            [
              -1.5449826,
              47.2172361
            ],
            [
              -1.5449873,
              47.2172343
            ],
            [
              -1.5454345,
              47.2170557
            ],
            [
              -1.5460517,
              47.2168003
            ],
            [
              -1.546571,
              47.2165876
            ],
            [
              -1.5467452,
              47.2165093
            ],
            [
              -1.546807,
              47.2164771
            ],
            [
              -1.5468541,
              47.2164419
            ],
            [
              -1.5468525,
              47.2163944
            ],
            [
              -1.546885,
              47.2159842
            ],
            [
              -1.5468876,
              47.2159564
            ],
            [
              -1.5468863,
              47.2159291
            ],
            [
              -1.5468576,
              47.2158831
            ],
            [
              -1.5467971,
              47.2158085
            ],
            [
              -1.5467418,
              47.2157391
            ],
            [
              -1.5466806,
              47.2156646
            ],
            [
              -1.5466105,
              47.215578
            ],
            [
              -1.5464988,
              47.2156178
            ],
            [
              -1.5463256,
              47.2156809
            ],
            [
              -1.5460169,
              47.2157981
            ],
            [
              -1.5458061,
              47.2158808
            ],
            [
              -1.5455109,
              47.215796
            ],
            [
              -1.5450918,
              47.2156961
            ],
            [
              -1.544326,
              47.2155256
            ],
            [
              -1.5441887,
              47.2154713
            ],
            [
              -1.5439701,
              47.2153623
            ],
            [
              -1.5387167,
              47.2112354
            ],
            [
              -1.5369623,
              47.2115102
            ],
            [
              -1.5353524,
              47.2117657
            ],
            [
              -1.534206,
              47.2118764
            ],
            [
              -1.5308899,
              47.2122723
            ],
            [
              -1.5274656,
              47.2127476
            ],
            [
              -1.5238196,
              47.2135352
            ],
            [
              -1.5210685,
              47.2143205
            ],
            [
              -1.5174542,
              47.2155505
            ],
            [
              -1.5149187,
              47.2164508
            ],
            [
              -1.5109554,
              47.2169899
            ],
            [
              -1.5079782,
              47.2179079
            ],
            [
              -1.5061617,
              47.2183727
            ],
            [
              -1.5035147,
              47.2188498
            ],
            [
              -1.5024674,
              47.2191632
            ],
            [
              -1.5005875,
              47.2197647
            ],
            [
              -1.4986851,
              47.2202323
            ],
            [
              -1.4970503,
              47.2208721
            ],
            [
              -1.4956774,
              47.221361
            ],
            [
              -1.4936213,
              47.2220462
            ],
            [
              -1.4917881,
              47.2226317
            ],
            [
              -1.491362,
              47.2227222
            ],
            [
              -1.4904905,
              47.2229231
            ],
            [
              -1.4890881,
              47.2232591
            ],
            [
              -1.4873664,
              47.2237673
            ],
            [
              -1.485796,
              47.2242395
            ],
            [
              -1.4843974,
              47.2246727
            ],
            [
              -1.4831259,
              47.2251809
            ],
            [
              -1.481906,
              47.225791
            ],
            [
              -1.4809876,
              47.2263357
            ],
            [
              -1.4790623,
              47.2276656
            ],
            [
              -1.4788443,
              47.227815
            ],
            [
              -1.4800319,
              47.2289083
            ],
            [
              -1.4802329,
              47.2290933
            ],
            [
              -1.4804201,
              47.2292657
            ],
            [
              -1.4807971,
              47.2296196
            ],
            [
              -1.4825068,
              47.2310979
            ],
            [
              -1.4832175,
              47.231791
            ],
            [
              -1.4834683,
              47.2320163
            ],
            [
              -1.4843483,
              47.2328631
            ],
            [
              -1.4845414,
              47.233013
            ],
            [
              -1.4858514,
              47.2343133
            ],
            [
              -1.4858627,
              47.2346362
            ],
            [
              -1.4858197,
              47.2348668
            ],
            [
              -1.4858287,
              47.2349637
            ],
            [
              -1.4858536,
              47.2351005
            ],
            [
              -1.4860144,
              47.2355064
            ],
            [
              -1.4859555,
              47.2358293
            ],
            [
              -1.4860167,
              47.2361014
            ],
            [
              -1.4860416,
              47.2361322
            ],
            [
              -1.4863427,
              47.2362352
            ],
            [
              -1.4864242,
              47.2362828
            ],
            [
              -1.4865488,
              47.2365288
            ],
            [
              -1.4866575,
              47.2366764
            ],
            [
              -1.4867548,
              47.2368778
            ],
            [
              -1.4870783,
              47.2371423
            ],
            [
              -1.4872922,
              47.2373139
            ],
            [
              -1.4873126,
              47.2374369
            ],
            [
              -1.4873068,
              47.2375701
            ],
            [
              -1.4872476,
              47.2377995
            ],
            [
              -1.4871843,
              47.2379019
            ],
            [
              -1.4870887,
              47.2379997
            ],
            [
              -1.4869972,
              47.238113
            ],
            [
              -1.4868881,
              47.2382895
            ],
            [
              -1.4867629,
              47.238497
            ],
            [
              -1.4867077,
              47.2386048
            ],
            [
              -1.486736,
              47.2386761
            ],
            [
              -1.4868024,
              47.2389155
            ],
            [
              -1.4868433,
              47.2390372
            ],
            [
              -1.4881872,
              47.2397825
            ],
            [
              -1.4885663,
              47.2401228
            ],
            [
              -1.4876027,
              47.2403086
            ],
            [
              -1.4871119,
              47.2403504
            ],
            [
              -1.4871973,
              47.2406373
            ],
            [
              -1.486912,
              47.2408241
            ],
            [
              -1.4868028,
              47.2409036
            ],
            [
              -1.486655,
              47.2410439
            ],
            [
              -1.4865684,
              47.2411677
            ],
            [
              -1.4863878,
              47.241557
            ],
            [
              -1.4862661,
              47.2418195
            ],
            [
              -1.4862333,
              47.2419171
            ],
            [
              -1.4862157,
              47.242017
            ],
            [
              -1.4862157,
              47.2420981
            ],
            [
              -1.4862418,
              47.2421957
            ],
            [
              -1.4862722,
              47.2422646
            ],
            [
              -1.4864631,
              47.2427368
            ],
            [
              -1.4865033,
              47.2428767
            ],
            [
              -1.4865191,
              47.242969
            ],
            [
              -1.4865135,
              47.2431423
            ],
            [
              -1.4865056,
              47.2434997
            ],
            [
              -1.4864801,
              47.2436865
            ],
            [
              -1.4864376,
              47.2440212
            ],
            [
              -1.4864178,
              47.2441319
            ],
            [
              -1.486417,
              47.2441778
            ],
            [
              -1.4864861,
              47.2442028
            ],
            [
              -1.4865348,
              47.2442078
            ],
            [
              -1.4865868,
              47.2442112
            ],
            [
              -1.4867233,
              47.2442074
            ],
            [
              -1.4867867,
              47.2442147
            ],
            [
              -1.4867884,
              47.2442858
            ],
            [
              -1.4868127,
              47.2443035
            ],
            [
              -1.4868727,
              47.2443569
            ],
            [
              -1.4868869,
              47.2443726
            ],
            [
              -1.4869152,
              47.2443946
            ],
            [
              -1.4870193,
              47.244448
            ],
            [
              -1.4871133,
              47.2445041
            ],
            [
              -1.487149,
              47.2445191
            ],
            [
              -1.4872854,
              47.244546
            ],
            [
              -1.4873522,
              47.2445971
            ],
            [
              -1.4874603,
              47.2446201
            ],
            [
              -1.4875735,
              47.2446613
            ],
            [
              -1.4875877,
              47.2446601
            ],
            [
              -1.4876335,
              47.2446409
            ],
            [
              -1.48774,
              47.2447135
            ],
            [
              -1.487843,
              47.2447673
            ],
            [
              -1.4879392,
              47.2447911
            ],
            [
              -1.487984,
              47.2448008
            ],
            [
              -1.4880502,
              47.2448549
            ],
            [
              -1.4880853,
              47.2448695
            ],
            [
              -1.4881872,
              47.2448922
            ],
            [
              -1.4882212,
              47.2449141
            ],
            [
              -1.4882823,
              47.2449414
            ],
            [
              -1.4884193,
              47.2449991
            ],
            [
              -1.48846,
              47.2450083
            ],
            [
              -1.4885631,
              47.2450052
            ],
            [
              -1.4886027,
              47.2450225
            ],
            [
              -1.488635,
              47.2450463
            ],
            [
              -1.4886627,
              47.2450824
            ],
            [
              -1.4886882,
              47.2450924
            ],
            [
              -1.4887533,
              47.2451251
            ],
            [
              -1.4887635,
              47.2451305
            ],
            [
              -1.4887963,
              47.2451497
            ],
            [
              -1.4888178,
              47.2451774
            ],
            [
              -1.4888178,
              47.2452012
            ],
            [
              -1.4888382,
              47.245212
            ],
            [
              -1.4888829,
              47.2452193
            ],
            [
              -1.4889265,
              47.2452304
            ],
            [
              -1.488952,
              47.2452481
            ],
            [
              -1.4889667,
              47.2452757
            ],
            [
              -1.4890052,
              47.2452915
            ],
            [
              -1.4890448,
              47.2453222
            ],
            [
              -1.4890607,
              47.2453591
            ],
            [
              -1.4890918,
              47.2454022
            ],
            [
              -1.4891354,
              47.2454621
            ],
            [
              -1.4891592,
              47.245474
            ],
            [
              -1.4891909,
              47.245476
            ],
            [
              -1.4892141,
              47.2454783
            ],
            [
              -1.4892237,
              47.2454867
            ],
            [
              -1.4892271,
              47.2455109
            ],
            [
              -1.4892378,
              47.2455321
            ],
            [
              -1.4892667,
              47.2455517
            ],
            [
              -1.4893296,
              47.2455813
            ],
            [
              -1.4895866,
              47.245763
            ],
            [
              -1.4896732,
              47.2458115
            ],
            [
              -1.4897224,
              47.2458672
            ],
            [
              -1.4898045,
              47.2459071
            ],
            [
              -1.4898985,
              47.245931
            ],
            [
              -1.4899551,
              47.2459863
            ],
            [
              -1.4899777,
              47.2459917
            ],
            [
              -1.490083,
              47.2459975
            ],
            [
              -1.490156,
              47.2460386
            ],
            [
              -1.4902491,
              47.246115
            ],
            [
              -1.4903763,
              47.2462211
            ],
            [
              -1.4905178,
              47.2463145
            ],
            [
              -1.4906276,
              47.2464209
            ],
            [
              -1.4906599,
              47.2464913
            ],
            [
              -1.4907793,
              47.2466027
            ],
            [
              -1.4909508,
              47.2467964
            ],
            [
              -1.4909956,
              47.2468536
            ],
            [
              -1.4911122,
              47.2470285
            ],
            [
              -1.4912494,
              47.2471827
            ],
            [
              -1.4913901,
              47.2473182
            ],
            [
              -1.4914235,
              47.2473413
            ],
            [
              -1.4914518,
              47.2473551
            ],
            [
              -1.4914881,
              47.2473536
            ],
            [
              -1.4915079,
              47.2473428
            ],
            [
              -1.4915503,
              47.2473332
            ],
            [
              -1.4915933,
              47.2473432
            ],
            [
              -1.4917552,
              47.2474576
            ],
            [
              -1.4920145,
              47.2476691
            ],
            [
              -1.4925489,
              47.2481195
            ],
            [
              -1.4925834,
              47.2481506
            ],
            [
              -1.4927935,
              47.2483992
            ],
            [
              -1.4927026,
              47.2484598
            ],
            [
              -1.4926253,
              47.2485114
            ],
            [
              -1.4925681,
              47.2485389
            ],
            [
              -1.4923785,
              47.2486298
            ],
            [
              -1.4924751,
              47.2487982
            ],
            [
              -1.4925716,
              47.2489664
            ],
            [
              -1.4927782,
              47.2493374
            ],
            [
              -1.4928342,
              47.2494379
            ],
            [
              -1.4931065,
              47.2499113
            ],
            [
              -1.4932928,
              47.2502044
            ],
            [
              -1.4933007,
              47.2502168
            ],
            [
              -1.4934847,
              47.2505146
            ],
            [
              -1.4936471,
              47.2504739
            ],
            [
              -1.4937049,
              47.2504704
            ],
            [
              -1.4938566,
              47.2504988
            ],
            [
              -1.4939211,
              47.2505038
            ],
            [
              -1.4940122,
              47.2505177
            ],
            [
              -1.4941543,
              47.2505223
            ],
            [
              -1.4942098,
              47.2505346
            ],
            [
              -1.4943389,
              47.2505427
            ],
            [
              -1.4948416,
              47.2505842
            ],
            [
              -1.4952656,
              47.2506214
            ],
            [
              -1.4954716,
              47.2507997
            ],
            [
              -1.4955984,
              47.2508866
            ],
            [
              -1.4956081,
              47.2509423
            ],
            [
              -1.4956398,
              47.2510057
            ],
            [
              -1.4956816,
              47.2510641
            ],
            [
              -1.4957388,
              47.2511156
            ],
            [
              -1.4957977,
              47.2511847
            ],
            [
              -1.4958696,
              47.2513454
            ],
            [
              -1.4959036,
              47.2514268
            ],
            [
              -1.4959834,
              47.2514879
            ],
            [
              -1.4959953,
              47.2515175
            ],
            [
              -1.4960021,
              47.2515544
            ],
            [
              -1.49598,
              47.2515986
            ],
            [
              -1.495903,
              47.2516458
            ],
            [
              -1.4959171,
              47.2517377
            ],
            [
              -1.4959687,
              47.2517942
            ],
            [
              -1.4960456,
              47.2519129
            ],
            [
              -1.4960485,
              47.2519751
            ],
            [
              -1.4960972,
              47.252062
            ],
            [
              -1.4960773,
              47.2521227
            ],
            [
              -1.4960858,
              47.2521419
            ],
            [
              -1.4961062,
              47.2521684
            ],
            [
              -1.4961249,
              47.2521776
            ],
            [
              -1.4962081,
              47.2522022
            ],
            [
              -1.4962234,
              47.2522195
            ],
            [
              -1.4963321,
              47.2522349
            ],
            [
              -1.4963559,
              47.2523475
            ],
            [
              -1.4963502,
              47.2523917
            ],
            [
              -1.4963468,
              47.2524612
            ],
            [
              -1.4963536,
              47.2524904
            ],
            [
              -1.4964362,
              47.2525577
            ],
            [
              -1.4964232,
              47.2526068
            ],
            [
              -1.4964453,
              47.2526749
            ],
            [
              -1.4964317,
              47.2527037
            ],
            [
              -1.4964515,
              47.2527394
            ],
            [
              -1.4964572,
              47.2527828
            ],
            [
              -1.4965914,
              47.2529223
            ],
            [
              -1.4965551,
              47.2529669
            ],
            [
              -1.4965546,
              47.2530729
            ],
            [
              -1.4965919,
              47.2530968
            ],
            [
              -1.4966582,
              47.2530968
            ],
            [
              -1.4966717,
              47.2531221
            ],
            [
              -1.4966638,
              47.2531379
            ],
            [
              -1.4966089,
              47.2531813
            ],
            [
              -1.4966265,
              47.253237
            ],
            [
              -1.4966859,
              47.2532624
            ],
            [
              -1.4966842,
              47.2533127
            ],
            [
              -1.4966961,
              47.2533565
            ],
            [
              -1.4966548,
              47.2534322
            ],
            [
              -1.4966565,
              47.2534595
            ],
            [
              -1.4966978,
              47.2534894
            ],
            [
              -1.4967668,
              47.2534937
            ],
            [
              -1.4968008,
              47.2535317
            ],
            [
              -1.4968693,
              47.2538026
            ],
            [
              -1.4968518,
              47.2538837
            ],
            [
              -1.4968467,
              47.2539674
            ],
            [
              -1.4968625,
              47.2539966
            ],
            [
              -1.4969163,
              47.2540224
            ],
            [
              -1.496948,
              47.2540401
            ],
            [
              -1.4969537,
              47.2540646
            ],
            [
              -1.496952,
              47.2541596
            ],
            [
              -1.4969355,
              47.2542122
            ],
            [
              -1.4970063,
              47.2543428
            ],
            [
              -1.4970425,
              47.2544151
            ],
            [
              -1.4971218,
              47.2545622
            ],
            [
              -1.4971444,
              47.2545991
            ],
            [
              -1.4971246,
              47.2546283
            ],
            [
              -1.4971291,
              47.2546859
            ],
            [
              -1.4971212,
              47.2547547
            ],
            [
              -1.4971025,
              47.2548473
            ],
            [
              -1.4970855,
              47.2548685
            ],
            [
              -1.4970216,
              47.2548919
            ],
            [
              -1.496905,
              47.2549242
            ],
            [
              -1.496901,
              47.2549691
            ],
            [
              -1.4969282,
              47.2550002
            ],
            [
              -1.4969316,
              47.2550548
            ],
            [
              -1.4969276,
              47.2551132
            ],
            [
              -1.4969191,
              47.2551609
            ],
            [
              -1.4969412,
              47.2553372
            ],
            [
              -1.4969712,
              47.2554513
            ],
            [
              -1.4969667,
              47.2555727
            ],
            [
              -1.4968976,
              47.2556258
            ],
            [
              -1.4968919,
              47.2556696
            ],
            [
              -1.4968823,
              47.2556895
            ],
            [
              -1.4967719,
              47.2558598
            ],
            [
              -1.4967068,
              47.2559816
            ],
            [
              -1.4966593,
              47.2560834
            ],
            [
              -1.4966474,
              47.2561349
            ],
            [
              -1.4966332,
              47.256252
            ],
            [
              -1.4966474,
              47.2563423
            ],
            [
              -1.4966502,
              47.2564215
            ],
            [
              -1.4966451,
              47.2564491
            ],
            [
              -1.49664,
              47.2565141
            ],
            [
              -1.4966027,
              47.2565475
            ],
            [
              -1.4965642,
              47.2565775
            ],
            [
              -1.4965381,
              47.256612
            ],
            [
              -1.4965308,
              47.2566731
            ],
            [
              -1.4965155,
              47.2567319
            ],
            [
              -1.4965212,
              47.2567673
            ],
            [
              -1.4965472,
              47.2567995
            ],
            [
              -1.4965659,
              47.256833
            ],
            [
              -1.4965647,
              47.2568741
            ],
            [
              -1.4965342,
              47.2569121
            ],
            [
              -1.4964759,
              47.2569356
            ],
            [
              -1.4964057,
              47.2569206
            ],
            [
              -1.4963185,
              47.2568871
            ],
            [
              -1.4962551,
              47.2568787
            ],
            [
              -1.4959511,
              47.2571553
            ],
            [
              -1.495689,
              47.2573728
            ],
            [
              -1.4956499,
              47.2574024
            ],
            [
              -1.495586,
              47.2574619
            ],
            [
              -1.4954133,
              47.2575856
            ],
            [
              -1.4952005,
              47.2577255
            ],
            [
              -1.4951512,
              47.2577727
            ],
            [
              -1.4950788,
              47.2578561
            ],
            [
              -1.4949984,
              47.2579491
            ],
            [
              -1.4949593,
              47.2579602
            ],
            [
              -1.4949452,
              47.2580063
            ],
            [
              -1.4948857,
              47.2581485
            ],
            [
              -1.494846,
              47.2582209
            ],
            [
              -1.4947148,
              47.2584601
            ],
            [
              -1.4944119,
              47.2585604
            ],
            [
              -1.4942857,
              47.2586092
            ],
            [
              -1.4942432,
              47.2586587
            ],
            [
              -1.4942121,
              47.2587187
            ],
            [
              -1.4942025,
              47.2587966
            ],
            [
              -1.4941787,
              47.2589492
            ],
            [
              -1.4941968,
              47.2590345
            ],
            [
              -1.4942042,
              47.2591766
            ],
            [
              -1.4941832,
              47.2594352
            ],
            [
              -1.4941543,
              47.2595908
            ],
            [
              -1.4941402,
              47.2599419
            ],
            [
              -1.4941256,
              47.2600121
            ],
            [
              -1.4940853,
              47.2602251
            ],
            [
              -1.4940666,
              47.2603092
            ],
            [
              -1.4940762,
              47.2604099
            ],
            [
              -1.4941758,
              47.2608974
            ],
            [
              -1.4942645,
              47.2611195
            ],
            [
              -1.494278,
              47.2613082
            ],
            [
              -1.4944882,
              47.2616204
            ],
            [
              -1.4949424,
              47.2620866
            ],
            [
              -1.4950009,
              47.2621209
            ],
            [
              -1.4951666,
              47.2622883
            ],
            [
              -1.4952859,
              47.2624004
            ],
            [
              -1.4956965,
              47.2622031
            ],
            [
              -1.4963131,
              47.2619079
            ],
            [
              -1.4967839,
              47.2616826
            ],
            [
              -1.4974274,
              47.2613923
            ],
            [
              -1.497702,
              47.2612677
            ],
            [
              -1.498049,
              47.2611108
            ],
            [
              -1.499271,
              47.2605589
            ],
            [
              -1.499589,
              47.2604155
            ],
            [
              -1.4999807,
              47.2602389
            ],
            [
              -1.50015,
              47.260162
            ],
            [
              -1.5004319,
              47.2600395
            ],
            [
              -1.5004609,
              47.2600695
            ],
            [
              -1.5007337,
              47.2599641
            ],
            [
              -1.5007134,
              47.2599361
            ],
            [
              -1.5007526,
              47.2599197
            ],
            [
              -1.5011125,
              47.259792
            ],
            [
              -1.5011881,
              47.2597611
            ],
            [
              -1.5012447,
              47.2597352
            ],
            [
              -1.5013266,
              47.259706
            ],
            [
              -1.501422,
              47.259674
            ],
            [
              -1.501578,
              47.2596158
            ],
            [
              -1.5015749,
              47.2596381
            ],
            [
              -1.5017956,
              47.2595532
            ],
            [
              -1.5018396,
              47.2594948
            ],
            [
              -1.501974,
              47.2594409
            ],
            [
              -1.5020047,
              47.2594499
            ],
            [
              -1.5020726,
              47.2594347
            ],
            [
              -1.5020862,
              47.2594934
            ],
            [
              -1.5021632,
              47.2594411
            ],
            [
              -1.5025871,
              47.2592949
            ],
            [
              -1.5032251,
              47.2590694
            ],
            [
              -1.504147,
              47.2587437
            ],
            [
              -1.5044366,
              47.2586393
            ],
            [
              -1.5052117,
              47.2583198
            ],
            [
              -1.5050907,
              47.2581868
            ],
            [
              -1.5056328,
              47.2579726
            ],
            [
              -1.5056129,
              47.2579439
            ],
            [
              -1.5089303,
              47.2566631
            ],
            [
              -1.5097238,
              47.2563475
            ],
            [
              -1.5101567,
              47.2561602
            ],
            [
              -1.5106561,
              47.255926
            ],
            [
              -1.5113263,
              47.2555949
            ],
            [
              -1.512013,
              47.2552291
            ],
            [
              -1.512473,
              47.2549627
            ],
            [
              -1.5127605,
              47.2547954
            ],
            [
              -1.5136269,
              47.2542347
            ],
            [
              -1.5151097,
              47.2533673
            ],
            [
              -1.5154921,
              47.2531418
            ],
            [
              -1.5161648,
              47.2527495
            ],
            [
              -1.5167632,
              47.2523797
            ],
            [
              -1.5172244,
              47.25208
            ],
            [
              -1.5177194,
              47.2516668
            ],
            [
              -1.5182032,
              47.2512446
            ],
            [
              -1.5191651,
              47.250395
            ],
            [
              -1.5192985,
              47.2502303
            ],
            [
              -1.5194137,
              47.2501563
            ],
            [
              -1.5204408,
              47.2492665
            ],
            [
              -1.5210009,
              47.2487643
            ],
            [
              -1.5213021,
              47.2485559
            ],
            [
              -1.5215173,
              47.248383
            ],
            [
              -1.5217042,
              47.2482299
            ],
            [
              -1.5217797,
              47.2481813
            ],
            [
              -1.5219055,
              47.2480606
            ]
          ]
        ]
      },
      "id": "relation/10481979"
    },
    {
      "type": "Feature",
      "properties": {
        "@id": "relation/10481980",
        "admin_level": "8",
        "boundary": "religious_administration",
        "denomination": "catholic",
        "name": "Paroisse Saint-Joseph-et-Saint-Georges",
        "name:br": "Parrez Sant-Jozeb-ha-Sant-Jord",
        "religion": "christian",
        "type": "boundary",
        "website": "https://paroissestjogeo.com/"
      },
      "geometry": {
        "type": "Polygon",
        "coordinates": [
          [
            [
              -1.5377388,
              47.2648129
            ],
            [
              -1.5372992,
              47.2622105
            ],
            [
              -1.5367802,
              47.2610349
            ],
            [
              -1.5364619,
              47.2605892
            ],
            [
              -1.5363128,
              47.2599532
            ],
            [
              -1.5360788,
              47.2594226
            ],
            [
              -1.5363514,
              47.2586282
            ],
            [
              -1.5365307,
              47.2584577
            ],
            [
              -1.5367354,
              47.2582691
            ],
            [
              -1.5373124,
              47.2574999
            ],
            [
              -1.5378797,
              47.2569722
            ],
            [
              -1.5384341,
              47.2565019
            ],
            [
              -1.5388414,
              47.2560387
            ],
            [
              -1.5375576,
              47.2556983
            ],
            [
              -1.5371712,
              47.2556057
            ],
            [
              -1.5367821,
              47.2555244
            ],
            [
              -1.5363836,
              47.2554536
            ],
            [
              -1.5359832,
              47.2553975
            ],
            [
              -1.5356145,
              47.255358
            ],
            [
              -1.5352345,
              47.2553305
            ],
            [
              -1.5344856,
              47.2552892
            ],
            [
              -1.5329858,
              47.2552244
            ],
            [
              -1.5316269,
              47.2551614
            ],
            [
              -1.531285,
              47.2551441
            ],
            [
              -1.5309424,
              47.2551198
            ],
            [
              -1.5302569,
              47.2550687
            ],
            [
              -1.5299108,
              47.2550428
            ],
            [
              -1.5270927,
              47.2548313
            ],
            [
              -1.5256208,
              47.2547205
            ],
            [
              -1.524778,
              47.2546558
            ],
            [
              -1.5241469,
              47.2546059
            ],
            [
              -1.5238022,
              47.2545671
            ],
            [
              -1.5234554,
              47.2545179
            ],
            [
              -1.5228055,
              47.2543955
            ],
            [
              -1.5225028,
              47.2543258
            ],
            [
              -1.5212858,
              47.2539889
            ],
            [
              -1.5206051,
              47.253795
            ],
            [
              -1.5199252,
              47.253599
            ],
            [
              -1.5195882,
              47.253503
            ],
            [
              -1.5193986,
              47.2534523
            ],
            [
              -1.5191507,
              47.2533931
            ],
            [
              -1.5188462,
              47.2533362
            ],
            [
              -1.5185361,
              47.2532855
            ],
            [
              -1.5183239,
              47.2532591
            ],
            [
              -1.5181037,
              47.2532367
            ],
            [
              -1.5178884,
              47.2532195
            ],
            [
              -1.5176695,
              47.2532102
            ],
            [
              -1.5174125,
              47.2532023
            ],
            [
              -1.5170102,
              47.2531975
            ],
            [
              -1.5162399,
              47.2531925
            ],
            [
              -1.5160173,
              47.253186
            ],
            [
              -1.515829,
              47.2531765
            ],
            [
              -1.5154921,
              47.2531418
            ],
            [
              -1.5151097,
              47.2533673
            ],
            [
              -1.5136269,
              47.2542347
            ],
            [
              -1.5127605,
              47.2547954
            ],
            [
              -1.512473,
              47.2549627
            ],
            [
              -1.512013,
              47.2552291
            ],
            [
              -1.5113263,
              47.2555949
            ],
            [
              -1.5106561,
              47.255926
            ],
            [
              -1.5101567,
              47.2561602
            ],
            [
              -1.5097238,
              47.2563475
            ],
            [
              -1.5089303,
              47.2566631
            ],
            [
              -1.5056129,
              47.2579439
            ],
            [
              -1.5056328,
              47.2579726
            ],
            [
              -1.5057493,
              47.2582211
            ],
            [
              -1.5058384,
              47.2584591
            ],
            [
              -1.5059614,
              47.2587748
            ],
            [
              -1.5063153,
              47.2591964
            ],
            [
              -1.506163,
              47.2592582
            ],
            [
              -1.5062144,
              47.2593712
            ],
            [
              -1.5060388,
              47.259441
            ],
            [
              -1.5067323,
              47.2602635
            ],
            [
              -1.5062039,
              47.2611979
            ],
            [
              -1.5060822,
              47.261444
            ],
            [
              -1.5060419,
              47.2615249
            ],
            [
              -1.5078556,
              47.2619818
            ],
            [
              -1.5081665,
              47.2620147
            ],
            [
              -1.5080376,
              47.2622367
            ],
            [
              -1.5076649,
              47.2628025
            ],
            [
              -1.5075736,
              47.263039
            ],
            [
              -1.5075296,
              47.2632303
            ],
            [
              -1.5071005,
              47.2635102
            ],
            [
              -1.5070772,
              47.2637175
            ],
            [
              -1.5068453,
              47.2640201
            ],
            [
              -1.5065597,
              47.2642414
            ],
            [
              -1.5061654,
              47.2645076
            ],
            [
              -1.5035261,
              47.2662895
            ],
            [
              -1.5031518,
              47.2665314
            ],
            [
              -1.5030053,
              47.2666701
            ],
            [
              -1.5029155,
              47.2667971
            ],
            [
              -1.5028024,
              47.2669897
            ],
            [
              -1.5027263,
              47.267152
            ],
            [
              -1.5024054,
              47.2678014
            ],
            [
              -1.5021207,
              47.2683774
            ],
            [
              -1.501768,
              47.2690911
            ],
            [
              -1.5016562,
              47.2692847
            ],
            [
              -1.5015757,
              47.2694412
            ],
            [
              -1.5015044,
              47.2695329
            ],
            [
              -1.5012466,
              47.2699012
            ],
            [
              -1.5009928,
              47.2702683
            ],
            [
              -1.4997384,
              47.2717768
            ],
            [
              -1.4994616,
              47.2721605
            ],
            [
              -1.5028505,
              47.2735017
            ],
            [
              -1.5032175,
              47.2736405
            ],
            [
              -1.5045096,
              47.2741225
            ],
            [
              -1.504844,
              47.274246
            ],
            [
              -1.5051465,
              47.2743244
            ],
            [
              -1.5052917,
              47.274362
            ],
            [
              -1.5055042,
              47.2743979
            ],
            [
              -1.5058705,
              47.2744559
            ],
            [
              -1.5059877,
              47.2744714
            ],
            [
              -1.5078905,
              47.2747236
            ],
            [
              -1.5096353,
              47.2749716
            ],
            [
              -1.5096323,
              47.2750626
            ],
            [
              -1.5096335,
              47.2751036
            ],
            [
              -1.5096346,
              47.2751934
            ],
            [
              -1.5096338,
              47.2752649
            ],
            [
              -1.509628,
              47.2755097
            ],
            [
              -1.5096185,
              47.2759119
            ],
            [
              -1.509616,
              47.2760187
            ],
            [
              -1.5096096,
              47.2762481
            ],
            [
              -1.5096052,
              47.276405
            ],
            [
              -1.5095983,
              47.2765983
            ],
            [
              -1.5095818,
              47.2767885
            ],
            [
              -1.5095376,
              47.2770038
            ],
            [
              -1.5094789,
              47.277217
            ],
            [
              -1.5093813,
              47.2775378
            ],
            [
              -1.5093494,
              47.2776428
            ],
            [
              -1.5091463,
              47.2783304
            ],
            [
              -1.509106,
              47.2784992
            ],
            [
              -1.5090189,
              47.2787906
            ],
            [
              -1.508916,
              47.2791096
            ],
            [
              -1.5087525,
              47.2793814
            ],
            [
              -1.5085779,
              47.2796545
            ],
            [
              -1.5085498,
              47.2796977
            ],
            [
              -1.5100104,
              47.2816347
            ],
            [
              -1.5104424,
              47.2826708
            ],
            [
              -1.5106049,
              47.2830984
            ],
            [
              -1.5102511,
              47.2843415
            ],
            [
              -1.5101638,
              47.2844038
            ],
            [
              -1.5103395,
              47.284535
            ],
            [
              -1.5099537,
              47.284821
            ],
            [
              -1.5095805,
              47.2851322
            ],
            [
              -1.5094543,
              47.2852911
            ],
            [
              -1.5092097,
              47.2854961
            ],
            [
              -1.5090642,
              47.285635
            ],
            [
              -1.5087528,
              47.2861995
            ],
            [
              -1.5086809,
              47.2864424
            ],
            [
              -1.5086536,
              47.2865318
            ],
            [
              -1.5084922,
              47.2870606
            ],
            [
              -1.5084317,
              47.2871108
            ],
            [
              -1.508237,
              47.2870335
            ],
            [
              -1.5082506,
              47.2872089
            ],
            [
              -1.5080732,
              47.2877065
            ],
            [
              -1.5082285,
              47.2877724
            ],
            [
              -1.5080174,
              47.2881537
            ],
            [
              -1.5080304,
              47.2885552
            ],
            [
              -1.5081583,
              47.2885582
            ],
            [
              -1.508284,
              47.2904088
            ],
            [
              -1.5082649,
              47.2904804
            ],
            [
              -1.5082706,
              47.2906424
            ],
            [
              -1.5083175,
              47.2910025
            ],
            [
              -1.5083395,
              47.2915438
            ],
            [
              -1.508279,
              47.291936
            ],
            [
              -1.5084013,
              47.2928227
            ],
            [
              -1.5084676,
              47.2932036
            ],
            [
              -1.5084647,
              47.2935556
            ],
            [
              -1.5088398,
              47.2942564
            ],
            [
              -1.5090665,
              47.2946088
            ],
            [
              -1.5093804,
              47.2951068
            ],
            [
              -1.5097152,
              47.2956147
            ],
            [
              -1.5100848,
              47.2954727
            ],
            [
              -1.5104392,
              47.2953352
            ],
            [
              -1.5113026,
              47.2949485
            ],
            [
              -1.5115341,
              47.2948684
            ],
            [
              -1.5116962,
              47.2948515
            ],
            [
              -1.5119209,
              47.2947506
            ],
            [
              -1.5121827,
              47.2946091
            ],
            [
              -1.5123728,
              47.2945404
            ],
            [
              -1.5127695,
              47.294465
            ],
            [
              -1.5131472,
              47.2944173
            ],
            [
              -1.5134589,
              47.2943206
            ],
            [
              -1.5137148,
              47.2942725
            ],
            [
              -1.5143012,
              47.294134
            ],
            [
              -1.5157717,
              47.2942032
            ],
            [
              -1.5159357,
              47.2942508
            ],
            [
              -1.516276,
              47.2943819
            ],
            [
              -1.5173815,
              47.2948504
            ],
            [
              -1.5178905,
              47.2949953
            ],
            [
              -1.5183774,
              47.2951176
            ],
            [
              -1.5189402,
              47.2953049
            ],
            [
              -1.5191958,
              47.2954231
            ],
            [
              -1.5195615,
              47.2956753
            ],
            [
              -1.5195842,
              47.295691
            ],
            [
              -1.5197402,
              47.295773
            ],
            [
              -1.5199876,
              47.2958349
            ],
            [
              -1.5201744,
              47.2958509
            ],
            [
              -1.5207283,
              47.2958231
            ],
            [
              -1.5209396,
              47.2958583
            ],
            [
              -1.5210458,
              47.2958468
            ],
            [
              -1.5216857,
              47.2957928
            ],
            [
              -1.5219318,
              47.2957623
            ],
            [
              -1.5221521,
              47.2957574
            ],
            [
              -1.5225539,
              47.2957674
            ],
            [
              -1.5227923,
              47.2956942
            ],
            [
              -1.5231378,
              47.2956179
            ],
            [
              -1.523294,
              47.2955533
            ],
            [
              -1.5237744,
              47.2951841
            ],
            [
              -1.5240102,
              47.2950323
            ],
            [
              -1.524286,
              47.294899
            ],
            [
              -1.5247879,
              47.2946481
            ],
            [
              -1.52496,
              47.294617
            ],
            [
              -1.5250972,
              47.294587
            ],
            [
              -1.5252352,
              47.2945354
            ],
            [
              -1.5253185,
              47.2944999
            ],
            [
              -1.525398,
              47.2944625
            ],
            [
              -1.5255763,
              47.2944232
            ],
            [
              -1.5258235,
              47.2944059
            ],
            [
              -1.5261098,
              47.2944212
            ],
            [
              -1.526458,
              47.2944741
            ],
            [
              -1.5272059,
              47.2945934
            ],
            [
              -1.5277662,
              47.2946524
            ],
            [
              -1.528461,
              47.2947068
            ],
            [
              -1.5326198,
              47.2949951
            ],
            [
              -1.5332706,
              47.2935839
            ],
            [
              -1.5332793,
              47.2927706
            ],
            [
              -1.5331123,
              47.2922444
            ],
            [
              -1.5324139,
              47.2910765
            ],
            [
              -1.5294882,
              47.2877479
            ],
            [
              -1.5278184,
              47.2858771
            ],
            [
              -1.527511,
              47.2851859
            ],
            [
              -1.5273156,
              47.2847402
            ],
            [
              -1.5272059,
              47.2844542
            ],
            [
              -1.526965,
              47.2837043
            ],
            [
              -1.5267598,
              47.2829508
            ],
            [
              -1.5266009,
              47.2819699
            ],
            [
              -1.5265534,
              47.2815273
            ],
            [
              -1.526542,
              47.2809878
            ],
            [
              -1.5265953,
              47.280514
            ],
            [
              -1.5266833,
              47.2800437
            ],
            [
              -1.5268438,
              47.2791128
            ],
            [
              -1.5269298,
              47.2788124
            ],
            [
              -1.5272754,
              47.2780908
            ],
            [
              -1.5277955,
              47.2771765
            ],
            [
              -1.5283711,
              47.2763882
            ],
            [
              -1.5290786,
              47.2754598
            ],
            [
              -1.529695,
              47.2746298
            ],
            [
              -1.5300207,
              47.2742149
            ],
            [
              -1.5304283,
              47.2737822
            ],
            [
              -1.5307932,
              47.2734207
            ],
            [
              -1.5312907,
              47.2729812
            ],
            [
              -1.5321161,
              47.2722697
            ],
            [
              -1.5340047,
              47.27071
            ],
            [
              -1.535411,
              47.2695758
            ],
            [
              -1.5361306,
              47.2689712
            ],
            [
              -1.5367481,
              47.2684469
            ],
            [
              -1.5369253,
              47.2682475
            ],
            [
              -1.5371003,
              47.2679905
            ],
            [
              -1.5373082,
              47.2675803
            ],
            [
              -1.5374114,
              47.2672887
            ],
            [
              -1.5375131,
              47.2669044
            ],
            [
              -1.5376092,
              47.2663378
            ],
            [
              -1.5377549,
              47.2654677
            ],
            [
              -1.5377635,
              47.2651457
            ],
            [
              -1.5377388,
              47.2648129
            ]
          ]
        ]
      },
      "id": "relation/10481980"
    },
    {
      "type": "Feature",
      "properties": {
        "@id": "relation/10481983",
        "admin_level": "8",
        "boundary": "religious_administration",
        "denomination": "catholic",
        "name": "Paroisse Sainte-Catherine-du-Petit-Port",
        "name:br": "Parrez Santez-Katell-ar-Porzh-Bihan",
        "religion": "christian",
        "type": "boundary",
        "website": "https://paroissestecatherinedupetitport-nantes.fr/"
      },
      "geometry": {
        "type": "Polygon",
        "coordinates": [
          [
            [
              -1.5833344,
              47.2622327
            ],
            [
              -1.5816586,
              47.2603142
            ],
            [
              -1.5815829,
              47.2602276
            ],
            [
              -1.5810818,
              47.25965
            ],
            [
              -1.5805738,
              47.2590685
            ],
            [
              -1.5799248,
              47.2583246
            ],
            [
              -1.5794842,
              47.2578216
            ],
            [
              -1.5790028,
              47.2572471
            ],
            [
              -1.5787088,
              47.2569265
            ],
            [
              -1.5782681,
              47.2564198
            ],
            [
              -1.5777677,
              47.2558472
            ],
            [
              -1.5776095,
              47.2556671
            ],
            [
              -1.577338,
              47.2553578
            ],
            [
              -1.5769987,
              47.2549586
            ],
            [
              -1.576606,
              47.2545138
            ],
            [
              -1.5764497,
              47.2543638
            ],
            [
              -1.5762439,
              47.2538284
            ],
            [
              -1.5762009,
              47.253593
            ],
            [
              -1.5761726,
              47.2532655
            ],
            [
              -1.576089,
              47.2530685
            ],
            [
              -1.5761555,
              47.2528476
            ],
            [
              -1.5761948,
              47.2525663
            ],
            [
              -1.5762297,
              47.2523991
            ],
            [
              -1.5762453,
              47.2523177
            ],
            [
              -1.5763962,
              47.2515759
            ],
            [
              -1.5764956,
              47.2511525
            ],
            [
              -1.5766225,
              47.2505771
            ],
            [
              -1.5767243,
              47.2500915
            ],
            [
              -1.5768079,
              47.2497407
            ],
            [
              -1.5769336,
              47.2492121
            ],
            [
              -1.5770073,
              47.2489024
            ],
            [
              -1.5771291,
              47.2483974
            ],
            [
              -1.5771637,
              47.248243
            ],
            [
              -1.5771808,
              47.2481686
            ],
            [
              -1.5772032,
              47.2480859
            ],
            [
              -1.5772316,
              47.2479727
            ],
            [
              -1.5772946,
              47.2477065
            ],
            [
              -1.5773066,
              47.2476333
            ],
            [
              -1.5773116,
              47.2476106
            ],
            [
              -1.5773311,
              47.2475189
            ],
            [
              -1.577337,
              47.2474567
            ],
            [
              -1.5773364,
              47.2474093
            ],
            [
              -1.5773323,
              47.2473253
            ],
            [
              -1.5773226,
              47.2472361
            ],
            [
              -1.5773373,
              47.2472182
            ],
            [
              -1.5773272,
              47.2471736
            ],
            [
              -1.577323,
              47.247155
            ],
            [
              -1.5774039,
              47.2471508
            ],
            [
              -1.5774268,
              47.2471463
            ],
            [
              -1.577407,
              47.2470697
            ],
            [
              -1.5773862,
              47.2470058
            ],
            [
              -1.5775404,
              47.2469735
            ],
            [
              -1.577937,
              47.2469353
            ],
            [
              -1.5778854,
              47.2468615
            ],
            [
              -1.5778699,
              47.246814
            ],
            [
              -1.5778202,
              47.2467517
            ],
            [
              -1.5778064,
              47.2467353
            ],
            [
              -1.577778,
              47.2466544
            ],
            [
              -1.5777797,
              47.2465914
            ],
            [
              -1.5777861,
              47.2465323
            ],
            [
              -1.5778235,
              47.2463776
            ],
            [
              -1.5778972,
              47.2462548
            ],
            [
              -1.5779414,
              47.2462092
            ],
            [
              -1.5779867,
              47.2461753
            ],
            [
              -1.5780806,
              47.2461221
            ],
            [
              -1.5781649,
              47.24607
            ],
            [
              -1.578304,
              47.245982
            ],
            [
              -1.5783863,
              47.2459225
            ],
            [
              -1.5785605,
              47.2457433
            ],
            [
              -1.5787566,
              47.2455762
            ],
            [
              -1.5789093,
              47.2454403
            ],
            [
              -1.5789569,
              47.245401
            ],
            [
              -1.5791488,
              47.2452983
            ],
            [
              -1.5792702,
              47.2452194
            ],
            [
              -1.5792935,
              47.2452063
            ],
            [
              -1.5793315,
              47.2451911
            ],
            [
              -1.579699,
              47.2450443
            ],
            [
              -1.5797416,
              47.2450437
            ],
            [
              -1.5797849,
              47.2450435
            ],
            [
              -1.5798609,
              47.24503
            ],
            [
              -1.579892,
              47.2450169
            ],
            [
              -1.5800394,
              47.2449311
            ],
            [
              -1.5801935,
              47.2448384
            ],
            [
              -1.580358,
              47.2447416
            ],
            [
              -1.5805042,
              47.2446555
            ],
            [
              -1.580546,
              47.2446414
            ],
            [
              -1.580591,
              47.2446252
            ],
            [
              -1.5807095,
              47.2445898
            ],
            [
              -1.5807829,
              47.2445377
            ],
            [
              -1.58084,
              47.2445133
            ],
            [
              -1.5809072,
              47.2444808
            ],
            [
              -1.5810108,
              47.2444241
            ],
            [
              -1.581067,
              47.2443934
            ],
            [
              -1.5811099,
              47.2443588
            ],
            [
              -1.5812105,
              47.2443279
            ],
            [
              -1.5813781,
              47.2442696
            ],
            [
              -1.5815417,
              47.2442678
            ],
            [
              -1.58177,
              47.2442194
            ],
            [
              -1.5818132,
              47.2441872
            ],
            [
              -1.5818509,
              47.2441561
            ],
            [
              -1.5818582,
              47.2441487
            ],
            [
              -1.5818849,
              47.2441217
            ],
            [
              -1.5819478,
              47.2440752
            ],
            [
              -1.5819711,
              47.2440432
            ],
            [
              -1.5820359,
              47.2439938
            ],
            [
              -1.5821033,
              47.243976
            ],
            [
              -1.5821189,
              47.2439707
            ],
            [
              -1.58214,
              47.2439506
            ],
            [
              -1.5821624,
              47.2439356
            ],
            [
              -1.5821996,
              47.2439192
            ],
            [
              -1.5822376,
              47.2439113
            ],
            [
              -1.5822746,
              47.2439117
            ],
            [
              -1.5822866,
              47.2439106
            ],
            [
              -1.5823135,
              47.243904
            ],
            [
              -1.5823269,
              47.2438971
            ],
            [
              -1.582364,
              47.243874
            ],
            [
              -1.582419,
              47.2438088
            ],
            [
              -1.582425,
              47.2438056
            ],
            [
              -1.5824459,
              47.2437974
            ],
            [
              -1.5824757,
              47.2437839
            ],
            [
              -1.5824822,
              47.243778
            ],
            [
              -1.5825237,
              47.243758
            ],
            [
              -1.582559,
              47.2437443
            ],
            [
              -1.5826201,
              47.243723
            ],
            [
              -1.582659,
              47.2437332
            ],
            [
              -1.5826921,
              47.2437475
            ],
            [
              -1.582727,
              47.2437518
            ],
            [
              -1.5827696,
              47.2436269
            ],
            [
              -1.5829803,
              47.243613
            ],
            [
              -1.583365,
              47.2434041
            ],
            [
              -1.5837461,
              47.2433106
            ],
            [
              -1.5838435,
              47.2432798
            ],
            [
              -1.584008,
              47.243196
            ],
            [
              -1.5841303,
              47.2431399
            ],
            [
              -1.5842351,
              47.2430879
            ],
            [
              -1.5843641,
              47.243043
            ],
            [
              -1.5845157,
              47.2430405
            ],
            [
              -1.5846389,
              47.2430124
            ],
            [
              -1.5847993,
              47.242969
            ],
            [
              -1.5850253,
              47.2428943
            ],
            [
              -1.5850857,
              47.2428691
            ],
            [
              -1.5851183,
              47.2428633
            ],
            [
              -1.5851447,
              47.2428545
            ],
            [
              -1.5854705,
              47.242807
            ],
            [
              -1.5854956,
              47.2428093
            ],
            [
              -1.5855256,
              47.2427809
            ],
            [
              -1.5857681,
              47.2426832
            ],
            [
              -1.5859937,
              47.2425922
            ],
            [
              -1.5860808,
              47.2425199
            ],
            [
              -1.586149,
              47.2424435
            ],
            [
              -1.5862548,
              47.2422982
            ],
            [
              -1.5863597,
              47.2420863
            ],
            [
              -1.5864385,
              47.2419725
            ],
            [
              -1.5864795,
              47.241914
            ],
            [
              -1.5866108,
              47.2417797
            ],
            [
              -1.5866711,
              47.2417219
            ],
            [
              -1.5867353,
              47.2416727
            ],
            [
              -1.5869817,
              47.2415585
            ],
            [
              -1.587187,
              47.2414561
            ],
            [
              -1.5874314,
              47.2413048
            ],
            [
              -1.5877475,
              47.2410898
            ],
            [
              -1.5878097,
              47.2410475
            ],
            [
              -1.587959,
              47.2409216
            ],
            [
              -1.5881176,
              47.2407836
            ],
            [
              -1.5882942,
              47.2405868
            ],
            [
              -1.5884341,
              47.2404339
            ],
            [
              -1.5884855,
              47.2403741
            ],
            [
              -1.5886778,
              47.2401595
            ],
            [
              -1.5888025,
              47.2399918
            ],
            [
              -1.5890053,
              47.239722
            ],
            [
              -1.5892928,
              47.2393407
            ],
            [
              -1.5893936,
              47.2392042
            ],
            [
              -1.5894427,
              47.2391435
            ],
            [
              -1.5879714,
              47.2384048
            ],
            [
              -1.5866068,
              47.2377196
            ],
            [
              -1.5864257,
              47.2376148
            ],
            [
              -1.5862984,
              47.2375338
            ],
            [
              -1.5860348,
              47.2372623
            ],
            [
              -1.5859716,
              47.2372167
            ],
            [
              -1.5858951,
              47.237161
            ],
            [
              -1.5858728,
              47.2371521
            ],
            [
              -1.5857714,
              47.2370903
            ],
            [
              -1.5855074,
              47.2369277
            ],
            [
              -1.585455,
              47.2368948
            ],
            [
              -1.5853688,
              47.2368444
            ],
            [
              -1.583907,
              47.235798
            ],
            [
              -1.5838265,
              47.2358554
            ],
            [
              -1.5836747,
              47.2357461
            ],
            [
              -1.5833772,
              47.2355322
            ],
            [
              -1.5831484,
              47.2353761
            ],
            [
              -1.5829739,
              47.2352848
            ],
            [
              -1.5828879,
              47.2353692
            ],
            [
              -1.5827906,
              47.2353997
            ],
            [
              -1.5825696,
              47.2354511
            ],
            [
              -1.5824182,
              47.2354819
            ],
            [
              -1.5819831,
              47.2355847
            ],
            [
              -1.5813096,
              47.2357457
            ],
            [
              -1.5812109,
              47.2357676
            ],
            [
              -1.5810717,
              47.2357973
            ],
            [
              -1.5797642,
              47.2361175
            ],
            [
              -1.5795665,
              47.2361637
            ],
            [
              -1.5793331,
              47.2362188
            ],
            [
              -1.5785157,
              47.2364018
            ],
            [
              -1.5777606,
              47.2365756
            ],
            [
              -1.5770304,
              47.2367601
            ],
            [
              -1.5769496,
              47.2367805
            ],
            [
              -1.5768971,
              47.2367927
            ],
            [
              -1.5768043,
              47.2368172
            ],
            [
              -1.5767721,
              47.2367799
            ],
            [
              -1.5767395,
              47.2367419
            ],
            [
              -1.5763456,
              47.2359682
            ],
            [
              -1.5763269,
              47.2359338
            ],
            [
              -1.5759211,
              47.2351858
            ],
            [
              -1.5758803,
              47.2351117
            ],
            [
              -1.5757793,
              47.2349518
            ],
            [
              -1.575731,
              47.2348391
            ],
            [
              -1.5757257,
              47.234755
            ],
            [
              -1.5757336,
              47.2346646
            ],
            [
              -1.5757764,
              47.2344379
            ],
            [
              -1.5757717,
              47.2343557
            ],
            [
              -1.5757666,
              47.2342665
            ],
            [
              -1.5757127,
              47.2341878
            ],
            [
              -1.5756769,
              47.2341355
            ],
            [
              -1.5756439,
              47.2341199
            ],
            [
              -1.5755106,
              47.234057
            ],
            [
              -1.575105,
              47.2338851
            ],
            [
              -1.5748286,
              47.2337696
            ],
            [
              -1.5747224,
              47.2337211
            ],
            [
              -1.5746404,
              47.2336849
            ],
            [
              -1.5743801,
              47.233576
            ],
            [
              -1.5743095,
              47.2336019
            ],
            [
              -1.5742126,
              47.2336386
            ],
            [
              -1.5740711,
              47.233691
            ],
            [
              -1.5739453,
              47.2337386
            ],
            [
              -1.5713384,
              47.2347167
            ],
            [
              -1.5712381,
              47.2347544
            ],
            [
              -1.5710971,
              47.2348073
            ],
            [
              -1.5710378,
              47.2348295
            ],
            [
              -1.5708727,
              47.2348934
            ],
            [
              -1.5706794,
              47.234964
            ],
            [
              -1.5706081,
              47.2349908
            ],
            [
              -1.5705168,
              47.235025
            ],
            [
              -1.5700087,
              47.235214
            ],
            [
              -1.5694934,
              47.2354
            ],
            [
              -1.5693071,
              47.2354723
            ],
            [
              -1.5682557,
              47.2358628
            ],
            [
              -1.5682177,
              47.2358771
            ],
            [
              -1.5681202,
              47.2359113
            ],
            [
              -1.5681583,
              47.2359958
            ],
            [
              -1.5681647,
              47.23601
            ],
            [
              -1.5682095,
              47.2360676
            ],
            [
              -1.5683447,
              47.2362321
            ],
            [
              -1.5684484,
              47.2363589
            ],
            [
              -1.5684886,
              47.2364079
            ],
            [
              -1.5684328,
              47.2364449
            ],
            [
              -1.5684084,
              47.2364623
            ],
            [
              -1.5677055,
              47.2369273
            ],
            [
              -1.5673087,
              47.2371807
            ],
            [
              -1.5665673,
              47.2376704
            ],
            [
              -1.5664035,
              47.2377786
            ],
            [
              -1.5660117,
              47.2380331
            ],
            [
              -1.5659862,
              47.238049
            ],
            [
              -1.5659486,
              47.2380721
            ],
            [
              -1.5657414,
              47.2379726
            ],
            [
              -1.5656524,
              47.2379313
            ],
            [
              -1.5655694,
              47.2378929
            ],
            [
              -1.5654696,
              47.2378549
            ],
            [
              -1.5651697,
              47.237743
            ],
            [
              -1.5650756,
              47.2377095
            ],
            [
              -1.56502,
              47.2376916
            ],
            [
              -1.5649156,
              47.2376556
            ],
            [
              -1.5648649,
              47.2376069
            ],
            [
              -1.5648261,
              47.2375652
            ],
            [
              -1.5644028,
              47.2371383
            ],
            [
              -1.5642899,
              47.2370254
            ],
            [
              -1.5639651,
              47.2367057
            ],
            [
              -1.5636543,
              47.2364073
            ],
            [
              -1.5635713,
              47.2363468
            ],
            [
              -1.5634814,
              47.2363132
            ],
            [
              -1.5633796,
              47.2363077
            ],
            [
              -1.5633806,
              47.2363487
            ],
            [
              -1.5633775,
              47.2366625
            ],
            [
              -1.5633661,
              47.2367906
            ],
            [
              -1.5633514,
              47.2368505
            ],
            [
              -1.5633294,
              47.2369349
            ],
            [
              -1.5633033,
              47.2370055
            ],
            [
              -1.5632669,
              47.2370872
            ],
            [
              -1.5632331,
              47.2371502
            ],
            [
              -1.5631973,
              47.237206
            ],
            [
              -1.5631573,
              47.2372643
            ],
            [
              -1.56311,
              47.2373239
            ],
            [
              -1.5630401,
              47.2374013
            ],
            [
              -1.5629622,
              47.2374822
            ],
            [
              -1.5626294,
              47.2378215
            ],
            [
              -1.5621609,
              47.2382987
            ],
            [
              -1.5619156,
              47.2385492
            ],
            [
              -1.5617666,
              47.238681
            ],
            [
              -1.561721,
              47.2387255
            ],
            [
              -1.5617005,
              47.2387436
            ],
            [
              -1.5616621,
              47.2387822
            ],
            [
              -1.5615538,
              47.2388919
            ],
            [
              -1.5612568,
              47.2392016
            ],
            [
              -1.5611498,
              47.2393279
            ],
            [
              -1.561057,
              47.2394247
            ],
            [
              -1.5609617,
              47.2395179
            ],
            [
              -1.5608502,
              47.2395964
            ],
            [
              -1.5608008,
              47.239629
            ],
            [
              -1.5607453,
              47.239669
            ],
            [
              -1.560643,
              47.239728
            ],
            [
              -1.5605589,
              47.2397734
            ],
            [
              -1.5604653,
              47.2398191
            ],
            [
              -1.5603587,
              47.2398632
            ],
            [
              -1.5603029,
              47.2398832
            ],
            [
              -1.56024,
              47.2399064
            ],
            [
              -1.5600696,
              47.2399653
            ],
            [
              -1.5600248,
              47.2399799
            ],
            [
              -1.5599651,
              47.2399968
            ],
            [
              -1.5596355,
              47.2401183
            ],
            [
              -1.5595294,
              47.240153
            ],
            [
              -1.5589769,
              47.240332
            ],
            [
              -1.5586021,
              47.2404569
            ],
            [
              -1.5583018,
              47.2405547
            ],
            [
              -1.5581709,
              47.2405996
            ],
            [
              -1.5581001,
              47.2406298
            ],
            [
              -1.5580081,
              47.2406537
            ],
            [
              -1.5572439,
              47.2409067
            ],
            [
              -1.5570016,
              47.2409865
            ],
            [
              -1.5569156,
              47.2409971
            ],
            [
              -1.5567448,
              47.2410092
            ],
            [
              -1.556703,
              47.2411391
            ],
            [
              -1.55667,
              47.2412256
            ],
            [
              -1.5566522,
              47.2413076
            ],
            [
              -1.5566397,
              47.2414417
            ],
            [
              -1.5566268,
              47.2416015
            ],
            [
              -1.5566004,
              47.241977
            ],
            [
              -1.556595,
              47.2421209
            ],
            [
              -1.5562791,
              47.2421116
            ],
            [
              -1.5559235,
              47.2421561
            ],
            [
              -1.5557009,
              47.2422114
            ],
            [
              -1.5553496,
              47.2423302
            ],
            [
              -1.5551073,
              47.2424049
            ],
            [
              -1.5548659,
              47.242428
            ],
            [
              -1.5546779,
              47.2424197
            ],
            [
              -1.5543962,
              47.2424709
            ],
            [
              -1.5541226,
              47.2425521
            ],
            [
              -1.5537601,
              47.2426509
            ],
            [
              -1.5534859,
              47.2426975
            ],
            [
              -1.553257,
              47.2427269
            ],
            [
              -1.5529728,
              47.2427741
            ],
            [
              -1.5522082,
              47.2428689
            ],
            [
              -1.5518471,
              47.242915
            ],
            [
              -1.5514953,
              47.2429314
            ],
            [
              -1.5513035,
              47.2429333
            ],
            [
              -1.5510805,
              47.242927
            ],
            [
              -1.5507595,
              47.2429256
            ],
            [
              -1.5502183,
              47.2429565
            ],
            [
              -1.5499593,
              47.2429725
            ],
            [
              -1.5498,
              47.2429599
            ],
            [
              -1.5496215,
              47.2429149
            ],
            [
              -1.5494757,
              47.2428553
            ],
            [
              -1.5491329,
              47.24273
            ],
            [
              -1.5488236,
              47.2426405
            ],
            [
              -1.5485444,
              47.2425823
            ],
            [
              -1.5474152,
              47.2423975
            ],
            [
              -1.5465613,
              47.2422617
            ],
            [
              -1.5462962,
              47.2427784
            ],
            [
              -1.5462285,
              47.2429764
            ],
            [
              -1.5459182,
              47.2438838
            ],
            [
              -1.5453876,
              47.2452161
            ],
            [
              -1.545028,
              47.2461576
            ],
            [
              -1.5447439,
              47.2466483
            ],
            [
              -1.5444354,
              47.2469531
            ],
            [
              -1.5435631,
              47.2474909
            ],
            [
              -1.5423419,
              47.2482705
            ],
            [
              -1.5416659,
              47.2488725
            ],
            [
              -1.5410117,
              47.2495436
            ],
            [
              -1.5404375,
              47.2502886
            ],
            [
              -1.5400304,
              47.2511126
            ],
            [
              -1.5396016,
              47.2520896
            ],
            [
              -1.5393489,
              47.253129
            ],
            [
              -1.5392123,
              47.2541263
            ],
            [
              -1.5391954,
              47.2549017
            ],
            [
              -1.5399477,
              47.2550027
            ],
            [
              -1.540225,
              47.2550233
            ],
            [
              -1.5407407,
              47.2550247
            ],
            [
              -1.5409175,
              47.2549644
            ],
            [
              -1.5412031,
              47.2549303
            ],
            [
              -1.5413637,
              47.2549593
            ],
            [
              -1.5415647,
              47.2549593
            ],
            [
              -1.5417441,
              47.2549796
            ],
            [
              -1.5419908,
              47.2550263
            ],
            [
              -1.5429556,
              47.2552992
            ],
            [
              -1.543178,
              47.2553556
            ],
            [
              -1.5435552,
              47.2555677
            ],
            [
              -1.5439646,
              47.2558115
            ],
            [
              -1.5442417,
              47.2559884
            ],
            [
              -1.5444407,
              47.2560792
            ],
            [
              -1.5446851,
              47.2561689
            ],
            [
              -1.5449881,
              47.2562369
            ],
            [
              -1.5452945,
              47.2562817
            ],
            [
              -1.5457879,
              47.2563277
            ],
            [
              -1.5463757,
              47.2563567
            ],
            [
              -1.5464834,
              47.2563644
            ],
            [
              -1.5467407,
              47.2563978
            ],
            [
              -1.546906,
              47.2564155
            ],
            [
              -1.547017,
              47.2564026
            ],
            [
              -1.5471163,
              47.2563769
            ],
            [
              -1.5472779,
              47.2563099
            ],
            [
              -1.5474109,
              47.2562622
            ],
            [
              -1.5475046,
              47.2562549
            ],
            [
              -1.547878,
              47.2562716
            ],
            [
              -1.5480325,
              47.2562885
            ],
            [
              -1.5482634,
              47.2563242
            ],
            [
              -1.548352,
              47.2563195
            ],
            [
              -1.5484887,
              47.2562947
            ],
            [
              -1.5487592,
              47.2562144
            ],
            [
              -1.5490129,
              47.2562013
            ],
            [
              -1.5491824,
              47.2562067
            ],
            [
              -1.5492725,
              47.256224
            ],
            [
              -1.5494236,
              47.2562795
            ],
            [
              -1.5494818,
              47.2563778
            ],
            [
              -1.5495725,
              47.2564809
            ],
            [
              -1.5496587,
              47.256532
            ],
            [
              -1.5497362,
              47.2565435
            ],
            [
              -1.550004,
              47.2565316
            ],
            [
              -1.5502854,
              47.2565338
            ],
            [
              -1.5504788,
              47.2565686
            ],
            [
              -1.5506857,
              47.2566149
            ],
            [
              -1.5507475,
              47.2566513
            ],
            [
              -1.5508576,
              47.2567935
            ],
            [
              -1.5509487,
              47.2570274
            ],
            [
              -1.5509122,
              47.2571004
            ],
            [
              -1.5508399,
              47.2572123
            ],
            [
              -1.5507112,
              47.2573725
            ],
            [
              -1.5506593,
              47.2574521
            ],
            [
              -1.5506547,
              47.2575238
            ],
            [
              -1.5507067,
              47.2575908
            ],
            [
              -1.5508511,
              47.2576347
            ],
            [
              -1.5511823,
              47.2575114
            ],
            [
              -1.5512798,
              47.2575063
            ],
            [
              -1.5513983,
              47.2575392
            ],
            [
              -1.5514725,
              47.257575
            ],
            [
              -1.5516646,
              47.2576777
            ],
            [
              -1.5518246,
              47.2577998
            ],
            [
              -1.5519029,
              47.2578209
            ],
            [
              -1.5520616,
              47.2578449
            ],
            [
              -1.5521046,
              47.2578687
            ],
            [
              -1.5521198,
              47.2579008
            ],
            [
              -1.5521165,
              47.2579457
            ],
            [
              -1.5523819,
              47.2581982
            ],
            [
              -1.5527527,
              47.2584961
            ],
            [
              -1.5528101,
              47.258523
            ],
            [
              -1.5528975,
              47.2585243
            ],
            [
              -1.5530888,
              47.2585131
            ],
            [
              -1.5531614,
              47.2585296
            ],
            [
              -1.5532321,
              47.2585656
            ],
            [
              -1.5532424,
              47.2586028
            ],
            [
              -1.5531874,
              47.2586474
            ],
            [
              -1.5531526,
              47.2586984
            ],
            [
              -1.5531375,
              47.2587499
            ],
            [
              -1.553155,
              47.2587674
            ],
            [
              -1.5532591,
              47.2587778
            ],
            [
              -1.5533139,
              47.2587938
            ],
            [
              -1.5533406,
              47.2588146
            ],
            [
              -1.5533571,
              47.2588418
            ],
            [
              -1.5533949,
              47.2589918
            ],
            [
              -1.5534463,
              47.2590103
            ],
            [
              -1.5536198,
              47.259041
            ],
            [
              -1.5536573,
              47.2590638
            ],
            [
              -1.5536952,
              47.2592574
            ],
            [
              -1.5538378,
              47.2594632
            ],
            [
              -1.5538498,
              47.2596499
            ],
            [
              -1.5538816,
              47.2597505
            ],
            [
              -1.55398,
              47.2598605
            ],
            [
              -1.5540282,
              47.2598828
            ],
            [
              -1.5541335,
              47.2599077
            ],
            [
              -1.5541929,
              47.2601869
            ],
            [
              -1.5543182,
              47.2603589
            ],
            [
              -1.5543755,
              47.2603833
            ],
            [
              -1.5544751,
              47.2604257
            ],
            [
              -1.5544872,
              47.2604689
            ],
            [
              -1.5544615,
              47.2605163
            ],
            [
              -1.554399,
              47.2606919
            ],
            [
              -1.5545095,
              47.2608092
            ],
            [
              -1.5545329,
              47.260894
            ],
            [
              -1.5548522,
              47.2612973
            ],
            [
              -1.5549084,
              47.2613653
            ],
            [
              -1.5549523,
              47.2615013
            ],
            [
              -1.5549853,
              47.2616187
            ],
            [
              -1.5549562,
              47.2617188
            ],
            [
              -1.5548757,
              47.2618137
            ],
            [
              -1.5548495,
              47.2618953
            ],
            [
              -1.5548592,
              47.2620059
            ],
            [
              -1.5549019,
              47.2621232
            ],
            [
              -1.5549261,
              47.2622549
            ],
            [
              -1.5549068,
              47.2623949
            ],
            [
              -1.5548805,
              47.262455
            ],
            [
              -1.5547722,
              47.2625275
            ],
            [
              -1.5547243,
              47.262596
            ],
            [
              -1.5546845,
              47.2627494
            ],
            [
              -1.5546583,
              47.2628785
            ],
            [
              -1.554668,
              47.2629667
            ],
            [
              -1.5547931,
              47.2631491
            ],
            [
              -1.5548805,
              47.2632913
            ],
            [
              -1.5549707,
              47.2633875
            ],
            [
              -1.5551464,
              47.2635824
            ],
            [
              -1.5552124,
              47.2637319
            ],
            [
              -1.5551949,
              47.2637951
            ],
            [
              -1.5551134,
              47.2638649
            ],
            [
              -1.5550707,
              47.2639116
            ],
            [
              -1.5550717,
              47.2640097
            ],
            [
              -1.5551765,
              47.2641177
            ],
            [
              -1.5553327,
              47.2642455
            ],
            [
              -1.5554219,
              47.2642751
            ],
            [
              -1.555682,
              47.2642955
            ],
            [
              -1.5558508,
              47.2643258
            ],
            [
              -1.555976,
              47.2643607
            ],
            [
              -1.5560585,
              47.2644226
            ],
            [
              -1.5561138,
              47.2644575
            ],
            [
              -1.5562331,
              47.2644891
            ],
            [
              -1.5563797,
              47.2644839
            ],
            [
              -1.556607,
              47.2644968
            ],
            [
              -1.556727,
              47.2645379
            ],
            [
              -1.556793,
              47.264578
            ],
            [
              -1.5568144,
              47.2646083
            ],
            [
              -1.5568803,
              47.2646913
            ],
            [
              -1.5569337,
              47.2647222
            ],
            [
              -1.5570162,
              47.2647321
            ],
            [
              -1.5570831,
              47.2647058
            ],
            [
              -1.5571403,
              47.2646783
            ],
            [
              -1.5572578,
              47.2646972
            ],
            [
              -1.5573442,
              47.2647407
            ],
            [
              -1.5574461,
              47.2648019
            ],
            [
              -1.5574917,
              47.264875
            ],
            [
              -1.5575082,
              47.2649316
            ],
            [
              -1.5575043,
              47.2649632
            ],
            [
              -1.5575508,
              47.264983
            ],
            [
              -1.5576615,
              47.2649994
            ],
            [
              -1.5577216,
              47.2650192
            ],
            [
              -1.5577663,
              47.2650857
            ],
            [
              -1.5578165,
              47.2651264
            ],
            [
              -1.5579875,
              47.2651502
            ],
            [
              -1.5582029,
              47.2651634
            ],
            [
              -1.5583543,
              47.2651417
            ],
            [
              -1.5584241,
              47.2651555
            ],
            [
              -1.5584639,
              47.2651996
            ],
            [
              -1.5584998,
              47.2652819
            ],
            [
              -1.5585231,
              47.2654011
            ],
            [
              -1.5585716,
              47.265519
            ],
            [
              -1.5586386,
              47.2655954
            ],
            [
              -1.5586308,
              47.2656454
            ],
            [
              -1.5585406,
              47.2656974
            ],
            [
              -1.5584358,
              47.2657494
            ],
            [
              -1.5583756,
              47.2657817
            ],
            [
              -1.5583785,
              47.2658278
            ],
            [
              -1.5584406,
              47.2658864
            ],
            [
              -1.5586027,
              47.2659661
            ],
            [
              -1.5587133,
              47.2659819
            ],
            [
              -1.5588317,
              47.2660359
            ],
            [
              -1.5588608,
              47.2660813
            ],
            [
              -1.5589139,
              47.2661226
            ],
            [
              -1.5589268,
              47.266157
            ],
            [
              -1.5589045,
              47.2662209
            ],
            [
              -1.5589083,
              47.2663236
            ],
            [
              -1.5589064,
              47.2663763
            ],
            [
              -1.5589258,
              47.2664573
            ],
            [
              -1.5588521,
              47.2665692
            ],
            [
              -1.5587832,
              47.2667114
            ],
            [
              -1.5587502,
              47.2667556
            ],
            [
              -1.5586114,
              47.2668181
            ],
            [
              -1.5584106,
              47.2668859
            ],
            [
              -1.5583601,
              47.2669353
            ],
            [
              -1.5583426,
              47.2669893
            ],
            [
              -1.5583378,
              47.2670242
            ],
            [
              -1.5584047,
              47.2670545
            ],
            [
              -1.5585183,
              47.2670762
            ],
            [
              -1.5586104,
              47.2670999
            ],
            [
              -1.5586793,
              47.2671592
            ],
            [
              -1.5587288,
              47.267231
            ],
            [
              -1.5586793,
              47.2673166
            ],
            [
              -1.5586541,
              47.2673752
            ],
            [
              -1.5586211,
              47.267439
            ],
            [
              -1.5585124,
              47.2674937
            ],
            [
              -1.5584542,
              47.2675806
            ],
            [
              -1.5584028,
              47.267601
            ],
            [
              -1.5583543,
              47.2676188
            ],
            [
              -1.5583465,
              47.267653
            ],
            [
              -1.5583494,
              47.2677077
            ],
            [
              -1.5583339,
              47.2677702
            ],
            [
              -1.5582505,
              47.2678387
            ],
            [
              -1.5581515,
              47.2679164
            ],
            [
              -1.558133,
              47.2679757
            ],
            [
              -1.5581301,
              47.2680264
            ],
            [
              -1.5581777,
              47.2680448
            ],
            [
              -1.5582767,
              47.2681001
            ],
            [
              -1.5582834,
              47.268162
            ],
            [
              -1.5582068,
              47.2682232
            ],
            [
              -1.5581427,
              47.2682588
            ],
            [
              -1.5581321,
              47.2683477
            ],
            [
              -1.5581437,
              47.2684089
            ],
            [
              -1.5581922,
              47.2685169
            ],
            [
              -1.5582679,
              47.2686512
            ],
            [
              -1.5582708,
              47.2687217
            ],
            [
              -1.5582466,
              47.2688033
            ],
            [
              -1.558232,
              47.2689791
            ],
            [
              -1.5582689,
              47.2690581
            ],
            [
              -1.5582572,
              47.269145
            ],
            [
              -1.5583339,
              47.2692431
            ],
            [
              -1.5583601,
              47.2693603
            ],
            [
              -1.558461,
              47.2694525
            ],
            [
              -1.5584384,
              47.2695206
            ],
            [
              -1.5584735,
              47.2695395
            ],
            [
              -1.5589183,
              47.2697686
            ],
            [
              -1.5593481,
              47.2703122
            ],
            [
              -1.5595223,
              47.2702248
            ],
            [
              -1.5597305,
              47.2701675
            ],
            [
              -1.5600417,
              47.2700881
            ],
            [
              -1.5606002,
              47.2699557
            ],
            [
              -1.5611851,
              47.2698349
            ],
            [
              -1.5614235,
              47.2697944
            ],
            [
              -1.561663,
              47.2698002
            ],
            [
              -1.5617384,
              47.2697899
            ],
            [
              -1.5618043,
              47.2698104
            ],
            [
              -1.5619141,
              47.269823
            ],
            [
              -1.5619858,
              47.2698193
            ],
            [
              -1.5620318,
              47.2698006
            ],
            [
              -1.5621011,
              47.2697997
            ],
            [
              -1.5623,
              47.2698395
            ],
            [
              -1.5624441,
              47.2698793
            ],
            [
              -1.5624987,
              47.2698614
            ],
            [
              -1.5626211,
              47.2698363
            ],
            [
              -1.56277,
              47.26983
            ],
            [
              -1.5628428,
              47.2698002
            ],
            [
              -1.5629121,
              47.2698081
            ],
            [
              -1.5629519,
              47.2697992
            ],
            [
              -1.563038,
              47.2697634
            ],
            [
              -1.5631752,
              47.2697571
            ],
            [
              -1.5634424,
              47.2696519
            ],
            [
              -1.5635505,
              47.2696319
            ],
            [
              -1.5636671,
              47.2695981
            ],
            [
              -1.5637605,
              47.2695616
            ],
            [
              -1.5639021,
              47.2695204
            ],
            [
              -1.5640366,
              47.2694771
            ],
            [
              -1.5641783,
              47.2695013
            ],
            [
              -1.5642723,
              47.2695045
            ],
            [
              -1.5644394,
              47.2695502
            ],
            [
              -1.5645008,
              47.2696086
            ],
            [
              -1.5645797,
              47.2697117
            ],
            [
              -1.5646167,
              47.2697815
            ],
            [
              -1.5647104,
              47.2698195
            ],
            [
              -1.5647389,
              47.2698649
            ],
            [
              -1.5647595,
              47.2699145
            ],
            [
              -1.5648075,
              47.269998
            ],
            [
              -1.5648579,
              47.2700362
            ],
            [
              -1.5649059,
              47.2700502
            ],
            [
              -1.5650336,
              47.2700919
            ],
            [
              -1.5651048,
              47.2701279
            ],
            [
              -1.5651869,
              47.2701919
            ],
            [
              -1.565331,
              47.2703228
            ],
            [
              -1.5653958,
              47.2703938
            ],
            [
              -1.5654734,
              47.2703994
            ],
            [
              -1.5655921,
              47.2704566
            ],
            [
              -1.5656336,
              47.2705169
            ],
            [
              -1.565744,
              47.2705674
            ],
            [
              -1.5658785,
              47.2706098
            ],
            [
              -1.5659269,
              47.2706317
            ],
            [
              -1.5658672,
              47.2706962
            ],
            [
              -1.5658741,
              47.270722
            ],
            [
              -1.565906,
              47.270739
            ],
            [
              -1.5660658,
              47.2707213
            ],
            [
              -1.5661221,
              47.2707266
            ],
            [
              -1.5661856,
              47.270779
            ],
            [
              -1.56627,
              47.2708759
            ],
            [
              -1.5663849,
              47.2709278
            ],
            [
              -1.5665146,
              47.2709524
            ],
            [
              -1.5665773,
              47.2709908
            ],
            [
              -1.5665993,
              47.2710563
            ],
            [
              -1.5665547,
              47.2711605
            ],
            [
              -1.5665756,
              47.271226
            ],
            [
              -1.5666405,
              47.2712686
            ],
            [
              -1.5667578,
              47.2712741
            ],
            [
              -1.5668298,
              47.271262
            ],
            [
              -1.5669166,
              47.2712541
            ],
            [
              -1.5669677,
              47.271252
            ],
            [
              -1.5670377,
              47.2712625
            ],
            [
              -1.5670964,
              47.2713042
            ],
            [
              -1.5670871,
              47.271347
            ],
            [
              -1.5669794,
              47.2713856
            ],
            [
              -1.5669777,
              47.2714089
            ],
            [
              -1.5670319,
              47.2714708
            ],
            [
              -1.5670995,
              47.2715176
            ],
            [
              -1.5671811,
              47.2715518
            ],
            [
              -1.5673067,
              47.2715833
            ],
            [
              -1.5673976,
              47.2716524
            ],
            [
              -1.5674823,
              47.2716687
            ],
            [
              -1.567565,
              47.2717592
            ],
            [
              -1.5676062,
              47.271745
            ],
            [
              -1.5675894,
              47.2716945
            ],
            [
              -1.5676086,
              47.2716198
            ],
            [
              -1.5676844,
              47.2715688
            ],
            [
              -1.5677304,
              47.2715132
            ],
            [
              -1.5677669,
              47.2715034
            ],
            [
              -1.5678615,
              47.2715346
            ],
            [
              -1.5679178,
              47.2715465
            ],
            [
              -1.5679546,
              47.2715494
            ],
            [
              -1.5680085,
              47.271558
            ],
            [
              -1.5682482,
              47.2716607
            ],
            [
              -1.5685868,
              47.2717822
            ],
            [
              -1.5687183,
              47.2718549
            ],
            [
              -1.5687717,
              47.2718783
            ],
            [
              -1.5688619,
              47.2718635
            ],
            [
              -1.5691185,
              47.2719244
            ],
            [
              -1.5692675,
              47.271929
            ],
            [
              -1.5694014,
              47.2719185
            ],
            [
              -1.5697192,
              47.27185
            ],
            [
              -1.5700083,
              47.2718437
            ],
            [
              -1.5701282,
              47.2718579
            ],
            [
              -1.5702946,
              47.2718144
            ],
            [
              -1.5705279,
              47.2717921
            ],
            [
              -1.5706279,
              47.2718072
            ],
            [
              -1.5707045,
              47.2718026
            ],
            [
              -1.5708457,
              47.2718289
            ],
            [
              -1.5709816,
              47.2718428
            ],
            [
              -1.5711603,
              47.2718417
            ],
            [
              -1.5712744,
              47.2718047
            ],
            [
              -1.571435,
              47.2718019
            ],
            [
              -1.5715468,
              47.2718152
            ],
            [
              -1.571706,
              47.2717758
            ],
            [
              -1.5717787,
              47.2717905
            ],
            [
              -1.5718683,
              47.2718054
            ],
            [
              -1.5719802,
              47.2718143
            ],
            [
              -1.5720824,
              47.2718224
            ],
            [
              -1.572141,
              47.2718443
            ],
            [
              -1.5721949,
              47.2718852
            ],
            [
              -1.5722837,
              47.271899
            ],
            [
              -1.5725297,
              47.2719006
            ],
            [
              -1.5727143,
              47.2719227
            ],
            [
              -1.5735198,
              47.2720226
            ],
            [
              -1.5737486,
              47.2720379
            ],
            [
              -1.5740313,
              47.2720279
            ],
            [
              -1.5742814,
              47.2720459
            ],
            [
              -1.5744728,
              47.2720365
            ],
            [
              -1.5749219,
              47.2720056
            ],
            [
              -1.5750879,
              47.2719907
            ],
            [
              -1.5754066,
              47.2719313
            ],
            [
              -1.5756621,
              47.2719495
            ],
            [
              -1.5761048,
              47.2719811
            ],
            [
              -1.5764564,
              47.271932
            ],
            [
              -1.5767991,
              47.2718873
            ],
            [
              -1.5772842,
              47.2719609
            ],
            [
              -1.5774242,
              47.2719646
            ],
            [
              -1.577876,
              47.2721201
            ],
            [
              -1.5779395,
              47.2721287
            ],
            [
              -1.5781155,
              47.2721411
            ],
            [
              -1.5782451,
              47.272162
            ],
            [
              -1.5787783,
              47.2722863
            ],
            [
              -1.5789398,
              47.2723361
            ],
            [
              -1.5790325,
              47.2723724
            ],
            [
              -1.5792469,
              47.2724902
            ],
            [
              -1.5794911,
              47.2725188
            ],
            [
              -1.5798637,
              47.2725621
            ],
            [
              -1.580193,
              47.2725887
            ],
            [
              -1.5803104,
              47.272605
            ],
            [
              -1.5805774,
              47.2726666
            ],
            [
              -1.5807618,
              47.27271
            ],
            [
              -1.581168,
              47.2728468
            ],
            [
              -1.5812339,
              47.2728601
            ],
            [
              -1.5814634,
              47.2728917
            ],
            [
              -1.581637,
              47.2729509
            ],
            [
              -1.5818099,
              47.27299
            ],
            [
              -1.5820185,
              47.2730547
            ],
            [
              -1.5821763,
              47.2730712
            ],
            [
              -1.5827557,
              47.2730964
            ],
            [
              -1.5828583,
              47.2730966
            ],
            [
              -1.5829911,
              47.2731143
            ],
            [
              -1.5830329,
              47.273111
            ],
            [
              -1.58354,
              47.2730021
            ],
            [
              -1.5837931,
              47.2729481
            ],
            [
              -1.5838659,
              47.2728661
            ],
            [
              -1.5838724,
              47.2728654
            ],
            [
              -1.5838745,
              47.272871
            ],
            [
              -1.5838937,
              47.2728598
            ],
            [
              -1.5840756,
              47.27281
            ],
            [
              -1.5840577,
              47.2727774
            ],
            [
              -1.5841678,
              47.2727366
            ],
            [
              -1.584209,
              47.2727634
            ],
            [
              -1.5846263,
              47.2726929
            ],
            [
              -1.5848366,
              47.2733129
            ],
            [
              -1.5851632,
              47.2733306
            ],
            [
              -1.5853772,
              47.2734004
            ],
            [
              -1.5871345,
              47.2743579
            ],
            [
              -1.5873286,
              47.2744311
            ],
            [
              -1.5889698,
              47.2747681
            ],
            [
              -1.5897122,
              47.2747486
            ],
            [
              -1.5898069,
              47.2747346
            ],
            [
              -1.5901033,
              47.2746452
            ],
            [
              -1.59145,
              47.2742389
            ],
            [
              -1.5927245,
              47.2737332
            ],
            [
              -1.5929743,
              47.2736254
            ],
            [
              -1.5933967,
              47.2734454
            ],
            [
              -1.5926845,
              47.2726303
            ],
            [
              -1.5921004,
              47.27197
            ],
            [
              -1.5916754,
              47.2714801
            ],
            [
              -1.5904663,
              47.2700916
            ],
            [
              -1.5896161,
              47.2691229
            ],
            [
              -1.5894103,
              47.2692105
            ],
            [
              -1.5877698,
              47.2673514
            ],
            [
              -1.5865816,
              47.265983
            ],
            [
              -1.5861487,
              47.2654877
            ],
            [
              -1.5844907,
              47.2635672
            ],
            [
              -1.5833344,
              47.2622327
            ]
          ]
        ]
      },
      "id": "relation/10481983"
    },
    {
      "type": "Feature",
      "properties": {
        "@id": "relation/10481985",
        "admin_level": "8",
        "boundary": "religious_administration",
        "denomination": "catholic",
        "name": "Paroisse Sainte-Bernadette-et-Saint-Léger-d'Orvault",
        "name:br": "Parrez Santez-Bernadeta-ha-Sant-Lezer-Orvez",
        "religion": "christian",
        "type": "boundary",
        "website": "https://paroisseorvault.fr/"
      },
      "geometry": {
        "type": "Polygon",
        "coordinates": [
          [
            [
              -1.608283,
              47.2910466
            ],
            [
              -1.6083549,
              47.2911575
            ],
            [
              -1.608371,
              47.2911835
            ],
            [
              -1.6084053,
              47.2912352
            ],
            [
              -1.6086365,
              47.291605
            ],
            [
              -1.6087884,
              47.2918442
            ],
            [
              -1.6089401,
              47.2920858
            ],
            [
              -1.6090561,
              47.2920546
            ],
            [
              -1.6103139,
              47.2932083
            ],
            [
              -1.6117917,
              47.2950708
            ],
            [
              -1.6127643,
              47.2959249
            ],
            [
              -1.6138281,
              47.2965293
            ],
            [
              -1.6139128,
              47.2965476
            ],
            [
              -1.6140744,
              47.2965911
            ],
            [
              -1.6141496,
              47.296612
            ],
            [
              -1.6142275,
              47.2966402
            ],
            [
              -1.6143713,
              47.2967011
            ],
            [
              -1.6148876,
              47.2969117
            ],
            [
              -1.6169076,
              47.2977558
            ],
            [
              -1.6174143,
              47.2979675
            ],
            [
              -1.6175877,
              47.2980488
            ],
            [
              -1.6177588,
              47.2981314
            ],
            [
              -1.6179844,
              47.2982573
            ],
            [
              -1.6181941,
              47.2983896
            ],
            [
              -1.6185962,
              47.2986729
            ],
            [
              -1.6187726,
              47.2987846
            ],
            [
              -1.6189561,
              47.2988914
            ],
            [
              -1.6190335,
              47.2989341
            ],
            [
              -1.6191136,
              47.2989749
            ],
            [
              -1.6191941,
              47.299014
            ],
            [
              -1.6192766,
              47.2990513
            ],
            [
              -1.6196039,
              47.2992164
            ],
            [
              -1.6202964,
              47.299494
            ],
            [
              -1.6209755,
              47.2997912
            ],
            [
              -1.6213081,
              47.299945
            ],
            [
              -1.6216339,
              47.300102
            ],
            [
              -1.6223794,
              47.3004862
            ],
            [
              -1.6230977,
              47.3008899
            ],
            [
              -1.6245555,
              47.3016851
            ],
            [
              -1.6266916,
              47.3026602
            ],
            [
              -1.6267443,
              47.3026835
            ],
            [
              -1.6267964,
              47.3027055
            ],
            [
              -1.6270854,
              47.3028029
            ],
            [
              -1.6273784,
              47.3029407
            ],
            [
              -1.6282468,
              47.3032714
            ],
            [
              -1.6288459,
              47.3034986
            ],
            [
              -1.629267,
              47.303674
            ],
            [
              -1.6295403,
              47.3037969
            ],
            [
              -1.6297897,
              47.3039385
            ],
            [
              -1.6302878,
              47.3042203
            ],
            [
              -1.6309625,
              47.3046263
            ],
            [
              -1.6312507,
              47.3047979
            ],
            [
              -1.6322541,
              47.3053649
            ],
            [
              -1.6332981,
              47.3058945
            ],
            [
              -1.6336407,
              47.3060512
            ],
            [
              -1.6339581,
              47.3061679
            ],
            [
              -1.6342821,
              47.3062871
            ],
            [
              -1.634878,
              47.3064688
            ],
            [
              -1.6385428,
              47.3077071
            ],
            [
              -1.6395126,
              47.3080532
            ],
            [
              -1.6403086,
              47.3083263
            ],
            [
              -1.6415931,
              47.3088175
            ],
            [
              -1.641848,
              47.3089217
            ],
            [
              -1.6422391,
              47.3091395
            ],
            [
              -1.6430164,
              47.3096992
            ],
            [
              -1.644093,
              47.3087858
            ],
            [
              -1.6438808,
              47.307865
            ],
            [
              -1.6449404,
              47.3079506
            ],
            [
              -1.645124,
              47.3076838
            ],
            [
              -1.649039,
              47.3074091
            ],
            [
              -1.6500798,
              47.3060881
            ],
            [
              -1.6507952,
              47.3058924
            ],
            [
              -1.6513241,
              47.305923
            ],
            [
              -1.6552536,
              47.3073728
            ],
            [
              -1.6553179,
              47.3073993
            ],
            [
              -1.6564447,
              47.3063824
            ],
            [
              -1.6576367,
              47.3052267
            ],
            [
              -1.6594768,
              47.303461
            ],
            [
              -1.6607375,
              47.3022451
            ],
            [
              -1.661395,
              47.3016159
            ],
            [
              -1.6617449,
              47.3012754
            ],
            [
              -1.6621588,
              47.3009322
            ],
            [
              -1.6621459,
              47.300835
            ],
            [
              -1.6625507,
              47.2992091
            ],
            [
              -1.6627093,
              47.2990896
            ],
            [
              -1.6627033,
              47.2976729
            ],
            [
              -1.6624309,
              47.2973538
            ],
            [
              -1.6613611,
              47.2959232
            ],
            [
              -1.6602286,
              47.2944388
            ],
            [
              -1.6598685,
              47.293963
            ],
            [
              -1.6588506,
              47.2926181
            ],
            [
              -1.6587768,
              47.2925205
            ],
            [
              -1.6568631,
              47.2896814
            ],
            [
              -1.6568374,
              47.2896519
            ],
            [
              -1.6570426,
              47.2894996
            ],
            [
              -1.6571277,
              47.289423
            ],
            [
              -1.6572989,
              47.2892641
            ],
            [
              -1.6576244,
              47.2889584
            ],
            [
              -1.6578741,
              47.2887204
            ],
            [
              -1.658032,
              47.2885742
            ],
            [
              -1.658123,
              47.2884957
            ],
            [
              -1.6581745,
              47.2884581
            ],
            [
              -1.658232,
              47.2884227
            ],
            [
              -1.6582805,
              47.2883927
            ],
            [
              -1.6583367,
              47.2883632
            ],
            [
              -1.6584822,
              47.2883026
            ],
            [
              -1.6586736,
              47.2882383
            ],
            [
              -1.6590088,
              47.2881368
            ],
            [
              -1.6591834,
              47.2880796
            ],
            [
              -1.659274,
              47.2880429
            ],
            [
              -1.6593486,
              47.2880065
            ],
            [
              -1.6594054,
              47.2879742
            ],
            [
              -1.6594606,
              47.2879369
            ],
            [
              -1.6595382,
              47.287875
            ],
            [
              -1.659642,
              47.2877798
            ],
            [
              -1.6598964,
              47.2875246
            ],
            [
              -1.660071,
              47.2873319
            ],
            [
              -1.6601532,
              47.2872315
            ],
            [
              -1.6602332,
              47.2871254
            ],
            [
              -1.6603235,
              47.2869806
            ],
            [
              -1.6603653,
              47.2869028
            ],
            [
              -1.6604003,
              47.2868298
            ],
            [
              -1.6604245,
              47.2867677
            ],
            [
              -1.6604505,
              47.286699
            ],
            [
              -1.6604903,
              47.2865588
            ],
            [
              -1.6605509,
              47.2862857
            ],
            [
              -1.6606606,
              47.285735
            ],
            [
              -1.6606842,
              47.2856406
            ],
            [
              -1.6607129,
              47.2855662
            ],
            [
              -1.660782,
              47.2854307
            ],
            [
              -1.6607953,
              47.2844583
            ],
            [
              -1.6607705,
              47.2829034
            ],
            [
              -1.6608695,
              47.2813753
            ],
            [
              -1.6608881,
              47.2793832
            ],
            [
              -1.6600884,
              47.2792865
            ],
            [
              -1.6585106,
              47.2760145
            ],
            [
              -1.658465,
              47.27592
            ],
            [
              -1.6568424,
              47.2748042
            ],
            [
              -1.6563784,
              47.274719
            ],
            [
              -1.6560029,
              47.2743068
            ],
            [
              -1.6557134,
              47.2741098
            ],
            [
              -1.6554652,
              47.2739101
            ],
            [
              -1.6550703,
              47.2734539
            ],
            [
              -1.65481,
              47.2732745
            ],
            [
              -1.654579,
              47.2730695
            ],
            [
              -1.6538063,
              47.2719014
            ],
            [
              -1.6531917,
              47.2714248
            ],
            [
              -1.6527813,
              47.270827
            ],
            [
              -1.6527551,
              47.2704753
            ],
            [
              -1.6525212,
              47.2699959
            ],
            [
              -1.6525424,
              47.2692588
            ],
            [
              -1.6525638,
              47.2687291
            ],
            [
              -1.6524025,
              47.2686102
            ],
            [
              -1.653009,
              47.2679566
            ],
            [
              -1.6534984,
              47.2673692
            ],
            [
              -1.6525596,
              47.2658148
            ],
            [
              -1.6522586,
              47.2644353
            ],
            [
              -1.6521773,
              47.2631417
            ],
            [
              -1.6523306,
              47.2623377
            ],
            [
              -1.6529604,
              47.2603221
            ],
            [
              -1.6535433,
              47.2599628
            ],
            [
              -1.6535448,
              47.2599483
            ],
            [
              -1.6535504,
              47.2598951
            ],
            [
              -1.6537785,
              47.2596232
            ],
            [
              -1.6538179,
              47.2595763
            ],
            [
              -1.6539129,
              47.2594873
            ],
            [
              -1.653986,
              47.2593981
            ],
            [
              -1.6538189,
              47.2593638
            ],
            [
              -1.6536632,
              47.2593377
            ],
            [
              -1.6532997,
              47.2592769
            ],
            [
              -1.6481747,
              47.2584148
            ],
            [
              -1.6454651,
              47.2579825
            ],
            [
              -1.6447679,
              47.2578688
            ],
            [
              -1.644501,
              47.2578203
            ],
            [
              -1.6435468,
              47.2576468
            ],
            [
              -1.6425951,
              47.2574734
            ],
            [
              -1.6411128,
              47.2572202
            ],
            [
              -1.6397797,
              47.2569622
            ],
            [
              -1.6392249,
              47.2568615
            ],
            [
              -1.6384081,
              47.2567139
            ],
            [
              -1.6355357,
              47.2561411
            ],
            [
              -1.6335212,
              47.2557756
            ],
            [
              -1.6329861,
              47.2556774
            ],
            [
              -1.6324354,
              47.2555722
            ],
            [
              -1.632123,
              47.2555061
            ],
            [
              -1.6313748,
              47.2553294
            ],
            [
              -1.6305713,
              47.2551013
            ],
            [
              -1.6303299,
              47.2550232
            ],
            [
              -1.6301404,
              47.2549616
            ],
            [
              -1.6299814,
              47.2549051
            ],
            [
              -1.6293562,
              47.2546764
            ],
            [
              -1.6291364,
              47.254601
            ],
            [
              -1.6289408,
              47.2545243
            ],
            [
              -1.6287752,
              47.2544593
            ],
            [
              -1.6286358,
              47.2544047
            ],
            [
              -1.6251664,
              47.2530375
            ],
            [
              -1.624087,
              47.2526197
            ],
            [
              -1.6218,
              47.2516894
            ],
            [
              -1.6208846,
              47.2514085
            ],
            [
              -1.6208179,
              47.2513896
            ],
            [
              -1.6207441,
              47.2513687
            ],
            [
              -1.6201432,
              47.2512106
            ],
            [
              -1.6193748,
              47.2510084
            ],
            [
              -1.6180357,
              47.2506235
            ],
            [
              -1.6159463,
              47.2500436
            ],
            [
              -1.6156798,
              47.2499814
            ],
            [
              -1.6145089,
              47.2496609
            ],
            [
              -1.6115246,
              47.2488504
            ],
            [
              -1.6097345,
              47.2483694
            ],
            [
              -1.6069938,
              47.2475566
            ],
            [
              -1.6059673,
              47.2471908
            ],
            [
              -1.6045849,
              47.246614
            ],
            [
              -1.6044712,
              47.2465639
            ],
            [
              -1.604213,
              47.2464501
            ],
            [
              -1.6040809,
              47.2463837
            ],
            [
              -1.6033386,
              47.2460523
            ],
            [
              -1.6021049,
              47.2455048
            ],
            [
              -1.6019405,
              47.2454263
            ],
            [
              -1.6016018,
              47.2452588
            ],
            [
              -1.6011637,
              47.2450466
            ],
            [
              -1.600829,
              47.2448921
            ],
            [
              -1.6005148,
              47.2447486
            ],
            [
              -1.6004941,
              47.2447392
            ],
            [
              -1.6001339,
              47.2445724
            ],
            [
              -1.6000472,
              47.2445322
            ],
            [
              -1.5999612,
              47.2444924
            ],
            [
              -1.5998775,
              47.2444524
            ],
            [
              -1.5997265,
              47.2443802
            ],
            [
              -1.5995957,
              47.2443158
            ],
            [
              -1.5993987,
              47.2442181
            ],
            [
              -1.5993399,
              47.2441886
            ],
            [
              -1.5991657,
              47.2441013
            ],
            [
              -1.5989739,
              47.2440051
            ],
            [
              -1.5986744,
              47.2438566
            ],
            [
              -1.5985484,
              47.2437934
            ],
            [
              -1.5984749,
              47.2437582
            ],
            [
              -1.5981025,
              47.2435797
            ],
            [
              -1.5979988,
              47.2435454
            ],
            [
              -1.5978749,
              47.2435044
            ],
            [
              -1.5977861,
              47.2434322
            ],
            [
              -1.5977634,
              47.2434137
            ],
            [
              -1.5976376,
              47.2433342
            ],
            [
              -1.5975337,
              47.2432809
            ],
            [
              -1.5971501,
              47.243091
            ],
            [
              -1.5966308,
              47.2428338
            ],
            [
              -1.5963085,
              47.2426682
            ],
            [
              -1.596253,
              47.2426396
            ],
            [
              -1.5961546,
              47.2425905
            ],
            [
              -1.5960725,
              47.2425493
            ],
            [
              -1.5959875,
              47.2425071
            ],
            [
              -1.5959003,
              47.2424653
            ],
            [
              -1.5958167,
              47.2424253
            ],
            [
              -1.595539,
              47.2422862
            ],
            [
              -1.5946944,
              47.2418644
            ],
            [
              -1.594254,
              47.2416435
            ],
            [
              -1.5941387,
              47.241586
            ],
            [
              -1.5930746,
              47.2410503
            ],
            [
              -1.5929195,
              47.2409728
            ],
            [
              -1.5927373,
              47.2408826
            ],
            [
              -1.5926652,
              47.2408508
            ],
            [
              -1.5926417,
              47.2408389
            ],
            [
              -1.59239,
              47.2407114
            ],
            [
              -1.5921056,
              47.2405688
            ],
            [
              -1.5918991,
              47.2404658
            ],
            [
              -1.5917805,
              47.2404073
            ],
            [
              -1.5912919,
              47.2401583
            ],
            [
              -1.5907035,
              47.2398623
            ],
            [
              -1.5895947,
              47.2393045
            ],
            [
              -1.5893936,
              47.2392042
            ],
            [
              -1.5892928,
              47.2393407
            ],
            [
              -1.5890053,
              47.239722
            ],
            [
              -1.5888025,
              47.2399918
            ],
            [
              -1.5886778,
              47.2401595
            ],
            [
              -1.5884855,
              47.2403741
            ],
            [
              -1.5884341,
              47.2404339
            ],
            [
              -1.5882942,
              47.2405868
            ],
            [
              -1.5881176,
              47.2407836
            ],
            [
              -1.587959,
              47.2409216
            ],
            [
              -1.5878097,
              47.2410475
            ],
            [
              -1.5877475,
              47.2410898
            ],
            [
              -1.5874314,
              47.2413048
            ],
            [
              -1.587187,
              47.2414561
            ],
            [
              -1.5869817,
              47.2415585
            ],
            [
              -1.5867353,
              47.2416727
            ],
            [
              -1.5866711,
              47.2417219
            ],
            [
              -1.5866108,
              47.2417797
            ],
            [
              -1.5864795,
              47.241914
            ],
            [
              -1.5864385,
              47.2419725
            ],
            [
              -1.5863597,
              47.2420863
            ],
            [
              -1.5862548,
              47.2422982
            ],
            [
              -1.586149,
              47.2424435
            ],
            [
              -1.5860808,
              47.2425199
            ],
            [
              -1.5859937,
              47.2425922
            ],
            [
              -1.5857681,
              47.2426832
            ],
            [
              -1.5855256,
              47.2427809
            ],
            [
              -1.5854956,
              47.2428093
            ],
            [
              -1.5854705,
              47.242807
            ],
            [
              -1.5851447,
              47.2428545
            ],
            [
              -1.5851183,
              47.2428633
            ],
            [
              -1.5850857,
              47.2428691
            ],
            [
              -1.5850253,
              47.2428943
            ],
            [
              -1.5847993,
              47.242969
            ],
            [
              -1.5846389,
              47.2430124
            ],
            [
              -1.5845157,
              47.2430405
            ],
            [
              -1.5843641,
              47.243043
            ],
            [
              -1.5842351,
              47.2430879
            ],
            [
              -1.5841303,
              47.2431399
            ],
            [
              -1.584008,
              47.243196
            ],
            [
              -1.5838435,
              47.2432798
            ],
            [
              -1.5837461,
              47.2433106
            ],
            [
              -1.583365,
              47.2434041
            ],
            [
              -1.5829803,
              47.243613
            ],
            [
              -1.5827696,
              47.2436269
            ],
            [
              -1.582727,
              47.2437518
            ],
            [
              -1.5826921,
              47.2437475
            ],
            [
              -1.582659,
              47.2437332
            ],
            [
              -1.5826201,
              47.243723
            ],
            [
              -1.582559,
              47.2437443
            ],
            [
              -1.5825237,
              47.243758
            ],
            [
              -1.5824822,
              47.243778
            ],
            [
              -1.5824757,
              47.2437839
            ],
            [
              -1.5824459,
              47.2437974
            ],
            [
              -1.582425,
              47.2438056
            ],
            [
              -1.582419,
              47.2438088
            ],
            [
              -1.582364,
              47.243874
            ],
            [
              -1.5823269,
              47.2438971
            ],
            [
              -1.5823135,
              47.243904
            ],
            [
              -1.5822866,
              47.2439106
            ],
            [
              -1.5822746,
              47.2439117
            ],
            [
              -1.5822376,
              47.2439113
            ],
            [
              -1.5821996,
              47.2439192
            ],
            [
              -1.5821624,
              47.2439356
            ],
            [
              -1.58214,
              47.2439506
            ],
            [
              -1.5821189,
              47.2439707
            ],
            [
              -1.5821033,
              47.243976
            ],
            [
              -1.5820359,
              47.2439938
            ],
            [
              -1.5819711,
              47.2440432
            ],
            [
              -1.5819478,
              47.2440752
            ],
            [
              -1.5818849,
              47.2441217
            ],
            [
              -1.5818582,
              47.2441487
            ],
            [
              -1.5818509,
              47.2441561
            ],
            [
              -1.5818132,
              47.2441872
            ],
            [
              -1.58177,
              47.2442194
            ],
            [
              -1.5815417,
              47.2442678
            ],
            [
              -1.5813781,
              47.2442696
            ],
            [
              -1.5812105,
              47.2443279
            ],
            [
              -1.5811099,
              47.2443588
            ],
            [
              -1.581067,
              47.2443934
            ],
            [
              -1.5810108,
              47.2444241
            ],
            [
              -1.5809072,
              47.2444808
            ],
            [
              -1.58084,
              47.2445133
            ],
            [
              -1.5807829,
              47.2445377
            ],
            [
              -1.5807095,
              47.2445898
            ],
            [
              -1.580591,
              47.2446252
            ],
            [
              -1.580546,
              47.2446414
            ],
            [
              -1.5805042,
              47.2446555
            ],
            [
              -1.580358,
              47.2447416
            ],
            [
              -1.5801935,
              47.2448384
            ],
            [
              -1.5800394,
              47.2449311
            ],
            [
              -1.579892,
              47.2450169
            ],
            [
              -1.5798609,
              47.24503
            ],
            [
              -1.5797849,
              47.2450435
            ],
            [
              -1.5797416,
              47.2450437
            ],
            [
              -1.579699,
              47.2450443
            ],
            [
              -1.5793315,
              47.2451911
            ],
            [
              -1.5792935,
              47.2452063
            ],
            [
              -1.5792702,
              47.2452194
            ],
            [
              -1.5791488,
              47.2452983
            ],
            [
              -1.5789569,
              47.245401
            ],
            [
              -1.5789093,
              47.2454403
            ],
            [
              -1.5787566,
              47.2455762
            ],
            [
              -1.5785605,
              47.2457433
            ],
            [
              -1.5783863,
              47.2459225
            ],
            [
              -1.578304,
              47.245982
            ],
            [
              -1.5781649,
              47.24607
            ],
            [
              -1.5780806,
              47.2461221
            ],
            [
              -1.5779867,
              47.2461753
            ],
            [
              -1.5779414,
              47.2462092
            ],
            [
              -1.5778972,
              47.2462548
            ],
            [
              -1.5778235,
              47.2463776
            ],
            [
              -1.5777861,
              47.2465323
            ],
            [
              -1.5777797,
              47.2465914
            ],
            [
              -1.577778,
              47.2466544
            ],
            [
              -1.5778064,
              47.2467353
            ],
            [
              -1.5778202,
              47.2467517
            ],
            [
              -1.5778699,
              47.246814
            ],
            [
              -1.5778854,
              47.2468615
            ],
            [
              -1.577937,
              47.2469353
            ],
            [
              -1.5775404,
              47.2469735
            ],
            [
              -1.5773862,
              47.2470058
            ],
            [
              -1.577407,
              47.2470697
            ],
            [
              -1.5774268,
              47.2471463
            ],
            [
              -1.5774039,
              47.2471508
            ],
            [
              -1.577323,
              47.247155
            ],
            [
              -1.5773272,
              47.2471736
            ],
            [
              -1.5773373,
              47.2472182
            ],
            [
              -1.5773226,
              47.2472361
            ],
            [
              -1.5773323,
              47.2473253
            ],
            [
              -1.5773364,
              47.2474093
            ],
            [
              -1.577337,
              47.2474567
            ],
            [
              -1.5773311,
              47.2475189
            ],
            [
              -1.5773116,
              47.2476106
            ],
            [
              -1.5773066,
              47.2476333
            ],
            [
              -1.5772946,
              47.2477065
            ],
            [
              -1.5772316,
              47.2479727
            ],
            [
              -1.5772032,
              47.2480859
            ],
            [
              -1.5771808,
              47.2481686
            ],
            [
              -1.5771637,
              47.248243
            ],
            [
              -1.5771291,
              47.2483974
            ],
            [
              -1.5770073,
              47.2489024
            ],
            [
              -1.5769336,
              47.2492121
            ],
            [
              -1.5768079,
              47.2497407
            ],
            [
              -1.5767243,
              47.2500915
            ],
            [
              -1.5766225,
              47.2505771
            ],
            [
              -1.5764956,
              47.2511525
            ],
            [
              -1.5763962,
              47.2515759
            ],
            [
              -1.5762453,
              47.2523177
            ],
            [
              -1.5762297,
              47.2523991
            ],
            [
              -1.5761948,
              47.2525663
            ],
            [
              -1.5761555,
              47.2528476
            ],
            [
              -1.576089,
              47.2530685
            ],
            [
              -1.5761726,
              47.2532655
            ],
            [
              -1.5762009,
              47.253593
            ],
            [
              -1.5762439,
              47.2538284
            ],
            [
              -1.5764497,
              47.2543638
            ],
            [
              -1.576606,
              47.2545138
            ],
            [
              -1.5769987,
              47.2549586
            ],
            [
              -1.577338,
              47.2553578
            ],
            [
              -1.5776095,
              47.2556671
            ],
            [
              -1.5777677,
              47.2558472
            ],
            [
              -1.5782681,
              47.2564198
            ],
            [
              -1.5787088,
              47.2569265
            ],
            [
              -1.5790028,
              47.2572471
            ],
            [
              -1.5794842,
              47.2578216
            ],
            [
              -1.5799248,
              47.2583246
            ],
            [
              -1.5805738,
              47.2590685
            ],
            [
              -1.5810818,
              47.25965
            ],
            [
              -1.5815829,
              47.2602276
            ],
            [
              -1.5816586,
              47.2603142
            ],
            [
              -1.5833344,
              47.2622327
            ],
            [
              -1.5844907,
              47.2635672
            ],
            [
              -1.5861487,
              47.2654877
            ],
            [
              -1.5865816,
              47.265983
            ],
            [
              -1.5877698,
              47.2673514
            ],
            [
              -1.5894103,
              47.2692105
            ],
            [
              -1.5896161,
              47.2691229
            ],
            [
              -1.5904663,
              47.2700916
            ],
            [
              -1.5916754,
              47.2714801
            ],
            [
              -1.5921004,
              47.27197
            ],
            [
              -1.5926845,
              47.2726303
            ],
            [
              -1.5933967,
              47.2734454
            ],
            [
              -1.5929743,
              47.2736254
            ],
            [
              -1.593441,
              47.2740537
            ],
            [
              -1.5937662,
              47.2743314
            ],
            [
              -1.5940757,
              47.2746411
            ],
            [
              -1.5944639,
              47.2749761
            ],
            [
              -1.5947568,
              47.2752458
            ],
            [
              -1.5951637,
              47.2756212
            ],
            [
              -1.5956877,
              47.2762079
            ],
            [
              -1.5958428,
              47.2764157
            ],
            [
              -1.5959771,
              47.2766415
            ],
            [
              -1.5961361,
              47.2769917
            ],
            [
              -1.5963218,
              47.2774973
            ],
            [
              -1.5964956,
              47.2777405
            ],
            [
              -1.5969655,
              47.2780282
            ],
            [
              -1.5979406,
              47.2788279
            ],
            [
              -1.5979864,
              47.2788702
            ],
            [
              -1.5987365,
              47.2796342
            ],
            [
              -1.5988395,
              47.2797013
            ],
            [
              -1.6019801,
              47.2818453
            ],
            [
              -1.6032724,
              47.2827263
            ],
            [
              -1.6034674,
              47.2833067
            ],
            [
              -1.603635,
              47.2839066
            ],
            [
              -1.6037163,
              47.2842095
            ],
            [
              -1.6037932,
              47.2845147
            ],
            [
              -1.6039533,
              47.2851357
            ],
            [
              -1.6040224,
              47.2854035
            ],
            [
              -1.6041379,
              47.2858468
            ],
            [
              -1.6042022,
              47.2860695
            ],
            [
              -1.6042775,
              47.2862907
            ],
            [
              -1.6043278,
              47.2864062
            ],
            [
              -1.604382,
              47.2865236
            ],
            [
              -1.6045105,
              47.2867484
            ],
            [
              -1.6046861,
              47.2870083
            ],
            [
              -1.6048713,
              47.2872649
            ],
            [
              -1.6051279,
              47.2875475
            ],
            [
              -1.6053919,
              47.2878258
            ],
            [
              -1.6055419,
              47.2879826
            ],
            [
              -1.6058031,
              47.288266
            ],
            [
              -1.60634,
              47.2888196
            ],
            [
              -1.6068756,
              47.2893738
            ],
            [
              -1.6071121,
              47.2896069
            ],
            [
              -1.607239,
              47.2897393
            ],
            [
              -1.6073256,
              47.2898285
            ],
            [
              -1.6075947,
              47.2901157
            ],
            [
              -1.6076913,
              47.2902259
            ],
            [
              -1.6077659,
              47.2903233
            ],
            [
              -1.6078505,
              47.2904296
            ],
            [
              -1.6079643,
              47.2905751
            ],
            [
              -1.6080552,
              47.2906986
            ],
            [
              -1.6081698,
              47.2908648
            ],
            [
              -1.6082279,
              47.2909616
            ],
            [
              -1.608283,
              47.2910466
            ]
          ]
        ]
      },
      "id": "relation/10481985"
    },
    {
      "type": "Feature",
      "properties": {
        "@id": "way/85440290",
        "admin_level": "8",
        "building": "public",
        "contact:email": "archives@nantesmetropole.fr",
        "contact:housenumber": "1",
        "contact:phone": "+33 2 40 41 95 85",
        "contact:street": "Rue d'Enfer",
        "government": "archive",
        "name": "Archives municipales",
        "name:br": "Dielloù-kêr Naoned",
        "office": "government",
        "opening_hours": "Tu-Th 09:00-17:00",
        "source": "cadastre-dgi-fr source : Direction Générale des Impôts - Cadastre. Mise à jour : 2010",
        "source:name:br": "proper translation",
        "website": "https://archives.nantes.fr/home.html",
        "wikidata": "Q22248957",
        "wikipedia": "fr:Archives municipales de Nantes"
      },
      "geometry": {
        "type": "Polygon",
        "coordinates": [
          [
            [
              -1.5542357,
              47.2189935
            ],
            [
              -1.5542219,
              47.2190132
            ],
            [
              -1.5544042,
              47.2192414
            ],
            [
              -1.5544717,
              47.2193056
            ],
            [
              -1.5545502,
              47.2192656
            ],
            [
              -1.5545331,
              47.2192471
            ],
            [
              -1.5545534,
              47.2192386
            ],
            [
              -1.5545693,
              47.2192564
            ],
            [
              -1.554597,
              47.219243
            ],
            [
              -1.554614,
              47.2192346
            ],
            [
              -1.5545462,
              47.2191665
            ],
            [
              -1.5545436,
              47.2191628
            ],
            [
              -1.5545383,
              47.2191653
            ],
            [
              -1.5545018,
              47.2191783
            ],
            [
              -1.5544768,
              47.2191454
            ],
            [
              -1.5544457,
              47.2191574
            ],
            [
              -1.5544344,
              47.2191417
            ],
            [
              -1.5544655,
              47.2191297
            ],
            [
              -1.554487,
              47.219122
            ],
            [
              -1.554472,
              47.2191018
            ],
            [
              -1.5544859,
              47.2190966
            ],
            [
              -1.5544684,
              47.2190727
            ],
            [
              -1.5546248,
              47.2190503
            ],
            [
              -1.5546385,
              47.219029
            ],
            [
              -1.5545803,
              47.2189437
            ],
            [
              -1.554349,
              47.2189721
            ],
            [
              -1.5543518,
              47.2189781
            ],
            [
              -1.5542357,
              47.2189935
            ]
          ]
        ]
      },
      "id": "way/85440290"
    },
    {
      "type": "Feature",
      "properties": {
        "@id": "way/85441472",
        "admin_level": "8",
        "building": "office",
        "building:levels": "3",
        "building:material": "concrete",
        "building:use": "office",
        "inscription": "Le Voyage à Nantes",
        "source": "cadastre-dgi-fr source : Direction Générale des Impôts - Cadastre. Mise à jour : 2010",
        "year_of_construction": "1923"
      },
      "geometry": {
        "type": "Polygon",
        "coordinates": [
          [
            [
              -1.5465372,
              47.2143502
            ],
            [
              -1.5465043,
              47.2143474
            ],
            [
              -1.5464758,
              47.2143449
            ],
            [
              -1.546409,
              47.2143392
            ],
            [
              -1.546349,
              47.2143341
            ],
            [
              -1.5462851,
              47.2143286
            ],
            [
              -1.5462262,
              47.2145698
            ],
            [
              -1.5462104,
              47.2146347
            ],
            [
              -1.5462563,
              47.2146556
            ],
            [
              -1.5464155,
              47.2147281
            ],
            [
              -1.5464941,
              47.214695
            ],
            [
              -1.546672,
              47.2146202
            ],
            [
              -1.5467401,
              47.2145915
            ],
            [
              -1.5467579,
              47.214584
            ],
            [
              -1.5466849,
              47.2145043
            ],
            [
              -1.5466537,
              47.2144702
            ],
            [
              -1.5465372,
              47.2143502
            ]
          ]
        ]
      },
      "id": "way/85441472"
    },
    {
      "type": "Feature",
      "properties": {
        "@id": "way/332333919",
        "admin_level": "8",
        "boundary": "administrative",
        "name": "Ruisseau de la Patouillerie",
        "source": "cadastre-dgi-fr source : Direction Générale des Impôts - Cadastre. Mise à jour : 2009",
        "waterway": "stream",
        "@relations": [
          {
            "role": "outer",
            "rel": 59874,
            "reltags": {
              "admin_level": "8",
              "admin_type:FR": "commune",
              "alt_name:br": "An Naoned",
              "boundary": "administrative",
              "capital": "4",
              "name": "Nantes",
              "name:ar": "نانت",
              "name:be": "Нант",
              "name:bg": "Нант",
              "name:br": "Naoned",
              "name:ca": "Nantes",
              "name:cy": "Naoned",
              "name:el": "Νάντη",
              "name:eo": "Nanto",
              "name:es": "Nantes",
              "name:ext": "Nanti",
              "name:fa": "نانت",
              "name:fr": "Nantes",
              "name:fr-x-gallo": "Nauntt",
              "name:ga": "Naoned",
              "name:gd": "Naoned",
              "name:gv": "Naoned",
              "name:he": "נאנט",
              "name:hi": "नांत",
              "name:hy": "Նանտ",
              "name:ja": "ナント",
              "name:ka": "ნანტი",
              "name:kk": "Нант",
              "name:ko": "낭트",
              "name:kw": "Naoned",
              "name:la": "Portus-Namnetum",
              "name:lt": "Nantas",
              "name:lv": "Nante",
              "name:mk": "Нант",
              "name:mr": "नाँत",
              "name:mzn": "نانت",
              "name:oc": "Nantas",
              "name:pa": "ਨੌਂਤ",
              "name:pnb": "نانتیز",
              "name:ru": "Нант",
              "name:sr": "Нант",
              "name:ta": "நாந்து",
              "name:th": "น็องต์",
              "name:uk": "Нант",
              "name:ur": "نانت",
              "name:yi": "נאנט",
              "name:zh": "南特",
              "population": "323204",
              "population:date": "2021",
              "postal_code": "44000;44100;44200;44300",
              "ref:FR:SIREN": "214401093",
              "ref:INSEE": "44109",
              "source:name:oc": "ieo-bdtopoc",
              "source:population": "INSEE 2024",
              "source:postal_code": "La Poste - 12/2014",
              "type": "boundary",
              "website": "https://www.nantes.fr/",
              "wikidata": "Q12191",
              "wikipedia": "fr:Nantes"
            }
          },
          {
            "role": "outer",
            "rel": 60972,
            "reltags": {
              "admin_level": "8",
              "admin_type:FR": "commune",
              "boundary": "administrative",
              "name": "Orvault",
              "name:br": "Orvez",
              "name:fr": "Orvault",
              "name:fr-x-gallo": "Orvao",
              "name:uk": "Орво",
              "population": "27872",
              "population:date": "2021",
              "postal_code": "44700",
              "ref:FR:SIREN": "214401143",
              "ref:INSEE": "44114",
              "source:population": "INSEE 2024",
              "source:postal_code": "La Poste - 12/2014",
              "type": "boundary",
              "website": "https://www.orvault.fr/",
              "wikidata": "Q271407",
              "wikipedia": "fr:Orvault"
            }
          },
          {
            "role": "outer",
            "rel": 10481983,
            "reltags": {
              "admin_level": "8",
              "boundary": "religious_administration",
              "denomination": "catholic",
              "name": "Paroisse Sainte-Catherine-du-Petit-Port",
              "name:br": "Parrez Santez-Katell-ar-Porzh-Bihan",
              "religion": "christian",
              "type": "boundary",
              "website": "https://paroissestecatherinedupetitport-nantes.fr/"
            }
          },
          {
            "role": "outer",
            "rel": 10481985,
            "reltags": {
              "admin_level": "8",
              "boundary": "religious_administration",
              "denomination": "catholic",
              "name": "Paroisse Sainte-Bernadette-et-Saint-Léger-d'Orvault",
              "name:br": "Parrez Santez-Bernadeta-ha-Sant-Lezer-Orvez",
              "religion": "christian",
              "type": "boundary",
              "website": "https://paroisseorvault.fr/"
            }
          }
        ]
      },
      "geometry": {
        "type": "LineString",
        "coordinates": [
          [
            -1.579699,
            47.2450443
          ],
          [
            -1.5793315,
            47.2451911
          ],
          [
            -1.5792935,
            47.2452063
          ],
          [
            -1.5792702,
            47.2452194
          ],
          [
            -1.5791488,
            47.2452983
          ],
          [
            -1.5789569,
            47.245401
          ],
          [
            -1.5789093,
            47.2454403
          ],
          [
            -1.5787566,
            47.2455762
          ],
          [
            -1.5785605,
            47.2457433
          ],
          [
            -1.5783863,
            47.2459225
          ],
          [
            -1.578304,
            47.245982
          ],
          [
            -1.5781649,
            47.24607
          ],
          [
            -1.5780806,
            47.2461221
          ],
          [
            -1.5779867,
            47.2461753
          ],
          [
            -1.5779414,
            47.2462092
          ],
          [
            -1.5778972,
            47.2462548
          ],
          [
            -1.5778235,
            47.2463776
          ],
          [
            -1.5777861,
            47.2465323
          ],
          [
            -1.5777797,
            47.2465914
          ],
          [
            -1.577778,
            47.2466544
          ],
          [
            -1.5778064,
            47.2467353
          ],
          [
            -1.5778202,
            47.2467517
          ]
        ]
      },
      "id": "way/332333919"
    },
    {
      "type": "Feature",
      "properties": {
        "@id": "way/332333922",
        "admin_level": "8",
        "boundary": "administrative",
        "name": "Ruisseau de la Patouillerie",
        "source": "cadastre-dgi-fr source : Direction Générale des Impôts - Cadastre. Mise à jour : 2009",
        "waterway": "stream",
        "@relations": [
          {
            "role": "outer",
            "rel": 59874,
            "reltags": {
              "admin_level": "8",
              "admin_type:FR": "commune",
              "alt_name:br": "An Naoned",
              "boundary": "administrative",
              "capital": "4",
              "name": "Nantes",
              "name:ar": "نانت",
              "name:be": "Нант",
              "name:bg": "Нант",
              "name:br": "Naoned",
              "name:ca": "Nantes",
              "name:cy": "Naoned",
              "name:el": "Νάντη",
              "name:eo": "Nanto",
              "name:es": "Nantes",
              "name:ext": "Nanti",
              "name:fa": "نانت",
              "name:fr": "Nantes",
              "name:fr-x-gallo": "Nauntt",
              "name:ga": "Naoned",
              "name:gd": "Naoned",
              "name:gv": "Naoned",
              "name:he": "נאנט",
              "name:hi": "नांत",
              "name:hy": "Նանտ",
              "name:ja": "ナント",
              "name:ka": "ნანტი",
              "name:kk": "Нант",
              "name:ko": "낭트",
              "name:kw": "Naoned",
              "name:la": "Portus-Namnetum",
              "name:lt": "Nantas",
              "name:lv": "Nante",
              "name:mk": "Нант",
              "name:mr": "नाँत",
              "name:mzn": "نانت",
              "name:oc": "Nantas",
              "name:pa": "ਨੌਂਤ",
              "name:pnb": "نانتیز",
              "name:ru": "Нант",
              "name:sr": "Нант",
              "name:ta": "நாந்து",
              "name:th": "น็องต์",
              "name:uk": "Нант",
              "name:ur": "نانت",
              "name:yi": "נאנט",
              "name:zh": "南特",
              "population": "323204",
              "population:date": "2021",
              "postal_code": "44000;44100;44200;44300",
              "ref:FR:SIREN": "214401093",
              "ref:INSEE": "44109",
              "source:name:oc": "ieo-bdtopoc",
              "source:population": "INSEE 2024",
              "source:postal_code": "La Poste - 12/2014",
              "type": "boundary",
              "website": "https://www.nantes.fr/",
              "wikidata": "Q12191",
              "wikipedia": "fr:Nantes"
            }
          },
          {
            "role": "outer",
            "rel": 60972,
            "reltags": {
              "admin_level": "8",
              "admin_type:FR": "commune",
              "boundary": "administrative",
              "name": "Orvault",
              "name:br": "Orvez",
              "name:fr": "Orvault",
              "name:fr-x-gallo": "Orvao",
              "name:uk": "Орво",
              "population": "27872",
              "population:date": "2021",
              "postal_code": "44700",
              "ref:FR:SIREN": "214401143",
              "ref:INSEE": "44114",
              "source:population": "INSEE 2024",
              "source:postal_code": "La Poste - 12/2014",
              "type": "boundary",
              "website": "https://www.orvault.fr/",
              "wikidata": "Q271407",
              "wikipedia": "fr:Orvault"
            }
          },
          {
            "role": "outer",
            "rel": 10481983,
            "reltags": {
              "admin_level": "8",
              "boundary": "religious_administration",
              "denomination": "catholic",
              "name": "Paroisse Sainte-Catherine-du-Petit-Port",
              "name:br": "Parrez Santez-Katell-ar-Porzh-Bihan",
              "religion": "christian",
              "type": "boundary",
              "website": "https://paroissestecatherinedupetitport-nantes.fr/"
            }
          },
          {
            "role": "outer",
            "rel": 10481985,
            "reltags": {
              "admin_level": "8",
              "boundary": "religious_administration",
              "denomination": "catholic",
              "name": "Paroisse Sainte-Bernadette-et-Saint-Léger-d'Orvault",
              "name:br": "Parrez Santez-Bernadeta-ha-Sant-Lezer-Orvez",
              "religion": "christian",
              "type": "boundary",
              "website": "https://paroisseorvault.fr/"
            }
          }
        ]
      },
      "geometry": {
        "type": "LineString",
        "coordinates": [
          [
            -1.5826201,
            47.243723
          ],
          [
            -1.582559,
            47.2437443
          ],
          [
            -1.5825237,
            47.243758
          ],
          [
            -1.5824822,
            47.243778
          ],
          [
            -1.5824757,
            47.2437839
          ],
          [
            -1.5824459,
            47.2437974
          ],
          [
            -1.582425,
            47.2438056
          ],
          [
            -1.582419,
            47.2438088
          ],
          [
            -1.582364,
            47.243874
          ],
          [
            -1.5823269,
            47.2438971
          ],
          [
            -1.5823135,
            47.243904
          ],
          [
            -1.5822866,
            47.2439106
          ],
          [
            -1.5822746,
            47.2439117
          ],
          [
            -1.5822376,
            47.2439113
          ],
          [
            -1.5821996,
            47.2439192
          ],
          [
            -1.5821624,
            47.2439356
          ],
          [
            -1.58214,
            47.2439506
          ],
          [
            -1.5821189,
            47.2439707
          ],
          [
            -1.5821033,
            47.243976
          ],
          [
            -1.5820359,
            47.2439938
          ],
          [
            -1.5819711,
            47.2440432
          ],
          [
            -1.5819478,
            47.2440752
          ],
          [
            -1.5818849,
            47.2441217
          ],
          [
            -1.5818582,
            47.2441487
          ],
          [
            -1.5818509,
            47.2441561
          ],
          [
            -1.5818132,
            47.2441872
          ],
          [
            -1.58177,
            47.2442194
          ],
          [
            -1.5815417,
            47.2442678
          ],
          [
            -1.5813781,
            47.2442696
          ],
          [
            -1.5812105,
            47.2443279
          ],
          [
            -1.5811099,
            47.2443588
          ],
          [
            -1.581067,
            47.2443934
          ],
          [
            -1.5810108,
            47.2444241
          ],
          [
            -1.5809072,
            47.2444808
          ],
          [
            -1.58084,
            47.2445133
          ],
          [
            -1.5807829,
            47.2445377
          ],
          [
            -1.5807095,
            47.2445898
          ],
          [
            -1.580591,
            47.2446252
          ],
          [
            -1.580546,
            47.2446414
          ],
          [
            -1.5805042,
            47.2446555
          ],
          [
            -1.580358,
            47.2447416
          ],
          [
            -1.5801935,
            47.2448384
          ],
          [
            -1.5800394,
            47.2449311
          ],
          [
            -1.579892,
            47.2450169
          ],
          [
            -1.5798609,
            47.24503
          ],
          [
            -1.5797849,
            47.2450435
          ],
          [
            -1.5797416,
            47.2450437
          ],
          [
            -1.579699,
            47.2450443
          ]
        ]
      },
      "id": "way/332333922"
    },
    {
      "type": "Feature",
      "properties": {
        "@id": "node/26686548",
        "@relations": [
          {
            "role": "admin_centre",
            "rel": 59874,
            "reltags": {
              "admin_level": "8",
              "admin_type:FR": "commune",
              "alt_name:br": "An Naoned",
              "boundary": "administrative",
              "capital": "4",
              "name": "Nantes",
              "name:ar": "نانت",
              "name:be": "Нант",
              "name:bg": "Нант",
              "name:br": "Naoned",
              "name:ca": "Nantes",
              "name:cy": "Naoned",
              "name:el": "Νάντη",
              "name:eo": "Nanto",
              "name:es": "Nantes",
              "name:ext": "Nanti",
              "name:fa": "نانت",
              "name:fr": "Nantes",
              "name:fr-x-gallo": "Nauntt",
              "name:ga": "Naoned",
              "name:gd": "Naoned",
              "name:gv": "Naoned",
              "name:he": "נאנט",
              "name:hi": "नांत",
              "name:hy": "Նանտ",
              "name:ja": "ナント",
              "name:ka": "ნანტი",
              "name:kk": "Нант",
              "name:ko": "낭트",
              "name:kw": "Naoned",
              "name:la": "Portus-Namnetum",
              "name:lt": "Nantas",
              "name:lv": "Nante",
              "name:mk": "Нант",
              "name:mr": "नाँत",
              "name:mzn": "نانت",
              "name:oc": "Nantas",
              "name:pa": "ਨੌਂਤ",
              "name:pnb": "نانتیز",
              "name:ru": "Нант",
              "name:sr": "Нант",
              "name:ta": "நாந்து",
              "name:th": "น็องต์",
              "name:uk": "Нант",
              "name:ur": "نانت",
              "name:yi": "נאנט",
              "name:zh": "南特",
              "population": "323204",
              "population:date": "2021",
              "postal_code": "44000;44100;44200;44300",
              "ref:FR:SIREN": "214401093",
              "ref:INSEE": "44109",
              "source:name:oc": "ieo-bdtopoc",
              "source:population": "INSEE 2024",
              "source:postal_code": "La Poste - 12/2014",
              "type": "boundary",
              "website": "https://www.nantes.fr/",
              "wikidata": "Q12191",
              "wikipedia": "fr:Nantes"
            }
          }
        ]
      },
      "geometry": {
        "type": "Point",
        "coordinates": [
          -1.5541362,
          47.2186371
        ]
      },
      "id": "node/26686548"
    },
    {
      "type": "Feature",
      "properties": {
        "@id": "node/26692204",
        "@relations": [
          {
            "role": "admin_centre",
            "rel": 60972,
            "reltags": {
              "admin_level": "8",
              "admin_type:FR": "commune",
              "boundary": "administrative",
              "name": "Orvault",
              "name:br": "Orvez",
              "name:fr": "Orvault",
              "name:fr-x-gallo": "Orvao",
              "name:uk": "Орво",
              "population": "27872",
              "population:date": "2021",
              "postal_code": "44700",
              "ref:FR:SIREN": "214401143",
              "ref:INSEE": "44114",
              "source:population": "INSEE 2024",
              "source:postal_code": "La Poste - 12/2014",
              "type": "boundary",
              "website": "https://www.orvault.fr/",
              "wikidata": "Q271407",
              "wikipedia": "fr:Orvault"
            }
          }
        ]
      },
      "geometry": {
        "type": "Point",
        "coordinates": [
          -1.623206,
          47.2711217
        ]
      },
      "id": "node/26692204"
    },
    {
      "type": "Feature",
      "properties": {
        "@id": "node/9818214659",
        "admin_level": "8",
        "check_date": "2024-12-23",
        "government": "public_safety",
        "name": "Maison de la tranquillité publique",
        "name:br": "Ti ar sioulder foran",
        "office": "government",
        "opening_hours": "Mo-Fr 08:30-17:30",
        "phone": "+33 2 40 41 99 99",
        "website": "https://maisontranquillite.nantes.fr/"
      },
      "geometry": {
        "type": "Point",
        "coordinates": [
          -1.536231,
          47.2192943
        ]
      },
      "id": "node/9818214659"
    }
  ]
}