Insee - Statistiques locales; ; 
Référentiel géographique : France par commune; ; 
Code;Libellé;Nombre d'établissements 2024
01001;L'Abergement-Clémenciat;19
01002;L'Abergement-de-Varey;4
01004;Ambérieu-en-Bugey;592
01005;Ambérieux-en-Dombes;49
01006;Ambléon;1
01007;Ambronay;78
01008;Ambutrix;23
01009;Andert-et-Condon;5
01010;Anglefort;24
01011;Apremont;6
01012;Aranc;8
01013;Arandas;2
01014;Arbent;245
01015;Arboys en Bugey;13
01016;Arbigny;7
01017;Argis;14
01019;Armix;1
01021;Ars-sur-Formans;36
01022;Artemare;45
01023;Asnières-sur-Saône;4
01024;Attignat;83
01025;Bâgé-Dommartin;70
01026;Bâgé-le-Châtel;36
01027;Balan;64
01028;Baneins;14
01029;Beaupont;15
01030;Beauregard;17
01031;Bellignat;186
01032;Béligneux;105
01033;Valserhône;525
01034;Belley;405
01035;Belleydoux;6
01036;Valromey-sur-Séran;21
01037;Bénonces;6
01038;Bény;12
01040;Béréziat;8
01041;Bettant;9
01042;Bey;4
01043;Beynost;344
01044;Billiat;16
01045;Birieux;6
01046;Biziat;20
01047;Blyes;80
01049;La Boisse;110
01050;Boissey;6
01051;Bolozon;1
01052;Bouligneux;13
01053;Bourg-en-Bresse;2026
01054;Bourg-Saint-Christophe;25
01056;Boyeux-Saint-Jérôme;10
01057;Boz;16
01058;Brégnier-Cordon;26
01060;Brénod;19
01061;Brens;14
01062;Bressolles;21
01063;Brion;28
01064;Briord;26
01065;Buellas;28
01066;La Burbanche;3
01067;Ceignes;6
01068;Cerdon;15
01069;Certines;44
01071;Cessy;92
01072;Ceyzériat;138
01073;Ceyzérieu;21
01074;Chalamont;89
01075;Chaleins;60
01076;Chaley;2
01077;Challes-la-Montagne;3
01078;Challex;11
01079;Champagne-en-Valromey;39
01080;Champdor-Corcelles;14
01081;Champfromier;15
01082;Chanay;9
01083;Chaneins;37
01084;Chanoz-Châtenay;15
01085;La Chapelle-du-Châtelard;14
01087;Charix;5
01088;Charnoz-sur-Ain;37
01089;Château-Gaillard;115
01090;Châtenay;18
01092;Châtillon-la-Palud;25
01093;Châtillon-sur-Chalaronne;261
01094;Chavannes-sur-Reyssouze;12
01095;Nivigne et Suran;14
01096;Chaveyriat;25
01098;Chazey-Bons;53
01099;Chazey-sur-Ain;39
01100;Cheignieu-la-Balme;3
01101;Chevillard;1
01102;Chevroux;22
01103;Chevry;15
01104;Chézery-Forens;17
01105;Civrieux;111
01106;Cize;2
01107;Cleyzieu;2
01108;Coligny;33
01109;Collonges;47
01110;Colomieu;1
01111;Conand;1
01112;Condamine;15
01113;Condeissiat;22
01114;Confort;13
01115;Confrançon;40
01116;Contrevoz;10
01117;Conzieu;1
01118;Corbonod;29
01121;Corlier;5
01123;Cormoranche-sur-Saône;23
01124;Cormoz;16
01125;Corveissiat;16
01127;Courmangoux;14
01128;Courtes;6
01129;Crans;4
01130;Bresse Vallons;45
01133;Cressin-Rochefort;5
01134;Crottet;43
01135;Crozet;51
01136;Cruzilles-lès-Mépillat;10
01138;Culoz-Béon;84
01139;Curciat-Dongalon;14
01140;Curtafond;20
01141;Cuzieu;6
01142;Dagneux;203
01143;Divonne-les-Bains;248
01145;Dompierre-sur-Veyle;35
01146;Dompierre-sur-Chalaronne;5
01147;Domsure;14
01148;Dortan;43
01149;Douvres;6
01150;Drom;11
01151;Druillat;23
01152;Échallon;11
01153;Échenevex;17
01155;Évosges;6
01156;Faramans;13
01157;Fareins;127
01158;Farges;11
01159;Feillens;127
01160;Ferney-Voltaire;346
01162;Flaxieu;5
01163;Foissiat;52
01165;Francheleins;23
01166;Frans;64
01167;Garnerans;16
01169;Genouilleux;11
01170;Béard-Géovreissiat;28
01171;Géovreisset;13
01173;Gex;209
01174;Giron;8
01175;Gorrevod;16
01177;Grand-Corent;2
01179;Grièges;40
01180;Grilly;21
01181;Groissiat;52
01183;Guéreins;81
01184;Hautecourt-Romanèche;16
01185;Plateau d'Hauteville;153
01187;Haut Valromey;41
01188;Illiat;18
01189;Injoux-Génissiat;17
01190;Innimond;4
01191;Izenave;7
01192;Izernore;91
01193;Izieu;5
01194;Jassans-Riottier;174
01195;Jasseron;52
01196;Jayat;42
01197;Journans;7
01198;Joyeux;9
01199;Jujurieux;38
01200;Labalme;5
01202;Lagnieu;201
01203;Laiz;30
01204;Le Poizat-Lalleyriat;20
01206;Lantenay;4
01207;Lapeyrouse;11
01208;Lavours;2
01209;Léaz;5
01210;Lélex;31
01211;Lent;35
01212;Lescheroux;17
01213;Leyment;43
01214;Leyssard;4
01215;Surjoux-Lhopital;2
01216;Lhuis;17
01219;Lompnas;6
01224;Loyettes;91
01225;Lurcy;4
01227;Magnieu;12
01228;Maillat;34
01229;Malafretaz;31
01230;Mantenay-Montlin;12
01231;Manziat;54
01232;Marboz;70
01233;Marchamp;3
01234;Marignieu;3
01235;Marlieux;32
01236;Marsonnas;16
01237;Martignat;61
01238;Massieux;68
01239;Massignieu-de-Rives;15
01240;Matafelon-Granges;17
01241;Meillonnas;32
01242;Mérignat;5
01243;Messimy-sur-Saône;32
01244;Meximieux;312
01245;Bohas-Meyriat-Rignat;14
01246;Mézériat;44
01247;Mijoux;23
01248;Mionnay;69
01249;Miribel;370
01250;Misérieux;27
01252;Mogneneins;19
01254;Montagnat;106
01255;Montagnieu;11
01257;Montanges;11
01258;Montceaux;38
01259;Montcet;17
01260;Le Montellier;14
01261;Monthieux;17
01262;Montluel;214
01263;Montmerle-sur-Saône;110
01264;Montracol;15
01265;Montréal-la-Cluse;150
01266;Montrevel-en-Bresse;130
01267;Nurieux-Volognat;35
01268;Murs-et-Gélignieux;9
01269;Nantua;113
01272;Neuville-les-Dames;49
01273;Neuville-sur-Ain;31
01274;Les Neyrolles;15
01275;Neyron;124
01276;Niévroz;27
01277;Nivollet-Montgriffon;3
01279;Oncieu;2
01280;Ordonnaz;5
01281;Ornex;72
01282;Outriaz;8
01283;Oyonnax;833
01284;Ozan;24
01285;Parcieux;23
01286;Parves et Nattages;15
01288;Péron;49
01289;Péronnas;249
01290;Pérouges;54
01291;Perrex;21
01293;Peyriat;4
01294;Peyrieu;19
01295;Peyzieux-sur-Saône;13
01296;Pirajoux;6
01297;Pizay;22
01298;Plagne;1
01299;Le Plantay;23
01301;Polliat;92
01302;Pollieu;2
01303;Poncin;51
01304;Pont-d'Ain;124
01305;Pont-de-Vaux;122
01306;Pont-de-Veyle;51
01307;Port;42
01308;Pougny;8
01309;Pouillat;4
01310;Prémeyzel;6
01311;Prémillieu;2
01313;Prévessin-Moëns;98
01314;Priay;43
01317;Ramasse;6
01318;Rancé;22
01319;Relevant;11
01320;Replonges;134
01321;Revonnas;12
01322;Reyrieux;167
01323;Reyssouze;14
01325;Rignieux-le-Franc;22
01328;Romans;21
01329;Rossillon;3
01331;Saint-Alban;5
01332;Saint-André-de-Bâgé;20
01333;Saint-André-de-Corcy;182
01334;Saint-André-d'Huiriat;12
01335;Saint-André-le-Bouchoux;15
01336;Saint-André-sur-Vieux-Jonc;30
01337;Saint-Bénigne;31
01338;Groslée-Saint-Benoit;24
01339;Saint-Bernard;39
01342;Sainte-Croix;17
01343;Saint-Cyr-sur-Menthon;43
01344;Saint-Denis-lès-Bourg;180
01345;Saint-Denis-en-Bugey;35
01346;Saint-Didier-d'Aussiat;17
01347;Saint-Didier-de-Formans;46
01348;Saint-Didier-sur-Chalaronne;114
01349;Saint-Éloi;10
01350;Saint-Étienne-du-Bois;89
01351;Saint-Étienne-sur-Chalaronne;34
01352;Saint-Étienne-sur-Reyssouze;7
01353;Sainte-Euphémie;35
01354;Saint-Genis-Pouilly;383
01355;Saint-Genis-sur-Menthon;13
01356;Saint-Georges-sur-Renon;4
01357;Saint-Germain-de-Joux;9
01358;Saint-Germain-les-Paroisses;8
01359;Saint-Germain-sur-Renon;10
01360;Saint-Jean-de-Gonville;25
01361;Saint-Jean-de-Niost;25
01362;Saint-Jean-de-Thurigneux;31
01363;Saint-Jean-le-Vieux;48
01364;Saint-Jean-sur-Reyssouze;18
01365;Saint-Jean-sur-Veyle;33
01366;Sainte-Julie;11
01367;Saint-Julien-sur-Reyssouze;28
01368;Saint-Julien-sur-Veyle;21
01369;Saint-Just;24
01370;Saint-Laurent-sur-Saône;47
01371;Saint-Marcel;17
01372;Saint-Martin-de-Bavel;12
01373;Saint-Martin-du-Frêne;45
01374;Saint-Martin-du-Mont;42
01375;Saint-Martin-le-Châtel;11
01376;Saint-Maurice-de-Beynost;113
01378;Saint-Maurice-de-Gourdans;60
01379;Saint-Maurice-de-Rémens;13
01380;Saint-Nizier-le-Bouchoux;20
01381;Saint-Nizier-le-Désert;17
01382;Sainte-Olive;10
01383;Saint-Paul-de-Varax;36
01384;Saint-Rambert-en-Bugey;52
01385;Saint-Rémy;32
01386;Saint-Sorlin-en-Bugey;30
01387;Saint-Sulpice;5
01388;Saint-Trivier-de-Courtes;51
01389;Saint-Trivier-sur-Moignans;63
01390;Saint-Vulbas;179
01391;Salavre;9
01392;Samognat;5
01393;Sandrans;18
01396;Sault-Brénaz;21
01397;Sauverny;7
01398;Savigneux;45
01399;Ségny;48
01400;Seillonnaz;3
01401;Sergy;15
01402;Sermoyer;16
01403;Serrières-de-Briord;37
01404;Serrières-sur-Ain;7
01405;Servas;33
01406;Servignat;4
01407;Seyssel;22
01408;Simandre-sur-Suran;20
01410;Sonthonnax-la-Montagne;9
01411;Souclin;4
01412;Sulignat;16
01415;Talissieu;11
01416;Tenay;18
01418;Thil;25
01419;Thoiry;201
01420;Thoissey;46
01421;Torcieu;22
01422;Tossiat;56
01423;Toussieux;15
01424;Tramoyes;53
01425;La Tranclière;11
01426;Val-Revermont;73
01427;Trévoux;277
01428;Valeins;2
01429;Vandeins;11
01430;Varambon;11
01431;Vaux-en-Bugey;31
01432;Verjon;6
01433;Vernoux;4
01434;Versailleux;10
01435;Versonnex;17
01436;Vesancy;4
01437;Vescours;3
01439;Vésines;1
01441;Vieu-d'Izenave;29
01443;Villars-les-Dombes;171
01444;Villebois;17
01445;Villemotier;17
01446;Villeneuve;40
01447;Villereversure;36
01448;Villes;7
01449;Villette-sur-Ain;20
01450;Villieu-Loyes-Mollon;85
01451;Viriat;380
01452;Virieu-le-Grand;28
01453;Arvière-en-Valromey;24
01454;Virignin;42
01456;Vongnes;6
01457;Vonnas;114
02001;Abbécourt;11
02002;Achery;8
02003;Acy;20
02004;Agnicourt-et-Séchelles;3
02005;Aguilcourt;5
02006;Aisonville-et-Bernoville;6
02007;Aizelles;1
02008;Aizy-Jouy;6
02009;Alaincourt;7
02010;Allemant;4
02011;Ambleny;29
02012;Ambrief;5
02013;Amifontaine;19
02014;Amigny-Rouy;14
02015;Ancienville;1
02016;Andelain;3
02017;Anguilcourt-le-Sart;9
02018;Anizy-le-Grand;57
02019;Annois;6
02020;Any-Martin-Rieux;10
02021;Archon;4
02022;Arcy-Sainte-Restitue;13
02023;Armentières-sur-Ourcq;5
02024;Arrancy;3
02025;Artemps;9
02027;Assis-sur-Serre;7
02028;Athies-sous-Laon;41
02029;Attilly;4
02030;Aubencheul-aux-Bois;6
02031;Aubenton;16
02032;Aubigny-aux-Kaisnes;6
02033;Aubigny-en-Laonnois;3
02034;Audignicourt;7
02035;Audigny;8
02036;Augy;2
02037;Aulnois-sous-Laon;19
02038;Les Autels;3
02039;Autremencourt;7
02040;Autreppes;5
02041;Autreville;10
02042;Azy-sur-Marne;9
02043;Bagneux;1
02044;Bancigny;2
02046;Barenton-Bugny;34
02047;Barenton-Cel;5
02048;Barenton-sur-Serre;6
02049;Barisis-aux-Bois;8
02050;Barzy-en-Thiérache;9
02051;Barzy-sur-Marne;14
02052;Bassoles-Aulers;3
02053;Vallées en Champagne;26
02054;Bazoches-et-Saint-Thibaut;11
02055;Beaumé;2
02056;Beaumont-en-Beine;6
02057;Beaurevoir;33
02058;Beaurieux;26
02059;Beautor;47
02060;Beauvois-en-Vermandois;5
02061;Becquigny;2
02062;Belleau;6
02063;Bellenglise;8
02064;Belleu;59
02065;Bellicourt;19
02066;Benay;4
02067;Bergues-sur-Sambre;8
02068;Berlancourt;1
02069;Berlise;2
02070;Bernot;10
02071;Berny-Rivière;19
02072;Berrieux;3
02073;Berry-au-Bac;10
02074;Bertaucourt-Epourdon;7
02075;Berthenicourt;5
02076;Bertricourt;6
02078;Besmé;2
02079;Besmont;5
02080;Besny-et-Loizy;4
02081;Béthancourt-en-Vaux;5
02082;Beugneux;4
02083;Beuvardes;9
02084;Bézu-le-Guéry;11
02085;Bézu-Saint-Germain;32
02086;Bichancourt;9
02087;Bieuxy;2
02088;Bièvres;1
02089;Billy-sur-Aisne;41
02090;Billy-sur-Ourcq;4
02091;Blanzy-lès-Fismes;3
02093;Blérancourt;27
02094;Blesmes;24
02095;Bohain-en-Vermandois;158
02096;Bois-lès-Pargny;4
02097;Boncourt;11
02098;Bonneil;12
02099;Bonnesvalyn;2
02100;Bony;5
02101;Bosmont-sur-Serre;5
02102;Bouconville-Vauclair;9
02103;Boué;38
02104;Bouffignereux;2
02105;Bouresches;5
02106;Bourg-et-Comin;11
02107;Bourguignon-sous-Coucy;2
02108;Bourguignon-sous-Montbavin;2
02109;La Bouteille;15
02110;Braine;68
02111;Brancourt-en-Laonnois;8
02112;Brancourt-le-Grand;14
02114;Brasles;46
02115;Braye-en-Laonnois;6
02116;Braye-en-Thiérache;2
02117;Bray-Saint-Christophe;1
02118;Braye;3
02119;Brécy;9
02120;Brenelle;4
02121;Breny;6
02122;Brie;2
02123;Brissay-Choigny;10
02124;Brissy-Hamégicourt;7
02125;Brumetz;9
02126;Brunehamel;18
02127;Bruyères-sur-Fère;6
02128;Bruyères-et-Montbérault;49
02129;Bruys;4
02130;Bucilly;5
02131;Bucy-le-Long;36
02132;Bucy-lès-Cerny;5
02133;Bucy-lès-Pierrepont;10
02134;Buire;27
02135;Buironfosse;24
02136;Burelles;7
02137;Bussiares;4
02138;Buzancy;4
02139;Caillouël-Crépigny;9
02140;Camelin;11
02141;La Capelle;69
02142;Castres;3
02143;Le Catelet;12
02144;Caulaincourt;4
02145;Caumont;12
02146;Celles-lès-Condé;4
02148;Celles-sur-Aisne;5
02149;Cerizy;4
02150;Cerny-en-Laonnois;3
02151;Cerny-lès-Bucy;2
02152;Cerseuil;4
02153;Cessières-Suzy;9
02154;Chacrise;9
02155;Chaillevois;1
02156;Chalandry;4
02157;Chambry;86
02158;Chamouille;14
02159;Champs;7
02160;Chaourse;13
02162;La Chapelle-sur-Chézy;7
02163;Charly-sur-Marne;132
02164;Le Charmel;7
02165;Charmes;33
02166;Chartèves;3
02167;Chassemy;13
02168;Château-Thierry;580
02169;Châtillon-lès-Sons;5
02170;Châtillon-sur-Oise;1
02171;Chaudardes;3
02172;Chaudun;10
02173;Chauny;426
02174;Chavignon;13
02175;Chavigny;2
02176;Chavonne;5
02177;Chérêt;3
02178;Chermizy-Ailles;2
02179;Chéry-Chartreuve;8
02180;Chéry-lès-Pouilly;7
02181;Chéry-lès-Rozoy;1
02182;Chevennes;2
02183;Chevregny;1
02184;Chevresis-Monceau;7
02185;Chézy-en-Orxois;12
02186;Chézy-sur-Marne;37
02187;Chierry;20
02188;Chigny;3
02189;Chivres-en-Laonnois;7
02190;Chivres-Val;9
02191;Chivy-lès-Étouvelles;10
02192;Chouy;8
02193;Cierges;1
02194;Cilly;2
02195;Ciry-Salsogne;20
02196;Clacy-et-Thierret;8
02197;Clairfontaine;10
02198;Clamecy;3
02199;Clastres;6
02200;Clermont-les-Fermes;8
02201;Cœuvres-et-Valsery;13
02203;Coincy;24
02204;Coingt;3
02205;Colligis-Crandelain;2
02206;Colonfay;1
02207;Commenchon;1
02208;Concevreux;5
02209;Condé-en-Brie;25
02210;Condé-sur-Aisne;4
02211;Condé-sur-Suippe;11
02212;Condren;24
02213;Connigis;8
02214;Contescourt;2
02215;Corbeny;23
02216;Corcy;5
02217;Coucy-le-Château-Auffrique;38
02218;Coucy-lès-Eppes;28
02219;Coucy-la-Ville;5
02220;Coulonges-Cohan;16
02221;Coupru;3
02222;Courbes;1
02223;Courboin;5
02224;Courcelles-sur-Vesle;6
02225;Courchamps;1
02226;Courmelles;24
02227;Courmont;3
02228;Courtemont-Varennes;8
02229;Courtrizy-et-Fussigny;1
02230;Couvrelles;6
02231;Couvron-et-Aumencourt;11
02232;Coyolles;17
02233;Cramaille;3
02234;Craonne;5
02235;Craonnelle;3
02236;Crécy-au-Mont;10
02237;Crécy-sur-Serre;49
02238;Crépy;31
02239;Crézancy;20
02240;Croix-Fonsomme;6
02241;La Croix-sur-Ourcq;4
02242;Crouttes-sur-Marne;24
02243;Crouy;86
02244;Crupilly;5
02245;Cuffies;22
02246;Cugny;8
02248;Cuirieux;2
02249;Cuiry-Housse;7
02250;Cuiry-lès-Chaudardes;1
02251;Cuiry-lès-Iviers;0
02252;Cuissy-et-Geny;4
02253;Cuisy-en-Almont;6
02254;Cutry;1
02255;Cys-la-Commune;1
02256;Dagny-Lambercy;4
02257;Dallon;8
02258;Dammard;8
02259;Dampleux;9
02260;Danizy;6
02261;Dercy;4
02262;Deuillet;4
02263;Dhuizel;1
02264;Dizy-le-Gros;23
02265;Dohis;1
02266;Dolignon;3
02267;Dommiers;5
02268;Domptin;16
02269;Dorengt;8
02270;Douchy;9
02271;Dravegny;5
02272;Droizy;3
02273;Dury;3
02274;Ébouleau;13
02275;Effry;6
02276;Englancourt;3
02277;Épagny;6
02278;Éparcy;3
02279;Épaux-Bézu;25
02280;Épieds;10
02281;L'Épine-aux-Bois;6
02282;Eppes;5
02283;Erlon;10
02284;Erloy;2
02286;Esquéhéries;13
02287;Essigny-le-Grand;19
02288;Essigny-le-Petit;10
02289;Essises;4
02290;Essômes-sur-Marne;73
02291;Estrées;6
02292;Étampes-sur-Marne;45
02293;Étaves-et-Bocquiaux;7
02294;Étouvelles;7
02295;Étréaupont;25
02296;Étreillers;25
02297;Étrépilly;2
02298;Étreux;25
02299;Évergnicourt;6
02302;Faverolles;10
02303;Fayet;86
02304;La Fère;88
02305;Fère-en-Tardenois;92
02306;La Ferté-Chevresis;12
02307;La Ferté-Milon;50
02308;Fesmy-le-Sart;14
02309;Festieux;6
02310;Fieulaine;6
02312;La Flamengrie;23
02313;Flavigny-le-Grand-et-Beaurain;9
02315;Flavy-le-Martel;32
02316;Fleury;5
02317;Fluquières;3
02318;Folembray;31
02319;Fonsomme;12
02320;Fontaine-lès-Clercs;4
02321;Fontaine-lès-Vervins;33
02322;Fontaine-Notre-Dame;9
02323;Fontaine-Uterte;3
02324;Fontenelle;8
02326;Fontenoy;7
02327;Foreste;7
02328;Fossoy;14
02329;Fourdrain;8
02330;Francilly-Selency;14
02331;Franqueville;1
02332;Fresnes-en-Tardenois;8
02333;Fresnes-sous-Coucy;2
02334;Fresnoy-le-Grand;60
02335;Fressancourt;2
02336;Frières-Faillouël;11
02337;Froidestrées;1
02338;Froidmont-Cohartille;14
02339;Gandelu;11
02340;Gauchy;138
02341;Gercy;3
02342;Gergny;4
02343;Germaine;3
02345;Gibercourt;2
02346;Gizy;12
02347;Gland;14
02349;Goudelancourt-lès-Berrieux;1
02350;Goudelancourt-lès-Pierrepont;6
02351;Goussancourt;3
02352;Gouy;12
02353;Grandlup-et-Fay;11
02354;Grandrieux;2
02355;Gricourt;21
02356;Grisolles;7
02357;Gronard;2
02358;Grougis;5
02359;Grugies;15
02360;Villeneuve-sur-Aisne;82
02361;Guise;183
02362;Guivry;2
02363;Guny;10
02364;Guyencourt;4
02366;Hannapes;9
02367;Happencourt;4
02368;Haramont;5
02369;Harcigny;3
02370;Hargicourt;10
02371;Harly;28
02372;Hartennes-et-Taux;15
02373;Hary;6
02374;Lehaucourt;10
02375;Hautevesnes;5
02376;Hauteville;4
02377;Haution;7
02378;La Hérie;3
02379;Le Hérie-la-Viéville;6
02380;Hinacourt;2
02381;Hirson;211
02382;Holnon;35
02383;Homblières;30
02384;Houry;2
02385;Housset;3
02386;Iron;5
02387;Itancourt;27
02388;Iviers;5
02389;Jaulgonne;14
02390;Jeancourt;3
02391;Jeantes;3
02392;Joncourt;5
02393;Jouaignes;2
02395;Jumencourt;3
02396;Jumigny;3
02397;Jussy;30
02398;Juvigny;8
02399;Juvincourt-et-Damary;16
02400;Laffaux;2
02401;Laigny;7
02402;Lanchy;1
02403;Landifay-et-Bertaignemont;6
02404;Landouzy-la-Cour;4
02405;Landouzy-la-Ville;15
02406;Landricourt;3
02407;Laniscourt;2
02408;Laon;912
02409;Lappion;4
02410;Largny-sur-Automne;4
02411;Latilly;5
02412;Launoy;4
02413;Laval-en-Laonnois;7
02414;Lavaqueresse;9
02415;Laversine;2
02416;Lemé;9
02417;Lempire;2
02418;Lerzy;2
02419;Leschelle;9
02420;Lesdins;23
02421;Lesges;4
02422;Lesquielles-Saint-Germain;9
02423;Leuilly-sous-Coucy;6
02424;Leury;2
02425;Leuze;5
02426;Levergies;8
02427;Lhuys;3
02428;Licy-Clignon;2
02429;Lierval;2
02430;Liesse-Notre-Dame;27
02431;Liez;2
02432;Limé;3
02433;Lislet;13
02435;Logny-lès-Aubenton;1
02438;Longpont;11
02439;Les Septvallons;25
02440;Lor;8
02441;Louâtre;5
02442;Loupeigne;3
02443;Lucy-le-Bocage;4
02444;Lugny;4
02445;Luzoir;8
02446;Ly-Fontaine;2
02447;Maast-et-Violaine;5
02448;Mâchecourt;3
02449;Macogny;4
02450;Macquigny;13
02451;Magny-la-Fosse;3
02452;Maissemy;6
02453;Maizy;8
02454;La Malmaison;13
02455;Malzy;4
02456;Manicamp;5
02457;Marchais;8
02458;Dhuys et Morin-en-Brie;15
02459;Marcy;9
02460;Marcy-sous-Marle;8
02461;Marest-Dampcourt;13
02462;Mareuil-en-Dôle;4
02463;Marfontaine;3
02464;Margival;10
02465;Marigny-en-Orxois;11
02466;Marizy-Sainte-Geneviève;5
02467;Marizy-Saint-Mard;4
02468;Marle;66
02469;Marly-Gomont;12
02470;Martigny;12
02471;Martigny-Courpierre;2
02472;Mauregny-en-Haye;6
02473;Mayot;5
02474;Mennessis;4
02476;Mennevret;10
02477;Mercin-et-Vaux;48
02478;Merlieux-et-Fouquerolles;7
02480;Mesbrecourt-Richecourt;8
02481;Mesnil-Saint-Laurent;13
02482;Meurival;2
02483;Mézières-sur-Oise;12
02484;Mézy-Moulins;10
02485;Missy-aux-Bois;5
02486;Missy-lès-Pierrepont;4
02487;Missy-sur-Aisne;6
02488;Molain;0
02489;Molinchart;7
02490;Monampteuil;2
02491;Monceau-le-Neuf-et-Faucouzy;14
02492;Monceau-lès-Leups;5
02493;Monceau-le-Waast;8
02494;Monceau-sur-Oise;4
02495;Mondrepuis;18
02496;Monnes;2
02497;Mons-en-Laonnois;17
02498;Montaigu;24
02499;Montbavin;1
02500;Montbrehain;8
02501;Montchâlons;2
02502;Montcornet;59
02503;Mont-d'Origny;10
02504;Montescourt-Lizerolles;13
02505;Montfaucon;7
02506;Montgobert;6
02507;Montgru-Saint-Hilaire;4
02508;Monthenault;8
02509;Monthiers;3
02510;Monthurel;3
02511;Montigny-en-Arrouaise;6
02512;Montigny-l'Allier;4
02513;Montigny-le-Franc;3
02514;Montigny-Lengrain;19
02515;Montigny-lès-Condé;2
02516;Montigny-sous-Marle;0
02517;Montigny-sur-Crécy;4
02518;Montlevon;12
02519;Montloué;7
02520;Mont-Notre-Dame;15
02521;Montreuil-aux-Lions;33
02522;Mont-Saint-Jean;1
02523;Mont-Saint-Martin;5
02524;Mont-Saint-Père;12
02525;Morcourt;27
02526;Morgny-en-Thiérache;3
02527;Morsain;9
02528;Mortefontaine;6
02529;Mortiers;4
02530;Moulins;2
02531;Moussy-Verneuil;1
02532;Moÿ-de-l'Aisne;29
02533;Muret-et-Crouttes;3
02534;Muscourt;2
02535;Nampcelles-la-Cour;4
02536;Nampteuil-sous-Muret;3
02537;Nanteuil-la-Fosse;7
02538;Nanteuil-Notre-Dame;1
02539;Nauroy;12
02540;Nesles-la-Montagne;13
02541;Neufchâtel-sur-Aisne;12
02542;Neuflieux;0
02543;Neuilly-Saint-Front;58
02544;Neuve-Maison;10
02545;La Neuville-Bosmont;7
02546;La Neuville-en-Beine;5
02547;La Neuville-Housset;4
02548;La Neuville-lès-Dorengt;9
02549;Neuville-Saint-Amand;28
02550;Neuville-sur-Ailette;2
02551;Neuville-sur-Margival;3
02552;Neuvillette;7
02553;Nizy-le-Comte;13
02554;Nogentel;20
02555;Nogent-l'Artaud;42
02556;Noircourt;3
02557;Noroy-sur-Ourcq;2
02558;Le Nouvion-en-Thiérache;83
02559;Nouvion-et-Catillon;14
02560;Nouvion-le-Comte;5
02561;Nouvion-le-Vineux;4
02562;Nouvron-Vingré;7
02563;Noyales;6
02564;Bernoy-le-Château;11
02565;Œuilly;2
02566;Ognes;13
02567;Ohis;6
02568;Oigny-en-Valois;5
02569;Oisy;10
02570;Ollezy;3
02571;Omissy;9
02572;Orainville;5
02573;Orgeval;3
02574;Origny-en-Thiérache;26
02575;Origny-Sainte-Benoite;46
02576;Osly-Courtil;2
02577;Ostel;3
02578;Oulches-la-Vallée-Foulon;2
02579;Oulchy-la-Ville;3
02580;Oulchy-le-Château;17
02581;Paars;5
02582;Paissy;4
02583;Pancy-Courtecon;2
02584;Papleux;4
02585;Parcy-et-Tigny;8
02586;Parfondeval;4
02587;Parfondru;5
02588;Pargnan;2
02589;Pargny-et-Filain;10
02590;Pargny-la-Dhuys;3
02591;Pargny-les-Bois;1
02592;Parpeville;5
02593;Pasly;14
02594;Passy-en-Valois;2
02595;Passy-sur-Marne;17
02596;Pavant;6
02598;Pernant;15
02599;Pierremande;5
02600;Pierrepont;11
02601;Pignicourt;5
02602;Pinon;37
02604;Pithon;3
02605;Pleine-Selve;4
02606;Le Plessier-Huleu;5
02607;Ploisy;13
02608;Plomion;6
02609;Ployart-et-Vaurseine;1
02610;Pommiers;13
02612;Pont-Arcy;3
02613;Pontavert;14
02614;Pontru;3
02615;Pontruet;3
02616;Pont-Saint-Mard;3
02617;Pouilly-sur-Serre;6
02618;Prémont;13
02619;Prémontré;9
02620;Presles-et-Boves;18
02621;Presles-et-Thierny;8
02622;Priez;2
02623;Prisces;5
02624;Proisy;6
02625;Proix;3
02626;Prouvais;4
02627;Proviseux-et-Plesnoy;7
02628;Puiseux-en-Retz;4
02629;Puisieux-et-Clanlieu;9
02631;Quierzy;4
02632;Quincy-Basse;3
02633;Quincy-sous-le-Mont;1
02634;Raillimont;3
02635;Ramicourt;5
02636;Regny;4
02637;Remaucourt;14
02638;Remies;4
02639;Remigny;6
02640;Renansart;8
02641;Renneval;6
02642;Résigny;6
02643;Ressons-le-Long;20
02644;Retheuil;7
02645;Reuilly-Sauvigny;5
02647;Ribeauville;3
02648;Ribemont;46
02649;Rocourt-Saint-Martin;5
02650;Rocquigny;10
02651;Rogécourt;4
02652;Rogny;5
02653;Romeny-sur-Marne;22
02654;Romery;2
02655;Ronchères;6
02656;Roucy;14
02657;Rougeries;4
02658;Roupy;4
02659;Rouvroy;30
02660;Rouvroy-sur-Serre;2
02661;Royaucourt-et-Chailvet;6
02662;Rozet-Saint-Albin;10
02663;Rozières-sur-Crise;2
02664;Rozoy-Bellevalle;1
02665;Grand-Rozoy;7
02666;Rozoy-sur-Serre;39
02667;Saconin-et-Breuil;5
02668;Sains-Richaumont;30
02670;Saint-Algis;4
02671;Saint-Aubin;9
02672;Saint-Bandry;7
02673;Saint-Christophe-à-Berry;7
02674;Saint-Clément;4
02675;Sainte-Croix;1
02676;Saint-Erme-Outre-et-Ramecourt;43
02677;Saint-Eugène;3
02678;Sainte-Geneviève;2
02679;Saint-Gengoulph;3
02680;Saint-Gobain;44
02681;Saint-Gobert;9
02682;Saint-Mard;6
02683;Saint-Martin-Rivière;4
02684;Saint-Michel;55
02685;Saint-Nicolas-aux-Bois;4
02686;Saint-Paul-aux-Bois;8
02687;Saint-Pierre-Aigle;11
02688;Saint-Pierre-lès-Franqueville;2
02689;Saint-Pierremont;3
02690;Sainte-Preuve;4
02691;Saint-Quentin;1791
02693;Saint-Rémy-Blanzy;8
02694;Saint-Simon;10
02696;Saint-Thomas;1
02697;Samoussy;6
02698;Sancy-les-Cheminots;2
02699;Saponay;9
02701;Saulchery;18
02702;Savy;4
02703;Seboncourt;13
02704;Selens;7
02705;La Selve;5
02706;Septmonts;13
02707;Septvaux;6
02708;Sequehart;8
02709;Serain;3
02710;Seraucourt-le-Grand;12
02711;Serches;5
02712;Sergy;3
02713;Seringes-et-Nesles;10
02714;Sermoise;4
02715;Serval;1
02716;Servais;4
02717;Séry-lès-Mézières;9
02718;Silly-la-Poterie;4
02719;Sinceny;30
02720;Sissonne;52
02721;Sissy;10
02722;Soissons;1052
02723;Soize;5
02724;Sommelans;2
02725;Sommeron;7
02726;Sommette-Eaucourt;4
02727;Sons-et-Ronchères;4
02728;Sorbais;5
02729;Soucy;1
02730;Soupir;8
02731;Le Sourd;3
02732;Surfontaine;6
02734;Taillefontaine;5
02735;Tannières;2
02736;Tartiers;4
02737;Tavaux-et-Pontséricourt;15
02738;Tergnier;234
02739;Terny-Sorny;9
02740;Thenailles;7
02741;Thenelles;7
02742;Thiernu;3
02743;Le Thuel;7
02744;Torcy-en-Valois;2
02745;Toulis-et-Attencourt;6
02746;Travecy;13
02747;Trefcon;2
02748;Trélou-sur-Marne;51
02749;Troësnes;3
02750;Trosly-Loire;18
02751;Trucy;3
02752;Tugny-et-Pont;5
02753;Tupigny;12
02754;Ugny-le-Gay;4
02755;Urcel;17
02756;Urvillers;20
02757;Vadencourt;5
02758;Vailly-sur-Aisne;54
02759;La Vallée-au-Blé;12
02760;La Vallée-Mulâtre;2
02761;Variscourt;6
02762;Vassens;1
02763;Vasseny;5
02764;Vassogne;1
02765;Vaucelles-et-Beffecourt;5
02766;Vaudesson;3
02767;Vauxrezis;2
02768;Vauxaillon;9
02769;Vaux-Andigny;11
02770;Vauxbuin;42
02772;Vaux-en-Vermandois;4
02773;Vauxtin;2
02774;Vendelles;3
02775;Vendeuil;11
02776;Vendhuile;17
02777;Vendières;5
02778;Vendresse-Beaulne;5
02779;Vénérolles;7
02780;Venizel;18
02781;Verdilly;5
02782;Le Verguier;4
02783;Grand-Verly;3
02784;Petit-Verly;2
02785;Vermand;31
02786;Verneuil-sous-Coucy;5
02787;Verneuil-sur-Serre;4
02788;Versigny;4
02789;Vervins;114
02790;Vesles-et-Caumont;4
02791;Veslud;6
02792;Veuilly-la-Poterie;5
02793;Vézaponin;7
02794;Vézilly;2
02795;Vic-sur-Aisne;45
02796;Vichel-Nanteuil;4
02797;Viel-Arcy;3
02798;Viels-Maisons;27
02799;Vierzy;11
02800;Viffort;6
02801;Vigneux-Hocquet;12
02802;La Ville-aux-Bois-lès-Dizy;3
02803;La Ville-aux-Bois-lès-Pontavert;7
02804;Villemontoire;7
02805;Villeneuve-Saint-Germain;165
02806;Villeneuve-sur-Fère;3
02807;Villequier-Aumont;11
02808;Villeret;2
02809;Villers-Agron-Aiguizy;6
02810;Villers-Cotterêts;304
02812;Villers-Hélon;4
02813;Villers-le-Sec;10
02814;Villers-lès-Guise;9
02815;Villers-Saint-Christophe;6
02816;Villers-sur-Fère;8
02817;Ville-Savoye;1
02818;Villiers-Saint-Denis;21
02819;Vincy-Reuil-et-Magny;4
02820;Viry-Noureuil;62
02821;Vivaise;9
02822;Vivières;10
02823;Voharies;2
02824;Vorges;6
02826;Voulpaix;7
02827;Voyenne;9
02828;Vregny;2
02829;Vuillery;2
02830;Wassigny;18
02831;Watigny;5
02832;Wiège-Faty;8
02833;Wimy;11
02834;Wissignicourt;5
03001;Abrest;76
03002;Agonges;9
03003;Ainay-le-Château;39
03004;Andelaroche;6
03005;Archignat;8
03006;Arfeuilles;14
03007;Arpheuilles-Saint-Priest;4
03008;Arronnes;11
03009;Aubigny;6
03010;Audes;6
03011;Aurouër;9
03012;Autry-Issards;11
03013;Avermes;181
03014;Avrilly;6
03015;Bagneux;4
03016;Barberier;6
03017;Barrais-Bussolles;6
03018;Bayet;24
03019;Beaulon;33
03020;Beaune-d'Allier;7
03021;Bègues;4
03022;Bellenaves;43
03023;Bellerive-sur-Allier;263
03024;Bert;6
03025;Bessay-sur-Allier;31
03026;Besson;18
03027;Bézenet;9
03028;Billezois;7
03029;Billy;14
03030;Biozat;13
03031;Bizeneuille;11
03032;Blomard;5
03033;Bost;5
03034;Boucé;15
03035;Le Bouchaud;6
03036;Bourbon-l'Archambault;107
03037;Braize;7
03038;Bransat;14
03039;Bresnay;13
03040;Bressolles;14
03041;Le Brethon;5
03042;Le Breuil;8
03043;Broût-Vernet;31
03044;Brugheas;35
03045;Busset;7
03046;Buxières-les-Mines;26
03047;La Celle;5
03048;Cérilly;55
03049;Cesset;12
03050;La Chabanne;2
03051;Chambérat;8
03052;Chamblet;11
03053;Chantelle;43
03054;Chapeau;8
03055;La Chapelaude;19
03056;La Chapelle;6
03057;La Chapelle-aux-Chasses;6
03058;Chappes;6
03059;Chareil-Cintrat;10
03060;Charmeil;53
03061;Charmes;6
03062;Charroux;23
03063;Chassenard;14
03064;Château-sur-Allier;5
03065;Châtel-de-Neuvre;18
03066;Châtel-Montagne;9
03067;Châtelperron;5
03068;Châtelus;3
03069;Châtillon;6
03070;Chavenon;7
03071;Chavroches;3
03072;Chazemais;12
03073;Chemilly;10
03074;Chevagnes;26
03075;Chezelle;6
03076;Chézy;14
03077;Chirat-l'Église;8
03078;Chouvigny;6
03079;Cindré;10
03080;Cognat-Lyonne;21
03081;Colombier;4
03082;Commentry;138
03083;Contigny;9
03084;Cosne-d'Allier;55
03085;Coulandon;17
03086;Coulanges;10
03087;Couleuvre;11
03088;Courçais;7
03089;Coutansouze;2
03090;Couzon;9
03091;Créchy;14
03092;Cressanges;12
03093;Creuzier-le-Neuf;52
03094;Creuzier-le-Vieux;99
03095;Cusset;492
03096;Deneuille-lès-Chantelle;2
03097;Deneuille-les-Mines;7
03098;Désertines;99
03099;Deux-Chaises;18
03100;Diou;31
03101;Domérat;219
03102;Dompierre-sur-Besbre;114
03103;Le Donjon;54
03104;Doyet;28
03105;Droiturier;5
03106;Durdat-Larequille;18
03107;Ébreuil;61
03108;Échassières;11
03109;Escurolles;15
03110;Espinasse-Vozelle;17
03111;Estivareilles;28
03112;Étroussat;14
03113;Ferrières-sur-Sichon;16
03114;La Ferté-Hauterive;12
03115;Fleuriel;7
03116;Fourilles;5
03117;Franchesse;14
03118;Gannat;247
03119;Gannay-sur-Loire;14
03120;Garnat-sur-Engièvre;11
03121;Gennetines;13
03122;Gipcy;8
03124;Gouise;6
03125;La Guillermie;2
03126;Hauterive;25
03127;Hérisson;26
03128;Huriel;35
03129;Hyds;8
03130;Isle-et-Bardais;9
03131;Isserpent;15
03132;Jaligny-sur-Besbre;24
03133;Jenzat;7
03134;Laféline;5
03135;Lalizolle;10
03136;Lamaids;8
03137;Langy;2
03138;Lapalisse;151
03139;Laprugne;7
03140;Lavault-Sainte-Anne;21
03141;Lavoine;6
03142;Lenax;9
03143;Lételon;2
03144;Liernolles;5
03145;Lignerolles;7
03146;Limoise;9
03147;Loddes;5
03148;Loriges;7
03149;Louchy-Montfand;11
03150;Louroux-Bourbonnais;9
03151;Louroux-de-Beaune;4
03152;Louroux-de-Bouble;11
03154;Luneau;6
03155;Lurcy-Lévis;59
03156;Lusigny;37
03157;Magnet;15
03158;Haut-Bocage;22
03159;Malicorne;42
03160;Marcenat;10
03161;Marcillat-en-Combraille;30
03162;Marigny;7
03163;Mariol;13
03164;Le Mayet-d'École;5
03165;Le Mayet-de-Montagne;67
03166;Mazerier;6
03167;Mazirat;5
03168;Meaulne-Vitray;25
03169;Meillard;9
03170;Meillers;10
03171;Mercy;8
03172;Mesples;6
03173;Molinet;28
03174;Molles;21
03175;Monestier;5
03176;Monétay-sur-Allier;15
03177;Monétay-sur-Loire;7
03178;Montaiguët-en-Forez;7
03179;Montaigu-le-Blin;9
03180;Montbeugny;14
03181;Montcombroux-les-Mines;9
03182;Monteignet-sur-l'Andelot;11
03183;Le Montet;23
03184;Montilly;2
03185;Montluçon;1295
03186;Montmarault;94
03187;Montoldre;11
03188;Montord;4
03189;Montvicq;10
03190;Moulins;877
03191;Murat;7
03192;Nades;3
03193;Nassigny;10
03194;Naves;1
03195;Néris-les-Bains;72
03196;Neuilly-en-Donjon;10
03197;Neuilly-le-Réal;33
03198;Neure;3
03200;Neuvy;27
03201;Nizerolles;9
03202;Noyant-d'Allier;11
03203;Paray-le-Frésil;12
03204;Paray-sous-Briailles;13
03205;Périgny;15
03206;La Petite-Marche;2
03207;Pierrefitte-sur-Loire;15
03208;Le Pin;9
03209;Poëzat;4
03210;Pouzy-Mésangy;9
03211;Prémilhat;58
03212;Quinssaines;20
03213;Reugny;6
03214;Rocles;13
03215;Rongères;10
03216;Ronnet;3
03217;Saint-Angel;12
03218;Saint-Aubin-le-Monial;7
03219;Saint-Bonnet-de-Four;9
03220;Saint-Bonnet-de-Rochefort;22
03221;Saint-Bonnet-Tronçais;19
03222;Saint-Caprais;6
03223;Saint-Christophe-en-Bourbonnais;14
03224;Saint-Clément;6
03225;Saint-Désiré;14
03226;Saint-Didier-en-Donjon;9
03227;Saint-Didier-la-Forêt;10
03228;Saint-Éloy-d'Allier;2
03229;Saint-Ennemond;9
03230;Saint-Étienne-de-Vicq;11
03231;Saint-Fargeol;6
03232;Saint-Félix;6
03233;Saint-Genest;5
03234;Saint-Gérand-de-Vaux;17
03235;Saint-Gérand-le-Puy;27
03236;Saint-Germain-des-Fossés;79
03237;Saint-Germain-de-Salles;15
03238;Saint-Hilaire;7
03239;Saint-Léger-sur-Vouzance;5
03240;Saint-Léon;13
03241;Saint-Léopardin-d'Augy;9
03242;Saint-Loup;16
03243;Saint-Marcel-en-Murat;6
03244;Saint-Marcel-en-Marcillat;4
03245;Saint-Martin-des-Lais;6
03246;Saint-Martinien;11
03247;Saint-Menoux;28
03248;Saint-Nicolas-des-Biefs;7
03249;Saint-Palais;7
03250;Saint-Pierre-Laval;8
03251;Saint-Plaisir;7
03252;Saint-Pont;8
03253;Saint-Pourçain-sur-Besbre;15
03254;Saint-Pourçain-sur-Sioule;269
03255;Saint-Priest-d'Andelot;1
03256;Saint-Priest-en-Murat;6
03257;Saint-Prix;23
03258;Saint-Rémy-en-Rollat;43
03259;Saint-Sauvier;8
03260;Saint-Sornin;6
03261;Sainte-Thérence;3
03262;Saint-Victor;97
03263;Saint-Voir;6
03264;Saint-Yorre;81
03265;Saligny-sur-Roudon;30
03266;Sanssat;3
03267;Saulcet;22
03268;Saulzet;12
03269;Sauvagny;3
03270;Sazeret;6
03271;Serbannes;16
03272;Servilly;6
03273;Seuillet;15
03274;Sorbier;9
03275;Souvigny;54
03276;Sussat;2
03277;Target;5
03278;Taxat-Senat;5
03279;Teillet-Argenty;5
03280;Terjat;9
03281;Le Theil;12
03282;Theneuille;8
03283;Thiel-sur-Acolin;31
03284;Thionne;7
03285;Tortezais;3
03286;Toulon-sur-Allier;70
03287;Treban;9
03288;Treignat;11
03289;Treteau;14
03290;Trévol;24
03291;Trézelles;9
03292;Tronget;28
03293;Urçay;6
03294;Ussel-d'Allier;1
03295;Valignat;2
03296;Valigny;5
03297;Vallon-en-Sully;62
03298;Varennes-sur-Allier;152
03299;Varennes-sur-Tèche;6
03300;Vaumas;14
03301;Vaux;12
03302;Veauce;2
03303;Venas;11
03304;Vendat;26
03305;Verneix;15
03306;Le Vernet;39
03307;Verneuil-en-Bourbonnais;7
03308;Vernusse;3
03309;Le Veurdre;11
03310;Vichy;1234
03311;Vicq;10
03312;Vieure;8
03313;Le Vilhain;7
03314;Villebret;20
03315;Villefranche-d'Allier;38
03316;Villeneuve-sur-Allier;22
03317;Viplaix;9
03319;Voussac;11
03320;Ygrande;24
03321;Yzeure;381
04001;Aiglun;52
04004;Allemagne-en-Provence;21
04005;Allons;5
04006;Allos;113
04007;Angles;4
04008;Annot;42
04009;Archail;1
04012;Aubenas-les-Alpes;4
04013;Aubignosc;27
04016;Authon;9
04017;Auzet;6
04018;Banon;47
04019;Barcelonnette;200
04020;Barles;8
04021;Barras;6
04022;Barrême;21
04023;Bayons;6
04024;Beaujeu;4
04025;Beauvezer;19
04026;Bellaffaire;5
04027;Bevons;7
04028;Beynes;4
04030;Blieux;6
04031;Bras-d'Asse;18
04032;Braux;5
04033;Ubaye-Serre-Ponçon;45
04034;La Brillanne;47
04035;Brunet;7
04036;Le Brusquet;13
04037;Le Caire;6
04039;Castellane;141
04040;Le Castellard-Mélan;2
04041;Le Castellet;8
04042;Castellet-lès-Sausses;6
04043;Val-de-Chalvagne;2
04045;Céreste-en-Luberon;50
04046;Le Chaffaut-Saint-Jurson;28
04047;Champtercier;23
04049;Château-Arnoux-Saint-Auban;207
04050;Châteaufort;3
04051;Châteauneuf-Miravail;4
04053;Châteauneuf-Val-Saint-Donat;10
04054;Châteauredon;3
04055;Chaudon-Norante;4
04057;Clamensane;4
04058;Claret;14
04059;Clumanc;10
04061;Colmars;37
04062;La Condamine-Châtelard;11
04063;Corbières-en-Provence;38
04065;Cruis;14
04066;Curbans;13
04067;Curel;3
04068;Dauphin;11
04069;Demandolx;5
04070;Digne-les-Bains;722
04072;Draix;4
04073;Enchastrayes;40
04074;Entrages;2
04075;Entrepierres;9
04076;Entrevaux;31
04077;Entrevennes;6
04079;L'Escale;23
04081;Esparron-de-Verdon;22
04084;Estoublon;11
04085;Faucon-du-Caire;1
04086;Faucon-de-Barcelonnette;10
04087;Fontienne;1
04088;Forcalquier;313
04090;Le Fugeret;3
04091;Ganagobie;5
04092;La Garde;4
04093;Gigors;2
04094;Gréoux-les-Bains;175
04095;L'Hospitalet;3
04096;Jausiers;56
04097;La Javie;14
04099;Lambruisse;5
04101;Lardiers;2
04102;Le Lauzet-Ubaye;10
04104;Limans;10
04106;Lurs;23
04107;Majastres;2
04108;Malijai;50
04109;Mallefougasse-Augès;11
04110;Mallemoisson;29
04111;Mane;63
04112;Manosque;1361
04113;Marcoux;11
04115;Méailles;6
04116;Les Mées;132
04118;Melve;5
04120;Val d'Oronaye;13
04121;Mézel;16
04122;Mirabeau;18
04123;Mison;45
04124;Montagnac-Montpezat;21
04126;Montclar;36
04127;Montfort;6
04128;Montfuron;6
04129;Montjustin;6
04130;Montlaux;6
04132;Montsalier;3
04133;Moriez;5
04134;La Motte-du-Caire;20
04135;Moustiers-Sainte-Marie;124
04136;La Mure-Argens;13
04137;Nibles;1
04138;Niozelles;16
04139;Noyers-sur-Jabron;14
04140;Les Omergues;3
04141;Ongles;10
04142;Oppedette;5
04143;Oraison;208
04144;La Palud-sur-Verdon;33
04145;Peipin;77
04148;Peyroules;8
04149;Peyruis;123
04150;Piégut;7
04151;Pierrerue;12
04152;Pierrevert;98
04154;Pontis;7
04155;Prads-Haute-Bléone;15
04156;Puimichel;9
04157;Puimoisson;36
04158;Quinson;26
04159;Redortiers;5
04160;Reillanne;54
04161;Méolans-Revel;32
04162;Revest-des-Brousses;12
04163;Revest-du-Bion;16
04164;Revest-Saint-Martin;4
04166;Riez;109
04167;La Robine-sur-Galabre;6
04169;La Rochegiron;6
04170;La Rochette;3
04171;Rougon;9
04172;Roumoules;30
04173;Saint-André-les-Alpes;71
04174;Saint-Benoît;6
04175;Sainte-Croix-à-Lauze;4
04176;Sainte-Croix-du-Verdon;21
04177;Hautes-Duyes;2
04178;Saint-Étienne-les-Orgues;40
04179;Saint-Geniez;10
04180;Saint-Jacques;3
04181;Saint-Jeannet;4
04182;Saint-Julien-d'Asse;3
04183;Saint-Julien-du-Verdon;7
04184;Saint-Jurs;8
04186;Saint-Laurent-du-Verdon;10
04187;Saint-Lions;3
04188;Saint-Maime;20
04189;Saint-Martin-de-Brômes;12
04190;Saint-Martin-les-Eaux;8
04191;Saint-Martin-lès-Seyne;1
04192;Saint-Michel-l'Observatoire;45
04193;Saint-Paul-sur-Ubaye;23
04194;Saint-Pierre;5
04195;Saint-Pons;44
04197;Sainte-Tulle;108
04199;Saint-Vincent-sur-Jabron;11
04200;Salignac;16
04201;Saumane;5
04202;Sausses;2
04203;Selonnet;34
04204;Senez;5
04205;Seyne;81
04206;Sigonce;10
04207;Sigoyer;7
04208;Simiane-la-Rotonde;36
04209;Sisteron;468
04210;Soleilhas;2
04211;Sourribes;4
04214;Tartonne;8
04216;Thèze;10
04217;Thoard;27
04218;Thorame-Basse;16
04219;Thorame-Haute;21
04220;Les Thuiles;15
04222;Turriers;13
04224;Ubraye;5
04226;Uvernet-Fours;91
04227;Vachères;8
04228;Valavoire;3
04229;Valbelle;4
04230;Valensole;122
04231;Valernes;8
04233;Vaumeilh;12
04234;Venterol;6
04235;Verdaches;2
04236;Vergons;5
04237;Le Vernet;12
04240;Villars-Colmars;21
04241;Villemus;5
04242;Villeneuve;109
04244;Volonne;38
04245;Volx;96
05001;Abriès-Ristolas;38
05003;Aiguilles;27
05004;Ancelle;65
05006;L'Argentière-la-Bessée;116
05007;Arvieux;43
05008;Aspremont;5
05009;Aspres-lès-Corps;10
05010;Aspres-sur-Buëch;26
05011;Avançon;10
05012;Baratier;66
05013;Barcillonnette;5
05014;Barret-sur-Méouge;5
05016;La Bâtie-Montsaléon;10
05017;La Bâtie-Neuve;65
05018;La Bâtie-Vieille;14
05019;La Beaume;2
05021;Le Bersac;10
05022;Bréziers;4
05023;Briançon;598
05024;Valdoule;8
05025;Buissard;4
05026;Ceillac;37
05027;Cervières;13
05028;Chabestan;6
05029;Chabottes;49
05031;Champcella;3
05032;Champoléon;9
05033;Chanousse;2
05035;Châteauneuf-d'Oze;1
05036;Châteauroux-les-Alpes;43
05037;Châteauvieux;37
05038;Château-Ville-Vieille;37
05039;Aubessagne;25
05040;Chorges;167
05044;Crévoux;17
05045;Crots;60
05046;Embrun;363
05047;Éourres;9
05048;L'Épine;9
05049;Esparron;3
05050;Espinasses;18
05051;Étoile-Saint-Cyrice;1
05052;Eygliers;47
05053;Garde-Colombe;27
05054;La Fare-en-Champsaur;26
05055;La Faurie;12
05056;Forest-Saint-Julien;22
05057;Fouillouse;9
05058;Freissinières;16
05059;La Freissinouse;25
05060;Furmeyer;6
05061;Gap;1924
05062;Le Glaizil;10
05063;La Grave;52
05064;La Chapelle-en-Valgaudémar;20
05065;Guillestre;149
05066;La Haute-Beaume;2
05068;Jarjayes;14
05070;Laragne-Montéglin;158
05071;Lardier-et-Valença;24
05072;Laye;14
05073;Lazer;18
05074;Lettret;9
05075;Manteyer;7
05076;Méreuil;6
05077;Molines-en-Queyras;30
05078;Monêtier-Allemont;12
05079;Le Monêtier-les-Bains;92
05080;Montbrand;6
05081;Montclus;2
05082;Mont-Dauphin;13
05084;Montgardin;12
05085;Montgenèvre;98
05086;Montjay;5
05087;Montmaur;23
05089;Montrond;3
05090;La Motte-en-Champsaur;7
05091;Moydans;3
05092;Neffes;34
05093;Névache;39
05094;Nossage-et-Bénévent;2
05095;Le Noyer;8
05096;Orcières;138
05097;Orpierre;16
05098;Les Orres;110
05099;Oze;4
05100;Pelleautier;26
05101;Vallouise-Pelvoux;90
05102;La Piarre;1
05103;Le Poët;26
05104;Poligny;7
05106;Prunières;17
05107;Puy-Saint-André;13
05108;Puy-Saint-Eusèbe;12
05109;Puy-Saint-Pierre;11
05110;Puy-Saint-Vincent;71
05111;Puy-Sanières;5
05112;Rabou;4
05113;Rambaud;12
05114;Réallon;23
05115;Remollon;13
05116;Réotier;7
05117;Ribeyret;3
05118;Val Buëch-Méouge;51
05119;Risoul;115
05121;Rochebrune;12
05122;La Roche-de-Rame;34
05123;La Roche-des-Arnauds;59
05124;La Rochette;26
05126;Rosans;21
05127;Rousset-Serre-Ponçon;13
05128;Saint-André-d'Embrun;25
05129;Saint-André-de-Rosans;4
05130;Saint-Apollinaire;6
05131;Saint-Auban-d'Oze;8
05132;Saint-Bonnet-en-Champsaur;92
05133;Saint-Chaffrey;132
05134;Saint-Clément-sur-Durance;19
05135;Sainte-Colombe;5
05136;Saint-Crépin;42
05139;Dévoluy;116
05140;Saint-Étienne-le-Laus;13
05142;Saint-Firmin;30
05144;Saint-Jacques-en-Valgodemard;3
05145;Saint-Jean-Saint-Nicolas;54
05146;Saint-Julien-en-Beauchêne;10
05147;Saint-Julien-en-Champsaur;14
05148;Saint-Laurent-du-Cros;27
05149;Saint-Léger-les-Mélèzes;35
05151;Saint-Martin-de-Queyrières;51
05152;Saint-Maurice-en-Valgodemard;6
05153;Saint-Michel-de-Chaillol;27
05154;Saint-Pierre-d'Argençon;6
05155;Saint-Pierre-Avez;3
05156;Saint-Sauveur;17
05157;Saint-Véran;28
05158;Le Saix;10
05159;Saléon;7
05160;Salérans;3
05161;La Salle-les-Alpes;139
05162;La Saulce;51
05163;Le Sauze-du-Lac;8
05164;Savines-le-Lac;59
05165;Savournon;16
05166;Serres;70
05167;Sigottier;4
05168;Sigoyer;16
05169;Sorbiers;2
05170;Tallard;125
05171;Théus;17
05172;Trescléoux;8
05173;Upaix;22
05174;Val-des-Prés;18
05176;Valserres;11
05177;Vars;139
05178;Ventavon;34
05179;Veynes;132
05180;Les Vigneaux;13
05181;Villar-d'Arêne;20
05182;Villar-Loubière;7
05183;Villar-Saint-Pancrace;33
05184;Vitrolles;15
06001;Aiglun;2
06002;Amirat;1
06003;Andon;22
06004;Antibes;3741
06005;Ascros;8
06006;Aspremont;42
06007;Auribeau-sur-Siagne;86
06008;Auvare;2
06009;Bairols;1
06010;Le Bar-sur-Loup;97
06011;Beaulieu-sur-Mer;302
06012;Beausoleil;388
06013;Belvédère;18
06014;Bendejun;15
06015;Berre-les-Alpes;22
06016;Beuil;23
06017;Bézaudun-les-Alpes;4
06018;Biot;732
06019;Blausasc;57
06020;La Bollène-Vésubie;18
06021;Bonson;10
06022;Bouyon;10
06023;Breil-sur-Roya;64
06024;Briançonnet;8
06025;Le Broc;82
06026;Cabris;53
06027;Cagnes-sur-Mer;2113
06028;Caille;19
06029;Cannes;4753
06030;Le Cannet;1318
06031;Cantaron;32
06032;Cap-d'Ail;162
06033;Carros;687
06034;Castagniers;84
06035;Castellar;20
06036;Castillon;8
06037;Caussols;13
06038;Châteauneuf-Grasse;148
06039;Châteauneuf-Villevieille;18
06040;Châteauneuf-d'Entraunes;2
06041;Cipières;11
06042;Clans;18
06043;Coaraze;7
06044;La Colle-sur-Loup;316
06045;Collongues;3
06046;Colomars;153
06047;Conségudes;4
06048;Contes;230
06049;Courmes;2
06050;Coursegoules;25
06051;La Croix-sur-Roudoule;2
06052;Cuébris;1
06053;Daluis;6
06054;Drap;154
06055;Duranus;1
06056;Entraunes;9
06057;L'Escarène;62
06058;Escragnolles;19
06059;Èze;126
06060;Falicon;43
06061;Les Ferres;1
06062;Fontan;7
06063;Gars;1
06064;Gattières;123
06065;La Gaude;220
06066;Gilette;28
06067;Gorbio;24
06068;Gourdon;27
06069;Grasse;1948
06070;Gréolières;22
06071;Guillaumes;48
06072;Ilonse;2
06073;Isola;99
06074;Lantosque;29
06075;Levens;130
06076;Lieuche;3
06077;Lucéram;13
06078;Malaussène;9
06079;Mandelieu-la-Napoule;1146
06080;Marie;4
06081;Le Mas;2
06082;Massoins;8
06083;Menton;1378
06084;Mouans-Sartoux;689
06085;Mougins;1346
06086;Moulinet;7
06087;Les Mujouls;1
06088;Nice;16327
06089;Opio;97
06090;Pégomas;274
06091;Peille;29
06092;Peillon;28
06093;La Penne;10
06094;Péone;72
06095;Peymeinade;218
06096;Pierlas;1
06097;Pierrefeu;9
06098;Puget-Rostang;5
06099;Puget-Théniers;79
06100;Revest-les-Roches;4
06101;Rigaud;8
06102;Rimplas;5
06103;Roquebillière;65
06104;Roquebrune-Cap-Martin;372
06105;Roquefort-les-Pins;243
06106;Roquestéron;18
06107;La Roque-en-Provence;3
06108;La Roquette-sur-Siagne;231
06109;La Roquette-sur-Var;24
06110;Roubion;7
06111;Roure;4
06112;Le Rouret;133
06113;Sainte-Agnès;14
06114;Saint-André-de-la-Roche;162
06115;Saint-Antonin;5
06116;Saint-Auban;7
06117;Saint-Blaise;30
06118;Saint-Cézaire-sur-Siagne;129
06119;Saint-Dalmas-le-Selvage;7
06120;Saint-Étienne-de-Tinée;118
06121;Saint-Jean-Cap-Ferrat;175
06122;Saint-Jeannet;173
06123;Saint-Laurent-du-Var;1639
06124;Saint-Léger;2
06125;Saint-Martin-d'Entraunes;4
06126;Saint-Martin-du-Var;96
06127;Saint-Martin-Vésubie;58
06128;Saint-Paul-de-Vence;222
06129;Saint-Sauveur-sur-Tinée;13
06130;Saint-Vallier-de-Thiey;130
06131;Sallagriffon;3
06132;Saorge;11
06133;Sauze;3
06134;Séranon;22
06135;Sigale;5
06136;Sospel;90
06137;Spéracèdes;32
06138;Théoule-sur-Mer;104
06139;Thiéry;1
06140;Le Tignet;111
06141;Toudon;6
06142;Touët-de-l'Escarène;2
06143;Touët-sur-Var;24
06144;La Tour;10
06145;Tourette-du-Château;3
06146;Tournefort;6
06147;Tourrette-Levens;97
06148;Tourrettes-sur-Loup;161
06149;La Trinité;317
06150;La Turbie;82
06151;Utelle;13
06152;Valbonne;1283
06153;Valdeblore;45
06154;Valderoure;19
06155;Vallauris;1130
06156;Venanson;3
06157;Vence;649
06158;Villars-sur-Var;17
06159;Villefranche-sur-Mer;264
06160;Villeneuve-d'Entraunes;1
06161;Villeneuve-Loubet;829
06162;La Brigue;23
06163;Tende;55
07001;Accons;11
07002;Ailhon;5
07003;Aizac;7
07004;Ajoux;6
07005;Alba-la-Romaine;58
07006;Albon-d'Ardèche;9
07007;Alboussière;41
07008;Alissas;45
07009;Andance;39
07010;Annonay;563
07011;Vallées-d'Antraigues-Asperjoc;26
07012;Arcens;8
07013;Ardoix;23
07014;Arlebosc;15
07015;Arras-sur-Rhône;16
07017;Les Assions;17
07018;Astet;3
07019;Aubenas;866
07020;Aubignas;12
07022;Baix;35
07023;Balazuc;27
07024;Banne;18
07025;Barnas;6
07026;Le Béage;12
07027;Beauchastel;38
07028;Beaulieu;22
07029;Beaumont;4
07030;Beauvène;7
07031;Berrias-et-Casteljau;40
07032;Berzème;5
07033;Bessas;6
07034;Bidon;4
07035;Boffres;14
07036;Bogy;8
07037;Borée;6
07038;Borne;4
07039;Bozas;8
07040;Boucieu-le-Roi;12
07041;Boulieu-lès-Annonay;57
07042;Bourg-Saint-Andéol;187
07044;Brossainc;6
07045;Burzet;19
07047;Cellier-du-Luc;2
07048;Chalencon;13
07049;Le Chambon;1
07050;Chambonas;34
07051;Champagne;17
07052;Champis;9
07053;Chandolas;17
07054;Chanéac;3
07055;Charmes-sur-Rhône;73
07056;Charnas;16
07058;Chassiers;21
07059;Châteaubourg;9
07060;Châteauneuf-de-Vernoux;6
07061;Chauzon;14
07062;Chazeaux;1
07063;Cheminas;6
07064;Le Cheylard;140
07065;Chirols;8
07066;Chomérac;64
07067;Colombier-le-Cardinal;6
07068;Colombier-le-Jeune;18
07069;Colombier-le-Vieux;21
07070;Cornas;42
07071;Coucouron;49
07072;Coux;17
07073;Le Crestet;8
07074;Creysseilles;1
07075;Cros-de-Géorand;7
07076;Cruas;58
07077;Darbres;6
07078;Davézieux;305
07079;Désaignes;27
07080;Devesset;11
07081;Dompnac;4
07082;Dornas;4
07083;Dunière-sur-Eyrieux;6
07084;Eclassan;23
07085;Empurany;11
07086;Étables;22
07087;Fabras;9
07088;Faugères;3
07089;Félines;45
07090;Flaviac;26
07091;Fons;5
07092;Freyssenet;2
07093;Genestelle;8
07094;Gilhac-et-Bruzac;2
07095;Gilhoc-sur-Ormèze;11
07096;Gluiras;8
07097;Glun;10
07098;Gourdon;3
07099;Gras;19
07100;Gravières;13
07101;Grospierres;38
07102;Guilherand-Granges;421
07103;Saint-Julien-d'Intres;11
07104;Issamoulenc;1
07105;Issanlas;3
07106;Issarlès;5
07107;Jaujac;34
07108;Jaunac;4
07109;Joannas;10
07110;Joyeuse;101
07111;Juvinas;1
07112;Labastide-sur-Bésorgues;5
07113;Labastide-de-Virac;10
07114;Labatie-d'Andaure;7
07115;Labeaume;27
07116;Labégude;39
07117;Lablachère;67
07118;Laboule;2
07119;Le Lac-d'Issarlès;15
07120;Lachamp-Raphaël;4
07121;Lachapelle-Graillouse;5
07122;Lachapelle-sous-Aubenas;90
07123;Lachapelle-sous-Chanéac;4
07124;Lafarre;3
07126;Lagorce;36
07127;Lalevade-d'Ardèche;58
07128;Lalouvesc;17
07129;Lamastre;134
07130;Lanarce;17
07131;Lanas;16
07132;Largentière;69
07133;Larnas;8
07134;Laurac-en-Vivarais;31
07136;Laveyrune;3
07137;Lavillatte;3
07138;Lavilledieu;126
07139;Laviolle;3
07140;Lemps;13
07141;Lentillères;3
07142;Lespéron;6
07143;Limony;15
07144;Loubaresse;1
07145;Lussas;38
07146;Lyas;9
07147;Malarce-sur-la-Thines;8
07148;Malbosc;4
07149;Marcols-les-Eaux;7
07150;Mariac;9
07151;Mars;13
07152;Mauves;40
07153;Mayres;5
07154;Mazan-l'Abbaye;4
07155;Mercuer;21
07156;Meyras;28
07157;Meysse;34
07158;Mézilhac;6
07159;Mirabel;15
07160;Monestier;2
07161;Montpezat-sous-Bauzon;18
07162;Montréal;17
07163;Montselgues;4
07165;Belsentes;8
07166;Nozières;7
07167;Les Ollières-sur-Eyrieux;34
07168;Orgnac-l'Aven;21
07169;Ozon;6
07170;Pailharès;5
07171;Payzac;11
07172;Peaugres;58
07173;Péreyres;1
07174;Peyraud;4
07175;Le Plagnal;3
07176;Planzolles;6
07177;Plats;21
07178;Pont-de-Labeaume;13
07179;Pourchères;1
07181;Le Pouzin;159
07182;Prades;30
07183;Pradons;15
07184;Pranles;12
07185;Préaux;12
07186;Privas;508
07187;Prunet;4
07188;Quintenas;41
07189;Ribes;9
07190;Rochecolombe;6
07191;Rochemaure;46
07192;Rochepaule;5
07193;Rocher;4
07194;Rochessauve;6
07195;La Rochette;3
07196;Rocles;11
07197;Roiffieux;53
07198;Rompon;20
07199;Rosières;84
07200;Le Roux;1
07201;Ruoms;196
07202;Sablières;3
07203;Sagnes-et-Goudoulet;5
07204;Saint-Agrève;107
07205;Saint-Alban-d'Ay;21
07206;Saint-Alban-en-Montagne;1
07207;Saint-Alban-Auriolles;39
07208;Saint-Andéol-de-Berg;4
07209;Saint-Andéol-de-Fourchades;2
07210;Saint-Andéol-de-Vals;10
07211;Saint-André-de-Cruzières;11
07212;Saint-André-en-Vivarais;4
07213;Saint-André-Lachamp;3
07214;Saint-Apollinaire-de-Rias;6
07215;Saint-Barthélemy-le-Meil;5
07216;Saint-Barthélemy-Grozon;11
07217;Saint-Barthélemy-le-Plain;19
07218;Saint-Basile;12
07219;Saint-Bauzile;8
07220;Saint-Christol;2
07221;Saint-Cierge-la-Serre;8
07222;Saint-Cierge-sous-le-Cheylard;3
07223;Saint-Cirgues-de-Prades;2
07224;Saint-Cirgues-en-Montagne;16
07225;Saint-Clair;57
07226;Saint-Clément;3
07227;Saint-Cyr;32
07228;Saint-Désirat;41
07229;Saint-Didier-sous-Aubenas;80
07230;Saint-Étienne-de-Boulogne;9
07231;Saint-Étienne-de-Fontbellon;110
07232;Saint-Étienne-de-Lugdarès;16
07233;Saint-Étienne-de-Serre;8
07234;Saint-Étienne-de-Valoux;5
07235;Sainte-Eulalie;19
07236;Saint-Félicien;57
07237;Saint-Fortunat-sur-Eyrieux;18
07238;Saint-Genest-de-Beauzon;8
07239;Saint-Genest-Lachamp;2
07240;Saint-Georges-les-Bains;46
07241;Saint-Germain;5
07242;Saint-Gineys-en-Coiron;1
07243;Saint-Jacques-d'Atticieux;8
07244;Saint-Jean-Chambre;7
07245;Saint-Jean-de-Muzols;76
07247;Saint-Jean-le-Centenier;22
07248;Saint-Jean-Roure;3
07249;Saint-Jeure-d'Andaure;4
07250;Saint-Jeure-d'Ay;9
07251;Saint-Joseph-des-Bancs;5
07253;Saint-Julien-du-Gua;4
07254;Saint-Julien-du-Serre;13
07255;Saint-Julien-en-Saint-Alban;37
07257;Saint-Julien-le-Roux;2
07258;Saint-Julien-Vocance;6
07259;Saint-Just-d'Ardèche;48
07260;Saint-Lager-Bressac;8
07261;Saint-Laurent-du-Pape;44
07262;Saint-Laurent-les-Bains-Laval-d'Aurelle;8
07263;Saint-Laurent-sous-Coiron;5
07264;Saint-Marcel-d'Ardèche;65
07265;Saint-Marcel-lès-Annonay;24
07266;Sainte-Marguerite-Lafigère;3
07267;Saint-Martial;10
07268;Saint-Martin-d'Ardèche;48
07269;Saint-Martin-de-Valamas;33
07270;Saint-Martin-sur-Lavezon;9
07272;Saint-Maurice-d'Ardèche;23
07273;Saint-Maurice-d'Ibie;9
07274;Saint-Maurice-en-Chalencon;6
07275;Saint-Mélany;3
07276;Saint-Michel-d'Aurance;16
07277;Saint-Michel-de-Boulogne;6
07278;Saint-Michel-de-Chabrillanoux;13
07279;Saint-Montan;38
07280;Saint-Paul-le-Jeune;33
07281;Saint-Péray;316
07282;Saint-Pierre-de-Colombier;8
07283;Saint-Pierre-la-Roche;3
07284;Saint-Pierre-Saint-Jean;4
07285;Saint-Pierre-sur-Doux;1
07286;Saint-Pierreville;16
07287;Saint-Pons;17
07288;Saint-Priest;15
07289;Saint-Privat;35
07290;Saint-Prix;5
07291;Saint-Remèze;32
07292;Saint-Romain-d'Ay;18
07293;Saint-Romain-de-Lerps;14
07294;Saint-Sauveur-de-Cruzières;18
07295;Saint-Sauveur-de-Montagut;60
07296;Saint-Sernin;43
07297;Saint-Sylvestre;17
07298;Saint-Symphorien-sous-Chomérac;12
07299;Saint-Symphorien-de-Mahun;2
07300;Saint-Thomé;14
07301;Saint-Victor;29
07302;Saint-Vincent-de-Barrès;11
07303;Saint-Vincent-de-Durfort;8
07304;Salavas;36
07305;Les Salelles;6
07306;Sampzon;15
07307;Sanilhac;8
07308;Sarras;59
07309;Satillieu;39
07310;Savas;6
07311;Sceautres;3
07312;Sécheras;19
07313;Serrières;44
07314;Silhac;9
07315;La Souche;3
07316;Soyons;81
07317;Talencieux;17
07318;Tauriers;3
07319;Le Teil;245
07321;Thorrenc;6
07322;Thueyts;35
07323;Toulaud;33
07324;Tournon-sur-Rhône;456
07325;Ucel;39
07326;Usclades-et-Rieutord;4
07327;Uzer;17
07328;Vagnas;29
07329;Valgorge;12
07330;Vallon-Pont-d'Arc;268
07331;Vals-les-Bains;135
07332;Valvignères;16
07333;Vanosc;17
07334;Les Vans;181
07335;Vaudevant;3
07336;Vernon;5
07337;Vernosc-lès-Annonay;37
07338;Vernoux-en-Vivarais;88
07339;Vesseaux;47
07340;Veyras;17
07341;Villeneuve-de-Berg;90
07342;Villevocance;20
07343;Vinezac;37
07344;Vinzieux;10
07345;Vion;21
07346;Viviers;83
07347;Vocance;10
07348;Vogüé;67
07349;La Voulte-sur-Rhône;146
08001;Acy-Romance;21
08003;Aiglemont;27
08004;Aire;5
08005;Alincourt;1
08006;Alland'Huy-et-Sausseuil;4
08008;Amagne;9
08010;Ambly-Fleury;4
08011;Anchamps;1
08013;Angecourt;7
08014;Annelles;7
08015;Antheny;4
08016;Aouste;6
08017;Apremont;5
08018;Ardeuil-et-Montfauxelles;4
08019;Les Grandes-Armoises;5
08020;Les Petites-Armoises;7
08021;Arnicourt;3
08022;Arreux;3
08023;Artaise-le-Vivier;5
08024;Asfeld;33
08025;Attigny;47
08026;Aubigny-les-Pothées;6
08027;Auboncourt-Vauzelles;3
08028;Aubrives;9
08029;Auflance;2
08030;Auge;2
08031;Aure;4
08032;Aussonce;10
08033;Authe;4
08034;Autrecourt-et-Pourron;5
08035;Autruche;1
08036;Autry;4
08037;Auvillers-les-Forges;37
08038;Avançon;13
08039;Avaux;12
08040;Les Ayvelles;23
08041;Baâlons;5
08043;Balan;32
08044;Balham;2
08045;Ballay;12
08046;Banogne-Recouvrance;13
08047;Barbaise;4
08048;Barby;5
08049;Bar-lès-Buzancy;5
08052;Bayonville;2
08053;Bazeilles;102
08055;Beaumont-en-Argonne;11
08056;Beffu-et-le-Morthomme;4
08057;Belleville-et-Châtillon-sur-Bar;12
08058;Belval;8
08059;Belval-Bois-des-Dames;4
08060;Bergnicourt;11
08061;La Berlière;1
08062;Bertoncourt;4
08063;La Besace;5
08064;Biermes;4
08065;Bièvres;1
08066;Bignicourt;2
08067;Blagny;25
08069;Blanchefosse-et-Bay;6
08070;Blanzy-la-Salonnaise;14
08071;Blombay;3
08073;Bossus-lès-Rumigny;8
08074;Bouconville;1
08075;Boult-aux-Bois;6
08076;Boulzicourt;22
08077;Bourcq;1
08078;Bourg-Fidèle;15
08080;Bouvellemont;3
08081;Bogny-sur-Meuse;96
08082;Brécy-Brières;3
08083;Brévilly;11
08084;Brienne-sur-Aisne;3
08085;Brieulles-sur-Bar;8
08086;Briquenay;2
08087;Brognon;2
08088;Bulson;6
08089;Buzancy;31
08090;Carignan;109
08092;Cauroy;6
08094;Cernion;2
08095;Chagny;5
08096;Chalandry-Elaire;12
08097;Challerange;12
08098;Champigneulle;3
08099;Champigneul-sur-Vence;7
08100;Champlin;5
08101;La Chapelle;5
08102;Chappes;3
08103;Charbogne;8
08104;Chardeny;1
08105;Charleville-Mézières;1734
08106;Charnois;1
08107;Château-Porcien;41
08109;Chatel-Chéhéry;4
08110;Le Châtelet-sur-Sormonne;3
08111;Le Châtelet-sur-Retourne;16
08113;Chaumont-Porcien;21
08115;Chémery-Chéhéry;21
08116;Bairon et ses environs;42
08117;Chesnois-Auboncourt;3
08119;Cheveuges;7
08120;Chevières;5
08121;Chilly;2
08122;Chooz;29
08123;Chuffilly-Roche;4
08124;Clavy-Warby;7
08125;Cliron;15
08126;Condé-lès-Herpy;4
08128;Condé-lès-Autry;5
08130;Contreuve;5
08131;Cornay;4
08132;Corny-Machéroménil;5
08133;Coucy;8
08134;Coulommes-et-Marqueny;5
08135;La Croix-aux-Bois;4
08136;Daigny;8
08137;Damouzy;13
08138;Les Deux-Villes;5
08139;Deville;15
08140;Dom-le-Mesnil;17
08141;Dommery;4
08142;Donchery;65
08143;Doumely-Bégny;3
08144;Doux;2
08145;Douzy;56
08146;Draize;4
08147;Dricourt;3
08148;L'Écaille;5
08149;L'Échelle;2
08150;Écly;9
08151;Écordal;7
08153;Escombres-et-le-Chesnois;2
08154;Estrebay;6
08155;Étalle;2
08156;Éteignières;7
08158;Étrépigny;4
08159;Euilly-et-Lombut;8
08160;Évigny;5
08161;Exermont;2
08162;Fagnon;10
08163;Faissault;10
08164;Falaise;5
08165;Faux;3
08166;Fépin;1
08167;La Férée;2
08168;La Ferté-sur-Chiers;8
08169;Flaignes-Havys;2
08170;Fleigneux;5
08171;Fléville;3
08172;Fligny;2
08173;Flize;29
08174;Floing;32
08175;Foisches;3
08176;Fossé;3
08178;Fraillicourt;7
08179;Francheval;8
08180;La Francheville;55
08182;Le Fréty;4
08183;Fromelennes;8
08184;Fromy;5
08185;Fumay;65
08186;Germont;2
08187;Gernelle;8
08188;Gespunsart;17
08189;Girondelle;5
08190;Givet;218
08191;Givonne;11
08192;Givron;4
08193;Givry;7
08194;Glaire;37
08195;Gomont;4
08196;Grandchamp;3
08197;Grandham;2
08198;Grandpré;40
08199;La Grandville;11
08200;Grivy-Loisy;10
08201;Gruyères;2
08202;Gué-d'Hossus;5
08203;Guignicourt-sur-Vence;4
08204;Guincourt;5
08205;Hagnicourt;3
08206;Ham-les-Moines;6
08207;Ham-sur-Meuse;3
08208;Hannappes;2
08209;Hannogne-Saint-Martin;5
08210;Hannogne-Saint-Rémy;10
08211;Haraucourt;14
08212;Harcy;9
08214;Hargnies;6
08215;Harricourt;2
08216;Haudrecy;5
08217;Haulmé;1
08218;Les Hautes-Rivières;40
08219;Hauteville;5
08220;Hauviné;3
08222;Haybes;42
08223;Herbeuval;3
08225;Herpy-l'Arlésienne;4
08226;Hierges;12
08228;La Horgne;2
08229;Houdilcourt;5
08230;Houldizy;12
08232;Illy;8
08233;Imécourt;3
08234;Inaumont;3
08235;Issancourt-et-Rumel;2
08236;Jandun;7
08237;Joigny-sur-Meuse;6
08238;Jonval;4
08239;Juniville;46
08240;Justine-Herbigny;4
08242;Laifour;3
08243;Lalobbe;9
08244;Lametz;2
08245;Lançon;2
08246;Landres-et-Saint-Georges;5
08247;Landrichamps;1
08248;Launois-sur-Vence;22
08249;Laval-Morency;4
08250;Leffincourt;11
08251;Lépron-les-Vallées;2
08252;Létanne;4
08254;Liart;22
08255;Linay;4
08256;Liry;6
08257;Logny-Bogny;1
08259;Longwé;2
08260;Lonny;9
08262;Lucquy;16
08263;Lumes;21
08264;Machault;17
08268;Maisoncelle-et-Villers;6
08269;Malandry;2
08271;Manre;4
08272;Maranwez;2
08273;Marby;4
08274;Marcq;3
08275;Margny;2
08276;Margut;20
08277;Marlemont;6
08278;Marquigny;2
08279;Mars-sous-Bourcq;4
08280;Marvaux-Vieux;6
08281;Matton-et-Clémency;16
08282;Maubert-Fontaine;29
08283;Mazerny;4
08284;Les Mazures;23
08286;Ménil-Annelles;10
08287;Ménil-Lépinois;9
08288;Mesmont;4
08289;Messincourt;5
08291;Mogues;5
08293;Moiry;4
08295;Mondigny;3
08296;Montcheutin;4
08297;Montcornet;7
08298;Montcy-Notre-Dame;22
08301;Montgon;1
08302;Monthermé;58
08303;Monthois;20
08304;Montigny-sur-Meuse;1
08305;Montigny-sur-Vence;4
08306;Mont-Laurent;5
08307;Montmeillant;3
08308;Mont-Saint-Martin;8
08309;Mont-Saint-Remy;1
08310;Mouron;3
08311;Mouzon;60
08312;Murtin-et-Bogny;1
08313;Nanteuil-sur-Aisne;6
08314;Neuflize;18
08315;Neufmaison;3
08316;Neufmanil;16
08317;La Neuville-à-Maire;5
08318;La Neuville-aux-Joûtes;8
08319;Neuville-lez-Beaulieu;9
08320;La Neuville-en-Tourne-à-Fuy;19
08321;Neuville-Day;2
08322;Neuville-lès-This;7
08323;La Neuville-lès-Wasigny;4
08324;Neuvizy;5
08325;Noirval;1
08326;Nouart;3
08327;Nouvion-sur-Meuse;25
08328;Nouzonville;87
08329;Novion-Porcien;16
08330;Novy-Chevrières;11
08331;Noyers-Pont-Maugis;15
08332;Oches;1
08333;Olizy-Primat;6
08334;Omicourt;1
08335;Omont;1
08336;Osnes;2
08338;Pauvres;15
08339;Perthes;10
08340;Poilcourt-Sydney;6
08341;Poix-Terron;51
08342;Pouru-aux-Bois;4
08343;Pouru-Saint-Remy;13
08344;Prez;6
08346;Prix-lès-Mézières;68
08347;Puilly-et-Charbeaux;2
08348;Puiseux;3
08349;Pure;10
08350;Quatre-Champs;8
08351;Quilly;3
08352;Raillicourt;4
08353;Rancennes;7
08354;Raucourt-et-Flaba;18
08355;Regniowez;7
08356;Remaucourt;6
08357;Remilly-Aillicourt;16
08358;Remilly-les-Pothées;2
08360;Renneville;6
08361;Renwez;26
08362;Rethel;327
08363;Revin;130
08364;Rilly-sur-Aisne;1
08365;Rimogne;27
08366;Rocquigny;17
08367;Rocroi;61
08368;Roizy;8
08369;La Romagne;3
08370;Rouvroy-sur-Audry;18
08372;Rubigny;1
08373;Rumigny;7
08374;La Sabotterie;3
08375;Sachy;4
08376;Sailly;2
08377;Saint-Aignan;3
08378;Saint-Clément-à-Arnes;4
08379;Saint-Étienne-à-Arnes;14
08380;Saint-Fergeux;9
08381;Saint-Germainmont;25
08382;Saint-Jean-aux-Bois;2
08383;Saint-Juvin;3
08384;Saint-Lambert-et-Mont-de-Jeux;5
08385;Saint-Laurent;23
08386;Saint-Loup-en-Champagne;13
08387;Saint-Loup-Terrier;2
08388;Saint-Marceau;2
08389;Saint-Marcel;7
08390;Sainte-Marie;2
08391;Saint-Menges;14
08392;Saint-Morel;7
08393;Saint-Pierre-à-Arnes;2
08394;Saint-Pierremont;2
08395;Saint-Pierre-sur-Vence;3
08396;Saint-Quentin-le-Petit;3
08397;Saint-Remy-le-Petit;3
08398;Sainte-Vaubourg;7
08399;Sapogne-sur-Marche;1
08400;Sapogne-et-Feuchères;7
08401;Saulces-Champenoises;13
08402;Saulces-Monclin;20
08403;Sault-lès-Rethel;57
08404;Sault-Saint-Remy;5
08405;Sauville;8
08406;Savigny-sur-Aisne;8
08407;Séchault;9
08408;Sécheval;8
08409;Sedan;508
08410;Semide;12
08411;Semuy;2
08412;Senuc;3
08413;Seraincourt;9
08415;Sery;4
08416;Seuil;3
08417;Sévigny-la-Forêt;4
08418;Sévigny-Waleppe;6
08419;Signy-l'Abbaye;53
08420;Signy-le-Petit;39
08421;Signy-Montlibert;3
08422;Singly;3
08424;Sommauthe;3
08425;Sommerance;4
08426;Son;2
08427;Sorbon;10
08428;Sorcy-Bauthémont;7
08429;Sormonne;10
08430;Stonne;1
08431;Sugny;3
08432;Sury;1
08433;Suzanne;6
08434;Sy;2
08435;Tagnon;33
08436;Taillette;6
08437;Tailly;7
08438;Taizy;4
08439;Tannay-le-Mont-Dieu;7
08440;Tarzy;2
08444;Tétaigne;5
08445;Thelonne;5
08446;Thénorgues;4
08448;Thilay;38
08449;Thin-le-Moutier;13
08450;This;8
08451;Le Thour;12
08452;Thugny-Trugny;5
08453;Toges;1
08454;Touligny;4
08455;Tourcelles-Chaumont;4
08456;Tournavaux;4
08457;Tournes;84
08458;Tourteron;6
08459;Tremblois-lès-Carignan;4
08460;Tremblois-lès-Rocroi;6
08461;Vandy;6
08462;Vaux-Champagne;6
08463;Vaux-en-Dieulet;3
08464;Vaux-lès-Mouron;2
08465;Vaux-lès-Rubigny;3
08466;Vaux-lès-Mouzon;1
08467;Vaux-Montreuil;1
08468;Vaux-Villaine;3
08469;Vendresse;17
08470;Verpel;6
08471;Verrières;2
08472;Viel-Saint-Remy;8
08473;Vieux-lès-Asfeld;7
08476;Villers-devant-le-Thour;10
08477;Villers-devant-Mouzon;4
08478;Villers-le-Tilleul;5
08479;Villers-le-Tourneur;2
08480;Villers-Semeuse;120
08481;Villers-sur-Bar;4
08482;Villers-sur-le-Mont;3
08483;Ville-sur-Lumes;5
08484;Ville-sur-Retourne;7
08485;Villy;3
08486;Vireux-Molhain;49
08487;Vireux-Wallerand;45
08488;Vivier-au-Court;81
08489;Voncq;4
08490;Vouziers;210
08491;Vrigne aux Bois;97
08492;Vrigne-Meuse;4
08494;Wadelincourt;15
08496;Wagnon;4
08497;Warcq;72
08498;Warnécourt;5
08499;Wasigny;6
08500;Wignicourt;3
08501;Williers;1
08502;Yoncq;4
08503;Yvernaumont;3
09001;Aigues-Juntes;1
09002;Aigues-Vives;15
09003;L'Aiguillon;3
09004;Albiès;5
09005;Aleu;1
09006;Alliat;4
09007;Allières;2
09008;Alos;1
09009;Alzen;3
09011;Antras;2
09012;Appy;2
09013;Arabaux;1
09014;Argein;5
09015;Arignac;16
09016;Arnave;6
09017;Arrien-en-Bethmale;5
09018;Arrout;3
09019;Artigat;12
09020;Artigues;3
09021;Artix;1
09022;Arvigna;5
09023;Ascou;5
09024;Aston;14
09025;Aucazein;1
09026;Audressein;3
09027;Augirein;2
09029;Aulus-les-Bains;11
09030;Auzat;26
09031;Axiat;2
09032;Ax-les-Thermes;138
09033;Bagert;1
09034;Balacet;1
09035;Balaguères;1
09037;Barjac;3
09038;La Bastide-de-Besplas;4
09039;La Bastide-de-Bousignac;11
09040;La Bastide-de-Lordat;4
09041;La Bastide-du-Salat;2
09042;La Bastide-de-Sérou;46
09043;La Bastide-sur-l'Hers;14
09044;Baulou;7
09045;Bédeilhac-et-Aynat;4
09046;Bédeille;3
09047;Bélesta;27
09048;Belloc;1
09049;Bénac;2
09050;Benagues;11
09051;Bénaix;1
09052;Besset;5
09053;Bestiac;1
09054;Betchat;6
09055;Bethmale;6
09056;Bézac;6
09057;Biert;5
09058;Bompas;6
09059;Bonac-Irazein;7
09060;Bonnac;8
09061;Les Bordes-sur-Arize;22
09062;Bordes-Uchentein;6
09063;Le Bosc;2
09064;Bouan;2
09065;Boussenac;3
09066;Brassac;5
09067;Brie;5
09068;Burret;1
09069;Buzan;3
09070;Les Cabannes;23
09071;Cadarcet;4
09072;Calzan;1
09073;Camarade;4
09074;Camon;9
09075;Campagne-sur-Arize;7
09076;Canté;5
09077;Capoulet-et-Junac;4
09078;Carcanières;3
09079;Carla-Bayle;25
09080;Carla-de-Roquefort;7
09081;Le Carlaret;4
09082;Castelnau-Durban;11
09083;Castéras;1
09084;Castex;2
09085;Castillon-en-Couserans;17
09086;Caumont;15
09087;Caussou;1
09088;Caychax-et-Senconac;2
09089;Cazals-des-Baylès;3
09090;Cazaux;1
09091;Cazavet;1
09092;Cazenave-Serres-et-Allens;2
09093;Celles;2
09094;Cérizols;3
09095;Cescau;4
09096;Château-Verdun;2
09097;Clermont;3
09098;Contrazy;1
09099;Cos;5
09100;Couflens;2
09101;Coussa;6
09102;Coutens;4
09103;Crampagna;13
09104;Dalou;8
09105;Daumazan-sur-Arize;25
09106;Dreuilhe;23
09107;Dun;11
09108;Durban-sur-Arize;5
09109;Durfort;4
09110;Encourtiech;2
09111;Engomer;9
09113;Ercé;8
09114;Erp;2
09115;Esclagne;2
09116;Escosse;11
09117;Esplas;3
09118;Esplas-de-Sérou;3
09119;Eycheil;9
09120;Fabas;8
09121;Ferrières-sur-Ariège;9
09122;Foix;639
09123;Fornex;5
09124;Le Fossat;57
09125;Fougax-et-Barrineuf;4
09126;Freychenet;1
09127;Gabre;3
09128;Gajan;14
09129;Galey;1
09130;Ganac;10
09131;Garanou;2
09132;Gaudiès;5
09133;Génat;3
09134;Gestiès;1
09136;Gourbit;2
09137;Gudas;3
09138;L'Herm;5
09139;L'Hospitalet-près-l'Andorre;8
09140;Ignaux;5
09141;Illartein;2
09142;Ilhat;3
09143;Illier-et-Laramade;1
09145;Les Issards;2
09146;Justiniac;1
09147;Labatut;4
09148;Lacave;1
09149;Lacourt;1
09150;Lagarde;7
09151;Lanoux;1
09152;Lapège;2
09153;Lapenne;3
09154;Larbont;3
09155;Larcat;1
09156;Larnat;2
09157;Laroque-d'Olmes;84
09158;Lasserre;3
09159;Lassur;2
09160;Lavelanet;206
09161;Léran;23
09162;Lercoul;1
09163;Lescousse;1
09164;Lescure;15
09165;Lesparrou;1
09166;Leychert;3
09167;Lézat-sur-Lèze;92
09168;Lieurac;5
09169;Limbrassac;4
09170;Lissac;4
09171;Lordat;3
09172;Loubaut;1
09173;Loubens;7
09174;Loubières;6
09175;Ludiès;3
09176;Luzenac;21
09177;Madière;5
09178;Malegoude;2
09179;Malléon;2
09180;Manses;2
09181;Le Mas-d'Azil;49
09182;Massat;34
09183;Mauvezin-de-Prat;3
09184;Mauvezin-de-Sainte-Croix;1
09185;Mazères;123
09186;Méras;1
09187;Mercenac;5
09188;Mercus-Garrabet;29
09189;Mérens-les-Vals;12
09190;Mérigon;2
09192;Miglos;2
09193;Mijanès;4
09194;Mirepoix;170
09195;Monesple;1
09196;Montagagne;1
09197;Montaillou;4
09198;Montardit;3
09199;Montaut;18
09200;Montbel;9
09201;Montégut-en-Couserans;2
09202;Montégut-Plantaurel;12
09203;Montels;3
09204;Montesquieu-Avantès;7
09205;Montfa;2
09206;Montferrier;35
09207;Montgailhard;27
09208;Montgauch;2
09209;Montjoie-en-Couserans;24
09210;Montoulieu;3
09211;Montségur;6
09212;Montseron;2
09213;Moulin-Neuf;5
09214;Moulis;15
09215;Nalzen;3
09216;Nescus;2
09217;Niaux;7
09218;Orgeix;3
09219;Orgibet;4
09220;Orlu;11
09221;Ornolac-Ussat-les-Bains;11
09222;Orus;2
09223;Oust;24
09224;Pailhès;12
09225;Pamiers;757
09226;Pech;2
09227;Péreille;2
09228;Perles-et-Castelet;16
09229;Le Peyrat;7
09230;Le Pla;1
09231;Le Port;3
09232;Prades;6
09233;Pradettes;2
09234;Pradières;1
09235;Prat-Bonrepaux;20
09236;Prayols;2
09237;Le Puch;2
09238;Les Pujols;20
09239;Quérigut;8
09240;Quié;3
09241;Rabat-les-Trois-Seigneurs;10
09242;Raissac;5
09243;Régat;1
09244;Rieucros;13
09245;Rieux-de-Pelleport;19
09246;Rimont;14
09247;Rivèrenert;2
09249;Roquefixade;3
09250;Roquefort-les-Cascades;3
09251;Roumengoux;8
09252;Rouze;1
09253;Sabarat;13
09254;Saint-Amadou;4
09256;Saint-Bauzeil;1
09257;Sainte-Croix-Volvestre;28
09258;Saint-Félix-de-Rieutord;6
09259;Saint-Félix-de-Tournegat;2
09260;Sainte-Foi;1
09261;Saint-Girons;329
09262;Saint-Jean-d'Aigues-Vives;10
09263;Saint-Jean-du-Castillonnais;3
09264;Saint-Jean-de-Verges;68
09265;Saint-Jean-du-Falga;124
09266;Saint-Julien-de-Gras-Capou;2
09267;Saint-Lary;8
09268;Saint-Lizier;62
09269;Saint-Martin-de-Caralp;4
09270;Saint-Martin-d'Oydes;5
09271;Saint-Michel;4
09272;Saint-Paul-de-Jarrat;32
09273;Saint-Pierre-de-Rivière;15
09274;Saint-Quentin-la-Tour;5
09275;Saint-Quirc;6
09276;Saint-Victor-Rouzaud;10
09277;Saint-Ybars;20
09279;Salsein;2
09280;Saurat;13
09281;Sautel;4
09282;Saverdun;168
09283;Savignac-les-Ormeaux;14
09284;Ségura;5
09285;Seix;42
09289;Lorp-Sentaraille;68
09290;Sentein;9
09291;Sentenac-d'Oust;3
09292;Sentenac-de-Sérou;2
09293;Serres-sur-Arget;14
09294;Sieuras;2
09295;Siguer;4
09296;Aulos-Sinsat;9
09297;Sor;1
09298;Sorgeat;2
09299;Soueix-Rogalle;9
09300;Soula;2
09301;Soulan;5
09303;Surba;13
09304;Suzan;2
09305;Tabre;11
09306;Tarascon-sur-Ariège;153
09307;Taurignan-Castet;6
09308;Taurignan-Vieux;4
09309;Teilhet;6
09310;Thouars-sur-Arize;2
09311;Tignac;1
09312;La Tour-du-Crieu;51
09313;Tourtouse;4
09314;Tourtrol;14
09315;Trémoulet;2
09316;Troye-d'Ariège;2
09318;Unac;3
09319;Unzent;4
09320;Urs;1
09321;Ussat;4
09322;Ustou;23
09323;Vals;2
09324;Varilhes;109
09325;Vaychis;1
09326;Vèbre;8
09327;Ventenac;3
09328;Verdun;2
09329;Vernajoul;13
09330;Vernaux;2
09331;Le Vernet;21
09332;Verniolle;95
09334;Val-de-Sos;17
09335;Villeneuve;1
09336;Villeneuve-d'Olmes;24
09338;Villeneuve-du-Latou;9
09339;Villeneuve-du-Paréage;28
09340;Vira;4
09341;Viviès;2
09342;Sainte-Suzanne;5
10002;Ailleville;4
10003;Aix-Villemaur-Pâlis;104
10004;Allibaudières;12
10005;Amance;6
10006;Arcis-sur-Aube;114
10007;Arconville;4
10008;Argançon;7
10009;Arrelles;6
10010;Arrembécourt;2
10011;Arrentières;21
10012;Arsonval;7
10013;Assenay;2
10014;Assencières;3
10015;Aubeterre;12
10017;Aulnay;9
10018;Auxon;32
10019;Val-d'Auzon;14
10020;Avant-lès-Marcilly;13
10021;Avant-lès-Ramerupt;6
10022;Avirey-Lingey;20
10023;Avon-la-Pèze;2
10024;Avreuil;4
10025;Bagneux-la-Fosse;22
10026;Bailly-le-Franc;2
10027;Balignicourt;8
10028;Balnot-la-Grange;9
10029;Balnot-sur-Laignes;21
10030;Barberey-Saint-Sulpice;125
10031;Barbuise;13
10032;Baroville;32
10033;Bar-sur-Aube;239
10034;Bar-sur-Seine;173
10035;Bayel;9
10037;Bercenay-en-Othe;9
10038;Bercenay-le-Hayer;4
10039;Bergères;15
10040;Bernon;7
10041;Bertignolles;6
10042;Bérulle;9
10043;Bessy;8
10044;Bétignicourt;1
10045;Beurey;15
10046;Blaincourt-sur-Aube;3
10047;Blignicourt;4
10048;Bligny;17
10049;Les Bordes-Aumont;11
10050;Bossancourt;6
10051;Bouilly;30
10052;Boulages;6
10053;Bouranton;13
10054;Bourdenay;3
10055;Bourguignons;7
10056;Bouy-Luxembourg;8
10057;Bouy-sur-Orvin;3
10058;Bragelogne-Beauvoir;25
10059;Braux;5
10060;Bréviandes;83
10061;Brévonnes;12
10062;Briel-sur-Barse;8
10063;Brienne-la-Vieille;8
10064;Brienne-le-Château;116
10065;Brillecourt;3
10066;Bucey-en-Othe;7
10067;Buchères;66
10068;Buxeuil;14
10069;Buxières-sur-Arce;21
10070;Celles-sur-Ource;76
10071;Chacenay;4
10072;La Chaise;1
10073;Chalette-sur-Voire;4
10074;Chamoy;9
10075;Champfleury;5
10076;Champignol-lez-Mondeville;21
10077;Champigny-sur-Aube;3
10078;Champ-sur-Barse;9
10079;Channes;12
10080;Chaource;58
10081;La Chapelle-Saint-Luc;488
10082;Chapelle-Vallon;9
10083;Chappes;4
10084;Charmont-sous-Barbuise;47
10085;Charmoy;3
10086;Charny-le-Bachot;16
10087;Chaserey;4
10089;Châtres;19
10090;Chauchigny;5
10091;Chaudrey;5
10092;Chauffour-lès-Bailly;7
10093;Chaumesnil;6
10094;Chavanges;26
10095;Le Chêne;15
10096;Chennegy;12
10097;Chervey;20
10098;Chesley;12
10099;Chessy-les-Prés;12
10100;Clérey;27
10101;Coclois;10
10102;Colombé-la-Fosse;21
10103;Colombé-le-Sec;13
10104;Cormost;6
10105;Courcelles-sur-Voire;3
10106;Courceroy;7
10107;Coursan-en-Othe;2
10108;Courtaoult;2
10109;Courtenot;4
10110;Courteranges;13
10111;Courteron;17
10112;Coussegrey;9
10113;Couvignon;11
10114;Crancey;12
10115;Creney-près-Troyes;90
10116;Crésantignes;5
10117;Crespy-le-Neuf;3
10118;Les Croûtes;6
10119;Cunfin;3
10120;Cussangy;8
10121;Dampierre;23
10122;Davrey;7
10123;Dienville;27
10124;Dierrey-Saint-Julien;8
10125;Dierrey-Saint-Pierre;11
10126;Dolancourt;8
10127;Dommartin-le-Coq;4
10128;Donnement;4
10129;Dosches;4
10130;Dosnon;12
10131;Droupt-Saint-Basle;14
10132;Droupt-Sainte-Marie;9
10133;Eaux-Puiseaux;7
10134;Échemines;3
10135;Éclance;3
10136;Éguilly-sous-Bois;7
10137;Engente;4
10138;Épagne;6
10139;Épothémont;5
10140;Ervy-le-Châtel;37
10141;Essoyes;57
10142;Estissac;56
10143;Étourvy;9
10144;Étrelles-sur-Aube;5
10145;Faux-Villecerf;9
10146;Fay-lès-Marcilly;7
10147;Fays-la-Chapelle;1
10148;Ferreux-Quincey;7
10149;Feuges;10
10150;Fontaine;7
10151;Fontaine-les-Grès;33
10153;Fontaine-Mâcon;17
10154;Fontenay-de-Bossery;8
10155;Fontette;35
10156;Fontvannes;10
10157;La Fosse-Corduan;3
10158;Fouchères;23
10159;Fralignes;2
10160;Fravaux;2
10161;Fresnay;3
10162;Fresnoy-le-Château;15
10163;Fuligny;3
10164;Gélannes;4
10165;Géraudot;16
10166;Les Grandes-Chapelles;15
10167;Grandville;4
10168;Les Granges;2
10169;Gumery;7
10170;Gyé-sur-Seine;38
10171;Hampigny;3
10172;Herbisse;12
10173;Isle-Aumont;5
10174;Isle-Aubigny;5
10175;Jasseines;6
10176;Jaucourt;5
10177;Javernant;3
10178;Jessains;5
10179;Jeugny;10
10180;Joncreuil;1
10181;Jully-sur-Sarce;11
10182;Juvancourt;3
10183;Juvanzé;1
10184;Juzanvigny;3
10185;Lagesse;5
10186;Laines-aux-Bois;9
10187;Landreville;37
10188;Lantages;8
10189;Lassicourt;2
10190;Laubressel;14
10191;Lavau;65
10192;Lentilles;5
10193;Lesmont;11
10194;Lévigny;7
10195;Lhuître;6
10196;Lignières;5
10197;Lignol-le-Château;10
10198;Lirey;1
10199;Loches-sur-Ource;32
10200;La Loge-aux-Chèvres;5
10201;La Loge-Pomblin;2
10202;Les Loges-Margueron;6
10203;Longchamp-sur-Aujon;8
10204;Longeville-sur-Mogne;2
10205;Longpré-le-Sec;4
10206;Longsols;9
10207;Longueville-sur-Aube;4
10208;La Louptière-Thénard;7
10209;Lusigny-sur-Barse;63
10210;Luyères;15
10211;Macey;13
10212;Machy;1
10213;Magnant;13
10214;Magnicourt;5
10215;Magny-Fouchard;10
10216;Mailly-le-Camp;39
10217;Maison-des-Champs;1
10218;Maisons-lès-Chaource;8
10219;Maisons-lès-Soulaines;5
10220;Maizières-la-Grande-Paroisse;64
10221;Maizières-lès-Brienne;3
10222;Maraye-en-Othe;9
10223;Marcilly-le-Hayer;17
10224;Marigny-le-Châtel;52
10225;Marnay-sur-Seine;8
10226;Marolles-lès-Bailly;5
10227;Marolles-sous-Lignières;9
10228;Mathaux;2
10229;Maupas;2
10230;Mergey;13
10231;Le Mériot;12
10232;Merrey-sur-Arce;19
10233;Méry-sur-Seine;41
10234;Mesgrigny;9
10235;Mesnil-la-Comtesse;5
10236;Mesnil-Lettre;5
10237;Mesnil-Saint-Loup;15
10238;Mesnil-Saint-Père;24
10239;Mesnil-Sellières;10
10240;Messon;10
10241;Metz-Robert;3
10242;Meurville;20
10243;Molins-sur-Aube;2
10245;Montaulin;10
10246;Montceaux-lès-Vaudes;3
10247;Montfey;2
10248;Montgueux;34
10249;Montiéramey;13
10250;Montier-en-l'Isle;10
10251;Montigny-les-Monts;5
10252;Montmartin-le-Haut;1
10253;Montmorency-Beaufort;6
10254;Montpothier;6
10255;Montreuil-sur-Barse;7
10256;Montsuzain;18
10257;Morembert;2
10258;Morvilliers;8
10259;La Motte-Tilly;5
10260;Moussey;16
10261;Mussy-sur-Seine;26
10262;Neuville-sur-Seine;42
10263;Neuville-sur-Vanne;9
10264;Noé-les-Mallets;27
10265;Les Noës-près-Troyes;31
10266;Nogent-en-Othe;2
10267;Nogent-sur-Aube;15
10268;Nogent-sur-Seine;221
10269;Nozay;9
10270;Onjon;11
10271;Origny-le-Sec;15
10272;Ormes;5
10273;Ortillon;4
10274;Orvilliers-Saint-Julien;21
10275;Ossey-les-Trois-Maisons;9
10276;Paisy-Cosdon;10
10278;Pargues;5
10279;Pars-lès-Chavanges;5
10280;Pars-lès-Romilly;9
10281;Le Pavillon-Sainte-Julie;4
10282;Payns;26
10283;Pel-et-Der;6
10284;Périgny-la-Rose;3
10285;Perthes-lès-Brienne;4
10286;Petit-Mesnil;4
10287;Piney;49
10288;Plaines-Saint-Lange;5
10289;Plancy-l'Abbaye;28
10290;Planty;7
10291;Plessis-Barbuise;11
10293;Poivres;2
10294;Poligny;2
10295;Polisot;31
10296;Polisy;16
10297;Pont-Sainte-Marie;293
10298;Pont-sur-Seine;25
10299;Pouan-les-Vallées;21
10300;Pougy;7
10301;Pouy-sur-Vannes;11
10302;Praslin;3
10303;Précy-Notre-Dame;3
10304;Précy-Saint-Martin;4
10305;Prémierfait;5
10306;Proverville;6
10307;Prugny;8
10308;Prunay-Belleville;9
10309;Prusy;4
10310;Puits-et-Nuisement;2
10312;Racines;1
10313;Radonvilliers;6
10314;Ramerupt;14
10315;Rances;4
10316;Rhèges;14
10317;Les Riceys;139
10318;Rigny-la-Nonneuse;4
10319;Rigny-le-Ferron;10
10320;Rilly-Sainte-Syre;8
10321;La Rivière-de-Corps;59
10323;Romilly-sur-Seine;408
10324;Roncenay;7
10325;Rosières-près-Troyes;179
10326;Rosnay-l'Hôpital;6
10327;La Rothière;4
10328;Rouilly-Sacey;10
10329;Rouilly-Saint-Loup;12
10330;Rouvres-les-Vignes;13
10331;Rumilly-lès-Vaudes;15
10332;Ruvigny;9
10333;Saint-André-les-Vergers;317
10334;Saint-Aubin;13
10335;Saint-Benoist-sur-Vanne;9
10336;Saint-Benoît-sur-Seine;9
10337;Saint-Christophe-Dodinicourt;2
10338;Saint-Étienne-sous-Barbuise;4
10339;Saint-Flavy;10
10340;Saint-Germain;48
10341;Saint-Hilaire-sous-Romilly;17
10342;Saint-Jean-de-Bonneval;7
10343;Saint-Julien-les-Villas;171
10344;Saint-Léger-près-Troyes;15
10345;Saint-Léger-sous-Brienne;8
10346;Saint-Léger-sous-Margerie;5
10347;Saint-Loup-de-Buffigny;7
10348;Saint-Lupien;8
10349;Saint-Lyé;69
10350;Saint-Mards-en-Othe;14
10351;Saint-Martin-de-Bossenay;13
10352;Sainte-Maure;63
10353;Saint-Mesmin;16
10354;Saint-Nabord-sur-Aube;4
10355;Saint-Nicolas-la-Chapelle;4
10356;Saint-Oulph;8
10357;Saint-Parres-aux-Tertres;182
10358;Saint-Parres-lès-Vaudes;48
10359;Saint-Phal;12
10360;Saint-Pouange;23
10361;Saint-Remy-sous-Barbuise;7
10362;Sainte-Savine;323
10363;Saint-Thibault;34
10364;Saint-Usage;10
10365;Salon;8
10366;Saulcy;12
10367;La Saulsotte;11
10368;Savières;17
10369;Semoine;9
10370;Soligny-les-Étangs;6
10371;Sommeval;3
10372;Soulaines-Dhuys;17
10373;Souligny;13
10374;Spoy;9
10375;Thennelières;11
10376;Thieffrain;4
10377;Thil;3
10378;Thors;1
10379;Torcy-le-Grand;15
10380;Torcy-le-Petit;7
10381;Torvilliers;56
10382;Traînel;29
10383;Trancault;8
10384;Trannes;4
10386;Trouans;10
10387;Troyes;2091
10388;Turgy;2
10389;Unienville;2
10390;Urville;20
10391;Vailly;6
10392;Vallant-Saint-Georges;15
10393;Vallentigny;5
10394;Vallières;9
10395;Vanlay;9
10396;Vauchassis;6
10397;Vauchonvilliers;3
10398;Vaucogne;5
10399;Vaudes;19
10400;Vaupoisson;5
10401;Vendeuvre-sur-Barse;80
10402;La Vendue-Mignot;3
10403;Vernonvilliers;3
10404;Verpillières-sur-Ource;13
10405;Verricourt;2
10406;Verrières;34
10408;Viâpres-le-Petit;8
10409;Villacerf;11
10410;Villadin;4
10411;La Ville-aux-Bois;1
10412;Villechétif;35
10414;Villeloup;6
10416;Villemereuil;12
10417;Villemoiron-en-Othe;5
10418;Villemorien;6
10419;Villemoyenne;18
10420;Villenauxe-la-Grande;61
10421;La Villeneuve-au-Châtelot;5
10422;Villeneuve-au-Chemin;3
10423;La Villeneuve-au-Chêne;10
10424;Villeret;2
10425;Villery;6
10426;Ville-sous-la-Ferté;21
10427;Ville-sur-Arce;31
10428;Ville-sur-Terre;3
10429;Villette-sur-Aube;11
10430;Villiers-Herbisse;11
10431;Villiers-le-Bois;4
10432;Villiers-sous-Praslin;5
10433;Villy-en-Trodes;9
10434;Villy-le-Bois;2
10435;Villy-le-Maréchal;3
10436;Vinets;6
10437;Virey-sous-Bar;15
10438;Vitry-le-Croisé;31
10439;Viviers-sur-Artaut;12
10440;Voigny;22
10441;Vosnon;3
10442;Voué;19
10443;Vougrey;2
10444;Vulaines;10
10445;Yèvres-le-Petit;7
11001;Aigues-Vives;18
11002;Airoux;4
11003;Ajac;7
11004;Alaigne;15
11005;Alairac;18
11006;Albas;2
11007;Albières;2
11008;Alet-les-Bains;8
11009;Alzonne;34
11010;Antugnac;7
11011;Aragon;12
11012;Argeliers;50
11013;Argens-Minervois;16
11014;Armissan;32
11015;Arques;7
11016;Arquettes-en-Val;6
11017;Artigues;2
11018;Arzens;30
11019;Aunat;4
11020;Auriac;1
11021;Axat;25
11022;Azille;29
11023;Badens;21
11024;Bages;33
11025;Bagnoles;8
11026;Baraigne;1
11027;Barbaira;16
11028;Belcaire;21
11029;Belcastel-et-Buc;1
11030;Belflou;5
11031;Belfort-sur-Rebenty;2
11032;Bellegarde-du-Razès;4
11033;Belpech;32
11034;Belvèze-du-Razès;31
11035;Belvianes-et-Cavirac;9
11036;Belvis;7
11037;Berriac;13
11038;Bessède-de-Sault;1
11039;La Bezole;1
11040;Bizanet;32
11041;Bize-Minervois;50
11042;Blomac;5
11043;Bouilhonnac;1
11044;Bouisse;3
11045;Bouriège;6
11046;Bourigeole;1
11047;Le Bousquet;2
11048;Boutenac;15
11049;Bram;127
11051;Brézilhac;4
11052;Brousses-et-Villaret;9
11053;Brugairolles;9
11054;Les Brunels;4
11055;Bugarach;6
11056;Cabrespine;6
11057;Cahuzac;2
11058;Cailhau;5
11059;Cailhavel;4
11060;Cailla;2
11061;Cambieure;7
11062;Campagna-de-Sault;1
11063;Campagne-sur-Aude;23
11064;Camplong-d'Aude;13
11065;Camps-sur-l'Agly;3
11066;Camurac;7
11067;Canet;51
11068;Capendu;43
11069;Carcassonne;2569
11070;Carlipa;8
11071;Cascastel-des-Corbières;7
11072;La Cassaigne;11
11073;Cassaignes;3
11074;Les Cassés;5
11075;Castans;2
11076;Castelnaudary;589
11077;Castelnau-d'Aude;12
11078;Castelreng;3
11079;Caudebronde;7
11080;Val de Lambronne;2
11081;Caunes-Minervois;38
11082;Caunette-sur-Lauquet;1
11083;Caunettes-en-Val;2
11084;Caux-et-Sauzens;10
11085;Cavanac;20
11086;Caves;17
11087;Cazalrenoux;2
11088;Cazilhac;36
11089;Cenne-Monestiés;12
11090;Cépie;23
11091;Chalabre;35
11092;Citou;2
11093;Le Clat;1
11094;Clermont-sur-Lauquet;2
11095;Comigne;4
11096;Comus;4
11098;Conilhac-Corbières;17
11099;Conques-sur-Orbiel;51
11100;Corbières;3
11101;Coudons;1
11102;Couffoulens;9
11103;Couiza;54
11104;Counozouls;2
11105;Cournanel;18
11106;Coursan;133
11107;Courtauly;2
11108;La Courtète;4
11109;Coustaussa;3
11110;Coustouge;3
11111;Cruscades;16
11112;Cubières-sur-Cinoble;2
11113;Cucugnan;11
11114;Cumiès;3
11115;Cuxac-Cabardès;25
11116;Cuxac-d'Aude;78
11117;Davejean;3
11118;Dernacueillette;1
11119;La Digne-d'Amont;5
11120;La Digne-d'Aval;9
11121;Donazac;3
11122;Douzens;26
11123;Duilhac-sous-Peyrepertuse;12
11124;Durban-Corbières;30
11125;Embres-et-Castelmaure;4
11126;Escales;12
11127;Escouloubre;6
11128;Escueillens-et-Saint-Just-de-Bélengard;5
11129;Espéraza;72
11130;Espezel;11
11131;Val-du-Faby;10
11132;Fabrezan;47
11133;Fajac-en-Val;3
11134;Fajac-la-Relenque;3
11135;La Fajolle;2
11136;Fanjeaux;28
11137;Félines-Termenès;2
11138;Fendeille;24
11139;Fenouillet-du-Razès;4
11140;Ferrals-les-Corbières;26
11141;Ferran;3
11142;Festes-et-Saint-André;6
11143;Feuilla;2
11144;Fitou;31
11145;Fleury;177
11146;Floure;9
11147;Fontanès-de-Sault;1
11148;Fontcouverte;12
11149;Fonters-du-Razès;5
11150;Fontiers-Cabardès;13
11151;Fontiès-d'Aude;10
11152;Fontjoncouse;3
11153;La Force;9
11154;Fournes-Cabardès;2
11155;Fourtou;2
11156;Fraisse-Cabardès;3
11157;Fraissé-des-Corbières;8
11158;Gaja-et-Villedieu;7
11159;Gaja-la-Selve;6
11160;Galinagues;2
11161;Gardie;10
11162;Generville;3
11163;Gincla;2
11164;Ginestas;53
11165;Ginoles;2
11166;Gourvieille;2
11167;Gramazie;5
11168;Granès;3
11169;Greffeil;2
11170;Gruissan;314
11172;Homps;30
11173;Hounoux;2
11174;Les Ilhes;3
11175;Issel;7
11176;Jonquières;3
11177;Joucou;1
11178;Labastide-d'Anjou;25
11179;Labastide-en-Val;2
11180;Labastide-Esparbairenque;1
11181;Labécède-Lauragais;6
11182;Lacombe;2
11183;Ladern-sur-Lauquet;11
11184;Lafage;2
11185;Lagrasse;39
11186;Lairière;2
11187;Lanet;1
11188;La Palme;48
11189;Laprade;1
11190;La Redorte;33
11191;Laroque-de-Fa;3
11192;Lasbordes;10
11193;Lasserre-de-Prouille;11
11194;Lastours;7
11195;Laurabuc;6
11196;Laurac;7
11197;Lauraguel;15
11198;Laure-Minervois;31
11199;Lavalette;17
11200;Lespinassière;3
11201;Leuc;18
11202;Leucate;346
11203;Lézignan-Corbières;497
11204;Lignairolles;1
11205;Limousis;4
11206;Limoux;494
11207;Loupia;4
11208;La Louvière-Lauragais;2
11209;Luc-sur-Aude;7
11210;Luc-sur-Orbieu;21
11211;Magrie;4
11212;Mailhac;10
11213;Maisons;1
11214;Malras;20
11215;Malves-en-Minervois;17
11216;Malviès;9
11217;Marcorignan;19
11218;Marquein;4
11219;Marsa;1
11220;Marseillette;14
11221;Les Martys;6
11222;Mas-Cabardès;3
11223;Mas-des-Cours;1
11224;Massac;2
11225;Mas-Saintes-Puelles;20
11226;Mayreville;2
11227;Mayronnes;3
11228;Mazerolles-du-Razès;6
11229;Mazuby;3
11230;Mérial;1
11231;Mézerville;6
11232;Miraval-Cabardès;1
11233;Mirepeisset;20
11234;Mireval-Lauragais;8
11235;Missègre;5
11236;Molandier;5
11238;Molleville;4
11239;Montauriol;4
11240;Montazels;8
11241;Montbrun-des-Corbières;11
11242;Montclar;5
11243;Montferrand;16
11244;Montfort-sur-Boulzane;3
11245;Montgaillard;1
11246;Montgradail;3
11247;Monthaut;2
11248;Montirat;4
11249;Montjardin;1
11250;Montjoi;1
11251;Val-de-Dagne;27
11252;Montmaur;5
11253;Montolieu;30
11254;Montréal;65
11255;Montredon-des-Corbières;169
11256;Montséret;13
11257;Monze;7
11258;Moussan;26
11259;Moussoulens;13
11260;Mouthoumet;4
11261;Moux;14
11262;Narbonne;2743
11263;Nébias;7
11264;Névian;25
11265;Niort-de-Sault;1
11266;Port-la-Nouvelle;225
11267;Ornaisons;30
11268;Orsans;3
11269;Ouveillan;70
11270;Padern;5
11271;Palairac;2
11272;Palaja;38
11273;Paraza;11
11274;Pauligne;10
11275;Payra-sur-l'Hers;9
11276;Paziols;19
11277;Pécharic-et-le-Py;3
11278;Pech-Luna;3
11279;Pennautier;57
11280;Pépieux;30
11281;Pexiora;25
11282;Peyrefitte-du-Razès;1
11283;Peyrefitte-sur-l'Hers;2
11284;Peyrens;8
11285;Peyriac-de-Mer;39
11286;Peyriac-Minervois;38
11287;Peyrolles;1
11288;Pezens;32
11289;Pieusse;35
11290;Plaigne;7
11291;Plavilla;9
11292;La Pomarède;10
11293;Pomas;24
11294;Pomy;2
11295;Portel-des-Corbières;33
11296;Pouzols-Minervois;12
11297;Pradelles-Cabardès;4
11299;Preixan;12
11300;Puginier;3
11301;Puichéric;40
11302;Puilaurens;8
11303;Puivert;13
11304;Quillan;149
11305;Quintillan;1
11306;Quirbajou;2
11307;Raissac-d'Aude;3
11308;Raissac-sur-Lampy;6
11309;Rennes-le-Château;10
11310;Rennes-les-Bains;13
11311;Ribaute;16
11312;Ribouisse;4
11313;Ricaud;5
11314;Rieux-en-Val;3
11315;Rieux-Minervois;69
11316;Rivel;3
11317;Rodome;6
11318;Roquecourbe-Minervois;2
11319;Roquefère;3
11320;Roquefeuil;12
11321;Roquefort-de-Sault;2
11322;Roquefort-des-Corbières;24
11323;Roquetaillade-et-Conilhac;17
11324;Roubia;20
11325;Rouffiac-d'Aude;10
11326;Rouffiac-des-Corbières;4
11327;Roullens;8
11328;Routier;14
11330;Rustiques;13
11331;Saint-Amans;3
11332;Saint-André-de-Roquelongue;29
11333;Saint-Benoît;5
11334;Sainte-Camelle;6
11335;Sainte-Colombe-sur-Guette;2
11336;Sainte-Colombe-sur-l'Hers;11
11337;Saint-Couat-d'Aude;7
11338;Saint-Couat-du-Razès;1
11339;Saint-Denis;13
11340;Sainte-Eulalie;8
11341;Saint-Ferriol;3
11342;Saint-Frichoux;8
11343;Saint-Gaudéric;4
11344;Saint-Hilaire;20
11345;Saint-Jean-de-Barrou;6
11346;Saint-Jean-de-Paracol;2
11347;Saint-Julia-de-Bec;1
11348;Saint-Julien-de-Briola;4
11350;Saint-Just-et-le-Bézu;1
11351;Saint-Laurent-de-la-Cabrerisse;29
11352;Saint-Louis-et-Parahou;1
11353;Saint-Marcel-sur-Aude;55
11354;Saint-Martin-des-Puits;1
11355;Saint-Martin-de-Villereglan;15
11356;Saint-Martin-Lalande;21
11357;Saint-Martin-le-Vieil;6
11358;Saint-Martin-Lys;3
11359;Saint-Michel-de-Lanès;9
11360;Saint-Nazaire-d'Aude;47
11361;Saint-Papoul;28
11362;Saint-Paulet;8
11363;Saint-Pierre-des-Champs;6
11364;Saint-Polycarpe;7
11365;Saint-Sernin;4
11366;Sainte-Valière;7
11367;Saissac;31
11368;Sallèles-Cabardès;2
11369;Sallèles-d'Aude;69
11370;Salles-d'Aude;55
11371;Salles-sur-l'Hers;29
11372;Salsigne;5
11373;Salvezines;2
11374;Salza;1
11375;Seignalens;2
11376;La Serpent;2
11377;Serres;3
11378;Serviès-en-Val;8
11379;Sigean;152
11380;Sonnac-sur-l'Hers;4
11381;Sougraigne;1
11382;Souilhanels;5
11383;Souilhe;9
11384;Soulatgé;4
11385;Soupex;9
11386;Talairan;18
11387;Taurize;2
11388;Termes;2
11389;Terroles;2
11390;Thézan-des-Corbières;19
11391;La Tourette-Cabardès;1
11392;Tournissan;8
11393;Tourouzelle;16
11394;Tourreilles;4
11395;Trassanel;1
11396;Trausse;15
11397;Trèbes;192
11398;Treilles;7
11399;Tréville;1
11400;Tréziers;3
11401;Tuchan;33
11402;Valmigère;1
11404;Ventenac-Cabardès;14
11405;Ventenac-en-Minervois;15
11406;Véraza;3
11407;Verdun-en-Lauragais;14
11408;Verzeille;11
11409;Vignevieille;3
11410;Villalier;16
11411;Villanière;1
11412;Villardebelle;3
11413;Villardonnel;10
11414;Villar-en-Val;2
11415;Villar-Saint-Anselme;4
11416;Villarzel-Cabardès;3
11417;Villarzel-du-Razès;6
11418;Villasavary;29
11419;Villautou;2
11420;Villebazy;4
11421;Villedaigne;7
11422;Villedubert;8
11423;Villefloure;3
11424;Villefort;2
11425;Villegailhenc;27
11426;Villegly;22
11427;Villelongue-d'Aude;13
11428;Villemagne;6
11429;Villemoustaussou;73
11430;Villeneuve-la-Comptal;15
11431;Villeneuve-les-Corbières;12
11432;Villeneuve-lès-Montréal;5
11433;Villeneuve-Minervois;28
11434;Villepinte;19
11435;Villerouge-Termenès;7
11436;Villesèque-des-Corbières;12
11437;Villesèquelande;17
11438;Villesiscle;3
11439;Villespy;6
11440;Villetritouls;1
11441;Vinassan;46
12001;Agen-d'Aveyron;16
12002;Aguessac;38
12003;Les Albres;8
12004;Almont-les-Junies;14
12006;Alrance;22
12007;Ambeyrac;7
12008;Anglars-Saint-Félix;23
12009;Arnac-sur-Dourdou;1
12010;Arques;11
12011;Arvieu;52
12012;Asprières;12
12013;Aubin;72
12015;Auriac-Lagast;20
12016;Auzits;11
12017;Ayssènes;7
12018;Balaguier-d'Olt;4
12019;Balaguier-sur-Rance;6
12021;Le Bas Ségala;50
12022;La Bastide-Pradines;3
12023;La Bastide-Solages;3
12024;Belcastel;8
12025;Belmont-sur-Rance;52
12026;Bertholène;28
12027;Bessuéjouls;6
12028;Boisse-Penchot;11
12029;Bor-et-Bar;5
12030;Bouillac;8
12031;Bournazel;10
12032;Boussac;15
12033;Bozouls;132
12034;Brandonnet;7
12035;Brasc;9
12036;Brommat;29
12037;Broquiès;16
12038;Brousse-le-Château;4
12039;Brusque;14
12041;Cabanès;4
12042;Calmels-et-le-Viala;12
12043;Calmont;84
12044;Camarès;52
12045;Camboulazet;8
12046;Camjac;9
12047;Campagnac;19
12048;Campouriez;12
12049;Campuac;17
12050;Canet-de-Salars;19
12051;Cantoin;15
12052;Capdenac-Gare;147
12053;La Capelle-Balaguier;6
12054;La Capelle-Bleys;10
12055;La Capelle-Bonance;3
12056;Baraqueville;184
12057;Cassagnes-Bégonhès;63
12058;Cassuéjouls;8
12059;Castanet;17
12060;Castelmary;6
12061;Castelnau-de-Mandailles;19
12062;Castelnau-Pégayrols;14
12063;La Cavalerie;59
12064;Le Cayrol;12
12065;Centrès;14
12066;Clairvaux-d'Aveyron;31
12067;Le Clapier;5
12068;Colombiès;31
12069;Combret;13
12070;Compeyre;14
12071;Compolibat;9
12072;Comprégnac;9
12073;Comps-la-Grand-Ville;17
12074;Condom-d'Aubrac;6
12075;Connac;2
12077;Cornus;29
12078;Les Costes-Gozon;7
12079;Coubisou;11
12080;Coupiac;23
12082;La Couvertoirade;16
12083;Cransac;39
12084;Creissels;77
12085;Crespin;5
12086;La Cresse;6
12088;Curières;13
12089;Decazeville;261
12090;Druelle Balsac;78
12091;Drulhe;10
12092;Durenque;37
12093;Le Fel;10
12094;Entraygues-sur-Truyère;58
12095;Escandolières;6
12096;Espalion;280
12097;Espeyrac;7
12098;Estaing;27
12099;Fayet;12
12100;Firmi;45
12101;Flagnac;19
12102;Flavin;77
12103;Florentin-la-Capelle;10
12104;Foissac;15
12105;La Fouillade;48
12106;Gabriac;23
12107;Gaillac-d'Aveyron;6
12108;Galgan;8
12109;Gissac;5
12110;Golinhac;13
12111;Goutrens;19
12113;Gramond;12
12115;L'Hospitalet-du-Larzac;9
12116;Huparlac;17
12118;Lacroix-Barrez;24
12119;Laguiole;154
12120;Laissac-Sévérac l'Église;113
12121;Lanuéjouls;41
12122;Lapanouse-de-Cernon;4
12124;Lassouts;6
12125;Laval-Roquecezière;4
12127;Lédergues;25
12128;Lescure-Jaoul;6
12129;Lestrade-et-Thouels;27
12130;Livinhac-le-Haut;25
12131;La Loubière;81
12133;Luc-la-Primaube;267
12134;Lugan;8
12135;Lunac;10
12136;Maleville;37
12137;Manhac;33
12138;Marcillac-Vallon;75
12139;Marnhagues-et-Latour;6
12140;Martiel;30
12141;Martrin;9
12142;Mayran;20
12143;Mélagues;5
12144;Meljac;6
12145;Millau;958
12146;Le Monastère;46
12147;Montagnol;7
12148;Montbazens;72
12149;Montclar;3
12150;Monteils;13
12151;Montézic;9
12152;Montfranc;13
12153;Montjaux;11
12154;Montlaur;30
12155;Fondamente;11
12156;Montpeyroux;34
12157;Montrozier;46
12158;Montsalès;6
12159;Morlhon-le-Haut;12
12160;Mostuéjouls;21
12161;Mouret;8
12162;Moyrazès;21
12163;Murasson;11
12164;Mur-de-Barrez;56
12165;Muret-le-Château;5
12166;Murols;1
12167;Najac;49
12168;Nant;55
12169;Naucelle;112
12170;Naussac;6
12171;Nauviale;16
12172;Le Nayrac;15
12174;Olemps;132
12175;Ols-et-Rinhodes;6
12176;Onet-le-Château;578
12177;Palmas d'Aveyron;40
12178;Paulhe;8
12179;Peux-et-Couffouleux;3
12180;Peyreleau;5
12181;Peyrusse-le-Roc;7
12182;Pierrefiche;17
12183;Plaisance;7
12184;Pomayrols;3
12185;Pont-de-Salars;82
12186;Pousthomy;7
12187;Prades-d'Aubrac;4
12188;Prades-Salars;27
12189;Pradinas;8
12190;Prévinquières;10
12191;Privezac;6
12192;Mounes-Prohencoux;5
12193;Pruines;10
12194;Quins;21
12195;Rebourguil;27
12197;Réquista;116
12198;Rieupeyroux;123
12199;Rignac;82
12200;Rivière-sur-Tarn;45
12201;Rodelle;34
12202;Rodez;1442
12203;Roquefort-sur-Soulzon;45
12204;La Roque-Sainte-Marguerite;8
12205;La Rouquette;17
12206;Roussennac;8
12207;Rullac-Saint-Cirq;12
12208;Saint-Affrique;342
12209;Saint-Amans-des-Cots;40
12210;Saint-André-de-Najac;13
12211;Saint-André-de-Vézines;7
12212;Saint-Beaulize;6
12213;Saint-Beauzély;23
12214;Saint-Chély-d'Aubrac;37
12215;Saint-Christophe-Vallon;37
12216;Saint-Côme-d'Olt;35
12217;Sainte-Croix;16
12218;Conques-en-Rouergue;82
12219;Sainte-Eulalie-d'Olt;11
12220;Sainte-Eulalie-de-Cernon;16
12221;Saint-Félix-de-Lunel;17
12222;Saint-Félix-de-Sorgues;6
12223;Argences en Aubrac;74
12224;Saint Geniez d'Olt et d'Aubrac;115
12225;Saint-Georges-de-Luzençon;67
12226;Saint-Hippolyte;7
12227;Saint-Igest;2
12228;Saint-Izaire;14
12229;Saint-Jean-d'Alcapiès;6
12230;Saint-Jean-Delnous;23
12231;Saint-Jean-du-Bruel;24
12232;Saint-Jean-et-Saint-Paul;8
12233;Saint-Juéry;13
12234;Sainte-Juliette-sur-Viaur;11
12235;Saint-Just-sur-Viaur;5
12236;Saint-Laurent-de-Lévézou;8
12237;Saint-Laurent-d'Olt;20
12238;Saint-Léons;23
12239;Saint-Martin-de-Lenne;8
12240;Saint-Parthem;14
12241;Sainte-Radegonde;63
12242;Saint-Rémy;17
12243;Saint-Rome-de-Cernon;23
12244;Saint-Rome-de-Tarn;40
12246;Saint-Santin;21
12247;Saint-Saturnin-de-Lenne;17
12248;Saint-Sernin-sur-Rance;29
12249;Saint-Sever-du-Moustier;9
12250;Saint-Symphorien-de-Thénières;8
12251;Saint-Victor-et-Melvieu;9
12252;Salles-Courbatiès;7
12253;Salles-Curan;72
12254;Salles-la-Source;62
12255;Salmiech;30
12256;Salvagnac-Cajarc;7
12257;Causse-et-Diège;19
12258;La Salvetat-Peyralès;20
12259;Sanvensa;22
12260;Sauclières;12
12261;Saujac;3
12262;Sauveterre-de-Rouergue;26
12263;Savignac;53
12264;Sébazac-Concourès;121
12265;Sébrazac;12
12266;Ségur;35
12267;La Selve;33
12268;Sénergues;19
12269;La Serre;4
12270;Sévérac d'Aveyron;202
12272;Sonnac;10
12273;Soulages-Bonneval;18
12274;Sylvanès;12
12275;Tauriac-de-Camarès;2
12276;Tauriac-de-Naucelle;13
12277;Taussac;23
12278;Tayrac;3
12280;Thérondels;21
12281;Toulonjac;12
12282;Tournemire;15
12283;Trémouilles;21
12284;Le Truel;15
12286;Vabres-l'Abbaye;55
12287;Vailhourles;11
12288;Valady;29
12289;Valzergues;7
12290;Vaureilles;12
12291;Verrières;14
12292;Versols-et-Lapeyre;18
12293;Veyreau;6
12294;Vézins-de-Lévézou;33
12295;Viala-du-Pas-de-Jaux;8
12296;Viala-du-Tarn;12
12297;Le Vibal;20
12298;Villecomtal;19
12299;Villefranche-de-Panat;55
12300;Villefranche-de-Rouergue;537
12301;Villeneuve;84
12303;Vimenet;10
12305;Viviez;24
12307;Curan;16
13001;Aix-en-Provence;8580
13002;Allauch;542
13003;Alleins;80
13004;Arles;2340
13005;Aubagne;2588
13006;Aureille;39
13007;Auriol;336
13008;Aurons;9
13009;La Barben;32
13010;Barbentane;142
13011;Les Baux-de-Provence;70
13012;Beaurecueil;14
13013;Belcodène;44
13014;Berre-l'Étang;447
13015;Bouc-Bel-Air;600
13016;La Bouilladisse;118
13017;Boulbon;68
13018;Cabannes;138
13019;Cabriès;590
13020;Cadolive;53
13021;Carry-le-Rouet;254
13022;Cassis;469
13023;Ceyreste;125
13024;Charleval;77
13025;Châteauneuf-le-Rouge;90
13026;Châteauneuf-les-Martigues;547
13027;Châteaurenard;743
13028;La Ciotat;1695
13029;Cornillon-Confoux;37
13030;Cuges-les-Pins;114
13031;La Destrousse;136
13032;Éguilles;566
13033;Ensuès-la-Redonne;128
13034;Eygalières;131
13035;Eyguières;224
13036;Eyragues;206
13037;La Fare-les-Oliviers;237
13038;Fontvieille;130
13039;Fos-sur-Mer;556
13040;Fuveau;343
13041;Gardanne;808
13042;Gémenos;555
13043;Gignac-la-Nerthe;289
13044;Grans;172
13045;Graveson;186
13046;Gréasque;121
13047;Istres;965
13048;Jouques;82
13049;Lamanon;83
13050;Lambesc;347
13051;Lançon-Provence;313
13052;Maillane;103
13053;Mallemort;275
13054;Marignane;1058
13055;Marseille;31646
13056;Martigues;1420
13057;Mas-Blanc-des-Alpilles;17
13058;Maussane-les-Alpilles;160
13059;Meyrargues;103
13060;Meyreuil;451
13061;Saint-Pierre-de-Mézoargues;13
13062;Mimet;103
13063;Miramas;687
13064;Mollégès;97
13065;Mouriès;139
13066;Noves;254
13067;Orgon;132
13068;Paradou;58
13069;Pélissanne;262
13070;La Penne-sur-Huveaune;285
13071;Les Pennes-Mirabeau;873
13072;Peynier;139
13073;Peypin;178
13074;Peyrolles-en-Provence;136
13075;Plan-de-Cuques;329
13076;Plan-d'Orgon;155
13077;Port-de-Bouc;419
13078;Port-Saint-Louis-du-Rhône;274
13079;Puyloubier;66
13080;Le Puy-Sainte-Réparade;186
13081;Rognac;396
13082;Rognes;142
13083;Rognonas;153
13084;La Roque-d'Anthéron;148
13085;Roquefort-la-Bédoule;249
13086;Roquevaire;281
13087;Rousset;299
13088;Le Rove;199
13089;Saint-Andiol;166
13090;Saint-Antonin-sur-Bayon;7
13091;Saint-Cannat;280
13092;Saint-Chamas;175
13093;Saint-Estève-Janson;18
13094;Saint-Étienne-du-Grès;118
13095;Saint-Marc-Jaumegarde;46
13096;Saintes-Maries-de-la-Mer;354
13097;Saint-Martin-de-Crau;558
13098;Saint-Mitre-les-Remparts;245
13099;Saint-Paul-lès-Durance;91
13100;Saint-Rémy-de-Provence;879
13101;Saint-Savournin;69
13102;Saint-Victoret;421
13103;Salon-de-Provence;1898
13104;Sausset-les-Pins;178
13105;Sénas;218
13106;Septèmes-les-Vallons;291
13107;Simiane-Collongue;136
13108;Tarascon;575
13109;Le Tholonet;220
13110;Trets;395
13111;Vauvenargues;25
13112;Velaux;329
13113;Venelles;526
13114;Ventabren;174
13115;Vernègues;55
13116;Verquières;44
13117;Vitrolles;1934
13118;Coudoux;69
13119;Carnoux-en-Provence;231
14001;Ablon;29
14003;Agy;3
14005;Valambray;29
14006;Amayé-sur-Orne;15
14007;Amayé-sur-Seulles;6
14009;Amfreville;17
14012;Angerville;7
14014;Colomby-Anguerny;26
14015;Anisy;22
14016;Annebault;25
14019;Arganchy;4
14020;Argences;130
14021;Arromanches-les-Bains;42
14022;Asnelles;23
14023;Asnières-en-Bessin;4
14024;Auberville;16
14025;Aubigny;5
14026;Audrieu;16
14027;Les Monts d'Aunay;108
14030;Authie;27
14032;Les Authieux-sur-Calonne;8
14033;Auvillars;7
14034;Avenay;7
14035;Balleroy-sur-Drôme;30
14036;Banneville-la-Campagne;8
14037;Malherbe-sur-Ajon;10
14038;Banville;13
14039;Barbery;6
14040;Barbeville;8
14041;Barneville-la-Bertran;4
14042;Baron-sur-Odon;22
14043;Barou-en-Auge;2
14044;Basly;21
14045;Basseneville;18
14046;Bavent;40
14047;Bayeux;677
14049;Bazenville;9
14050;La Bazoque;4
14053;Beaumais;5
14054;Beaumesnil;3
14055;Beaumont-en-Auge;27
14057;Bellengreville;26
14059;Benerville-sur-Mer;28
14060;Bénouville;61
14061;Souleuvre en Bocage;197
14062;Bény-sur-Mer;13
14063;Bernesq;7
14064;Bernières-d'Ailly;6
14066;Bernières-sur-Mer;37
14068;Biéville-Beuville;100
14069;Beuvillers;23
14070;Beuvron-en-Auge;19
14076;Blainville-sur-Orne;120
14077;Blangy-le-Château;31
14078;Blay;11
14079;Blonville-sur-Mer;55
14080;Le Bô;5
14082;La Boissière;6
14083;Bonnebosq;33
14084;Bonnemaison;5
14085;Bonneville-la-Louvet;26
14086;Bonneville-sur-Touques;14
14087;Bonnœil;5
14088;Bons-Tassilly;7
14089;Bougy;4
14090;Boulon;12
14091;Bourgeauville;8
14092;Bourguébus;136
14093;Branville;9
14096;Brémoy;5
14097;Bretteville-le-Rabet;2
14098;Thue et Mue;163
14100;Bretteville-sur-Laize;85
14101;Bretteville-sur-Odon;310
14102;Le Breuil-en-Auge;36
14103;Le Breuil-en-Bessin;5
14104;Le Brévedent;6
14106;Bréville-les-Monts;7
14107;Bricqueville;7
14110;Brucourt;1
14111;Bucéels;4
14116;Le Bû-sur-Rouvres;4
14117;Cabourg;284
14118;Caen;4490
14119;Cagny;73
14120;Cahagnes;47
14121;Cahagnolles;8
14122;La Caine;4
14123;Cairon;34
14124;La Cambe;22
14125;Cambes-en-Plaine;20
14126;Cambremer;53
14127;Campagnolles;7
14130;Campigny;6
14131;Canapville;9
14132;Canchy;6
14134;Canteloup;5
14135;Carcagny;5
14136;Cardonville;2
14137;Carpiquet;238
14138;Cartigny-l'Épinay;7
14140;Castillon;8
14141;Castillon-en-Auge;7
14143;Caumont-sur-Aure;76
14145;Cauvicourt;12
14146;Cauville;3
14147;Cernay;3
14149;Cesny-aux-Vignes;7
14150;Cesny-les-Sources;39
14159;Chouain;4
14160;Cintheaux;10
14161;Clarbec;25
14162;Clécy;45
14163;Cléville;8
14165;Colleville-sur-Mer;13
14166;Colleville-Montgomery;56
14167;Colombelles;334
14168;Colombières;5
14169;Colombiers-sur-Seulles;3
14171;Combray;4
14172;Commes;14
14173;Condé-sur-Ifs;11
14174;Condé-en-Normandie;198
14175;Condé-sur-Seulles;4
14177;Coquainvilliers;11
14179;Cordebugle;6
14180;Cordey;4
14181;Cormelles-le-Royal;154
14182;Cormolain;12
14183;Cossesseville;5
14184;Cottun;5
14190;Courcy;4
14191;Courseulles-sur-Mer;210
14193;Courtonne-la-Meurdrac;9
14194;Courtonne-les-Deux-Églises;12
14195;Courvaudon;5
14196;Crépon;7
14197;Cresserons;13
14198;Cresseveuille;8
14200;Creully sur Seulles;70
14202;Cricquebœuf;21
14203;Cricqueville-en-Auge;9
14204;Cricqueville-en-Bessin;10
14205;Cristot;5
14206;Crocy;8
14207;Croisilles;16
14209;Crouay;17
14211;Culey-le-Patry;6
14214;Cussy;7
14215;Cuverville;30
14216;Damblainville;4
14218;Danestal;7
14220;Deauville;589
14221;Démouville;83
14223;Le Détroit;1
14224;Deux-Jumeaux;3
14225;Dives-sur-Mer;222
14226;Donnay;7
14227;Douville-en-Auge;9
14228;Douvres-la-Délivrande;226
14229;Dozulé;71
14230;Drubec;6
14231;Beaufour-Druval;22
14232;Ducy-Sainte-Marguerite;6
14236;Ellon;10
14237;Émiéville;8
14238;Englesqueville-en-Auge;4
14239;Englesqueville-la-Percée;6
14240;Épaney;8
14241;Épinay-sur-Odon;19
14242;Épron;65
14243;Équemauville;35
14244;Eraines;5
14245;Ernes;5
14246;Escoville;15
14248;Espins;5
14249;Esquay-Notre-Dame;14
14250;Esquay-sur-Seulles;11
14251;Esson;12
14252;Estrées-la-Campagne;4
14254;Éterville;34
14256;Étréham;14
14257;Évrecy;72
14258;Falaise;403
14260;Fauguernon;3
14261;Le Faulq;11
14266;Feuguerolles-Bully;18
14269;Fierville-les-Parcs;5
14270;Firfol;8
14271;Fleury-sur-Orne;207
14272;La Folie;4
14273;La Folletière-Abenon;6
14274;Fontaine-Étoupefour;32
14275;Fontaine-Henry;6
14276;Fontaine-le-Pin;7
14277;Fontenay-le-Marmion;43
14278;Fontenay-le-Pesnel;21
14280;Formentin;6
14281;Formigny La Bataille;21
14282;Foulognes;4
14283;Fourches;4
14284;Fourneaux-le-Val;2
14285;Le Fournet;2
14286;Fourneville;16
14287;Frénouville;32
14288;Le Fresne-Camilly;17
14289;Fresné-la-Mère;15
14290;Fresney-le-Puceux;14
14291;Fresney-le-Vieux;3
14293;Fumichon;7
14297;Gavrus;16
14298;Géfosse-Fontenay;15
14299;Genneville;19
14301;Giberville;139
14302;Glanville;8
14303;Glos;62
14304;Gonneville-sur-Honfleur;28
14305;Gonneville-sur-Mer;29
14306;Gonneville-en-Auge;12
14308;Goustranville;4
14309;Gouvix;11
14310;Grainville-Langannerie;15
14311;Grainville-sur-Odon;14
14312;Grandcamp-Maisy;114
14316;Grangues;12
14318;Graye-sur-Mer;15
14319;Grentheville;60
14320;Grimbosq;6
14322;Guéron;10
14325;Hermanville-sur-Mer;58
14326;Hermival-les-Vaux;63
14327;Hérouville-Saint-Clair;820
14328;Hérouvillette;17
14329;Heuland;2
14332;La Hoguette;10
14333;Honfleur;607
14334;L'Hôtellerie;7
14335;Hotot-en-Auge;14
14336;Hottot-les-Bagues;8
14337;La Houblonnière;5
14338;Houlgate;123
14341;Ifs;420
14342;Isigny-sur-Mer;128
14343;Les Isles-Bardel;3
14344;Janville;8
14345;Jort;7
14346;Juaye-Mondaye;15
14347;Dialan sur Chaîne;15
14348;Juvigny-sur-Seulles;4
14349;Laize-Clinchamps;35
14352;Landelles-et-Coupigny;17
14353;Landes-sur-Ajon;8
14354;Langrune-sur-Mer;41
14355;Ponts sur Seulles;25
14357;Terres de Druance;22
14358;Léaupartie;5
14360;Leffard;4
14362;Lessard-et-le-Chêne;9
14364;Lingèvres;16
14365;Lion-sur-Mer;60
14366;Lisieux;907
14367;Lison;12
14368;Lisores;12
14369;Litteau;8
14370;Le Molay-Littry;91
14371;Livarot-Pays-d'Auge;184
14374;Les Loges;6
14375;Les Loges-Saulces;2
14377;Longues-sur-Mer;18
14378;Longueville;5
14379;Longvillers;8
14380;Loucelles;9
14381;Louvagny;3
14383;Louvigny;95
14384;Luc-sur-Mer;99
14385;Magny-en-Bessin;2
14389;Maisoncelles-Pelvey;4
14390;Maisoncelles-sur-Ajon;5
14391;Maisons;14
14393;Maizet;8
14394;Maizières;8
14396;Maltot;15
14397;Mandeville-en-Bessin;5
14398;Manerbe;18
14399;Manneville-la-Pipard;10
14400;Le Manoir;6
14401;Manvieux;2
14402;Le Marais-la-Chapelle;4
14403;Marolles;25
14404;Martainville;3
14405;Martigny-sur-l'Ante;10
14406;Moulins-en-Bessin;27
14407;Mathieu;36
14408;Saint-Martin-de-May;113
14409;Merville-Franceville-Plage;78
14410;Méry-Bissières-en-Auge;23
14411;Meslay;7
14412;Le Mesnil-au-Grain;1
14419;Le Mesnil-Eudes;11
14421;Le Mesnil-Guillaume;10
14424;Le Mesnil-Robert;4
14425;Le Mesnil-Simon;10
14426;Le Mesnil-sur-Blangy;10
14427;Le Mesnil-Villement;2
14430;Meuvaines;9
14431;Mézidon Vallée d'Auge;219
14435;Les Monceaux;5
14436;Monceaux-en-Bessin;6
14437;Mondeville;731
14438;Mondrainville;3
14439;Monfréville;6
14445;Montfiquet;2
14446;Montigny;2
14448;Montreuil-en-Auge;3
14449;Monts-en-Bessin;6
14452;Morteaux-Coulibœuf;22
14453;Mosles;12
14454;Mouen;76
14455;Moulines;9
14456;Moult-Chicheboville;105
14457;Les Moutiers-en-Auge;6
14458;Les Moutiers-en-Cinglais;13
14460;Moyaux;49
14461;Mutrécy;2
14465;Nonant;32
14466;Norolles;10
14467;Noron-l'Abbaye;8
14468;Noron-la-Poterie;11
14469;Norrey-en-Auge;6
14473;Notre-Dame-de-Livaye;2
14474;Notre-Dame-d'Estrées-Corbon;17
14475;Val d'Arry;56
14476;Olendon;6
14478;Orbec;92
14480;Osmanville;10
14482;Ouézy;4
14483;Ouffières;6
14484;Ouilly-du-Houley;8
14486;Ouilly-le-Tesson;10
14487;Ouilly-le-Vicomte;14
14488;Ouistreham;344
14491;Parfouru-sur-Odon;1
14492;Pennedepie;20
14494;Périers-en-Auge;12
14495;Périers-sur-le-Dan;14
14496;Périgny;1
14497;Perrières;11
14498;Pertheville-Ners;6
14499;Petiville;11
14500;Pierrefitte-en-Auge;8
14501;Pierrefitte-en-Cinglais;4
14502;Pierrepont;3
14504;Le Pin;18
14506;Planquery;4
14509;Plumetot;7
14510;La Pommeraye;5
14511;Pont-Bellanger;3
14512;Pontécoulant;1
14514;Pont-l'Évêque;331
14515;Port-en-Bessin-Huppain;105
14516;Potigny;49
14519;Préaux-Bocage;6
14520;Le Pré-d'Auge;26
14522;Prêtreville;9
14524;Putot-en-Auge;14
14527;Belle Vie en Auge;24
14528;Quetteville;16
14529;Ranchy;10
14530;Ranville;68
14531;Rapilly;2
14533;Repentigny;8
14534;Reux;20
14535;Reviers;6
14536;La Rivière-Saint-Sauveur;59
14538;Castine-en-Plaine;35
14540;Rocques;9
14541;La Roque-Baignard;8
14542;Rosel;15
14543;Rots;126
14546;Rouvres;5
14547;Rubercy;6
14550;Rumesnil;5
14552;Ryes;14
14554;Le Castelet;54
14555;Saint-André-d'Hébertot;11
14556;Saint-André-sur-Orne;114
14557;Saint-Arnoult;103
14558;Saint-Aubin-d'Arquenay;22
14559;Saint-Aubin-des-Bois;4
14562;Saint-Aubin-sur-Mer;49
14563;Saint-Benoît-d'Hébertot;20
14565;Saint-Côme-de-Fresné;15
14566;Saint-Contest;231
14569;Sainte-Croix-sur-Mer;10
14570;Valorbiquet;31
14571;Saint-Denis-de-Mailloc;5
14572;Saint-Denis-de-Méré;9
14574;Saint-Désir;62
14575;Saint-Étienne-la-Thillaye;19
14576;Val-de-Vie;12
14578;Saint-Gatien-des-Bois;64
14579;Seulline;36
14581;Aurseulles;39
14582;Saint-Germain-de-Livet;13
14586;Saint-Germain-du-Pert;7
14587;Saint-Germain-la-Blanche-Herbe;20
14588;Saint-Germain-Langot;4
14589;Saint-Germain-le-Vasson;22
14590;Sainte-Honorine-de-Ducy;1
14591;Aure sur Mer;27
14592;Sainte-Honorine-du-Fay;27
14593;Saint-Hymer;23
14595;Saint-Jean-de-Livet;2
14598;Saint-Jouin;6
14601;Saint-Julien-sur-Calonne;8
14602;Saint-Lambert;2
14603;Saint-Laurent-de-Condel;14
14605;Saint-Laurent-sur-Mer;11
14606;Saint-Léger-Dubosq;5
14607;Saint-Louet-sur-Seulles;3
14609;Saint-Loup-Hors;18
14610;Saint-Manvieu-Norrey;40
14613;Saint-Marcouf;1
14614;Sainte-Marguerite-d'Elle;16
14619;Sainte-Marie-Outre-l'Eau;6
14620;Saint-Martin-aux-Chartrains;25
14621;Saint-Martin-de-Bienfaite-la-Cressonnière;11
14622;Saint-Martin-de-Blagny;3
14625;Saint-Martin-de-la-Lieue;28
14626;Saint-Martin-de-Mailloc;14
14627;Saint-Martin-de-Mieux;23
14630;Saint-Martin-des-Entrées;49
14635;Saint-Omer;4
14637;Saint-Ouen-du-Mesnil-Oger;8
14639;Saint-Ouen-le-Pin;10
14640;Saint-Pair;6
14643;Saint-Paul-du-Vernay;20
14644;Saint-Philbert-des-Champs;13
14645;Saint-Pierre-Azif;9
14646;Saint-Pierre-Canivet;7
14648;Saint-Pierre-des-Ifs;5
14649;Saint-Pierre-du-Bû;6
14650;Saint-Pierre-du-Fresne;3
14651;Saint-Pierre-du-Jonquet;7
14652;Saint-Pierre-du-Mont;3
14654;Saint-Pierre-en-Auge;229
14656;Saint-Rémy;31
14657;Saint-Samson;7
14658;Noues de Sienne;83
14659;Saint-Sylvain;28
14660;Saint-Vaast-en-Auge;6
14661;Saint-Vaast-sur-Seulles;8
14663;Saint-Vigor-le-Grand;97
14664;Sallen;6
14665;Sallenelles;4
14666;Sannerville;39
14667;Saon;12
14668;Saonnet;8
14669;Sassy;6
14672;Val de Drôme;16
14674;Soignolles;2
14675;Soliers;89
14676;Sommervieu;16
14677;Soulangy;5
14678;Soumont-Saint-Quentin;22
14679;Subles;8
14680;Sully;6
14681;Surrain;5
14682;Surville;17
14684;Tessel;4
14685;Thaon;22
14687;Le Theil-en-Auge;3
14689;Thury-Harcourt-le-Hom;112
14692;Tilly-sur-Seulles;40
14694;Le Torquesne;11
14698;Touffréville;13
14699;Touques;164
14700;Tour-en-Bessin;18
14701;Tourgéville;55
14705;Tournières;8
14706;Tourville-en-Auge;9
14707;Tourville-sur-Odon;24
14708;Tracy-Bocage;8
14709;Tracy-sur-Mer;10
14710;Tréprel;3
14711;Trévières;38
14712;Troarn;94
14713;Montillières-sur-Orne;11
14714;Le Tronquay;13
14715;Trouville-sur-Mer;330
14716;Trungy;7
14719;Urville;11
14720;Ussy;13
14721;Vacognes-Neuilly;10
14723;Valsemé;18
14724;Varaville;42
14726;Valdallière;122
14728;Vaucelles;25
14731;Vauville;11
14732;Vaux-sur-Aure;5
14733;Vaux-sur-Seulles;9
14734;Vendes;3
14735;Vendeuvre;16
14737;Versainville;6
14738;Verson;190
14739;Ver-sur-Mer;44
14740;La Vespière-Friardel;34
14741;Le Vey;4
14742;Vicques;3
14743;Victot-en-Auge;12
14744;Vienne-en-Bessin;4
14745;Vierville-sur-Mer;12
14747;Vieux;10
14748;Vieux-Bourg;4
14751;Vignats;5
14752;Villers-Bocage;187
14753;Villers-Canivet;8
14754;Villers-sur-Mer;151
14755;Villerville;27
14756;La Villette;5
14758;Villons-les-Buissons;8
14759;Villy-lez-Falaise;3
14760;Villy-Bocage;13
14761;Vimont;5
14762;Vire Normandie;729
14764;Pont-d'Ouilly;28
15001;Allanche;42
15002;Alleuze;5
15003;Ally;19
15004;Andelat;37
15005;Anglards-de-Saint-Flour;9
15006;Anglards-de-Salers;17
15007;Anterrieux;6
15008;Antignac;9
15009;Apchon;6
15010;Arches;5
15011;Arnac;6
15012;Arpajon-sur-Cère;130
15013;Auriac-l'Église;2
15014;Aurillac;1560
15015;Auzers;8
15016;Ayrens;12
15017;Badailhac;2
15018;Barriac-les-Bosquets;2
15019;Bassignac;8
15020;Beaulieu;4
15021;Boisset;15
15022;Bonnac;2
15024;Brageac;2
15025;Albepierre-Bredons;12
15026;Brezons;4
15027;Puycapel;29
15028;Carlat;10
15029;Cassaniouze;12
15030;Cayrols;12
15031;Celles;N/A - résultat non disponible
15032;Celoux;4
15033;Cézens;5
15034;Chaliers;3
15035;Chalinargues;N/A - résultat non disponible
15036;Chalvignac;12
15037;Champagnac;10
15038;Champs-sur-Tarentaine-Marchal;28
15040;Chanterelle;6
15041;La Chapelle-d'Alagnon;8
15042;La Chapelle-Laurent;16
15043;Charmensac;3
15045;Chaudes-Aigues;57
15046;Chaussenac;6
15047;Chavagnac;N/A - résultat non disponible
15048;Chazelles;1
15049;Cheylade;11
15050;Le Claux;11
15051;Clavières;5
15052;Collandres;5
15053;Coltines;11
15054;Condat;38
15055;Coren;24
15056;Crandelles;9
15057;Cros-de-Montvert;5
15058;Cros-de-Ronesque;2
15059;Cussac;3
15060;Deux-Verges;1
15061;Dienne;14
15063;Drugeac;6
15064;Escorailles;2
15065;Espinasse;5
15066;Le Falgoux;6
15067;Le Fau;1
15069;Ferrières-Saint-Mary;3
15070;Fontanges;6
15072;Freix-Anglards;3
15073;Fridefont;5
15074;Giou-de-Mamou;11
15075;Girgols;2
15076;Glénat;8
15077;Gourdièges;4
15078;Jabrun;4
15079;Jaleyrac;9
15080;Joursac;6
15081;Jou-sous-Monjou;5
15082;Junhac;19
15083;Jussac;42
15084;Labesserette;16
15085;Labrousse;11
15086;Lacapelle-Barrès;4
15087;Lacapelle-del-Fraisse;9
15088;Lacapelle-Viescamp;9
15089;Ladinhac;14
15090;Lafeuillade-en-Vézie;39
15091;Landeyrat;5
15092;Lanobre;40
15093;Lapeyrugue;2
15094;Laroquebrou;39
15095;Laroquevieille;9
15096;Lascelle;9
15097;Lastic;2
15098;Laurie;2
15100;Laveissenet;3
15101;Laveissière;63
15102;Lavigerie;9
15103;Leucamp;9
15104;Leynhac;7
15105;Leyvaux;2
15106;Lieutadès;2
15107;Lorcières;3
15108;Val d'Arcomie;22
15110;Lugarde;7
15111;Madic;5
15112;Malbo;2
15113;Mandailles-Saint-Julien;10
15114;Marcenat;21
15116;Marchastel;6
15117;Marcolès;21
15118;Marmanhac;16
15119;Massiac;99
15120;Mauriac;220
15121;Maurines;1
15122;Maurs;111
15123;Méallet;3
15124;Menet;11
15125;Mentières;2
15126;Molèdes;2
15127;Molompize;4
15128;La Monselie;2
15129;Montboudif;5
15130;Montchamp;3
15131;Le Monteil;7
15132;Montgreleix;6
15133;Montmurat;7
15134;Montsalvy;38
15135;Montvert;2
15137;Moussages;11
15138;Murat;117
15139;Narnhac;3
15140;Naucelles;48
15141;Neussargues-Moissac;62
15142;Neuvéglise-sur-Truyère;50
15143;Nieudan;4
15144;Omps;15
15146;Pailherols;9
15147;Parlan;13
15148;Paulhac;14
15149;Paulhenc;10
15151;Peyrusse;5
15152;Pierrefort;49
15153;Pleaux;68
15154;Polminhac;35
15155;Pradiers;1
15156;Prunet;12
15157;Quézac;11
15158;Rageade;3
15159;Raulhac;12
15160;Reilhac;10
15161;Rézentières;3
15162;Riom-ès-Montagnes;138
15163;Roannes-Saint-Mary;21
15164;Roffiac;37
15165;Rouffiac;7
15166;Roumégoux;6
15167;Rouziers;5
15168;Ruynes-en-Margeride;21
15169;Saignes;26
15170;Saint-Amandin;4
15171;Sainte-Anastasie;N/A - résultat non disponible
15172;Saint-Antoine;2
15173;Saint-Bonnet-de-Condat;5
15174;Saint-Bonnet-de-Salers;12
15175;Saint-Cernin;45
15176;Saint-Chamant;9
15178;Saint-Cirgues-de-Jordanne;8
15179;Saint-Cirgues-de-Malbert;5
15180;Saint-Clément;5
15181;Saint-Constant-Fournoulès;19
15182;Saint-Étienne-Cantalès;6
15183;Saint-Étienne-de-Carlat;1
15184;Saint-Étienne-de-Maurs;12
15185;Saint-Étienne-de-Chomeil;10
15186;Sainte-Eulalie;13
15187;Saint-Flour;397
15188;Saint-Georges;36
15189;Saint-Gérons;9
15190;Saint-Hippolyte;1
15191;Saint-Illide;17
15192;Saint-Jacques-des-Blats;16
15194;Saint-Julien-de-Toursac;3
15196;Saint-Mamet-la-Salvetat;45
15198;Sainte-Marie;4
15199;Saint-Martial;2
15200;Saint-Martin-Cantalès;2
15201;Saint-Martin-sous-Vigouroux;4
15202;Saint-Martin-Valmeroux;28
15203;Saint-Mary-le-Plain;3
15204;Saint-Paul-des-Landes;38
15205;Saint-Paul-de-Salers;7
15206;Saint-Pierre;3
15207;Saint-Poncy;12
15208;Saint-Projet-de-Salers;5
15209;Saint-Rémy-de-Chaudes-Aigues;3
15211;Saint-Santin-Cantalès;6
15212;Saint-Santin-de-Maurs;12
15213;Saint-Saturnin;12
15214;Saint-Saury;5
15215;Saint-Simon;26
15216;Saint-Urcize;22
15217;Saint-Victor;1
15218;Saint-Vincent-de-Salers;3
15219;Salers;44
15220;Salins;5
15221;Sansac-de-Marmiesse;36
15222;Sansac-Veinazès;6
15223;Sauvat;6
15224;La Ségalassière;1
15225;Ségur-les-Villas;5
15226;Sénezergues;7
15228;Siran;12
15229;Soulages;3
15230;Sourniac;3
15231;Talizat;10
15232;Tanavelle;6
15233;Teissières-de-Cornet;2
15234;Teissières-lès-Bouliès;9
15235;Les Ternes;14
15236;Thiézac;26
15237;Tiviers;4
15238;Tournemire;7
15240;Trémouille;7
15241;La Trinitat;1
15242;Le Trioulou;7
15243;Trizac;21
15244;Ussel;18
15245;Vabres;11
15246;Valette;7
15247;Valjouze;2
15248;Valuéjols;16
15249;Le Vaulmier;2
15250;Vebret;12
15251;Védrines-Saint-Loup;2
15252;Velzic;4
15253;Vernols;2
15254;Veyrières;3
15255;Vézac;27
15256;Vèze;5
15257;Vezels-Roussy;3
15258;Vic-sur-Cère;75
15259;Vieillespesse;8
15260;Vieillevie;5
15261;Le Vigean;25
15262;Villedieu;11
15263;Virargues;2
15264;Vitrac;4
15265;Ydes;67
15266;Yolet;10
15267;Ytrac;105
15268;Le Rouget-Pers;53
15269;Besse;3
16001;Abzac;14
16002;Les Adjots;9
16003;Agris;23
16005;Aigre;64
16007;Alloue;12
16008;Ambérac;11
16009;Ambernac;10
16011;Anais;37
16012;Angeac-Champagne;22
16013;Angeac-Charente;13
16014;Angeduc;3
16015;Angoulême;1801
16016;Ansac-sur-Vienne;19
16018;Ars;31
16019;Asnières-sur-Nouère;41
16020;Aubeterre-sur-Dronne;30
16023;Aunac-sur-Charente;24
16024;Aussac-Vadalle;12
16025;Baignes-Sainte-Radegonde;54
16026;Balzac;39
16027;Barbezières;5
16028;Barbezieux-Saint-Hilaire;280
16029;Bardenac;12
16030;Barret;38
16031;Barro;11
16032;Bassac;20
16034;Bazac;5
16035;Beaulieu-sur-Sonnette;6
16036;Bécheresse;5
16037;Bellon;2
16038;Benest;5
16039;Bernac;9
16040;Berneuil;2
16041;Bessac;3
16042;Bessé;6
16044;Bioussac;5
16045;Birac;14
16046;Coteaux-du-Blanzacais;33
16047;Blanzaguet-Saint-Cybard;8
16048;Boisbreteau;5
16049;Bonnes;10
16050;Bonneuil;18
16052;Bors (Canton de Tude-et-Lavalette);12
16053;Bors (Canton de Charente-Sud);2
16054;Le Bouchage;5
16055;Bouëx;6
16056;Bourg-Charente;41
16057;Bouteville;20
16058;Boutiers-Saint-Trojan;30
16059;Brettes;3
16060;Bréville;23
16061;Brie;59
16062;Brie-sous-Barbezieux;6
16063;Brie-sous-Chalais;5
16064;Brigueuil;26
16065;Brillac;16
16066;Brossac;18
16067;Bunzac;6
16068;Cellefrouin;4
16069;Cellettes;10
16070;Chabanais;58
16071;Chabrac;9
16072;Chadurie;18
16073;Chalais;114
16074;Challignac;11
16075;Champagne-Vigny;9
16076;Champagne-Mouton;34
16077;Champmillon;13
16078;Champniers;358
16079;Chantillac;15
16081;La Chapelle;5
16082;Boisné-La Tude;10
16083;Charmé;9
16084;Charras;6
16085;Chasseneuil-sur-Bonnieure;128
16086;Chassenon;17
16087;Chassiecq;5
16088;Chassors;29
16089;Châteaubernard;345
16090;Châteauneuf-sur-Charente;116
16091;Châtignac;5
16093;Chazelles;34
16095;Chenon;7
16096;Cherves-Châtelars;15
16097;Val-de-Cognac;110
16098;La Chèvrerie;4
16099;Chillac;8
16100;Chirac;12
16101;Claix;21
16102;Cognac;766
16103;Combiers;4
16104;Condac;13
16105;Condéon;19
16106;Confolens;154
16107;Coulgens;13
16108;Coulonges;5
16109;Courbillac;15
16110;Courcôme;19
16111;Courgeac;6
16112;Courlac;1
16113;La Couronne;290
16114;Couture;2
16116;Criteuil-la-Magdeleine;30
16117;Curac;1
16118;Deviat;5
16119;Dignac;26
16120;Dirac;34
16121;Douzat;9
16122;Ébréon;5
16123;Échallat;28
16124;Écuras;9
16125;Édon;8
16127;Empuré;4
16128;Épenède;4
16130;Les Essards;4
16131;Esse;10
16132;Étagnac;30
16133;Étriac;6
16134;Exideuil-sur-Vienne;14
16135;Eymouthiers;6
16136;La Faye;20
16137;Feuillade;14
16138;Fléac;85
16139;Fleurac;12
16141;Fontenille;5
16142;La Forêt-de-Tessé;5
16143;Fouquebrune;15
16144;Fouqueure;9
16145;Foussignac;27
16146;Garat;53
16148;Genac-Bignac;25
16150;Gensac-la-Pallue;82
16151;Genté;25
16152;Gimeux;15
16153;Mainxe-Gondeville;36
16154;Gond-Pontouvre;290
16155;Les Gours;4
16157;Le Grand-Madieu;2
16158;Grassac;8
16160;Guimps;29
16161;Guizengeard;6
16162;Gurat;8
16163;Hiersac;37
16164;Hiesse;2
16165;Houlette;11
16166;L'Isle-d'Espagnac;251
16167;Jarnac;213
16168;Jauldes;6
16169;Javrezac;18
16170;Juignac;6
16171;Juillac-le-Coq;30
16173;Juillé;8
16174;Julienne;10
16175;Val des Vignes;60
16176;Lachaise;12
16177;Ladiville;7
16178;Lagarde-sur-le-Né;7
16180;Laprade;7
16181;Lessac;12
16182;Lesterps;12
16183;Lésignac-Durand;5
16184;Lichères;2
16185;Ligné;8
16186;Lignières-Ambleville;51
16187;Linars;35
16188;Le Lindois;4
16189;Londigny;6
16190;Longré;6
16191;Lonnes;4
16192;Terres-de-Haute-Charente;91
16193;Louzac-Saint-André;19
16194;Lupsault;6
16195;Lussac;4
16196;Luxé;13
16197;La Magdeleine;5
16198;Magnac-lès-Gardes;24
16199;Magnac-sur-Touvre;39
16200;Maine-de-Boixe;21
16203;Mainzac;1
16204;Bellevigne;79
16205;Manot;8
16206;Mansle-les-Fontaines;87
16207;Marcillac-Lanville;14
16208;Mareuil;12
16209;Marillac-le-Franc;13
16210;Marsac;19
16211;Marthon;25
16212;Massignac;12
16213;Mazerolles;8
16215;Médillac;5
16216;Mérignac;36
16217;Merpins;61
16218;Mesnac;12
16220;Les Métairies;9
16221;Mons;9
16222;Montboyer;10
16223;Montbron;83
16224;Montmérac;27
16225;Montembœuf;26
16227;Montignac-le-Coq;4
16229;Montjean;7
16230;Montmoreau;95
16231;Montrollet;2
16232;Mornac;54
16233;Mosnac-Saint-Simeux;24
16234;Moulidars;27
16236;Mouthiers-sur-Boëme;49
16237;Mouton;8
16239;Mouzon;3
16240;Nabinaud;2
16241;Nanclars;5
16242;Nanteuil-en-Vallée;36
16243;Nercillac;42
16244;Nersac;65
16245;Nieuil;17
16246;Nonac;9
16248;Oradour;4
16249;Oradour-Fanais;6
16250;Orgedeuil;1
16251;Oriolles;8
16252;Orival;1
16253;Paizay-Naudouin-Embourie;11
16254;Palluaud;9
16255;Parzac;1
16256;Passirac;4
16258;Pérignac;12
16260;Pillac;7
16261;Les Pins;10
16263;Plassac-Rouffiac;8
16264;Pleuville;9
16267;Poullignac;4
16268;Poursac;6
16269;Pranzac;20
16270;Pressignac;11
16271;Puymoyen;92
16272;Puyréaux;9
16273;Raix;2
16275;Ranville-Breuillaud;8
16276;Reignac;36
16277;Réparsac;22
16279;Rioux-Martin;6
16280;Rivières;57
16281;La Rochefoucauld-en-Angoumois;189
16282;La Rochette;8
16283;Ronsenac;13
16284;Rouffiac;4
16285;Rougnac;7
16286;Rouillac;156
16287;Roullet-Saint-Estèphe;107
16289;Roussines;3
16290;Rouzède;10
16291;Ruelle-sur-Touvre;137
16292;Ruffec;236
16293;Saint-Adjutory;9
16295;Saint-Amant-de-Boixe;31
16297;Graves-Saint-Amant;17
16298;Saint-Amant-de-Nouère;13
16300;Val-de-Bonnieure;37
16301;Saint-Aulais-la-Chapelle;12
16302;Saint-Avit;10
16303;Saint-Bonnet;22
16304;Saint-Brice;23
16306;Saint-Christophe;7
16307;Saint-Ciers-sur-Bonnieure;7
16308;Saint-Claud;40
16310;Saint-Coutant;7
16312;Saint-Cybardeaux;29
16315;Saint-Félix;5
16316;Saint-Fort-sur-le-Né;20
16317;Saint-Fraigne;20
16318;Saint-Front;11
16320;Saint-Genis-d'Hiersac;30
16321;Saint-Georges;3
16323;Saint-Germain-de-Montbron;5
16325;Saint-Gourson;5
16326;Saint-Groux;5
16329;Saint-Laurent-de-Céris;18
16330;Saint-Laurent-de-Cognac;22
16331;Saint-Laurent-des-Combes;4
16334;Saint-Martial;7
16335;Saint-Martin-du-Clocher;3
16336;Saint-Mary;12
16337;Saint-Maurice-des-Lions;24
16338;Saint-Médard;17
16339;Val-d'Auge;37
16340;Saint-Même-les-Carrières;36
16341;Saint-Michel;72
16342;Saint-Palais-du-Né;16
16343;Saint-Preuil;11
16345;Saint-Quentin-sur-Charente;7
16346;Saint-Quentin-de-Chalais;6
16347;Saint-Romain;12
16348;Saint-Saturnin;23
16349;Sainte-Sévère;24
16350;Saint-Séverin;30
16352;Saint-Simon;10
16353;Saint-Sornin;18
16354;Sainte-Souline;1
16356;Saint-Sulpice-de-Ruffec;1
16357;Saint-Vallier;6
16358;Saint-Yrieix-sur-Charente;221
16359;Salles-d'Angles;68
16360;Salles-de-Barbezieux;8
16361;Salles-de-Villefagnan;9
16362;Salles-Lavalette;13
16363;Saulgond;9
16364;Sauvagnac;3
16365;Sauvignac;3
16366;Segonzac;139
16368;Sers;17
16369;Sigogne;35
16370;Sireuil;25
16372;Souffrignac;2
16373;Souvigné;6
16374;Soyaux;365
16375;Suaux;9
16377;La Tâche;2
16378;Taizé-Aizie;15
16379;Taponnat-Fleurignac;21
16380;Le Tâtre;13
16381;Theil-Rabier;6
16382;Torsac;13
16383;Tourriers;19
16384;Touvérac;30
16385;Touvre;18
16387;Triac-Lautrait;18
16388;Trois-Palis;14
16389;Turgon;2
16390;Tusson;13
16392;Valence;4
16393;La Boixe;73
16394;Vaux-Lavalette;2
16395;Vaux-Rouillac;19
16396;Ventouse;4
16397;Verdille;20
16398;Verneuil;9
16399;Verrières;23
16400;Verteuil-sur-Charente;25
16401;Vervant;4
16402;Vibrac;8
16403;Le Vieux-Cérier;3
16404;Vieux-Ruffec;5
16405;Vignolles;9
16406;Moulins-sur-Tardoire;13
16408;Villebois-Lavalette;45
16409;Villefagnan;37
16412;Villejoubert;4
16413;Villiers-le-Roux;4
16414;Villognon;9
16415;Vindelle;13
16416;Vitrac-Saint-Vincent;9
16418;Vœuil-et-Giget;25
16419;Vouharte;5
16420;Voulgézac;5
16421;Vouthon;7
16422;Vouzan;6
16423;Xambes;6
16424;Yviers;14
16425;Yvrac-et-Malleyrand;5
17002;Agudelle;2
17003;Aigrefeuille-d'Aunis;139
17004;Île-d'Aix;30
17005;Allas-Bocage;10
17006;Allas-Champagne;10
17007;Anais;7
17008;Andilly;54
17009;Angliers;13
17010;Angoulins;205
17011;Annepont;3
17012;Annezay;5
17013;Antezant-la-Chapelle;12
17015;Arces;27
17016;Archiac;55
17017;Archingeay;13
17018;Ardillières;14
17019;Ars-en-Ré;130
17020;Arthenac;31
17021;Arvert;128
17022;Asnières-la-Giraud;29
17023;Aujac;25
17024;Aulnay;65
17025;Aumagne;11
17026;Authon-Ébéon;14
17027;Avy;9
17028;Aytré;533
17029;Bagnizeau;8
17030;Balanzac;28
17031;Ballans;6
17032;Ballon;20
17033;La Barde;4
17034;Barzan;11
17035;Bazauges;8
17036;Beaugeay;13
17037;Beauvais-sur-Matha;25
17038;Bedenac;17
17039;Belluire;6
17041;Benon;26
17042;Bercloux;15
17043;Bernay-Saint-Martin;23
17044;Berneuil;26
17045;Beurlay;21
17046;Bignay;8
17047;Biron;10
17048;Blanzac-lès-Matha;11
17049;Blanzay-sur-Boutonne;4
17050;Bois;18
17051;Le Bois-Plage-en-Ré;200
17052;Boisredon;13
17053;Bords;34
17054;Boresse-et-Martron;3
17055;Boscamnant;5
17056;Bougneau;11
17057;Bouhet;10
17058;Bourcefranc-le-Chapus;145
17059;Bourgneuf;20
17060;Boutenac-Touvent;8
17061;Bran;5
17062;Bresdon;7
17063;Breuil-la-Réorte;14
17064;Breuillet;109
17065;Breuil-Magné;31
17066;Brie-sous-Archiac;25
17067;Brie-sous-Matha;12
17068;Brie-sous-Mortagne;10
17069;Brives-sur-Charente;4
17070;Brizambourg;35
17071;La Brousse;18
17072;Burie;47
17073;Bussac-sur-Charente;15
17074;Bussac-Forêt;26
17075;Cabariot;25
17076;Celles;12
17077;Cercoux;28
17078;Chadenac;27
17079;Chaillevette;49
17080;Chambon;17
17081;Chamouillac;11
17082;Champagnac;18
17083;Champagne;16
17084;Champagnolles;9
17085;Champdolent;6
17086;Chaniers;76
17087;Chantemerle-sur-la-Soie;11
17089;La Chapelle-des-Pots;18
17091;Charron;62
17092;Chartuzac;5
17093;Le Château-d'Oléron;218
17094;Châtelaillon-Plage;217
17095;Chatenet;6
17096;Chaunac;6
17097;Le Chay;18
17098;Chenac-Saint-Seurin-d'Uzet;22
17099;Chepniers;13
17100;Chérac;43
17101;Cherbonnières;10
17102;Chermignac;25
17104;Chevanceaux;62
17105;Chives;9
17106;Cierzac;7
17107;Ciré-d'Aunis;35
17108;Clam;6
17109;Clavette;18
17110;Clérac;20
17111;Clion;16
17112;La Clisse;8
17113;La Clotte;12
17114;Coivert;7
17115;Colombiers;5
17116;Consac;8
17117;Contré;6
17118;Corignac;4
17119;Corme-Écluse;21
17120;Corme-Royal;67
17121;La Couarde-sur-Mer;137
17122;Coulonges;14
17124;Courant;8
17125;Courcelles;2
17126;Courcerac;12
17127;Courçon;59
17128;Courcoury;11
17129;Courpignac;10
17130;Coux;16
17131;Cozes;97
17132;Cram-Chaban;10
17133;Cravans;19
17134;Crazannes;12
17135;Cressé;3
17136;Croix-Chapeau;16
17137;La Croix-Comtesse;2
17138;Dampierre-sur-Boutonne;11
17139;Dœuil-sur-le-Mignon;8
17140;Dolus-d'Oléron;206
17141;Dompierre-sur-Charente;12
17142;Dompierre-sur-Mer;193
17143;Le Douhet;15
17145;Échebrune;31
17146;Échillais;79
17147;Écoyeux;23
17148;Écurat;9
17149;Les Éduts;2
17150;Les Églises-d'Argenteuil;13
17151;L'Éguille;24
17152;Épargnes;40
17153;Esnandes;37
17154;Les Essards;20
17155;Étaules;68
17156;Expiremont;3
17157;Fenioux;9
17158;Ferrières;60
17159;Fléac-sur-Seugne;8
17160;Floirac;16
17161;La Flotte;222
17162;Fontaine-Chalendray;8
17163;Fontaines-d'Ozillac;13
17164;Fontcouverte;53
17165;Fontenet;12
17166;Forges;30
17167;Le Fouilloux;13
17168;Fouras;157
17171;Geay;15
17172;Gémozac;137
17173;La Genétouze;10
17174;Genouillé;13
17175;Germignac;16
17176;Gibourne;7
17177;Le Gicq;8
17178;Givrezac;4
17179;Les Gonds;59
17180;Gourvillette;9
17181;Grandjean;5
17182;La Grève-sur-Mignon;13
17183;Grézac;27
17184;La Gripperie-Saint-Symphorien;12
17185;Le Gua;67
17186;Le Gué-d'Alleré;16
17187;Guitinières;12
17188;Haimps;18
17190;L'Houmeau;63
17191;La Jard;6
17192;Jarnac-Champagne;52
17193;La Jarne;61
17194;La Jarrie;54
17195;La Jarrie-Audouin;2
17196;Jazennes;16
17197;Jonzac;293
17198;Juicq;12
17199;Jussas;4
17200;Lagord;274
17201;La Laigne;5
17202;Landes;12
17203;Landrais;18
17204;Léoville;9
17205;Loire-les-Marais;10
17206;Loiré-sur-Nie;5
17207;Loix;51
17208;Longèves;13
17209;Lonzac;13
17210;Lorignac;23
17211;Loulay;21
17212;Louzignac;7
17213;Lozay;4
17214;Luchat;5
17215;Lussac;4
17216;Lussant;26
17217;Macqueville;21
17218;Marans;176
17219;Marennes-Hiers-Brouage;261
17220;Marignac;19
17221;Marsais;13
17222;Marsilly;69
17223;Massac;5
17224;Matha;116
17225;Les Mathes;184
17226;Mazeray;16
17227;Mazerolles;13
17228;Médis;90
17229;Mérignac;1
17230;Meschers-sur-Gironde;102
17231;Messac;5
17232;Meursac;39
17233;Meux;17
17234;Migré;10
17235;Migron;21
17236;Mirambeau;73
17237;Moëze;8
17239;Mons;21
17240;Montendre;130
17241;Montguyon;74
17242;Montils;28
17243;Montlieu-la-Garde;44
17244;Montpellier-de-Médillan;20
17245;Montroy;14
17246;Moragne;13
17247;Mornac-sur-Seudre;41
17248;Mortagne-sur-Gironde;48
17249;Mortiers;10
17250;Mosnac;13
17252;Le Mung;8
17253;Muron;27
17254;Nachamps;3
17255;Nancras;14
17256;Nantillé;10
17257;Néré;30
17258;Neuillac;18
17259;Neulles;7
17260;Neuvicq;12
17261;Neuvicq-le-Château;16
17262;Nieul-lès-Saintes;19
17263;Nieul-le-Virouil;13
17264;Nieul-sur-Mer;136
17265;Nieulle-sur-Seudre;38
17266;Les Nouillers;19
17267;Nuaillé-d'Aunis;19
17268;Rives-de-Boutonne;12
17269;Orignolles;20
17270;Ozillac;20
17271;Paillé;6
17273;Pérignac;47
17274;Périgny;518
17275;Pessines;11
17276;Le Pin;2
17277;Essouvert;28
17278;Pisany;30
17279;Plassac;20
17280;Plassay;19
17281;Polignac;2
17282;Pommiers-Moulons;5
17283;Pons;234
17284;Pont-l'Abbé-d'Arnoult;90
17285;Port-d'Envaux;25
17286;Les Portes-en-Ré;59
17287;Pouillac;10
17288;Poursay-Garnaud;11
17289;Préguillac;8
17290;Prignac;8
17291;Puilboreau;459
17292;Puy-du-Lac;10
17293;Puyravault;12
17294;Puyrolland;6
17295;Réaux sur Trèfle;44
17296;Rétaud;26
17297;Rivedoux-Plage;130
17298;Rioux;23
17299;Rochefort;1088
17300;La Rochelle;3826
17301;Romazières;4
17302;Romegoux;10
17303;La Ronde;20
17304;Rouffiac;15
17305;Rouffignac;9
17306;Royan;1243
17307;Sablonceaux;40
17308;Saint-Agnant;59
17309;Saint-Aigulin;43
17310;Saint-André-de-Lidon;37
17311;Saint-Augustin;30
17312;Saint-Bonnet-sur-Gironde;38
17313;Saint-Bris-des-Bois;17
17314;Saint-Césaire;21
17315;Saint-Christophe;41
17316;Saint-Ciers-Champagne;19
17317;Saint-Ciers-du-Taillon;23
17318;Saint-Clément-des-Baleines;66
17319;Sainte-Colombe;4
17320;Saint-Coutant-le-Grand;11
17321;Saint-Crépin;9
17322;Saint-Cyr-du-Doret;10
17323;Saint-Denis-d'Oléron;94
17324;Saint-Dizant-du-Bois;5
17325;Saint-Dizant-du-Gua;25
17326;Saint-Eugène;21
17327;Saint-Félix;8
17328;Saint-Fort-sur-Gironde;38
17329;Saint-Froult;8
17330;Sainte-Gemme;41
17331;Saint-Genis-de-Saintonge;52
17332;Saint-Georges-Antignac;16
17333;Saint-Georges-de-Didonne;220
17335;Saint-Georges-des-Agoûts;9
17336;Saint-Georges-des-Coteaux;150
17337;Saint-Georges-d'Oléron;192
17338;Saint-Georges-du-Bois;46
17339;Saint-Germain-de-Lusignan;44
17340;Saint-Pierre-La-Noue;38
17341;Saint-Germain-de-Vibrac;5
17342;Saint-Germain-du-Seudre;12
17343;Saint-Grégoire-d'Ardennes;4
17344;Saint-Hilaire-de-Villefranche;52
17345;Saint-Hilaire-du-Bois;7
17346;Saint-Hippolyte;27
17347;Saint-Jean-d'Angély;370
17348;Saint-Jean-d'Angle;10
17349;Saint-Jean-de-Liversay;74
17350;Saint-Julien-de-l'Escap;30
17351;Saint-Just-Luzac;73
17353;Saint-Laurent-de-la-Prée;75
17354;Saint-Léger;19
17355;Sainte-Lheurine;45
17356;Saint-Loup;5
17357;Saint-Maigrin;20
17358;Saint-Mandé-sur-Brédoire;11
17359;Saint-Mard;29
17360;Sainte-Marie-de-Ré;164
17361;Saint-Martial;1
17362;Saint-Martial-de-Mirambeau;8
17363;Saint-Martial-de-Vitaterne;10
17364;Saint-Martial-sur-Né;27
17365;Saint-Martin-d'Ary;19
17366;Saint-Martin-de-Coux;11
17367;Saint-Martin-de-Juillers;5
17369;Saint-Martin-de-Ré;295
17372;Saint-Médard;4
17373;Saint-Médard-d'Aunis;106
17374;Sainte-Même;4
17375;Saint-Nazaire-sur-Charente;21
17376;Saint-Ouen-d'Aunis;24
17377;Saint-Ouen-la-Thène;9
17378;Saint-Palais-de-Négrignac;15
17379;Saint-Palais-de-Phiolin;11
17380;Saint-Palais-sur-Mer;183
17381;Saint-Pardoult;6
17382;Saint-Pierre-d'Amilly;18
17383;Saint-Pierre-de-Juillers;12
17384;Saint-Pierre-de-l'Isle;6
17385;Saint-Pierre-d'Oléron;554
17386;Saint-Pierre-du-Palais;7
17387;Saint-Porchaire;61
17388;Saint-Quantin-de-Rançanne;7
17389;Sainte-Radegonde;9
17390;Sainte-Ramée;6
17391;Saint-Rogatien;42
17393;Saint-Romain-de-Benet;37
17394;Saint-Saturnin-du-Bois;19
17395;Saint-Sauvant;14
17396;Saint-Sauveur-d'Aunis;79
17397;Saint-Savinien;78
17398;Saint-Seurin-de-Palenne;5
17400;Saint-Sever-de-Saintonge;14
17401;Saint-Séverin-sur-Boutonne;1
17402;Saint-Sigismond-de-Clermont;6
17403;Saint-Simon-de-Bordes;20
17404;Saint-Simon-de-Pellouaille;22
17405;Saint-Sorlin-de-Conac;12
17406;Saint-Sornin;11
17407;Sainte-Soulle;123
17408;Saint-Sulpice-d'Arnoult;18
17409;Saint-Sulpice-de-Royan;143
17410;Saint-Thomas-de-Conac;31
17411;Saint-Trojan-les-Bains;80
17412;Saint-Vaize;9
17413;Saint-Vivien;52
17414;Saint-Xandre;68
17415;Saintes;1434
17416;Saleignes;4
17417;Salignac-de-Mirambeau;7
17418;Salignac-sur-Charente;23
17420;Salles-sur-Mer;69
17421;Saujon;277
17422;Seigné;5
17423;Semillac;1
17424;Semoussac;7
17425;Semussac;76
17426;Le Seure;6
17427;Siecq;14
17428;Sonnac;36
17429;Soubise;48
17430;Soubran;13
17431;Soulignonne;17
17432;Souméras;8
17433;Sousmoulins;7
17434;Surgères;292
17435;Taillant;3
17436;Taillebourg;22
17437;Talmont-sur-Gironde;16
17438;Tanzac;10
17439;Taugon;15
17440;Ternant;11
17441;Tesson;26
17442;Thaims;7
17443;Thairé;30
17444;Thénac;32
17445;Thézac;18
17446;Thors;21
17447;Le Thou;71
17448;Tonnay-Boutonne;47
17449;Tonnay-Charente;256
17450;Torxé;9
17451;Les Touches-de-Périgny;29
17452;La Tremblade;303
17453;Trizay;31
17454;Tugéras-Saint-Maurice;8
17455;La Vallée;31
17457;La Devise;24
17458;Vanzac;7
17459;Varaize;21
17460;Varzay;15
17461;Vaux-sur-Mer;248
17462;Vénérand;15
17463;Vergeroux;22
17464;Vergné;9
17465;La Vergne;28
17466;Vérines;42
17467;Vervant;5
17468;Vibrac;8
17469;Villars-en-Pons;14
17470;Villars-les-Bois;13
17471;La Villedieu;6
17472;Villedoux;35
17473;Villemorin;5
17474;Villeneuve-la-Comtesse;17
17476;Villexavier;8
17477;Villiers-Couture;11
17478;Vinax;2
17479;Virollet;12
17480;Virson;8
17481;Voissay;3
17482;Vouhé;21
17483;Yves;41
17484;Port-des-Barques;45
17485;Le Grand-Village-Plage;51
17486;La Brée-les-Bains;41
18001;Achères;6
18002;Ainay-le-Vieil;9
18003;Les Aix-d'Angillon;53
18004;Allogny;24
18005;Allouis;15
18006;Annoix;4
18007;Apremont-sur-Allier;6
18008;Arçay;8
18009;Arcomps;13
18010;Ardenais;7
18011;Argent-sur-Sauldre;68
18012;Argenvières;9
18013;Arpheuilles;8
18014;Assigny;6
18015;Aubigny-sur-Nère;198
18016;Aubinges;12
18017;Augy-sur-Aubois;7
18018;Avord;44
18019;Azy;13
18020;Bannay;15
18021;Bannegon;11
18022;Barlieu;12
18023;Baugy;59
18024;Beddes;7
18025;Beffes;9
18026;Belleville-sur-Loire;28
18027;Bengy-sur-Craon;13
18028;Berry-Bouy;29
18029;Bessais-le-Fromental;12
18030;Blancafort;24
18031;Blet;11
18032;Boulleret;29
18033;Bourges;2286
18034;Bouzais;5
18035;Brécy;23
18036;Brinay;18
18037;Brinon-sur-Sauldre;39
18038;Bruère-Allichamps;25
18039;Bué;38
18040;Bussy;17
18041;La Celette;2
18042;La Celle;9
18043;La Celle-Condé;5
18044;Cerbois;9
18045;Chalivoy-Milon;6
18046;Chambon;3
18047;La Chapelle-d'Angillon;19
18048;La Chapelle-Hugon;7
18049;La Chapelle-Montlinard;5
18050;La Chapelle-Saint-Ursin;88
18051;La Chapelotte;4
18052;Charenton-du-Cher;31
18053;Charentonnay;6
18054;Charly;10
18055;Chârost;15
18056;Chassy;6
18057;Châteaumeillant;69
18058;Châteauneuf-sur-Cher;41
18059;Le Châtelet;34
18060;Chaumont;1
18061;Chaumoux-Marcilly;4
18062;Le Chautay;6
18063;Chavannes;4
18064;Chéry;8
18065;Chezal-Benoît;16
18066;Civray;19
18067;Clémont;16
18068;Cogny;3
18069;Colombiers;8
18070;Concressault;4
18071;Contres;2
18072;Cornusse;3
18073;Corquoy;4
18074;Couargues;6
18075;Cours-les-Barres;16
18076;Coust;8
18077;Couy;4
18078;Crézançay-sur-Cher;2
18079;Crézancy-en-Sancerre;33
18080;Croisy;2
18081;Crosses;6
18082;Cuffy;22
18083;Culan;33
18084;Dampierre-en-Crot;5
18085;Dampierre-en-Graçay;4
18086;Drevant;11
18087;Dun-sur-Auron;109
18088;Ennordres;7
18089;Épineuil-le-Fleuriel;14
18090;Étréchy;13
18091;Farges-Allichamps;9
18092;Farges-en-Septaine;9
18093;Faverdines;3
18094;Feux;7
18095;Flavigny;2
18096;Foëcy;29
18097;Fussy;43
18098;Gardefort;3
18099;Garigny;6
18100;Genouilly;17
18101;Germigny-l'Exempt;13
18102;Givardon;11
18103;Graçay;36
18104;Groises;4
18105;Gron;6
18106;Grossouvre;9
18107;La Groutte;3
18108;La Guerche-sur-l'Aubois;73
18109;Henrichemont;76
18110;Herry;26
18111;Humbligny;9
18112;Ids-Saint-Roch;7
18113;Ignol;7
18114;Ineuil;10
18115;Ivoy-le-Pré;23
18116;Jalognes;10
18117;Jars;13
18118;Jouet-sur-l'Aubois;35
18119;Jussy-Champagne;4
18120;Jussy-le-Chaudrier;6
18121;Lantan;5
18122;Lapan;4
18124;Lazenay;12
18125;Léré;38
18126;Levet;27
18127;Lignières;51
18128;Limeux;6
18129;Lissay-Lochy;4
18130;Loye-sur-Arnon;15
18132;Lugny-Champagne;9
18133;Lunery;19
18134;Lury-sur-Arnon;20
18135;Maisonnais;11
18136;Marçais;12
18137;Mareuil-sur-Arnon;8
18138;Marmagne;40
18139;Marseilles-lès-Aubigny;12
18140;Massay;28
18141;Mehun-sur-Yèvre;133
18142;Meillant;13
18143;Menetou-Couture;4
18144;Menetou-Râtel;23
18145;Menetou-Salon;59
18146;Ménétréol-sous-Sancerre;10
18147;Ménétréol-sur-Sauldre;10
18148;Méreau;82
18149;Méry-ès-Bois;13
18150;Méry-sur-Cher;14
18151;Montigny;6
18152;Montlouis;6
18153;Morlac;6
18154;Mornay-Berry;7
18155;Mornay-sur-Allier;9
18156;Morogues;13
18157;Morthomiers;6
18158;Moulins-sur-Yèvre;12
18159;Nançay;39
18160;Nérondes;56
18161;Neuilly-en-Dun;11
18162;Neuilly-en-Sancerre;9
18163;Neuvy-Deux-Clochers;15
18164;Neuvy-le-Barrois;9
18165;Neuvy-sur-Barangeon;33
18166;Nohant-en-Goût;14
18167;Nohant-en-Graçay;9
18168;Le Noyer;8
18169;Nozières;4
18170;Oizon;19
18171;Orcenais;5
18172;Orval;60
18173;Osmery;7
18174;Osmoy;6
18175;Ourouer-les-Bourdelins;18
18176;Parassy;8
18177;Parnay;4
18178;La Perche;5
18179;Pigny;21
18180;Plaimpied-Givaudins;46
18181;Plou;7
18182;Poisieux;4
18183;Le Pondy;2
18184;Précy;10
18185;Presly;10
18186;Preuilly;18
18187;Préveranges;17
18188;Primelles;4
18189;Quantilly;12
18190;Quincy;17
18191;Raymond;7
18192;Reigny;4
18193;Rezay;8
18194;Rians;23
18195;Sagonne;10
18196;Saint-Aignan-des-Noyers;4
18197;Saint-Amand-Montrond;422
18198;Saint-Ambroix;15
18199;Saint-Baudel;6
18200;Saint-Bouize;7
18201;Saint-Caprais;12
18202;Saint-Céols;6
18203;Saint-Christophe-le-Chaudry;2
18204;Saint-Denis-de-Palin;18
18205;Saint-Doulchard;479
18206;Saint-Éloy-de-Gy;44
18207;Saint-Florent-sur-Cher;170
18208;Sainte-Gemme-en-Sancerrois;14
18209;Saint-Georges-de-Poisieux;7
18210;Saint-Georges-sur-la-Prée;15
18211;Saint-Georges-sur-Moulon;25
18212;Saint-Germain-des-Bois;12
18213;Saint-Germain-du-Puy;233
18214;Saint-Hilaire-de-Court;8
18215;Saint-Hilaire-de-Gondilly;5
18216;Saint-Hilaire-en-Lignières;11
18217;Saint-Jeanvrin;6
18218;Saint-Just;14
18219;Saint-Laurent;11
18220;Saint-Léger-le-Petit;3
18221;Saint-Loup-des-Chaumes;3
18223;Saint-Martin-d'Auxigny;74
18224;Saint-Martin-des-Champs;5
18225;Saint-Maur;8
18226;Saint-Michel-de-Volangis;10
18227;Sainte-Montaine;11
18228;Saint-Outrille;6
18229;Saint-Palais;17
18230;Saint-Pierre-les-Bois;4
18231;Saint-Pierre-les-Étieux;24
18232;Saint-Priest-la-Marche;6
18233;Saint-Satur;74
18234;Saint-Saturnin;7
18235;Sainte-Solange;16
18236;Saint-Symphorien;1
18237;Sainte-Thorette;8
18238;Saint-Vitte;6
18240;Sancergues;33
18241;Sancerre;154
18242;Sancoins;109
18243;Santranges;14
18244;Saugy;3
18245;Saulzais-le-Potier;18
18246;Savigny-en-Sancerre;25
18247;Savigny-en-Septaine;6
18248;Senneçay;4
18249;Sens-Beaujeu;11
18250;Serruelles;2
18251;Sévry;5
18252;Sidiailles;8
18253;Soulangis;18
18254;Soye-en-Septaine;6
18255;Le Subdray;58
18256;Subligny;9
18257;Sury-près-Léré;6
18258;Sury-en-Vaux;55
18259;Sury-ès-Bois;11
18260;Tendron;6
18261;Thaumiers;12
18262;Thauvenay;15
18263;Thénioux;10
18264;Thou;4
18265;Torteron;12
18266;Touchay;8
18267;Trouy;62
18268;Uzay-le-Venon;9
18269;Vailly-sur-Sauldre;30
18270;Vallenay;14
18271;Vasselay;25
18272;Veaugues;27
18273;Venesmes;9
18274;Verdigny;44
18275;Vereaux;6
18276;Vernais;5
18277;Verneuil;1
18278;Vesdun;22
18279;Vierzon;811
18280;Vignoux-sous-les-Aix;12
18281;Vignoux-sur-Barangeon;43
18282;Villabon;11
18283;Villecelin;5
18284;Villegenon;7
18285;Villeneuve-sur-Cher;6
18286;Villequiers;14
18287;Vinon;12
18288;Vorly;7
18289;Vornay;12
18290;Vouzeron;9
19001;Affieux;4
19002;Aix;11
19003;Albignac;3
19004;Albussac;22
19005;Allassac;117
19006;Alleyrat;2
19007;Altillac;22
19008;Ambrugeat;9
19009;Les Angles-sur-Corrèze;1
19010;Argentat-sur-Dordogne;162
19011;Arnac-Pompadour;86
19012;Astaillac;3
19013;Aubazines;32
19014;Auriac;6
19015;Ayen;21
19016;Bar;5
19017;Bassignac-le-Bas;2
19018;Bassignac-le-Haut;1
19019;Beaulieu-sur-Dordogne;81
19020;Beaumont;2
19021;Bellechassagne;1
19022;Benayes;8
19023;Beynat;40
19024;Beyssac;16
19025;Beyssenac;14
19026;Bilhac;12
19027;Bonnefond;5
19028;Bort-les-Orgues;146
19029;Branceilles;7
19030;Brignac-la-Plaine;9
19031;Brive-la-Gaillarde;2255
19033;Bugeat;29
19034;Camps-Saint-Mathurin-Léobazel;6
19035;Chabrignac;12
19036;Chamberet;49
19037;Chamboulive;29
19038;Chameyrat;17
19039;Champagnac-la-Noaille;1
19040;Champagnac-la-Prune;1
19041;Chanac-les-Mines;3
19042;Chanteix;15
19043;La Chapelle-aux-Brocs;10
19044;La Chapelle-aux-Saints;9
19045;La Chapelle-Saint-Géraud;5
19046;Chapelle-Spinasse;2
19047;Chartrier-Ferrière;8
19048;Le Chastang;4
19049;Chasteaux;11
19050;Chauffour-sur-Vell;11
19051;Chaumeil;6
19052;Chavanac;1
19053;Chaveroche;8
19054;Chenailler-Mascheix;4
19055;Chirac-Bellevue;7
19056;Clergoux;14
19057;Collonges-la-Rouge;34
19058;Combressol;7
19059;Concèze;6
19060;Condat-sur-Ganaveix;15
19061;Cornil;20
19062;Corrèze;45
19063;Cosnac;53
19064;Couffy-sur-Sarsonne;3
19065;Courteix;3
19066;Cublac;20
19067;Curemonte;11
19068;Dampniat;9
19069;Darazac;5
19070;Darnets;6
19071;Davignac;9
19072;Donzenac;89
19073;Égletons;190
19074;L'Église-aux-Bois;1
19075;Espagnac;7
19076;Espartignac;11
19077;Estivals;3
19078;Estivaux;7
19079;Eyburie;12
19080;Eygurande;20
19081;Eyrein;19
19082;Favars;23
19083;Feyt;2
19084;Forgès;4
19085;Gimel-les-Cascades;26
19086;Goulles;9
19087;Gourdon-Murat;2
19088;Grandsaigne;1
19089;Gros-Chastang;5
19090;Gumond;3
19091;Hautefage;10
19093;Jugeals-Nazareth;17
19094;Juillac;28
19095;Lacelle;6
19096;Ladignac-sur-Rondelles;10
19097;Lafage-sur-Sombre;3
19098;Lagarde-Marc-la-Tour;11
19099;Lagleygeolle;8
19100;Lagraulière;18
19101;Laguenne-sur-Avalouze;37
19102;Lamazière-Basse;6
19103;Lamazière-Haute;1
19104;Lamongerie;2
19105;Lanteuil;13
19106;Lapleau;15
19107;Larche;32
19108;Laroche-près-Feyt;5
19109;Lascaux;5
19110;Latronche;3
19111;Laval-sur-Luzège;2
19112;Lestards;1
19113;Liginiac;22
19114;Lignareix;3
19115;Ligneyrac;12
19116;Liourdres;9
19117;Lissac-sur-Couze;15
19118;Le Lonzac;23
19119;Lostanges;2
19120;Louignac;5
19121;Lubersac;95
19122;Madranges;2
19123;Malemort;386
19124;Mansac;31
19125;Marcillac-la-Croisille;31
19126;Marcillac-la-Croze;6
19128;Margerides;8
19129;Masseret;26
19130;Maussac;9
19131;Meilhards;15
19132;Ménoire;2
19133;Mercœur;9
19134;Merlines;15
19135;Mestes;8
19136;Meymac;97
19137;Meyrignac-l'Église;5
19138;Meyssac;71
19139;Millevaches;7
19140;Monceaux-sur-Dordogne;27
19141;Monestier-Merlines;6
19142;Monestier-Port-Dieu;2
19143;Montaignac-sur-Doustre;15
19144;Montgibaud;6
19145;Moustier-Ventadour;10
19146;Naves;63
19147;Nespouls;15
19148;Neuvic;68
19149;Neuville;4
19150;Noailhac;6
19151;Noailles;25
19152;Nonards;10
19153;Objat;188
19154;Orgnac-sur-Vézère;8
19155;Orliac-de-Bar;5
19156;Palazinges;3
19157;Palisse;9
19158;Pandrignes;4
19159;Péret-Bel-Air;3
19160;Pérols-sur-Vézère;3
19161;Perpezac-le-Blanc;10
19162;Perpezac-le-Noir;42
19163;Le Pescher;7
19164;Peyrelevade;28
19165;Peyrissac;1
19166;Pierrefitte;3
19167;Confolent-Port-Dieu;1
19168;Pradines;2
19169;Puy-d'Arnac;4
19170;Queyssac-les-Vignes;4
19171;Reygade;8
19172;Rilhac-Treignac;1
19173;Rilhac-Xaintrie;14
19174;La Roche-Canillac;6
19175;Roche-le-Peyroux;1
19176;Rosiers-d'Égletons;33
19177;Rosiers-de-Juillac;1
19178;Sadroc;20
19179;Saillac;7
19180;Saint-Angel;43
19181;Saint-Augustin;18
19182;Saint-Aulaire;23
19184;Saint-Bazile-de-Meyssac;4
19186;Saint-Bonnet-Elvert;8
19187;Saint-Bonnet-la-Rivière;7
19188;Saint-Bonnet-l'Enfantier;13
19189;Saint-Bonnet-les-Tours-de-Merle;2
19190;Saint-Bonnet-près-Bort;6
19191;Saint-Cernin-de-Larche;11
19192;Saint-Chamant;16
19193;Saint-Cirgues-la-Loutre;1
19194;Saint-Clément;33
19195;Saint-Cyprien;5
19196;Saint-Cyr-la-Roche;6
19198;Saint-Éloy-les-Tuileries;2
19199;Saint-Étienne-aux-Clos;8
19200;Saint-Étienne-la-Geneste;3
19201;Saint-Exupéry-les-Roches;8
19202;Sainte-Féréole;40
19203;Sainte-Fortunade;36
19204;Saint-Fréjoux;3
19205;Saint-Geniez-ô-Merle;4
19206;Saint-Germain-Lavolps;2
19207;Saint-Germain-les-Vergnes;27
19208;Saint-Hilaire-Foissac;2
19209;Saint-Hilaire-les-Courbes;6
19210;Saint-Hilaire-Luc;1
19211;Saint-Hilaire-Peyroux;19
19212;Saint-Hilaire-Taurieux;2
19213;Saint-Jal;16
19214;Saint-Julien-aux-Bois;10
19215;Saint-Julien-le-Pèlerin;1
19216;Saint-Julien-le-Vendômois;4
19217;Saint-Julien-Maumont;5
19219;Sainte-Marie-Lapanouze;2
19220;Saint-Martial-de-Gimel;8
19221;Saint-Martial-Entraygues;3
19222;Saint-Martin-la-Méanne;11
19225;Saint-Merd-de-Lapleau;1
19226;Saint-Merd-les-Oussines;3
19227;Saint-Mexant;14
19228;Saint-Pantaléon-de-Lapleau;4
19229;Saint-Pantaléon-de-Larche;165
19231;Saint-Pardoux-la-Croisille;8
19232;Saint-Pardoux-le-Neuf;4
19233;Saint-Pardoux-le-Vieux;11
19234;Saint-Pardoux-l'Ortigier;15
19235;Saint-Paul;8
19236;Saint-Priest-de-Gimel;24
19237;Saint-Privat;30
19238;Saint-Rémy;4
19239;Saint-Robert;7
19240;Saint-Salvadour;6
19241;Saint-Setiers;5
19242;Saint-Solve;5
19243;Saint-Sornin-Lavolps;29
19244;Saint-Sulpice-les-Bois;2
19245;Saint-Sylvain;4
19246;Saint-Viance;76
19247;Saint-Victour;3
19248;Les Trois-Saints;32
19249;Saint-Yrieix-le-Déjalat;11
19250;Salon-la-Tour;22
19251;Sarran;6
19252;Sarroux - Saint Julien;12
19253;Segonzac;5
19254;Ségur-le-Château;11
19255;Seilhac;82
19256;Sérandon;10
19257;Sérilhac;6
19258;Servières-le-Château;17
19259;Sexcles;5
19260;Sioniac;6
19261;Sornac;20
19262;Soudaine-Lavinadière;5
19263;Soudeilles;7
19264;Soursac;15
19265;Tarnac;10
19266;Thalamy;3
19268;Toy-Viam;1
19269;Treignac;59
19270;Troche;13
19271;Tudeils;4
19272;Tulle;788
19273;Turenne;21
19274;Ussac;129
19275;Ussel;452
19276;Uzerche;158
19277;Valiergues;4
19278;Varetz;86
19279;Vars-sur-Roseix;13
19280;Végennes;2
19281;Veix;1
19283;Veyrières;2
19284;Viam;7
19285;Vigeois;27
19286;Vignols;14
19287;Vitrac-sur-Montane;14
19288;Voutezac;25
19289;Yssandon;11
21001;Agencourt;10
21002;Agey;8
21003;Ahuy;124
21004;Aignay-le-Duc;16
21005;Aiserey;42
21006;Aisey-sur-Seine;8
21007;Aisy-sous-Thil;2
21008;Alise-Sainte-Reine;9
21009;Allerey;5
21010;Aloxe-Corton;17
21011;Ampilly-les-Bordes;9
21012;Ampilly-le-Sec;13
21013;Ancey;5
21014;Antheuil;2
21015;Antigny-la-Ville;1
21016;Arceau;27
21017;Arcenant;17
21018;Arcey;1
21020;Arconcey;6
21021;Arc-sur-Tille;76
21022;Argilly;13
21023;Arnay-le-Duc;79
21024;Arnay-sous-Vitteaux;6
21025;Arrans;3
21026;Asnières-en-Montagne;8
21027;Asnières-lès-Dijon;23
21028;Athée;10
21029;Athie;5
21030;Aubaine;5
21031;Aubigny-en-Plaine;9
21032;Aubigny-la-Ronce;4
21033;Aubigny-lès-Sombernon;3
21034;Autricourt;2
21035;Auvillars-sur-Saône;4
21036;Auxant;2
21037;Auxey-Duresses;29
21038;Auxonne;227
21039;Avelanges;1
21040;Avosnes;4
21041;Avot;4
21042;Bagnot;6
21043;Baigneux-les-Juifs;19
21044;Balot;3
21045;Barbirey-sur-Ouche;3
21046;Bard-le-Régulier;3
21047;Bard-lès-Époisses;2
21048;Barges;15
21049;Barjon;2
21050;Baubigny;10
21051;Baulme-la-Roche;2
21052;Beaulieu;3
21053;Beaumont-sur-Vingeanne;7
21054;Beaune;1330
21055;Beaunotte;2
21056;Beire-le-Châtel;21
21057;Beire-le-Fort;4
21058;Belan-sur-Ource;5
21059;Bellefond;15
21060;Belleneuve;25
21061;Bellenod-sur-Seine;5
21062;Bellenot-sous-Pouilly;2
21063;Beneuvre;3
21064;Benoisey;2
21065;Bessey-en-Chaume;3
21066;Bessey-la-Cour;2
21067;Bessey-lès-Cîteaux;10
21068;Beurey-Bauguay;4
21069;Beurizot;5
21070;Bévy;2
21071;Bèze;14
21072;Bézouotte;5
21074;Billey;3
21075;Billy-lès-Chanceaux;6
21076;Binges;19
21077;Bissey-la-Côte;4
21078;Bissey-la-Pierre;3
21079;Blagny-sur-Vingeanne;3
21080;Blaisy-Bas;13
21081;Blaisy-Haut;3
21082;Blancey;4
21083;Blanot;1
21084;Source-Seine;5
21085;Bligny-le-Sec;5
21086;Bligny-lès-Beaune;39
21087;Bligny-sur-Ouche;42
21088;Boncourt-le-Bois;3
21089;Bonnencontre;10
21090;Boudreville;2
21091;Bouhey;1
21092;Bouilland;6
21093;Bouix;6
21094;Bourberain;6
21095;Bousselange;3
21096;Boussenois;2
21097;Boussey;3
21098;Boux-sous-Salmaise;5
21099;Bouze-lès-Beaune;13
21100;Brain;1
21101;Braux;6
21102;Brazey-en-Morvan;3
21103;Brazey-en-Plaine;83
21104;Brémur-et-Vaurois;3
21105;Bressey-sur-Tille;17
21106;Bretenière;60
21107;Bretigny;22
21108;Brianny;3
21109;Brion-sur-Ource;7
21110;Brochon;42
21111;Brognon;10
21112;Broin;10
21113;Broindon;4
21114;Buffon;6
21115;Buncey;9
21116;Bure-les-Templiers;6
21117;Busseaut;3
21118;Busserotte-et-Montenaille;3
21119;Bussières;1
21120;La Bussière-sur-Ouche;6
21121;Bussy-la-Pesle;1
21122;Bussy-le-Grand;13
21123;Buxerolles;1
21124;Censerey;7
21125;Cérilly;7
21126;Cessey-sur-Tille;9
21127;Chaignay;12
21128;Chailly-sur-Armançon;12
21129;Chambain;3
21130;Chambeire;4
21131;Chamblanc;7
21132;Chambœuf;9
21133;Chambolle-Musigny;32
21134;Chamesson;9
21135;Champagne-sur-Vingeanne;7
21136;Champagny;1
21137;Champ-d'Oiseau;3
21138;Champdôtre;14
21139;Champeau-en-Morvan;5
21140;Champignolles;2
21141;Champrenault;1
21142;Chanceaux;7
21143;Channay;3
21144;Charencey;1
21145;Charigny;3
21146;Charmes;5
21147;Charny;2
21148;Charrey-sur-Saône;6
21149;Charrey-sur-Seine;1
21150;Chassagne-Montrachet;71
21151;Chassey;2
21152;Châteauneuf;7
21153;Châtellenot;3
21154;Châtillon-sur-Seine;277
21155;Chaudenay-la-Ville;2
21156;Chaudenay-le-Château;2
21157;Chaugey;2
21158;Chaume-et-Courchamp;5
21159;La Chaume;1
21160;Chaume-lès-Baigneux;5
21161;Chaumont-le-Bois;4
21162;Chaux;8
21163;Chazeuil;7
21164;Chazilly;2
21165;Chemin-d'Aisey;4
21166;Chenôve;583
21167;Cheuge;3
21168;Chevannay;5
21169;Chevannes;7
21170;Chevigny-en-Valière;11
21171;Chevigny-Saint-Sauveur;287
21172;Chivres;9
21173;Chorey-les-Beaune;26
21175;Cirey-lès-Pontailler;2
21176;Civry-en-Montagne;0
21177;Clamerey;8
21178;Valforêt;2
21179;Clénay;12
21180;Cléry;3
21181;Clomot;4
21182;Collonges-lès-Bévy;4
21183;Collonges-et-Premières;11
21184;Colombier;2
21185;Combertault;18
21186;Comblanchien;28
21187;Commarin;7
21189;Corberon;14
21190;Corcelles-les-Arts;12
21191;Corcelles-lès-Cîteaux;12
21192;Corcelles-les-Monts;7
21193;Corgengoux;11
21194;Corgoloin;47
21195;Cormot-Vauchignon;4
21196;Corpeau;37
21197;Corpoyer-la-Chapelle;1
21198;Corrombles;5
21199;Corsaint;4
21200;Couchey;40
21201;Coulmier-le-Sec;7
21202;Courban;8
21203;Courcelles-Frémoy;5
21204;Courcelles-lès-Montbard;3
21205;Courcelles-lès-Semur;5
21207;Courlon;2
21208;Courtivron;4
21209;Couternon;50
21210;Créancey;54
21211;Crécey-sur-Tille;3
21212;Crépand;14
21214;Crugey;2
21215;Cuiserey;2
21216;Culètre;1
21217;Curley;3
21218;Curtil-Saint-Seine;0
21219;Curtil-Vergy;4
21220;Cussey-les-Forges;6
21221;Cussy-la-Colonne;1
21222;Cussy-le-Châtel;5
21223;Daix;30
21224;Dampierre-en-Montagne;2
21225;Dampierre-et-Flée;4
21226;Darcey;19
21227;Darois;31
21228;Détain-et-Bruant;6
21229;Diancey;4
21230;Diénay;9
21231;Dijon;5723
21232;Dompierre-en-Morvan;3
21233;Drambon;4
21234;Drée;1
21235;Duesme;4
21236;Ébaty;3
21237;Échalot;6
21238;Échannay;3
21239;Échenon;10
21240;Échevannes;4
21241;Échevronne;11
21242;Échigey;8
21243;Écutigny;3
21244;Éguilly;3
21245;Épagny;12
21246;Épernay-sous-Gevrey;3
21247;Époisses;37
21248;Éringes;5
21249;Esbarres;12
21250;Essarois;4
21251;Essey;6
21252;Étais;4
21253;Étalante;10
21254;L'Étang-Vergy;8
21255;Étaules;8
21256;Étevaux;5
21257;Étormay;6
21258;Étrochey;5
21259;Fain-lès-Montbard;27
21260;Fain-lès-Moutiers;6
21261;Fauverney;48
21262;Faverolles-lès-Lucey;1
21263;Fénay;46
21264;Le Fête;2
21265;Fixin;35
21266;Flacey;7
21267;Flagey-Echézeaux;12
21268;Flagey-lès-Auxonne;9
21269;Flammerans;9
21270;Flavignerot;5
21271;Flavigny-sur-Ozerain;12
21272;Le Val-Larrey;9
21273;Fleurey-sur-Ouche;49
21274;Foissy;6
21275;Foncegrive;3
21276;Fontaines-en-Duesmois;7
21277;Fontaine-Française;28
21278;Fontaine-lès-Dijon;290
21279;Fontaines-les-Sèches;2
21280;Fontangy;6
21281;Fontenelle;6
21282;Forléans;2
21283;Fraignot-et-Vesvrotte;4
21284;Francheville;8
21285;Franxault;18
21286;Frénois;6
21287;Fresnes;5
21288;Frôlois;2
21289;Fussey;3
21290;Gemeaux;24
21291;Genay;4
21292;Genlis;179
21293;Gergueil;3
21294;Gerland;6
21295;Gevrey-Chambertin;187
21296;Gevrolles;3
21297;Gilly-lès-Cîteaux;35
21298;Gissey-le-Vieil;6
21299;Gissey-sous-Flavigny;3
21300;Gissey-sur-Ouche;6
21301;Glanon;4
21302;Gomméville;3
21303;Les Goulles;5
21304;Grancey-le-Château-Neuvelle;12
21305;Grancey-sur-Ource;3
21306;Grenant-lès-Sombernon;4
21307;Grésigny-Sainte-Reine;1
21308;Grignon;4
21309;Griselles;2
21310;Grosbois-en-Montagne;2
21311;Grosbois-lès-Tichey;2
21312;Gurgy-la-Ville;1
21313;Gurgy-le-Château;1
21314;Hauteroche;2
21315;Hauteville-lès-Dijon;29
21316;Heuilley-sur-Saône;6
21317;Is-sur-Tille;180
21319;Izeure;10
21320;Izier;13
21321;Jailly-les-Moulins;3
21322;Jallanges;3
21323;Jancigny;3
21324;Jeux-lès-Bard;3
21325;Jouey;9
21326;Jours-lès-Baigneux;3
21327;Val-Mont;8
21328;Juillenay;4
21329;Juilly;2
21330;Labergement-Foigney;5
21331;Labergement-lès-Auxonne;8
21332;Labergement-lès-Seurre;20
21333;Labruyère;8
21334;Lacanche;12
21335;Lacour-d'Arcenay;5
21336;Laignes;32
21337;Lamarche-sur-Saône;22
21338;Lamargelle;5
21339;Lantenay;4
21340;Lanthes;4
21341;Lantilly;5
21342;Laperrière-sur-Saône;8
21343;Larrey;1
21344;Lechâtelet;3
21345;Léry;2
21346;Leuglay;13
21347;Levernois;31
21348;Licey-sur-Vingeanne;1
21349;Liernais;26
21350;Lignerolles;3
21351;Longchamp;16
21352;Longeault-Pluvault;36
21353;Longecourt-en-Plaine;25
21354;Longecourt-lès-Culêtre;2
21355;Longvic;478
21356;Losne;37
21357;Louesme;6
21358;Lucenay-le-Duc;7
21359;Lucey;3
21360;Lusigny-sur-Ouche;6
21361;Lux;17
21362;Maconge;3
21363;Magnien;4
21364;Magny-Lambert;3
21365;Magny-la-Ville;1
21366;Magny-lès-Aubigny;4
21367;Magny-Montarlot;5
21368;Magny-lès-Villers;10
21369;Magny-Saint-Médard;4
21370;Magny-sur-Tille;16
21371;Les Maillys;21
21372;Maisey-le-Duc;2
21373;Mâlain;14
21374;Maligny;4
21375;Manlay;4
21376;Marandeuil;5
21377;Marcellois;2
21378;Marcenay;5
21379;Marcheseuil;5
21380;Marcigny-sous-Thil;3
21381;Marcilly-et-Dracy;3
21382;Marcilly-Ogny;7
21383;Marcilly-sur-Tille;35
21384;Marey-lès-Fussey;11
21385;Marey-sur-Tille;4
21386;Marigny-le-Cahouët;12
21387;Marigny-lès-Reullée;7
21388;Marliens;8
21389;Marmagne;10
21390;Marsannay-la-Côte;297
21391;Marsannay-le-Bois;18
21392;Martrois;5
21393;Massingy;3
21394;Massingy-lès-Semur;4
21395;Massingy-lès-Vitteaux;3
21396;Mauvilly;3
21397;Mavilly-Mandelot;6
21398;Maxilly-sur-Saône;13
21399;Meilly-sur-Rouvres;8
21400;Le Meix;5
21401;Meloisey;17
21402;Menesble;4
21403;Ménessaire;4
21404;Ménétreux-le-Pitois;14
21405;Merceuil;31
21406;Mesmont;14
21407;Messanges;4
21408;Messigny-et-Vantoux;52
21409;Meuilley;9
21410;Meulson;2
21411;Meursanges;12
21412;Meursault;204
21413;Millery;8
21414;Mimeure;10
21415;Minot;6
21416;Mirebeau-sur-Bèze;71
21417;Missery;3
21418;Moitron;2
21419;Molesme;5
21420;Molinot;8
21421;Moloy;9
21422;Molphey;5
21423;Montagny-lès-Beaune;28
21424;Montagny-lès-Seurre;2
21425;Montbard;178
21426;Montberthault;4
21427;Montceau-et-Écharnant;5
21428;Monthelie;22
21429;Montigny-Montfort;6
21430;Montigny-Saint-Barthélemy;6
21431;Montigny-sur-Armançon;5
21432;Montigny-sur-Aube;16
21433;Montigny-Mornay-Villeneuve-sur-Vingeanne;12
21434;Montlay-en-Auxois;1
21435;Montliot-et-Courcelles;8
21436;Montmain;2
21437;Montmançon;4
21438;Montmoyen;2
21439;Montoillot;2
21440;Montot;3
21441;Mont-Saint-Jean;13
21442;Morey-Saint-Denis;65
21444;Mosson;2
21445;La Motte-Ternant;5
21446;Moutiers-Saint-Jean;10
21447;Musigny;1
21448;Mussy-la-Fosse;1
21449;Nan-sous-Thil;8
21450;Nantoux;13
21451;Nesle-et-Massoult;4
21452;Neuilly-Crimolois;37
21454;Nicey;2
21455;Nod-sur-Seine;3
21456;Nogent-lès-Montbard;2
21457;Noidan;6
21458;Noiron-sous-Gevrey;22
21459;Noiron-sur-Bèze;7
21460;Noiron-sur-Seine;2
21461;Nolay;61
21462;Norges-la-Ville;33
21463;Normier;4
21464;Nuits-Saint-Georges;332
21465;Obtrée;1
21466;Oigny;5
21467;Oisilly;2
21468;Orain;3
21469;Orgeux;7
21470;Origny;6
21471;Orret;1
21472;Orville;4
21473;Ouges;40
21474;Pagny-la-Ville;5
21475;Pagny-le-Château;18
21476;Painblanc;6
21477;Panges;1
21478;Pasques;7
21479;Pellerey;6
21480;Pernand-Vergelesses;19
21481;Perrigny-lès-Dijon;57
21482;Perrigny-sur-l'Ognon;13
21483;Pichanges;3
21484;Planay;4
21485;Plombières-lès-Dijon;57
21487;Pluvet;9
21488;Poinçon-lès-Larrey;4
21489;Poiseul-la-Grange;6
21490;Poiseul-la-Ville-et-Laperrière;9
21491;Poiseul-lès-Saulx;1
21492;Pommard;70
21493;Poncey-lès-Athée;9
21494;Poncey-sur-l'Ignon;2
21495;Pont;5
21496;Pontailler-sur-Saône;57
21497;Pont-et-Massène;6
21498;Posanges;2
21499;Pothières;6
21500;Pouillenay;10
21501;Pouilly-en-Auxois;112
21502;Pouilly-sur-Saône;14
21503;Pouilly-sur-Vingeanne;3
21504;Prâlon;3
21505;Précy-sous-Thil;33
21506;Premeaux-Prissey;27
21508;Prenois;11
21510;Prusly-sur-Ource;7
21511;Puits;5
21512;Puligny-Montrachet;51
21514;Quemigny-sur-Seine;3
21515;Quetigny;503
21516;Quincerot;3
21517;Quincey;8
21518;Quincy-le-Vicomte;3
21519;Recey-sur-Ource;16
21520;Remilly-en-Montagne;2
21521;Remilly-sur-Tille;13
21522;Renève;13
21523;Reulle-Vergy;1
21524;Riel-les-Eaux;6
21525;La Roche-en-Brenil;32
21526;Rochefort-sur-Brévon;1
21527;La Rochepot;12
21528;La Roche-Vanneau;5
21529;Roilly;2
21530;Rougemont;4
21531;Rouvray;10
21532;Rouvres-en-Plaine;34
21533;Rouvres-sous-Meilly;2
21534;Ruffey-lès-Beaune;21
21535;Ruffey-lès-Echirey;57
21536;Sacquenay;8
21537;Saffres;4
21538;Saint-Andeux;2
21539;Saint-Anthot;3
21540;Saint-Apollinaire;321
21541;Saint-Aubin;26
21542;Saint-Bernard;6
21543;Saint-Broing-les-Moines;6
21544;Sainte-Colombe-en-Auxois;3
21545;Sainte-Colombe-sur-Seine;17
21546;Saint-Didier;8
21547;Saint-Euphrône;5
21548;Saint-Germain-de-Modéon;3
21549;Saint-Germain-le-Rocheux;3
21550;Saint-Germain-lès-Senailly;5
21552;Saint-Hélier;1
21553;Saint-Jean-de-Bœuf;3
21554;Saint-Jean-de-Losne;59
21555;Saint-Julien;57
21556;Saint-Léger-Triey;5
21557;Saint-Marc-sur-Seine;7
21558;Sainte-Marie-la-Blanche;30
21559;Sainte-Marie-sur-Ouche;19
21560;Saint-Martin-de-la-Mer;7
21561;Saint-Martin-du-Mont;8
21562;Saint-Maurice-sur-Vingeanne;5
21563;Saint-Mesmin;4
21564;Saint-Nicolas-lès-Cîteaux;17
21565;Saint-Philibert;6
21566;Saint-Pierre-en-Vaux;3
21567;Saint-Prix-lès-Arnay;7
21568;Saint-Rémy;15
21569;Saint-Romain;21
21570;Sainte-Sabine;9
21571;Saint-Sauveur;4
21572;Saint-Seine-en-Bâche;6
21573;Saint-Seine-l'Abbaye;22
21574;Saint-Seine-sur-Vingeanne;8
21575;Saint-Symphorien-sur-Saône;9
21576;Saint-Thibault;5
21577;Saint-Usage;57
21578;Saint-Victor-sur-Ouche;4
21579;Salives;17
21580;Salmaise;2
21581;Samerey;3
21582;Santenay;57
21583;Santosse;1
21584;Saulieu;132
21585;Saulon-la-Chapelle;31
21586;Saulon-la-Rue;15
21587;Saulx-le-Duc;9
21588;Saussey;4
21589;Saussy;3
21590;Savigny-lès-Beaune;118
21591;Savigny-le-Sec;15
21592;Savigny-sous-Mâlain;4
21593;Savilly;2
21594;Savoisy;9
21595;Savolles;1
21596;Savouges;4
21597;Segrois;1
21598;Seigny;4
21599;Selongey;66
21600;Semarey;3
21601;Semezanges;5
21602;Semond;2
21603;Semur-en-Auxois;220
21604;Senailly;5
21605;Sennecey-lès-Dijon;52
21606;Ladoix-Serrigny;73
21607;Seurre;102
21608;Sincey-lès-Rouvray;6
21609;Soirans;9
21610;Soissons-sur-Nacey;9
21611;Sombernon;68
21612;Souhey;5
21613;Soussey-sur-Brionne;3
21614;Spoy;5
21615;Sussey;7
21616;Tailly;19
21617;Talant;200
21618;Talmay;8
21619;Tanay;6
21620;Tarsul;4
21622;Tart-le-Bas;6
21623;Tart;15
21624;Tellecey;2
21625;Ternant;7
21626;Terrefondrée;3
21627;Thenissey;6
21628;Thoires;3
21629;Thoisy-la-Berchère;15
21630;Thoisy-le-Désert;11
21631;Thomirey;1
21632;Thorey-en-Plaine;24
21633;Thorey-sous-Charny;6
21634;Thorey-sur-Ouche;8
21635;Thoste;4
21636;Thury;8
21637;Tichey;3
21638;Til-Châtel;19
21639;Tillenay;11
21640;Torcy-et-Pouligny;8
21641;Touillon;8
21642;Toutry;9
21643;Tréclun;7
21644;Trochères;3
21645;Trouhans;11
21646;Trouhaut;6
21647;Trugny;5
21648;Turcey;2
21649;Uncey-le-Franc;1
21650;Urcy;2
21651;Val-Suzon;3
21652;Vandenesse-en-Auxois;15
21653;Vannaire;1
21655;Vanvey;7
21656;Varanges;10
21657;Varois-et-Chaignot;44
21659;Vaux-Saules;5
21660;Veilly;4
21661;Velars-sur-Ouche;34
21662;Velogny;0
21663;Venarey-les-Laumes;108
21664;Verdonnet;1
21665;Vernois-lès-Vesvres;3
21666;Vernot;2
21667;Véronnes;7
21669;Verrey-sous-Drée;3
21670;Verrey-sous-Salmaise;10
21671;Vertault;3
21672;Vesvres;3
21673;Veuvey-sur-Ouche;5
21674;Veuxhaulles-sur-Aube;3
21675;Vianges;2
21676;Vic-de-Chassenay;6
21677;Vic-des-Prés;4
21678;Vic-sous-Thil;5
21679;Vieilmoulin;2
21680;Vielverge;7
21681;Vieux-Château;3
21682;Viévigne;3
21683;Viévy;13
21684;Vignoles;64
21685;Villaines-en-Duesmois;11
21686;Villaines-les-Prévôtes;5
21687;Villargoix;5
21688;Villars-Fontaine;9
21689;Villars-et-Villenotte;1
21690;Villeberny;2
21691;Villebichot;6
21692;Villecomte;4
21693;Villedieu;2
21694;Villeferry;1
21695;La Villeneuve-les-Convers;3
21696;Villeneuve-sous-Charigny;1
21698;Villers-la-Faye;19
21699;Villers-les-Pots;19
21700;Villers-Patras;4
21701;Villers-Rotin;4
21702;Villey-sur-Tille;4
21703;Villiers-en-Morvan;1
21704;Villiers-le-Duc;1
21705;Villotte-Saint-Seine;1
21706;Villotte-sur-Ource;3
21707;Villy-en-Auxois;7
21708;Villy-le-Moutier;12
21709;Viserny;4
21710;Vitteaux;44
21711;Vix;2
21712;Volnay;38
21713;Vonges;8
21714;Vosne-Romanée;66
21715;Voudenay;3
21716;Vougeot;19
21717;Voulaines-les-Templiers;4
22001;Allineuc;18
22002;Andel;10
22003;Aucaleuc;12
22004;Bégard;135
22005;Belle-Isle-en-Terre;33
22006;Berhet;7
22008;Bobital;12
22009;Le Bodéo;6
22011;Boqueho;20
22012;La Bouillie;26
22013;Bourbriac;64
22014;Bourseul;29
22015;Bréhand;42
22016;Île-de-Bréhat;47
22018;Brélidy;7
22019;Bringolo;9
22020;Broons;120
22021;Brusvily;17
22023;Bulat-Pestivien;15
22024;Calanhel;7
22025;Callac;83
22026;Calorguen;11
22028;Camlez;23
22029;Canihuel;18
22030;Caouënnec-Lanvézéac;18
22031;Carnoët;19
22032;Caulnes;79
22033;Caurel;11
22034;Cavan;72
22035;Les Champs-Géraux;18
22036;La Chapelle-Blanche;6
22037;La Chapelle-Neuve;12
22039;La Chèze;13
22040;Coadout;7
22041;Coatascorn;6
22042;Coatréven;16
22044;Coëtmieux;40
22045;Cohiniac;9
22046;Le Mené;152
22047;Corlay;33
22048;Corseul;53
22049;Créhen;44
22050;Dinan;705
22052;Duault;14
22053;Éréac;19
22054;Erquy;217
22055;Binic-Étables-sur-Mer;232
22056;Évran;59
22057;Le Faouët;5
22059;Le Fœil;28
22060;Gausson;19
22061;Glomel;45
22062;Gomené;12
22063;Gommenec'h;11
22064;Gouarec;33
22065;Goudelin;43
22067;Grâces;86
22068;Grâce-Uzel;13
22069;Guenroc;7
22070;Guingamp;356
22071;Guitté;16
22072;Gurunhuel;12
22073;La Harmoye;7
22074;Le Haut-Corlay;32
22075;Hémonstoir;15
22076;Hénanbihen;64
22077;Hénansal;45
22079;Hénon;46
22081;Hillion;157
22082;Le Hinglé;13
22083;Illifaut;25
22084;Jugon-les-Lacs;86
22085;Kerbors;8
22086;Kerfot;24
22087;Kergrist-Moëlou;26
22088;Kerien;7
22090;Kermaria-Sulard;36
22091;Kermoroc'h;7
22092;Kerpert;10
22093;Lamballe-Armor;758
22094;Lancieux;43
22095;Landebaëron;6
22096;Landébia;11
22097;La Landec;16
22098;Landéhen;31
22099;Lanfains;23
22101;Langoat;35
22103;Langrolay-sur-Rance;15
22104;Languédias;11
22105;Languenan;25
22106;Langueux;362
22107;Bon Repos sur Blavet;29
22108;Lanleff;4
22109;Lanloup;5
22110;Lanmérin;11
22111;Lanmodez;23
22112;Lannebert;11
22113;Lannion;1008
22114;Lanrelas;22
22115;Lanrivain;11
22116;Lanrodec;35
22117;Lantic;42
22118;Lanvallay;109
22119;Lanvellec;13
22121;Lanvollon;107
22122;Laurenan;14
22124;Lescouët-Gouarec;5
22126;Le Leslay;2
22127;Lézardrieux;60
22128;Locarn;19
22129;Loc-Envel;2
22131;Loguivy-Plougras;22
22132;Lohuec;16
22133;Loscouët-sur-Meu;21
22134;Louannec;61
22135;Louargat;61
22136;Loudéac;580
22137;Maël-Carhaix;37
22138;Maël-Pestivien;7
22139;Magoar;9
22140;La Malhoure;12
22141;Mantallot;9
22143;Matignon;97
22144;La Méaugon;15
22145;Mégrit;16
22146;Mellionnec;25
22147;Merdrignac;126
22148;Mérillac;8
22149;Merléac;17
22150;Le Merzer;14
22152;Minihy-Tréguier;70
22153;Moncontour;32
22155;La Motte;39
22156;Moustéru;20
22157;Le Moustoir;12
22158;Guerlédan;91
22160;Noyal;29
22161;Pabu;50
22162;Paimpol;505
22163;Paule;24
22164;Pédernec;51
22165;Penguily;15
22166;Penvénan;94
22168;Perros-Guirec;345
22169;Peumerit-Quintin;4
22170;Plaine-Haute;27
22171;Plaintel;172
22172;Plancoët;133
22174;Pléboulle;23
22175;Plédéliac;30
22176;Plédran;146
22177;Pléguien;27
22178;Pléhédel;36
22179;Fréhel;83
22180;Plélan-le-Petit;43
22181;Plélauff;10
22182;Plélo;113
22183;Plémet;86
22184;Plémy;37
22185;Plénée-Jugon;95
22186;Pléneuf-Val-André;183
22187;Plérin;787
22188;Plerneuf;49
22189;Plésidy;25
22190;Pleslin-Trigavou;105
22193;Plestan;74
22194;Plestin-les-Grèves;128
22195;Pleubian;82
22196;Pleudaniel;53
22197;Pleudihen-sur-Rance;94
22198;Pleumeur-Bodou;99
22199;Pleumeur-Gautier;48
22201;Plévenon;27
22202;Plévin;9
22203;Plœuc-L'Hermitage;113
22204;Ploëzal;23
22205;Plorec-sur-Arguenon;9
22206;Châtelaudren-Plouagat;145
22207;Plouaret;68
22208;Plouasne;44
22209;Beaussais-sur-Mer;142
22210;Ploubazlanec;90
22211;Ploubezre;70
22212;Plouëc-du-Trieux;13
22213;Plouër-sur-Rance;97
22214;Plouézec;68
22215;Ploufragan;384
22216;Plougonver;25
22217;Plougras;13
22218;Plougrescant;47
22219;Plouguenast-Langast;81
22220;Plouguernével;36
22221;Plouguiel;35
22222;Plouha;136
22223;Plouisy;63
22224;Ploulec'h;36
22225;Ploumagoar;197
22226;Ploumilliau;66
22227;Plounérin;20
22228;Plounévez-Moëdec;44
22229;Plounévez-Quintin;25
22231;Plourac'h;5
22232;Plourhan;46
22233;Plourivo;41
22234;Plouvara;21
22235;Plouzélambre;4
22236;Pludual;6
22237;Val-d'Arguenon;72
22238;Plufur;14
22239;Plumaudan;33
22240;Plumaugat;14
22241;Plumieux;49
22242;Plurien;57
22243;Plusquellec;22
22244;Plussulien;20
22245;Pluzunet;25
22246;Pommeret;56
22248;Pommerit-le-Vicomte;47
22249;Pont-Melvez;12
22250;Pontrieux;53
22251;Pordic;199
22254;Prat;27
22255;La Prénessaye;13
22256;Quemper-Guézennec;31
22257;Quemperven;6
22258;Quessoy;124
22259;Quévert;225
22260;Le Quillio;20
22261;Quintenic;7
22262;Quintin;78
22263;Le Quiou;8
22264;La Roche-Jaudy;78
22265;Rospez;25
22266;Rostrenen;153
22267;Rouillac;9
22268;Ruca;11
22269;Runan;13
22271;Saint-Adrien;7
22272;Saint-Agathon;121
22273;Saint-Alban;123
22274;Saint-André-des-Eaux;11
22275;Saint-Barnabé;19
22276;Saint-Bihy;9
22277;Saint-Brandan;63
22278;Saint-Brieuc;1588
22279;Saint-Caradec;40
22280;Saint-Carné;20
22281;Saint-Carreuc;32
22282;Saint-Cast-le-Guildo;206
22283;Saint-Clet;10
22284;Saint-Connan;12
22285;Saint-Connec;10
22286;Saint-Denoual;12
22287;Saint-Donan;28
22288;Saint-Étienne-du-Gué-de-l'Isle;12
22289;Saint-Fiacre;2
22291;Saint-Gildas;7
22293;Saint-Gilles-les-Bois;9
22294;Saint-Gilles-Pligeaux;8
22295;Saint-Gilles-Vieux-Marché;11
22296;Saint-Glen;11
22299;Saint-Hélen;30
22300;Saint-Hervé;15
22302;Saint-Jacut-de-la-Mer;49
22304;Saint-Jean-Kerdaniel;12
22305;Saint-Jouan-de-l'Isle;13
22306;Saint-Judoce;12
22307;Saint-Julien;25
22308;Saint-Juvat;12
22310;Saint-Laurent;9
22311;Saint-Lormel;26
22312;Saint-Maden;9
22313;Saint-Martin-des-Prés;19
22314;Saint-Maudan;3
22315;Saint-Maudez;5
22316;Saint-Mayeux;14
22317;Saint-Méloir-des-Bois;5
22318;Saint-Michel-de-Plélan;3
22319;Saint-Michel-en-Grève;13
22320;Saint-Nicodème;8
22321;Saint-Nicolas-du-Pélem;61
22322;Saint-Péver;11
22323;Saint-Pôtan;22
22324;Saint-Quay-Perros;95
22325;Saint-Quay-Portrieux;130
22326;Saint-Rieul;12
22327;Saint-Samson-sur-Rance;33
22328;Saint-Servais;5
22330;Saint-Thélo;12
22331;Sainte-Tréphine;9
22332;Saint-Trimoël;13
22333;Saint-Vran;16
22334;Saint-Igeaux;7
22335;Senven-Léhart;9
22337;Sévignac;32
22338;Squiffiec;18
22339;Taden;235
22340;Tonquédec;15
22341;Tramain;13
22342;Trébédan;5
22343;Trébeurden;97
22344;Trébrivan;12
22345;Trébry;16
22346;Trédaniel;28
22347;Trédarzec;28
22348;Trédias;10
22349;Trédrez-Locquémeau;31
22350;Tréduder;1
22351;Treffrin;12
22352;Tréfumel;4
22353;Trégastel;88
22354;Tréglamus;25
22356;Trégomeur;17
22358;Trégonneau;10
22359;Trégrom;6
22360;Trégueux;415
22361;Tréguidel;10
22362;Tréguier;121
22363;Trélévern;23
22364;Trélivan;29
22365;Trémargat;5
22366;Trémel;12
22368;Tréméreuc;17
22369;Trémeur;28
22370;Tréméven;6
22371;Trémorel;47
22372;Trémuson;111
22373;Tréogan;4
22375;Tressignaux;14
22376;Trévé;42
22377;Tréveneuc;26
22378;Trévérec;3
22379;Trévou-Tréguignec;39
22380;Trévron;13
22381;Trézény;5
22383;Troguéry;6
22384;Uzel;26
22385;La Vicomté-sur-Rance;27
22386;Le Vieux-Bourg;15
22387;Le Vieux-Marché;27
22388;Vildé-Guingalan;24
22389;Yffiniac;222
22390;Yvias;15
22391;Yvignac-la-Tour;29
23001;Ahun;46
23002;Ajain;25
23003;Alleyrat;2
23004;Anzême;9
23005;Arfeuille-Châtain;3
23006;Arrènes;1
23007;Ars;6
23008;Aubusson;240
23009;Auge;3
23010;Augères;2
23011;Aulon;12
23012;Auriat;1
23013;Auzances;62
23014;Azat-Châtenet;3
23015;Azerables;30
23016;Banize;3
23017;Basville;5
23018;Bazelat;5
23019;Beissat;2
23020;Bellegarde-en-Marche;12
23021;Bénévent-l'Abbaye;33
23022;Bétête;8
23024;Blessac;7
23025;Bonnat;56
23026;Bord-Saint-Georges;8
23027;Bosmoreau-les-Mines;9
23028;Bosroger;1
23029;Le Bourg-d'Hem;4
23030;Bourganeuf;136
23031;Boussac;78
23032;Boussac-Bourg;22
23033;La Brionne;4
23034;Brousse;3
23035;Budelière;19
23036;Bussière-Dunoise;21
23037;Bussière-Nouvelle;3
23038;Bussière-Saint-Georges;7
23039;La Celle-Dunoise;15
23040;La Celle-sous-Gouzon;7
23041;La Cellette;7
23042;Ceyroux;2
23043;Chamberaud;3
23044;Chambon-Sainte-Croix;1
23045;Chambon-sur-Voueize;32
23046;Chambonchard;4
23047;Chamborand;6
23048;Champagnat;12
23049;Champsanglard;4
23050;La Chapelle-Baloue;4
23051;La Chapelle-Saint-Martial;3
23052;La Chapelle-Taillefert;11
23053;Chard;3
23054;Charron;4
23055;Châtelard;2
23056;Châtelus-le-Marcheix;15
23057;Châtelus-Malvaleix;17
23058;Le Chauchet;5
23059;La Chaussade;3
23060;Chavanat;4
23061;Chénérailles;30
23062;Chéniers;14
23063;Clairavaux;5
23064;Clugnat;9
23065;Colondannes;4
23066;Le Compas;7
23067;La Courtine;28
23068;Cressat;6
23069;Crocq;29
23070;Crozant;14
23071;Croze;2
23072;Domeyrot;6
23073;Dontreix;16
23074;Le Donzeil;4
23075;Dun-le-Palestel;62
23076;Évaux-les-Bains;67
23077;Faux-la-Montagne;24
23078;Faux-Mazuras;6
23079;Felletin;61
23080;Féniers;3
23081;Flayat;13
23082;Fleurat;6
23083;Fontanières;13
23084;La Forêt-du-Temple;3
23086;Fransèches;3
23087;Fresselines;12
23088;Gartempe;2
23089;Genouillac;31
23090;Gentioux-Pigerolles;17
23091;Gioux;5
23092;Glénic;8
23093;Gouzon;79
23095;Le Grand-Bourg;47
23096;Guéret;815
23097;Issoudun-Létrieix;4
23098;Jalesches;3
23099;Janaillat;2
23100;Jarnages;25
23101;Jouillat;10
23102;Ladapeyre;6
23103;Lafat;5
23104;Lavaufranche;6
23105;Lavaveix-les-Mines;20
23106;Lépaud;9
23107;Lépinas;1
23108;Leyrat;6
23109;Linard-Malval;5
23110;Lioux-les-Monges;2
23111;Lizières;6
23112;Lourdoueix-Saint-Pierre;22
23113;Lupersat;4
23114;Lussat;15
23115;Magnat-l'Étrange;7
23116;Mainsat;14
23117;Maison-Feyne;15
23118;Maisonnisses;7
23119;Malleret;1
23120;Malleret-Boussac;4
23122;Mansat-la-Courrière;3
23123;Les Mars;8
23124;Marsac;19
23125;Le Mas-d'Artige;2
23127;Mautes;6
23128;Mazeirat;2
23129;La Mazière-aux-Bons-Hommes;3
23130;Méasnes;6
23131;Mérinchal;34
23132;Montaigut-le-Blanc;8
23133;Montboucher;11
23134;Le Monteil-au-Vicomte;9
23136;Mortroux;6
23137;Mourioux-Vieilleville;19
23138;Moutier-d'Ahun;9
23139;Moutier-Malcard;5
23140;Moutier-Rozeille;14
23141;Naillat;18
23142;Néoux;9
23143;Noth;13
23144;La Nouaille;4
23145;Nouhant;6
23146;Nouzerines;6
23147;Nouzerolles;6
23148;Nouziers;4
23149;Parsac;19
23150;Peyrabout;2
23151;Peyrat-la-Nonière;14
23152;Pierrefitte;1
23154;Pionnat;10
23155;Pontarion;17
23156;Pontcharraud;1
23157;La Pouge;1
23158;Poussanges;3
23159;Puy-Malsignat;7
23160;Reterre;8
23162;Roches;8
23164;Rougnat;13
23165;Royère-de-Vassivière;35
23166;Sagnat;7
23167;Sannat;6
23168;Sardent;15
23169;La Saunière;5
23170;Savennes;2
23171;Sermur;2
23172;La Serre-Bussière-Vieille;3
23173;Soubrebost;5
23174;Soumans;17
23175;Sous-Parsat;3
23176;La Souterraine;275
23177;Saint-Agnant-de-Versillat;23
23178;Saint-Agnant-près-Crocq;5
23179;Saint-Alpinien;6
23180;Saint-Amand;10
23181;Saint-Amand-Jartoudeix;6
23182;Saint-Avit-de-Tardes;4
23183;Saint-Avit-le-Pauvre;1
23184;Saint-Bard;2
23185;Saint-Chabrais;7
23186;Saint-Christophe;4
23187;Saint-Dizier-la-Tour;3
23188;Saint-Dizier-les-Domaines;3
23189;Saint-Dizier-Masbaraud;25
23190;Saint-Domet;2
23191;Saint-Éloi;3
23192;Fursac;34
23193;Sainte-Feyre;50
23194;Sainte-Feyre-la-Montagne;2
23195;Saint-Fiel;31
23196;Saint-Frion;2
23197;Saint-Georges-la-Pouge;9
23198;Saint-Georges-Nigremont;4
23199;Saint-Germain-Beaupré;7
23200;Saint-Goussaud;3
23201;Saint-Hilaire-la-Plaine;6
23202;Saint-Hilaire-le-Château;6
23203;Saint-Julien-la-Genête;5
23204;Saint-Julien-le-Châtel;5
23205;Saint-Junien-la-Bregère;5
23206;Saint-Laurent;8
23207;Saint-Léger-Bridereix;2
23208;Saint-Léger-le-Guérétois;6
23209;Saint-Loup;4
23210;Saint-Maixant;3
23211;Saint-Marc-à-Frongier;6
23212;Saint-Marc-à-Loubaud;5
23213;Saint-Marien;7
23214;Saint-Martial-le-Mont;5
23215;Saint-Martial-le-Vieux;4
23216;Saint-Martin-Château;7
23217;Saint-Martin-Sainte-Catherine;7
23218;Saint-Maurice-près-Crocq;2
23219;Saint-Maurice-la-Souterraine;35
23220;Saint-Médard-la-Rochette;15
23221;Saint-Merd-la-Breuille;6
23222;Saint-Michel-de-Veisse;7
23223;Saint-Moreil;4
23224;Saint-Oradoux-de-Chirouze;3
23225;Saint-Oradoux-près-Crocq;2
23226;Saint-Pardoux-d'Arnet;8
23227;Saint-Pardoux-Morterolles;4
23228;Saint-Pardoux-le-Neuf;3
23229;Saint-Pardoux-les-Cards;5
23230;Saint-Pierre-Chérignat;8
23232;Saint-Pierre-Bellevue;7
23233;Saint-Pierre-le-Bost;6
23234;Saint-Priest;4
23235;Saint-Priest-la-Feuille;11
23236;Saint-Priest-la-Plaine;6
23237;Saint-Priest-Palus;2
23238;Saint-Quentin-la-Chabanne;6
23239;Saint-Sébastien;13
23240;Saint-Silvain-Bas-le-Roc;4
23241;Saint-Silvain-Bellegarde;7
23242;Saint-Silvain-Montaigut;5
23243;Saint-Silvain-sous-Toulx;1
23244;Saint-Sulpice-le-Dunois;11
23245;Saint-Sulpice-le-Guérétois;47
23246;Saint-Sulpice-les-Champs;7
23247;Saint-Vaury;45
23248;Saint-Victor-en-Marche;5
23249;Saint-Yrieix-la-Montagne;9
23250;Saint-Yrieix-les-Bois;5
23251;Tardes;3
23252;Tercillat;1
23253;Thauron;6
23254;Toulx-Sainte-Croix;7
23255;Trois-Fonds;3
23257;Vallière;22
23258;Vareilles;5
23259;Verneiges;3
23260;Vidaillat;4
23261;Viersat;6
23262;Vigeville;2
23263;Villard;8
23264;La Villedieu;1
23265;La Villeneuve;3
23266;La Villetelle;3
24001;Abjat-sur-Bandiat;12
24002;Agonac;34
24004;Ajat;5
24005;Alles-sur-Dordogne;13
24006;Allas-les-Mines;8
24007;Allemans;10
24008;Angoisse;15
24009;Anlhiac;6
24010;Annesse-et-Beaulieu;29
24011;Antonne-et-Trigonant;32
24012;Archignac;5
24014;Aubas;16
24015;Audrix;7
24016;Augignac;20
24018;Auriac-du-Périgord;17
24019;Azerat;16
24020;La Bachellerie;17
24021;Badefols-d'Ans;7
24022;Badefols-sur-Dordogne;9
24023;Baneuil;9
24024;Bardou;1
24025;Bars;5
24026;Bassillac et Auberoche;91
24027;Bayac;5
24028;Beaumontois en Périgord;83
24029;Beaupouyet;11
24030;Beauregard-de-Terrasson;7
24031;Beauregard-et-Bassac;11
24032;Beauronne;5
24034;Beleymas;12
24035;Pays de Belvès;83
24036;Berbiguières;4
24037;Bergerac;1308
24038;Bertric-Burée;18
24039;Besse;6
24040;Beynac-et-Cazenac;33
24042;Biras;14
24043;Biron;7
24045;Boisse;7
24046;Boisseuilh;8
24048;Bonneville-et-Saint-Avit-de-Fumadières;6
24050;Borrèze;10
24051;Bosset;2
24052;Bouillac;4
24053;Boulazac Isle Manoire;542
24054;Bouniagues;24
24055;Bourdeilles;20
24056;Le Bourdeix;7
24057;Bourg-des-Maisons;6
24058;Bourg-du-Bost;3
24059;Bourgnac;4
24060;Bourniquel;4
24061;Bourrou;10
24062;Bouteilles-Saint-Sébastien;5
24063;Bouzic;8
24064;Brantôme en Périgord;181
24066;Brouchaud;2
24067;Le Bugue;154
24068;Le Buisson-de-Cadouin;102
24069;Bussac;3
24070;Busserolles;14
24071;Bussière-Badil;12
24073;Calès;11
24074;Calviac-en-Périgord;14
24075;Campagnac-lès-Quercy;10
24076;Campagne;10
24077;Campsegret;15
24080;Capdrot;13
24081;Carlux;22
24082;Carsac-Aillac;84
24083;Carsac-de-Gurson;8
24084;Carves;4
24085;La Cassagne;2
24086;Castelnaud-la-Chapelle;41
24087;Castels et Bézenac;28
24088;Cause-de-Clérans;4
24090;Celles;14
24091;Cénac-et-Saint-Julien;61
24094;Chalagnac;8
24095;Chalais;14
24096;Champagnac-de-Belair;29
24097;Champagne-et-Fontaine;11
24098;Champcevinel;71
24100;Champniers-et-Reilhac;10
24101;Champs-Romain;10
24102;Chancelade;115
24104;Chantérac;8
24105;Chapdeuil;2
24106;La Chapelle-Aubareil;21
24107;La Chapelle-Faucher;11
24108;La Chapelle-Gonaguet;8
24109;La Chapelle-Grésignac;5
24110;La Chapelle-Montabourlet;3
24111;La Chapelle-Montmoreau;4
24113;La Chapelle-Saint-Jean;1
24114;Chassaignes;2
24115;Château-l'Évêque;27
24116;Châtres;3
24117;Les Coteaux Périgourdins;13
24119;Cherval;14
24120;Cherveix-Cubas;22
24121;Chourgnac;2
24122;Cladech;1
24123;Clermont-de-Beauregard;4
24124;Clermont-d'Excideuil;3
24126;Colombier;12
24128;Comberanche-et-Épeluche;4
24129;Condat-sur-Trincou;15
24130;Condat-sur-Vézère;13
24131;Connezac;3
24132;Conne-de-Labarde;9
24133;La Coquille;40
24134;Corgnac-sur-l'Isle;18
24135;Cornille;14
24136;Coubjours;5
24137;Coulaures;17
24138;Coulounieix-Chamiers;281
24139;Coursac;50
24140;Cours-de-Pile;16
24141;Coutures;3
24142;Coux et Bigaroque-Mouzens;30
24143;Couze-et-Saint-Front;17
24144;Creyssac;4
24145;Creysse;171
24146;Creyssensac-et-Pissot;7
24147;Cubjac-Auvézère-Val d'Ans;35
24148;Cunèges;10
24150;Daglan;23
24151;Doissat;6
24152;Domme;71
24153;La Dornac;8
24154;Douchapt;6
24155;Douville;22
24156;La Douze;34
24157;Douzillac;13
24158;Dussac;13
24159;Échourgnac;14
24160;Église-Neuve-de-Vergt;23
24161;Église-Neuve-d'Issac;3
24162;Escoire;2
24163;Étouars;2
24164;Excideuil;60
24165;Eygurande-et-Gardedeuil;10
24167;Eymet;105
24168;Plaisance;14
24171;Eyzerac;24
24172;Les Eyzies;72
24174;Fanlac;3
24175;Les Farges;7
24176;Faurilles;3
24177;Faux-en-Périgord;12
24179;La Feuillade;20
24180;Firbeix;7
24182;Le Fleix;33
24183;Fleurac;8
24184;Florimont-Gaumier;8
24186;Fonroque;11
24188;Fossemagne;16
24189;Fougueyrolles;9
24190;Fouleix;15
24191;Fraisse;3
24192;Gabillou;2
24193;Gageac-et-Rouillac;15
24194;Gardonne;44
24195;Gaugeac;5
24196;Génis;8
24197;Ginestet;15
24199;Gout-Rossignol;8
24200;Grand-Brassac;10
24202;Granges-d'Ans;4
24205;Grignols;17
24206;Grives;6
24207;Groléjac;29
24208;Grun-Bordas;6
24209;Hautefaye;1
24210;Hautefort;53
24211;Issac;8
24212;Issigeac;38
24213;Jaure;3
24214;Javerlhac-et-la-Chapelle-Saint-Robert;36
24215;Jayac;10
24216;La Jemaye-Ponteyraud;4
24217;Journiac;15
24218;Jumilhac-le-Grand;28
24220;Lacropte;23
24221;Rudeau-Ladosse;5
24222;La Force;55
24223;Lalinde;140
24224;Lamonzie-Montastruc;13
24225;Lamonzie-Saint-Martin;43
24226;Lamothe-Montravel;45
24227;Lanouaille;42
24228;Lanquais;11
24229;Le Lardin-Saint-Lazare;54
24230;Larzac;6
24231;Lavalade;4
24232;Lavaur;2
24234;Les Lèches;24
24236;Léguillac-de-l'Auche;18
24237;Lembras;20
24238;Lempzours;4
24240;Limeuil;18
24241;Limeyrat;15
24242;Liorac-sur-Louyre;12
24243;Lisle;26
24244;Lolme;6
24245;Loubejac;3
24246;Lunas;9
24247;Lusignac;5
24248;Lussas-et-Nontronneau;5
24251;Manzac-sur-Vern;11
24252;Marcillac-Saint-Quentin;30
24253;Mareuil en Périgord;84
24254;Marnac;8
24255;Marquay;31
24256;Marsac-sur-l'Isle;287
24257;Marsalès;19
24259;Eyraud-Crempse-Maurens;33
24260;Mauzac-et-Grand-Castang;10
24261;Mauzens-et-Miremont;11
24262;Mayac;1
24263;Mazeyrolles;12
24264;Ménesplet;28
24266;Mensignac;22
24267;Mescoules;5
24268;Meyrals;18
24269;Mialet;13
24271;Milhac-de-Nontron;12
24272;Minzac;10
24273;Molières;14
24274;Monbazillac;49
24276;Monestier;15
24277;Monfaucon;8
24278;Monmadalès;4
24279;Monmarvès;4
24280;Monpazier;47
24281;Monsac;7
24282;Monsaguel;6
24284;Montagnac-d'Auberoche;2
24285;Montagnac-la-Crempse;10
24286;Montagrier;20
24287;Montaut;10
24288;Montazeau;9
24289;Montcaret;52
24290;Montferrand-du-Périgord;4
24291;Montignac-Lascaux;206
24292;Montpeyroux;6
24293;Monplaisant;18
24294;Montpon-Ménestérol;201
24295;Montrem;31
24296;Mouleydier;26
24297;Moulin-Neuf;18
24299;Mussidan;108
24300;Nabirat;15
24301;Nadaillac;12
24302;Nailhac;12
24303;Nanteuil-Auriac-de-Bourzac;6
24304;Nantheuil;17
24305;Nanthiat;7
24306;Nastringues;3
24307;Naussannes;6
24308;Négrondes;31
24309;Neuvic;80
24311;Nontron;189
24312;Sanilhac;178
24313;Orliac;2
24316;Parcoul-Chenaud;18
24317;Paulin;6
24318;Paunat;10
24319;Paussac-et-Saint-Vivien;9
24320;Payzac;23
24321;Pazayac;25
24322;Périgueux;1483
24323;Petit-Bersac;7
24324;Peyrignac;10
24325;Pechs-de-l'Espérance;23
24326;Peyzac-le-Moustier;6
24327;Pezuls;2
24328;Piégut-Pluviers;54
24329;Le Pizou;24
24330;Plazac;14
24331;Pomport;32
24334;Pontours;1
24335;Port-Sainte-Foy-et-Ponchapt;90
24336;Prats-de-Carlux;14
24337;Prats-du-Périgord;5
24338;Pressignac-Vicq;12
24339;Preyssac-d'Excideuil;7
24340;Prigonrieux;114
24341;Proissans;27
24345;Queyssac;7
24346;Quinsac;10
24347;Rampieux;9
24348;Razac-d'Eymet;10
24349;Razac-de-Saussignac;17
24350;Razac-sur-l'Isle;39
24351;Ribagnac;14
24352;Ribérac;218
24353;La Rochebeaucourt-et-Argentine;15
24354;La Roche-Chalais;77
24355;La Roque-Gageac;43
24356;Rouffignac-Saint-Cernin-de-Reilhac;65
24357;Rouffignac-de-Sigoulès;11
24359;Sadillac;2
24360;Sagelat;8
24361;Saint-Agne;9
24362;Val de Louyre et Caudeau;71
24364;Coly-Saint-Amand;26
24365;Saint-Amand-de-Vergt;6
24366;Saint-André-d'Allas;21
24367;Saint-André-de-Double;2
24370;Saint-Antoine-de-Breuilh;55
24371;Saint-Aquilin;12
24372;Saint-Astier;190
24373;Saint-Aubin-de-Cadelech;9
24374;Saint-Aubin-de-Lanquais;4
24375;Saint-Aubin-de-Nabirat;4
24376;Saint Aulaye-Puymangou;47
24377;Saint-Avit-de-Vialard;7
24378;Saint-Avit-Rivière;4
24379;Saint-Avit-Sénieur;10
24380;Saint-Barthélemy-de-Bellegarde;10
24381;Saint-Barthélemy-de-Bussière;5
24382;Saint-Capraise-de-Lalinde;19
24383;Saint-Capraise-d'Eymet;5
24384;Saint-Cassien;2
24385;Saint-Cernin-de-Labarde;7
24386;Saint-Cernin-de-l'Herm;9
24388;Saint-Chamassy;13
24390;Saint-Crépin-d'Auberoche;4
24392;Saint-Crépin-et-Carlucet;34
24393;Sainte-Croix;6
24394;Sainte-Croix-de-Mareuil;6
24395;Saint-Cybranet;18
24396;Saint-Cyprien;91
24397;Saint-Cyr-les-Champagnes;18
24398;Saint-Estèphe;19
24399;Saint-Étienne-de-Puycorbier;1
24401;Sainte-Eulalie-d'Ans;13
24403;Saint-Félix-de-Bourdeilles;7
24404;Saint-Félix-de-Reillac-et-Mortemart;10
24405;Saint-Félix-de-Villadeix;19
24406;Sainte-Foy-de-Belvès;3
24407;Sainte-Foy-de-Longas;10
24408;Saint-Front-d'Alemps;7
24409;Saint-Front-de-Pradoux;24
24410;Saint-Front-la-Rivière;8
24411;Saint-Front-sur-Nizonne;5
24412;Saint-Geniès;49
24413;Saint-Georges-Blancaneix;1
24414;Saint-Georges-de-Montclard;10
24415;Saint-Géraud-de-Corps;5
24416;Saint-Germain-de-Belvès;6
24417;Saint-Germain-des-Prés;11
24418;Saint-Germain-du-Salembre;14
24419;Saint-Germain-et-Mons;13
24420;Saint-Géry;5
24421;Saint-Geyrac;7
24422;Saint-Hilaire-d'Estissac;3
24423;Saint-Julien-Innocence-Eulalie;17
24424;Saint-Jean-d'Ataux;2
24425;Saint-Jean-de-Côle;11
24426;Saint-Jean-d'Estissac;4
24428;Saint-Jory-de-Chalais;19
24429;Saint-Jory-las-Bloux;7
24432;Saint-Julien-de-Lampon;19
24434;Saint-Just;3
24436;Saint-Laurent-des-Hommes;23
24437;Saint-Laurent-des-Vignes;59
24438;Saint-Laurent-la-Vallée;9
24441;Saint-Léon-d'Issigeac;3
24442;Saint-Léon-sur-l'Isle;33
24443;Saint-Léon-sur-Vézère;30
24444;Saint-Louis-en-l'Isle;3
24445;Saint-Marcel-du-Périgord;7
24446;Saint-Marcory;2
24448;Saint-Martial-d'Albarède;10
24449;Saint-Martial-d'Artenset;28
24450;Saint-Martial-de-Nabirat;18
24451;Saint-Martial-de-Valette;32
24452;Saint-Martial-Viveyrol;9
24453;Saint-Martin-de-Fressengeas;12
24454;Saint-Martin-de-Gurson;13
24455;Saint-Martin-de-Ribérac;11
24456;Saint-Martin-des-Combes;7
24457;Saint-Martin-l'Astier;2
24458;Saint-Martin-le-Pin;8
24459;Saint-Mayme-de-Péreyrol;14
24460;Saint-Méard-de-Drône;8
24461;Saint-Méard-de-Gurçon;35
24462;Saint-Médard-de-Mussidan;57
24463;Saint-Médard-d'Excideuil;28
24464;Saint-Mesmin;10
24465;Saint-Michel-de-Double;3
24466;Saint-Michel-de-Montaigne;11
24468;Saint-Michel-de-Villadeix;14
24470;Sainte-Mondane;7
24471;Sainte-Nathalène;17
24472;Saint-Nexans;18
24473;Sainte-Orse;11
24474;Saint-Pancrace;7
24476;Saint-Pantaly-d'Excideuil;4
24477;Saint-Pardoux-de-Drône;2
24478;Saint-Pardoux-et-Vielvic;2
24479;Saint-Pardoux-la-Rivière;39
24480;Saint-Paul-de-Serre;9
24481;Saint-Paul-la-Roche;11
24482;Saint-Paul-Lizonne;9
24483;Saint-Perdoux;6
24484;Saint-Pierre-de-Chignac;22
24485;Saint-Pierre-de-Côle;8
24486;Saint-Pierre-de-Frugie;13
24487;Saint-Pierre-d'Eyraud;33
24488;Saint-Pompon;16
24489;Saint-Priest-les-Fougères;8
24490;Saint Privat en Périgord;15
24491;Saint-Rabier;19
24492;Sainte-Radegonde;3
24493;Saint-Raphaël;4
24494;Saint-Rémy;10
24495;Saint-Romain-de-Monpazier;5
24496;Saint-Romain-et-Saint-Clément;4
24498;Saint-Saud-Lacoussière;24
24499;Saint-Sauveur;18
24500;Saint-Sauveur-Lalande;4
24501;Saint-Seurin-de-Prats;11
24502;Saint-Séverin-d'Estissac;1
24504;Saint-Sulpice-de-Roumagnac;10
24505;Saint-Sulpice-d'Excideuil;8
24507;Sainte-Trie;4
24508;Saint-Victor;6
24509;Saint-Vincent-de-Connezac;10
24510;Saint-Vincent-de-Cosse;17
24511;Saint-Vincent-Jalmoutiers;6
24512;Saint-Vincent-le-Paluel;5
24513;Saint-Vincent-sur-l'Isle;3
24514;Saint-Vivien;8
24515;Salagnac;6
24516;Salignac-Eyvigues;60
24517;Salles-de-Belvès;2
24518;Salon;11
24519;Sarlande;15
24520;Sarlat-la-Canéda;768
24521;Sarliac-sur-l'Isle;20
24522;Sarrazac;15
24523;Saussignac;16
24524;Savignac-de-Miremont;5
24525;Savignac-de-Nontron;4
24526;Savignac-Lédrier;25
24527;Savignac-les-Églises;27
24528;Sceau-Saint-Angel;1
24529;Segonzac;5
24531;Sergeac;7
24532;Serres-et-Montguyard;4
24533;Servanches;5
24534;Sigoulès-et-Flaugeac;57
24535;Simeyrols;4
24536;Singleyrac;9
24537;Siorac-de-Ribérac;10
24538;Siorac-en-Périgord;40
24540;Sorges et Ligueux en Périgord;33
24541;Soudat;1
24542;Soulaures;4
24543;Sourzac;31
24544;Tamniès;16
24545;Teillots;7
24546;Temple-Laguyon;1
24547;Terrasson-Lavilledieu;275
24548;Teyjat;10
24549;Thénac;14
24550;Thenon;62
24551;Thiviers;179
24552;Thonac;17
24553;Tocane-Saint-Apre;49
24554;La Tour-Blanche-Cercles;29
24555;Tourtoirac;15
24557;Trélissac;344
24558;Trémolat;16
24559;Tursac;19
24560;Urval;5
24562;Vallereuil;5
24563;Valojoulx;10
24564;Vanxains;14
24565;Varaignes;11
24566;Varennes;4
24567;Vaunac;8
24568;Vélines;47
24569;Vendoire;8
24570;Verdon;1
24571;Vergt;97
24572;Vergt-de-Biron;6
24573;Verteillac;29
24574;Veyrignac;5
24575;Veyrines-de-Domme;10
24576;Veyrines-de-Vergt;8
24577;Vézac;49
24580;Villac;4
24581;Villamblard;29
24582;Villars;12
24584;Villefranche-de-Lonchat;26
24585;Villefranche-du-Périgord;31
24586;Villetoureix;36
24587;Vitrac;40
25001;Abbans-Dessous;4
25002;Abbans-Dessus;3
25003;Abbenans;4
25004;Abbévillers;5
25005;Accolans;3
25006;Adam-lès-Passavant;6
25007;Adam-lès-Vercel;3
25008;Aibre;9
25009;Aïssey;6
25011;Allenjoie;31
25012;Les Alliés;4
25013;Allondans;7
25014;Amagney;8
25015;Amancey;49
25016;Amathay-Vésigneux;7
25017;Amondans;4
25018;Anteuil;22
25019;Appenans;8
25020;Arbouans;26
25021;Arc-et-Senans;50
25022;Arcey;29
25024;Arçon;24
25025;Arc-sous-Cicon;25
25026;Arc-sous-Montenot;8
25029;Aubonne;11
25030;Audeux;7
25031;Audincourt;434
25032;Autechaux;39
25033;Autechaux-Roide;7
25035;Les Auxons;62
25036;Avanne-Aveney;53
25038;Avilley;7
25039;Avoudrey;37
25040;Badevel;7
25041;Bannans;6
25042;Le Barboux;7
25043;Bart;50
25044;Bartherans;4
25045;Battenans-les-Mines;2
25046;Battenans-Varin;2
25047;Baume-les-Dames;234
25048;Bavans;48
25049;Belfays;1
25050;Le Bélieu;21
25051;Belleherbe;35
25052;Belmont;3
25053;Belvoir;6
25054;Berche;9
25055;Berthelange;5
25056;Besançon;4289
25057;Bethoncourt;62
25058;Beure;42
25059;Beutal;8
25060;Val-d'Usiers;62
25061;Bief;3
25062;Le Bizot;2
25063;Blamont;20
25065;Blarians;1
25066;Blussangeaux;1
25067;Blussans;3
25070;Bolandoz;16
25071;Bondeval;2
25072;Bonnal;2
25073;Bonnay;8
25074;Bonnétage;28
25075;Bonnevaux;11
25077;La Bosse;1
25078;Bouclans;29
25079;Boujailles;20
25082;Bourguignon;13
25083;Bournois;4
25084;Boussières;21
25085;Bouverans;7
25086;Braillans;7
25087;Branne;2
25088;Breconchaux;2
25089;Bremondans;7
25090;Brères;1
25091;Les Bréseux;5
25092;La Bretenière;3
25093;Bretigney;1
25094;Bretigney-Notre-Dame;1
25095;Bretonvillers;12
25096;Brey-et-Maison-du-Bois;11
25097;Brognard;44
25098;Buffard;5
25099;Bugny;7
25100;Bulle;30
25101;Burgille;6
25102;Burnevillers;1
25103;Busy;12
25104;By;3
25105;Byans-sur-Doubs;9
25106;Cademène;2
25107;Cendrey;6
25108;Cernay-l'Église;1
25109;Cessey;3
25110;Chaffois;18
25111;Chalèze;6
25112;Chalezeule;124
25113;Chamesey;6
25114;Chamesol;8
25115;Champagney;8
25116;Champlive;8
25117;Champoux;4
25119;Champvans-les-Moulins;7
25120;Chantrans;10
25121;Chapelle-des-Bois;20
25122;Chapelle-d'Huin;18
25124;Charmauvillers;6
25125;Charmoille;8
25126;Charnay;8
25127;Charquemont;63
25129;Chassagne-Saint-Denis;4
25130;Châteauvieux-les-Fossés;0
25131;Châtelblanc;7
25132;Châtillon-Guyotte;4
25133;Châtillon-le-Duc;144
25136;Chaucenne;13
25138;Les Terres-de-Chaux;5
25139;La Chaux;16
25141;Chaux-lès-Passavant;3
25142;Chaux-Neuve;14
25143;Chay;9
25145;Chazot;2
25147;Chemaudin et Vaux;97
25148;La Chenalotte;3
25149;Chenecey-Buillon;8
25150;Chevigney-sur-l'Ognon;3
25151;Chevigney-lès-Vercel;5
25152;La Chevillotte;12
25153;Chevroz;7
25154;Chouzelot;9
25155;Cléron;13
25156;Pays-de-Clerval;50
25157;La Cluse-et-Mijoux;41
25159;Colombier-Fontaine;33
25160;Les Combes;12
25161;Consolation-Maisonnettes;3
25162;Corcelles-Ferrières;9
25163;Corcelle-Mieslot;6
25164;Corcondray;3
25166;Côtebrune;4
25170;Courcelles-lès-Montbéliard;22
25171;Courcelles;1
25172;Courchapon;5
25173;Cour-Saint-Maurice;6
25174;Courtefontaine;4
25175;Courtetain-et-Salans;3
25176;Courvières;10
25177;Crosey-le-Grand;5
25178;Crosey-le-Petit;5
25179;Le Crouzet;2
25180;Crouzet-Migette;4
25181;Cubrial;1
25182;Cubry;4
25183;Cusance;3
25184;Cuse-et-Adrisans;13
25185;Cussey-sur-Lison;4
25186;Cussey-sur-l'Ognon;17
25187;Dambelin;9
25188;Dambenois;10
25189;Dammartin-les-Templiers;3
25190;Dampierre-les-Bois;39
25191;Dampierre-sur-le-Doubs;9
25192;Dampjoux;3
25193;Damprichard;49
25194;Dannemarie;1
25195;Dannemarie-sur-Crète;56
25196;Dasle;19
25197;Deluz;10
25198;Désandans;5
25199;Déservillers;9
25200;Devecey;70
25201;Dommartin;16
25202;Dompierre-les-Tilleuls;9
25203;Domprel;9
25204;Doubs;104
25207;Dung;7
25208;Durnes;6
25209;Échay;4
25210;Échenans;2
25211;Échevannes;4
25212;École-Valentin;290
25213;Les Écorces;18
25214;Écot;10
25215;L'Écouvotte;4
25216;Écurcey;3
25217;Émagny;16
25218;Épenouse;7
25219;Épenoy;15
25220;Épeugney;14
25221;Esnans;5
25222;Étalans;74
25223;Éternoz-Vallée-du-Lison;9
25224;Étouvans;7
25225;Étrabonne;5
25226;Étrappe;6
25227;Étray;6
25228;Étupes;169
25229;Évillers;13
25230;Exincourt;121
25231;Eysson;11
25232;Faimbe;2
25233;Fallerans;5
25234;Ferrières-le-Lac;2
25235;Ferrières-les-Bois;5
25236;Fertans;17
25237;Fesches-le-Châtel;45
25238;Fessevillers;2
25239;Feule;3
25240;Les Fins;101
25241;Flagey;13
25242;Flagey-Rigney;4
25243;Flangebouche;16
25244;Fleurey;3
25245;Fontain;25
25246;Fontaine-lès-Clerval;4
25247;Fontenelle-Montby;5
25248;Les Fontenelles;19
25249;Fontenotte;3
25251;Fourbanne;3
25252;Fourcatier-et-Maison-Neuve;4
25253;Fourg;8
25254;Les Fourgs;27
25255;Fournet-Blancheroche;10
25256;Frambouhans;21
25257;Franey;5
25258;Franois;92
25259;Frasne;73
25261;Froidevaux;5
25262;Fuans;15
25263;Gellin;8
25264;Gémonval;4
25265;Geneuille;38
25266;Geney;1
25267;Gennes;17
25268;Germéfontaine;6
25269;Germondans;1
25270;Gevresin;3
25271;Gilley;46
25273;Glamondans;2
25274;Glay;5
25275;Glère;5
25276;Gondenans-Montby;3
25277;Gondenans-les-Moulins;3
25278;Gonsans;22
25279;Gouhelans;3
25280;Goumois;7
25281;Goux-lès-Dambelin;4
25283;Goux-sous-Landet;1
25284;Grand-Charmont;57
25285;Grand'Combe-Châteleu;35
25286;Grand'Combe-des-Bois;7
25287;Grandfontaine;34
25288;Fournets-Luisans;29
25289;Grandfontaine-sur-Creuse;6
25290;La Grange;4
25293;Granges-Narboz;39
25295;Les Grangettes;6
25296;Les Gras;9
25298;Grosbois;3
25299;Guillon-les-Bains;3
25300;Guyans-Durnes;10
25301;Guyans-Vennes;27
25304;Hérimoncourt;45
25305;L'Hôpital-du-Grosbois;23
25306;L'Hôpital-Saint-Lieffroy;5
25307;Les Hôpitaux-Neufs;29
25308;Les Hôpitaux-Vieux;9
25309;Houtaud;70
25310;Huanne-Montmartin;5
25311;Hyémondans;3
25312;Hyèvre-Magny;2
25313;Hyèvre-Paroisse;4
25314;Indevillers;8
25315;L'Isle-sur-le-Doubs;93
25316;Issans;2
25317;Jallerange;2
25318;Jougne;42
25320;Labergement-Sainte-Marie;51
25321;Villers-le-Lac;86
25322;Laire;3
25323;Laissey;5
25324;Lanans;8
25325;Landresse;12
25326;Lantenne-Vertière;7
25327;Lanthenans;2
25328;Larnod;10
25329;Laval-le-Prieuré;1
25330;Lavans-Quingey;14
25331;Lavans-Vuillafans;9
25332;Lavernay;10
25333;Laviron;17
25334;Levier;91
25335;Liebvillers;2
25336;Liesle;15
25338;Lizine;1
25339;Lods;4
25340;Lombard;4
25341;Lomont-sur-Crête;8
25342;Longechaux;7
25343;Longemaison;6
25344;Longevelle-lès-Russey;2
25345;Longevelle-sur-Doubs;10
25346;Longeville;5
25348;Longevilles-Mont-d'Or;17
25349;Loray;17
25350;Lougres;10
25351;Le Luhier;8
25354;Luxiol;3
25355;Magny-Châtelard;1
25356;Maîche;185
25357;Maisons-du-Bois-Lièvremont;19
25359;Malans;6
25360;Malbrans;6
25361;Malbuisson;26
25362;Malpas;7
25364;Mamirolle;79
25365;Mancenans;7
25366;Mancenans-Lizerne;3
25367;Mandeure;54
25368;Marchaux-Chaudefontaine;39
25369;Marvelise;1
25370;Mathay;62
25371;Mazerolles-le-Salin;3
25372;Médière;4
25373;Le Mémont;2
25374;Mercey-le-Grand;14
25375;Les Monts-Ronds;11
25376;Mérey-Vieilley;1
25377;Mésandans;9
25378;Meslières;5
25379;Mesmay;2
25380;Métabief;56
25381;Miserey-Salines;115
25382;Moncey;9
25383;Moncley;6
25384;Mondon;1
25385;Montagney-Servigney;5
25386;Montancy;4
25387;Montandon;7
25388;Montbéliard;961
25389;Montbéliardot;3
25390;Pays-de-Montbenoît;48
25391;Mont-de-Laval;5
25392;Mont-de-Vougney;4
25393;Montécheroux;4
25394;Montenois;23
25395;Montfaucon;22
25397;Montferrand-le-Château;40
25400;Montgesoye;9
25401;Montivernage;2
25402;Montjoie-le-Château;1
25403;Montlebon;38
25404;Montmahoux;6
25405;Montperreux;11
25406;Montrond-le-Château;12
25408;Montussaint;2
25410;Morre;17
25411;Morteau;306
25413;Mouthe;43
25414;Le Moutherot;5
25415;Mouthier-Haute-Pierre;7
25416;Myon;7
25417;Naisey-les-Granges;13
25418;Nancray;32
25419;Nans;2
25420;Nans-sous-Sainte-Anne;7
25421;Narbief;4
25422;Neuchâtel-Urtière;3
25424;Les Premiers Sapins;51
25425;Noël-Cerneux;14
25426;Noirefontaine;11
25427;Noironte;9
25428;Nommay;29
25429;Novillars;24
25430;Ollans;2
25431;Onans;4
25432;Orchamps-Vennes;104
25433;Orgeans-Blanchefontaine;2
25434;Ornans;175
25435;Orsans;6
25436;Orve;1
25437;Osse;7
25438;Osselle-Routelle;9
25439;Ougney-Douvot;2
25440;Ouhans;10
25441;Ouvans;2
25442;Oye-et-Pallet;25
25443;Palantine;1
25444;Palise;4
25445;Paroy;5
25446;Passavant;11
25447;Passonfontaine;8
25448;Pelousey;25
25449;Péseux;8
25450;Pessans;7
25451;Petite-Chaux;4
25452;Pierrefontaine-lès-Blamont;10
25453;Pierrefontaine-les-Varans;62
25454;Pirey;91
25455;Placey;5
25456;Plaimbois-du-Miroir;5
25457;Plaimbois-Vennes;1
25458;Les Plains-et-Grands-Essarts;6
25459;La Planée;6
25460;Le Val;5
25461;Pompierre-sur-Doubs;4
25462;Pontarlier;859
25463;Pont-de-Roide-Vermondans;121
25464;Les Pontets;6
25465;Pont-les-Moulins;13
25466;Pouilley-Français;10
25467;Pouilley-les-Vignes;81
25468;Pouligney-Lusans;11
25469;Présentevillers;11
25470;La Prétière;2
25471;Provenchère;7
25472;Puessans;0
25473;Pugey;16
25474;Le Puy;1
25475;Quingey;67
25476;Rahon;6
25477;Rancenay;7
25478;Randevillers;4
25479;Rang;13
25481;Raynans;6
25482;Recologne;21
25483;Reculfoz;4
25485;Rémondans-Vaivre;11
25486;Remoray-Boujeons;9
25487;Renédale;1
25488;Rennes-sur-Loue;3
25489;Reugney;10
25490;Rigney;17
25491;Rignosot;4
25492;Rillans;3
25493;La Rivière-Drugeon;13
25494;Rochejean;14
25495;Roche-lez-Beaupré;91
25496;Roche-lès-Clerval;2
25497;Roches-lès-Blamont;10
25498;Rognon;3
25499;Romain;1
25500;Ronchaux;2
25501;Rondefontaine;1
25502;Roset-Fluans;13
25503;Rosières-sur-Barbèche;5
25504;Rosureux;2
25505;Rougemont;42
25506;Rougemontot;2
25507;Rouhe;2
25508;Roulans;30
25510;Ruffey-le-Château;9
25511;Rurey;10
25512;Le Russey;87
25513;Sainte-Anne;4
25514;Saint-Antoine;7
25515;Sainte-Colombe;7
25516;Saint-Georges-Armont;2
25517;Saint-Gorgon-Main;7
25518;Saint-Hilaire;5
25519;Saint-Hippolyte;34
25520;Saint-Juan;8
25521;Saint-Julien-lès-Montbéliard;2
25522;Saint-Julien-lès-Russey;4
25523;Sainte-Marie;22
25524;Saint-Maurice-Colombier;9
25525;Saint-Point-Lac;8
25526;Sainte-Suzanne;34
25527;Saint-Vit;213
25528;Samson;4
25529;Sancey;74
25532;Saône;126
25534;Sarrageois;6
25535;Saules;6
25536;Sauvagney;3
25537;Scey-Maisières;3
25538;Séchin;5
25539;Seloncourt;95
25540;Semondans;8
25541;Septfontaines;15
25542;Serre-les-Sapins;85
25544;Servin;12
25545;Silley-Amancey;7
25546;Silley-Bléfond;2
25547;Sochaux;123
25548;Solemont;2
25550;La Sommette;6
25551;Soulce-Cernay;6
25552;Sourans;2
25553;Soye;5
25554;Surmont;4
25555;Taillecourt;18
25556;Tallans;0
25557;Tallenay;5
25558;Tarcenay-Foucherans;43
25559;Thiébouhans;6
25560;Thise;117
25561;Thoraise;5
25562;Thulay;3
25563;Thurey-le-Mont;2
25564;Torpes;21
25565;Touillon-et-Loutelet;5
25566;La Tour-de-Sçay;7
25567;Tournans;4
25569;Trépot;8
25570;Tressandans;2
25571;Trévillers;20
25572;Trouvans;1
25573;Urtière;1
25574;Uzelle;3
25575;Vaire;11
25578;Valdahon;254
25579;Val-de-Roulans;3
25580;Valentigney;160
25582;Valleroy;2
25583;Valonne;5
25584;Valoreille;4
25586;Vandoncourt;13
25588;Vaucluse;4
25589;Vauclusotte;5
25590;Vaudrivillers;2
25591;Vaufrey;4
25592;Vaux-et-Chantegrue;19
25594;Velesmes-Essarts;23
25595;Vellerot-lès-Belvoir;7
25596;Vellerot-lès-Vercel;2
25597;Vellevans;8
25598;Venise;7
25599;Vennans;2
25600;Vennes;6
25601;Vercel-Villedieu-le-Camp;52
25602;Vergranne;2
25604;Verne;2
25605;Vernierfontaine;8
25607;Vernois-lès-Belvoir;3
25608;Le Vernoy;1
25609;Verrières-de-Joux;13
25611;La Vèze;16
25612;Vieilley;11
25613;Viéthorey;1
25614;Vieux-Charmont;57
25615;Villars-lès-Blamont;4
25616;Villars-Saint-Georges;9
25617;Villars-sous-Dampjoux;12
25618;Villars-sous-Écot;4
25619;Les Villedieu;5
25621;Villeneuve-d'Amont;11
25622;Villers-Buzon;3
25623;Villers-Chief;5
25624;Villers-Grélot;3
25625;Villers-la-Combe;3
25626;Villers-Saint-Martin;8
25627;Villers-sous-Chalamont;14
25629;Voillans;2
25630;Voires;2
25631;Vorges-les-Pins;13
25632;Voujeaucourt;89
25633;Vuillafans;16
25634;Vuillecin;35
25635;Vyt-lès-Belvoir;5
26001;Solaure en Diois;17
26002;Albon;80
26003;Aleyrac;1
26004;Alixan;229
26005;Allan;39
26006;Allex;82
26007;Ambonil;5
26008;Ancône;19
26009;Andancette;67
26010;Anneyron;108
26011;Aouste-sur-Sye;118
26012;Arnayon;5
26013;Arpavon;2
26014;Arthémonay;10
26015;Aubenasson;1
26016;Aubres;15
26017;Aucelon;1
26018;Aulan;1
26019;Aurel;10
26020;La Répara-Auriples;11
26021;Autichamp;8
26022;Ballons;4
26023;Barbières;19
26024;Barcelonne;8
26025;Barnave;6
26026;Barret-de-Lioure;2
26027;Barsac;7
26028;Bathernay;3
26030;La Bâtie-des-Fonds;4
26031;La Bâtie-Rolland;33
26032;La Baume-Cornillane;14
26033;La Baume-de-Transit;38
26034;La Baume-d'Hostun;25
26035;Beaufort-sur-Gervanne;16
26036;Beaumont-en-Diois;5
26037;Beaumont-lès-Valence;178
26038;Beaumont-Monteux;48
26039;Beauregard-Baret;18
26040;Beaurières;4
26041;Beausemblant;40
26042;Beauvallon;18
26043;Beauvoisin;5
26045;La Bégude-de-Mazenc;68
26046;Bellecombe-Tarendol;4
26047;Bellegarde-en-Diois;3
26048;Bénivay-Ollon;6
26049;Bésayes;27
26050;Bésignan;5
26051;Bézaudun-sur-Bîne;3
26052;Bonlieu-sur-Roubion;6
26054;Bouchet;34
26055;Boulc;6
26056;Bourdeaux;47
26057;Bourg-de-Péage;402
26058;Bourg-lès-Valence;592
26059;Bouvante;12
26060;Bouvières;4
26061;Bren;28
26062;Brette;4
26063;Buis-les-Baronnies;144
26064;Chabeuil;281
26065;Chabrillan;24
26066;Le Chaffal;2
26067;Chalancon;3
26068;Le Chalon;4
26069;Chamaloc;4
26070;Chamaret;15
26071;Chanos-Curson;57
26072;Chantemerle-les-Blés;27
26073;Chantemerle-lès-Grignan;10
26074;La Chapelle-en-Vercors;53
26075;La Charce;1
26076;Charens;1
26077;Charmes-sur-l'Herbasse;23
26078;Charols;28
26079;Charpey;27
26080;Chastel-Arnaud;3
26081;Châteaudouble;14
26082;Châteauneuf-de-Bordette;2
26083;Châteauneuf-de-Galaure;73
26084;Châteauneuf-sur-Isère;230
26085;Châteauneuf-du-Rhône;117
26086;Châtillon-en-Diois;34
26087;Châtillon-Saint-Jean;31
26088;Chatuzange-le-Goubet;192
26089;Chaudebonne;2
26090;La Chaudière;1
26091;Chauvac-Laux-Montaux;1
26092;Chavannes;18
26093;Clansayes;12
26094;Claveyson;28
26095;Cléon-d'Andran;64
26096;Clérieux;46
26097;Cliousclat;34
26098;Cobonne;7
26099;Colonzelle;14
26100;Combovin;5
26101;Comps;9
26102;Condillac;6
26103;Condorcet;18
26104;Cornillac;2
26105;Cornillon-sur-l'Oule;4
26106;La Coucourde;24
26107;Crépol;19
26108;Crest;421
26110;Crozes-Hermitage;11
26111;Crupies;4
26112;Curnier;13
26113;Die;295
26114;Dieulefit;189
26115;Divajeu;23
26116;Donzère;149
26117;Échevis;3
26118;Épinouze;38
26119;Érôme;23
26121;Espeluche;12
26122;Espenel;4
26123;Establet;2
26124;Étoile-sur-Rhône;205
26125;Eurre;69
26126;Eygalayes;1
26127;Eygaliers;7
26128;Eygluy-Escoulin;3
26129;Eymeux;27
26130;Eyroles;1
26131;Eyzahut;4
26133;Fay-le-Clos;5
26134;Félines-sur-Rimandoule;3
26135;Ferrassières;4
26136;Val-Maravel;2
26137;Francillon-sur-Roubion;3
26138;La Garde-Adhémar;37
26139;Génissieux;72
26140;Geyssans;14
26141;Gigors-et-Lozeron;13
26142;Glandage;7
26143;Le Grand-Serre;25
26144;Grane;76
26145;Les Granges-Gontardes;13
26146;Grignan;121
26147;Gumiane;1
26148;Hauterives;81
26149;Hostun;29
26150;Izon-la-Bruisse;1
26152;Jonchères;3
26153;Laborel;2
26154;Lachau;5
26155;Lapeyrouse-Mornay;24
26156;Larnage;33
26157;La Laupie;17
26159;Laval-d'Aix;6
26160;Laveyron;48
26161;Lemps;1
26162;Lens-Lestang;11
26163;Léoncel;8
26164;Lesches-en-Diois;1
26165;Livron-sur-Drôme;280
26166;Loriol-sur-Drôme;231
26167;Luc-en-Diois;28
26168;Lus-la-Croix-Haute;27
26169;Malataverne;103
26170;Malissard;87
26171;Manas;2
26172;Manthes;26
26173;Marches;28
26174;Margès;21
26175;Marignac-en-Diois;6
26176;Marsanne;40
26177;Marsaz;13
26178;Menglon;11
26179;Mercurol-Veaunes;119
26180;Mérindol-les-Oliviers;9
26181;Mévouillon;9
26182;Mirabel-aux-Baronnies;48
26183;Mirabel-et-Blacons;25
26185;Mirmande;32
26186;Miscon;4
26188;Mollans-sur-Ouvèze;29
26189;Montauban-sur-l'Ouvèze;3
26190;Montaulieu;1
26191;Montboucher-sur-Jabron;115
26192;Montbrison-sur-Lez;17
26193;Montbrun-les-Bains;37
26194;Montchenu;11
26195;Montclar-sur-Gervanne;8
26196;Montéléger;41
26197;Montélier;160
26198;Montélimar;1965
26199;Montferrand-la-Fare;3
26200;Montfroc;4
26201;Montguers;4
26202;Montjoux;10
26203;Montjoyer;11
26204;Montlaur-en-Diois;9
26205;Montmaur-en-Diois;3
26206;Montmeyran;81
26207;Montmiral;19
26208;Montoison;46
26209;Montréal-les-Sources;3
26210;Valherbasse;22
26211;Montségur-sur-Lauzon;27
26212;Montvendre;30
26213;Moras-en-Valloire;18
26214;Mornans;5
26215;La Motte-Chalancon;23
26216;Saint-Jean-de-Galaure;30
26217;La Motte-Fanjas;7
26218;Mours-Saint-Eusèbe;163
26220;Nyons;377
26221;Omblèze;3
26222;Orcinas;1
26223;Oriol-en-Royans;10
26224;Ourches;9
26225;Parnans;15
26226;Le Pègue;5
26227;Pelonne;1
26228;Pennes-le-Sec;1
26229;La Penne-sur-l'Ouvèze;9
26231;Peyrins;80
26232;Peyrus;16
26233;Piégon;10
26234;Piégros-la-Clastre;23
26235;Pierrelatte;632
26236;Pierrelongue;7
26238;Les Pilles;10
26239;Plaisians;7
26240;Plan-de-Baix;7
26241;Le Poët-Célard;9
26242;Le Poët-en-Percip;3
26243;Le Poët-Laval;43
26244;Le Poët-Sigillat;1
26245;Pommerol;1
26246;Ponet-et-Saint-Auban;4
26247;Ponsas;7
26248;Pontaix;6
26249;Pont-de-Barret;31
26250;Pont-de-l'Isère;129
26251;Portes-en-Valdaine;8
26252;Portes-lès-Valence;428
26253;Poyols;1
26254;Pradelle;2
26255;Les Prés;2
26256;Propiac;5
26257;Puygiron;6
26258;Puy-Saint-Martin;34
26259;Ratières;7
26261;Réauville;15
26262;Recoubeau-Jansac;12
26263;Reilhanette;6
26264;Rémuzat;15
26266;Rimon-et-Savel;1
26267;Rioms;1
26268;Rochebaudin;5
26269;Rochebrune;2
26270;Rochechinard;5
26271;La Roche-de-Glun;114
26272;Rochefort-en-Valdaine;9
26273;Rochefort-Samson;21
26274;Rochefourchat;1
26275;Rochegude;32
26276;Roche-Saint-Secret-Béconne;10
26277;La Roche-sur-Grane;5
26278;La Roche-sur-le-Buis;10
26279;La Rochette-du-Buis;1
26281;Romans-sur-Isère;1303
26282;Romeyer;3
26283;Rottier;1
26284;Roussas;22
26285;Rousset-les-Vignes;7
26286;Roussieux;1
26287;Roynac;19
26288;Sahune;22
26289;Saillans;67
26290;Saint-Agnan-en-Vercors;22
26291;Saint-Andéol;2
26292;Saint-Auban-sur-l'Ouvèze;10
26293;Saint-Avit;5
26294;Saint-Bardoux;15
26295;Saint-Barthélemy-de-Vals;40
26296;Saint-Benoit-en-Diois;2
26298;Saint-Christophe-et-le-Laris;5
26299;Sainte-Croix;3
26300;Saint-Dizier-en-Diois;3
26301;Saint-Donat-sur-l'Herbasse;188
26302;Sainte-Eulalie-en-Royans;15
26303;Sainte-Euphémie-sur-Ouvèze;4
26304;Saint-Ferréol-Trente-Pas;7
26305;Saint-Gervais-sur-Roubion;22
26306;Sainte-Jalle;18
26307;Saint-Jean-en-Royans;114
26308;Saint-Julien-en-Quint;6
26309;Saint-Julien-en-Vercors;8
26310;Saint-Laurent-d'Onay;5
26311;Saint-Laurent-en-Royans;48
26312;Saint-Marcel-lès-Sauzet;29
26313;Saint-Marcel-lès-Valence;325
26314;Saint-Martin-d'Août;8
26315;Saint-Martin-en-Vercors;17
26316;Saint-Martin-le-Colonel;4
26317;Saint-Maurice-sur-Eygues;25
26318;Saint-May;2
26319;Saint-Michel-sur-Savasse;14
26320;Saint-Nazaire-en-Royans;27
26321;Saint-Nazaire-le-Désert;10
26322;Saint-Pantaléon-les-Vignes;18
26323;Saint-Paul-lès-Romans;116
26324;Saint-Paul-Trois-Châteaux;296
26325;Saint-Rambert-d'Albon;212
26326;Saint-Restitut;44
26327;Saint-Roman;8
26328;Saint-Sauveur-en-Diois;1
26329;Saint-Sauveur-Gouvernet;8
26330;Saint-Sorlin-en-Valloire;62
26331;Saint-Thomas-en-Royans;10
26332;Saint-Uze;46
26333;Saint-Vallier;156
26334;Salettes;11
26335;Salles-sous-Bois;6
26336;Saou;29
26337;Saulce-sur-Rhône;67
26338;Sauzet;58
26339;Savasse;44
26340;Séderon;20
26341;Serves-sur-Rhône;11
26342;Solérieux;9
26343;Souspierre;3
26344;Soyans;16
26345;Suze-la-Rousse;84
26346;Suze;7
26347;Tain-l'Hermitage;263
26348;Taulignan;46
26349;Tersanne;9
26350;Teyssières;3
26351;Les Tonils;1
26352;La Touche;4
26353;Les Tourrettes;29
26355;Triors;6
26356;Truinas;2
26357;Tulette;99
26358;Upie;26
26359;Vachères-en-Quint;1
26360;Valaurie;40
26361;Valdrôme;4
26362;Valence;3273
26363;Valouse;3
26364;Vassieux-en-Vercors;22
26365;Vaunaveys-la-Rochette;26
26367;Venterol;22
26368;Vercheny;24
26369;Verclause;5
26370;Vercoiran;4
26372;Vers-sur-Méouge;1
26373;Vesc;9
26374;Villebois-les-Pins;1
26375;Villefranche-le-Château;1
26376;Villeperdrix;9
26377;Vinsobres;44
26378;Volvent;1
26379;Granges-les-Beaumont;46
26380;Gervans;22
26381;Jaillans;24
26382;Saint-Vincent-la-Commanderie;13
27001;Aclou;9
27002;Acon;16
27003;Acquigny;56
27004;Aigleville;8
27005;Ailly;28
27006;Aizier;3
27008;Alizay;64
27009;Ambenay;13
27010;Amécourt;5
27011;Amfreville-Saint-Amand;21
27012;Amfreville-les-Champs;9
27013;Amfreville-sous-les-Monts;7
27014;Amfreville-sur-Iton;8
27015;Andé;19
27016;Les Andelys;241
27017;Angerville-la-Campagne;49
27018;Appeville-Annebault;13
27019;Armentières-sur-Avre;9
27020;Arnières-sur-Iton;18
27021;Asnières;4
27022;Le Val d'Hazey;103
27023;Aulnay-sur-Iton;7
27025;Autheuil-Authouillet;26
27026;Authevernes;14
27027;Les Authieux;10
27028;Authou;4
27031;Aviron;15
27032;Chambois;21
27033;Bacquepuis;7
27034;Bacqueville;14
27035;Bailleul-la-Vallée;3
27036;Bâlines;14
27037;Barc;20
27038;Les Barils;12
27039;Barneville-sur-Seine;8
27040;Barquet;9
27042;Barville;3
27043;Les Baux-de-Breteuil;9
27044;Les Baux-Sainte-Croix;11
27045;Bazincourt-sur-Epte;11
27046;Bazoques;12
27047;Beaubray;8
27048;Beauficel-en-Lyons;7
27049;Mesnil-en-Ouche;145
27050;Beaumontel;9
27051;Beaumont-le-Roger;90
27052;Le Bec-Hellouin;14
27053;Le Bec-Thomas;5
27054;Bémécourt;10
27055;Bérengeville-la-Campagne;9
27056;Bernay;506
27057;Bernienville;9
27059;Bernouville;8
27061;Berthouville;10
27062;Les Monts du Roumois;29
27063;Berville-la-Campagne;6
27064;Berville-sur-Mer;3
27065;Beuzeville;190
27066;Bézu-la-Forêt;10
27067;Bézu-Saint-Éloi;43
27068;Bois-Anzeray;6
27069;Bois-Arnault;10
27070;Frenelles-en-Vexin;27
27071;Le Bois-Hellain;6
27072;Bois-Jérôme-Saint-Ouen;20
27073;Bois-le-Roi;20
27074;Boisney;11
27075;Bois-Normand-près-Lyre;12
27076;Boisset-les-Prévanches;11
27077;Boissey-le-Châtel;19
27078;La Boissière;5
27079;Boissy-Lamberville;15
27081;Boncourt;3
27082;La Bonneville-sur-Iton;28
27083;Bonneville-Aptot;3
27085;Flancourt-Crescy-en-Roumois;16
27089;Thénouville;15
27090;Bosroumois;85
27091;Bosgouet;35
27094;Bosquentin;5
27095;Bosrobert;23
27096;Les Bottereaux;10
27097;Bouafles;12
27098;Bouchevilliers;5
27099;Le Boulay-Morin;14
27100;Boulleville;37
27101;Bouquelon;10
27102;Bouquetot;10
27103;Bourg-Achard;197
27104;Bourg-Beaudouin;16
27105;Grand Bourgtheroulde;130
27106;Bournainville-Faverolles;5
27107;Bourneville-Sainte-Croix;42
27108;Bourth;32
27109;Bray;6
27110;Brestot;9
27111;Bretagnolles;5
27112;Breteuil;119
27113;Brétigny;3
27114;Breuilpont;21
27115;Breux-sur-Avre;6
27116;Brionne;142
27117;Broglie;44
27118;Brosville;16
27119;Bueil;30
27120;Burey;10
27123;Caillouet-Orgeville;21
27124;Cailly-sur-Eure;4
27125;Calleville;5
27126;Campigny;13
27127;Canappeville;12
27129;Caorches-Saint-Nicolas;19
27130;Capelle-les-Grands;13
27132;Caugé;12
27133;Caumont;27
27134;Cauverville-en-Roumois;7
27135;Cesseville;6
27136;Chaignes;10
27137;Chaise-Dieu-du-Theil;4
27138;Chamblac;9
27139;Chambord;5
27140;Chambray;10
27141;Champ-Dolent;1
27142;Champenard;4
27144;Champigny-la-Futelaye;6
27146;La Chapelle-Bayvel;9
27147;La Chapelle-du-Bois-des-Faulx;8
27148;La Chapelle-Gauthier;10
27149;La Chapelle-Hareng;3
27151;Charleval;67
27152;Château-sur-Epte;19
27153;Chauvincourt-Provemont;8
27154;Chavigny-Bailleul;10
27155;Chennebrun;5
27156;Chéronvilliers;6
27157;Marbois;26
27158;Cierrey;6
27161;Claville;24
27162;Collandres-Quincarnon;6
27163;Colletot;5
27164;Combon;16
27165;Conches-en-Ouche;169
27167;Condé-sur-Risle;15
27168;Connelles;6
27169;Conteville;19
27170;Cormeilles;77
27171;Le Cormier;12
27173;Corneville-la-Fouquetière;1
27174;Corneville-sur-Risle;21
27176;Coudray;5
27177;Coudres;13
27179;Courbépine;27
27180;Courcelles-sur-Seine;34
27181;Courdemanche;12
27182;Courteilles;6
27183;La Couture-Boussey;48
27184;Crasville;5
27185;Crestot;6
27187;Criquebeuf-la-Campagne;11
27188;Criquebeuf-sur-Seine;50
27189;La Croisille;5
27190;Croisy-sur-Eure;9
27191;Clef Vallée d'Eure;56
27192;Crosville-la-Vieille;36
27193;Croth;14
27194;Cuverville;8
27196;Les Damps;20
27198;Mesnils-sur-Iton;179
27199;Dangu;11
27200;Dardez;3
27201;Daubeuf-la-Campagne;3
27202;Daubeuf-près-Vatteville;6
27203;Douains;125
27204;Doudeauville-en-Vexin;7
27205;Douville-sur-Andelle;5
27206;Droisy;12
27207;Drucourt;13
27208;Duranville;5
27209;Écaquelon;6
27210;Écardenville-la-Campagne;21
27212;Écauville;2
27213;Vexin-sur-Epte;118
27214;Écouis;27
27215;Ecquetot;3
27216;Émalleville;7
27217;Émanville;14
27218;Épaignes;70
27219;Épégard;14
27220;Épieds;8
27222;Épreville-en-Lieuvin;8
27224;Épreville-près-le-Neubourg;3
27226;Étrépagny;129
27227;Étréville;13
27228;Éturqueraye;4
27229;Évreux;1770
27230;Ézy-sur-Eure;95
27231;Fains;5
27232;Farceaux;6
27233;Fatouville-Grestain;16
27234;Fauville;22
27235;Faverolles-la-Campagne;5
27237;Le Favril;8
27238;Ferrières-Haut-Clocher;11
27239;Ferrières-Saint-Hilaire;10
27240;La Ferrière-sur-Risle;7
27241;Feuguerolles;3
27242;Le Fidelaire;12
27243;Fiquefleur-Équainville;16
27245;Fleury-la-Forêt;12
27246;Fleury-sur-Andelle;55
27247;Flipou;9
27248;Folleville;5
27249;Fontaine-Bellenger;18
27251;Fontaine-l'Abbé;16
27252;Fontaine-la-Louvet;8
27254;Fontaine-sous-Jouy;20
27256;La Forêt-du-Parc;8
27258;Fort-Moville;16
27259;Foucrainville;3
27260;Foulbec;13
27261;Fouqueville;7
27263;Le Perrey;31
27266;Franqueville;4
27267;Freneuse-sur-Risle;2
27269;Fresne-Cauverville;5
27271;Fresney;8
27273;Gadencourt;13
27275;Gaillon;207
27276;Gamaches-en-Vexin;11
27277;La Baronnie;14
27278;Garennes-sur-Eure;28
27279;Gasny;77
27280;Gauciel;10
27281;Gaudreville-la-Rivière;6
27282;Gauville-la-Campagne;15
27284;Gisors;404
27285;Giverny;29
27286;Giverville;10
27287;Glisolles;5
27288;Glos-sur-Risle;8
27289;La Goulafrière;7
27290;Goupil-Othon;27
27291;Gournay-le-Guérin;5
27294;Val d'Orger;13
27295;Grand-Camp;16
27298;Graveron-Sémerville;10
27299;Gravigny;130
27300;Grosley-sur-Risle;8
27301;Grossœuvre;23
27302;Le Bosc du Theil;27
27304;Guerny;5
27306;Guichainville;258
27307;Guiseniers;10
27309;L'Habit;8
27310;Hacqueville;10
27311;Harcourt;25
27312;Hardencourt-Cocherel;3
27313;La Harengère;8
27315;Harquency;7
27316;Hauville;20
27317;La Haye-Aubrée;8
27318;La Haye-de-Calleville;6
27319;La Haye-de-Routot;1
27320;La Haye-du-Theil;7
27321;La Haye-le-Comte;5
27322;La Haye-Malherbe;26
27323;La Haye-Saint-Sylvestre;10
27324;Hébécourt;11
27325;Hecmanville;5
27326;Hécourt;10
27327;Hectomare;8
27329;Hennezis;14
27330;Herqueville;4
27331;Heubécourt-Haricourt;11
27332;Heudebouville;87
27333;Heudicourt;22
27334;Heudreville-en-Lieuvin;3
27335;Heudreville-sur-Eure;11
27336;La Heunière;15
27337;Heuqueville;11
27338;Les Hogues;12
27339;Hondouville;23
27340;Honguemare-Guenouville;40
27341;L'Hosmes;5
27342;Houetteville;6
27343;Houlbec-Cocherel;16
27345;La Houssaye;2
27346;Houville-en-Vexin;5
27347;Huest;15
27348;Igoville;56
27349;Illeville-sur-Montfort;18
27350;Illiers-l'Évêque;19
27351;Incarville;39
27353;Irreville;8
27354;Iville;13
27355;Ivry-la-Bataille;64
27358;Jouy-sur-Eure;14
27359;Juignettes;4
27360;Jumelles;5
27361;La Lande-Saint-Léger;6
27363;Le Landin;8
27364;Launay;3
27365;Léry;30
27366;Letteguives;3
27367;Lieurey;60
27368;Lignerolles;6
27369;Lilly;3
27370;Lisors;7
27371;Livet-sur-Authou;5
27372;Longchamps;15
27373;Lorleau;8
27374;Louversey;9
27375;Louviers;618
27376;Louye;4
27377;Lyons-la-Forêt;36
27378;La Madeleine-de-Nonancourt;43
27379;Mainneville;7
27380;Malleville-sur-le-Bec;6
27381;Malouy;4
27382;Mandeville;3
27383;Mandres;2
27384;Manneville-la-Raoult;7
27385;Manneville-sur-Risle;16
27386;Le Manoir;14
27388;Marais-Vernier;12
27389;Marbeuf;21
27390;Marcilly-la-Campagne;24
27391;Marcilly-sur-Eure;45
27392;Martagny;2
27393;Martainville;16
27394;Martot;14
27395;Mélicourt;4
27396;Ménesqueville;16
27397;Ménilles;27
27398;Menneval;62
27399;Mercey;2
27400;Merey;7
27401;Le Mesnil-Fuguet;3
27403;Le Mesnil-Jourdain;10
27404;Mesnil-Rousset;7
27405;Mesnil-sous-Vienne;4
27406;Mesnil-sur-l'Estrée;16
27407;Mesnil-Verclives;9
27408;Mézières-en-Vexin;9
27410;Miserey;14
27411;Moisville;4
27412;Terres de Bord;22
27413;Montfort-sur-Risle;33
27414;Montreuil-l'Argillé;33
27415;Morainville-Jouveaux;18
27417;Morgny;14
27418;Morsan;3
27419;Mouettes;8
27420;Mouflaines;3
27421;Mousseaux-Neuville;18
27422;Muids;14
27423;Muzy;10
27424;Nagel-Séez-Mesnil;7
27425;Nassandres sur Risle;80
27426;Neaufles-Saint-Martin;11
27427;Neaufles-Auvergny;13
27428;Le Neubourg;242
27429;Neuilly;1
27430;La Neuve-Grange;5
27431;La Neuve-Lyre;16
27432;La Neuville-du-Bosc;7
27433;Neuville-sur-Authou;6
27434;Noards;6
27435;La Noë-Poulain;8
27436;Nogent-le-Sec;11
27437;Nojeon-en-Vexin;5
27438;Nonancourt;85
27439;Normanville;52
27440;Notre-Dame-de-l'Isle;11
27441;Notre-Dame-d'Épine;2
27442;Notre-Dame-du-Hamel;9
27444;Le Noyer-en-Ouche;5
27445;Noyers;9
27446;Ormes;14
27447;Le Val-Doré;21
27448;Pacy-sur-Eure;226
27451;Parville;12
27453;Perriers-sur-Andelle;26
27454;Perruel;13
27455;Piencourt;15
27456;Pinterville;13
27457;Piseux;12
27458;Pîtres;39
27459;Les Places;4
27460;Plainville;6
27462;Le Planquay;2
27463;Plasnes;23
27464;Le Plessis-Grohan;11
27465;Le Plessis-Hébert;6
27466;Le Plessis-Sainte-Opportune;7
27467;Pont-Audemer;567
27468;Pont-Authou;15
27469;Pont-de-l'Arche;88
27470;Pont-Saint-Pierre;45
27471;Porte-de-Seine;11
27472;Portes;10
27473;Port-Mort;19
27474;Poses;26
27475;La Poterie-Mathieu;5
27476;Les Préaux;7
27477;Pressagny-l'Orgueilleux;8
27478;Prey;26
27480;Puchay;18
27481;Pullay;11
27482;La Pyle;6
27483;Quatremare;8
27485;Quillebeuf-sur-Seine;13
27486;Quittebeuf;20
27487;Radepont;11
27488;Renneville;8
27489;Reuilly;7
27490;Richeville;8
27492;Romilly-la-Puthenaye;6
27493;Romilly-sur-Andelle;55
27495;La Roquette;2
27496;Rosay-sur-Lieure;9
27497;Rougemontiers;24
27498;Rouge-Perriers;8
27500;Routot;45
27501;Rouvray;7
27502;Rugles;64
27504;Sacquenville;20
27505;Saint-Agnan-de-Cernières;1
27507;Saint-André-de-l'Eure;142
27508;Saint-Antonin-de-Sommaire;3
27511;Saint-Aubin-d'Écrosville;20
27512;Saint-Aubin-de-Scellon;7
27514;Saint-Aubin-du-Thenney;12
27516;Treis-Sants-en-Ouche;27
27517;Saint-Aubin-sur-Gaillon;91
27518;Saint-Aubin-sur-Quillebeuf;7
27520;Saint-Benoît-des-Ombres;3
27521;Saint-Christophe-sur-Avre;8
27522;Saint-Christophe-sur-Condé;9
27524;Sainte-Colombe-la-Commanderie;14
27525;Sainte-Colombe-près-Vernon;13
27527;Saint-Cyr-de-Salerne;4
27528;Le Vaudreuil;93
27529;Saint-Cyr-la-Campagne;7
27530;Saint-Denis-d'Augerons;3
27531;Saint-Denis-des-Monts;4
27533;Saint-Denis-le-Ferment;23
27534;Saint-Didier-des-Bois;8
27535;Saint-Élier;4
27536;Saint-Éloi-de-Fourques;7
27537;Saint-Étienne-du-Vauvray;9
27538;Saint-Étienne-l'Allier;13
27539;Saint-Étienne-sous-Bailleul;9
27540;Sainte-Geneviève-lès-Gasny;12
27541;Le Mesnil-Saint-Jean;6
27542;Saint-Georges-du-Vièvre;19
27543;Saint-Georges-Motel;16
27544;Saint-Germain-de-Fresney;4
27545;Saint-Germain-de-Pasquier;3
27546;Saint-Germain-des-Angles;5
27547;Saint-Germain-la-Campagne;20
27548;Saint-Germain-sur-Avre;15
27550;Saint-Grégoire-du-Vièvre;4
27552;Saint-Jean-du-Thenney;4
27553;Saint-Julien-de-la-Liègue;6
27554;La Chapelle-Longueville;50
27555;Saint-Laurent-des-Bois;6
27556;Saint-Laurent-du-Tencement;2
27557;Saint-Léger-de-Rôtes;10
27558;Saint-Léger-du-Gennetey;5
27560;Saint-Luc;3
27561;Saint-Maclou;24
27562;Saint-Marcel;261
27563;Saint-Mards-de-Blacarville;14
27564;Saint-Mards-de-Fresne;8
27565;Le Lesme;16
27567;Sainte-Marie-de-Vatimesnil;9
27568;Sainte-Marthe;5
27569;Saint-Martin-du-Tilleul;5
27570;Saint-Martin-la-Campagne;1
27571;Saint-Martin-Saint-Firmin;3
27572;Saint-Meslin-du-Bosc;2
27576;Sainte-Opportune-du-Bosc;11
27577;Sainte-Opportune-la-Mare;11
27578;Sainte-Marie-d'Attez;12
27579;Saint-Ouen-de-Pontcheuil;4
27580;Saint-Ouen-de-Thouberville;64
27582;Saint-Ouen-du-Tilleul;36
27584;Saint-Paul-de-Fourques;5
27586;Saint-Philbert-sur-Boissey;4
27587;Saint-Philbert-sur-Risle;24
27589;Saint-Pierre-de-Bailleul;21
27590;Saint-Pierre-de-Cernières;9
27591;Saint-Pierre-de-Cormeilles;19
27592;Saint-Pierre-de-Salerne;12
27593;Saint-Pierre-des-Fleurs;33
27594;Saint-Pierre-des-Ifs;6
27595;Saint-Pierre-du-Bosguérard;14
27597;Saint-Pierre-du-Val;14
27598;Saint-Pierre-du-Vauvray;34
27599;Saint-Pierre-la-Garenne;29
27601;Saint-Samson-de-la-Roque;6
27602;Saint-Sébastien-de-Morsent;62
27603;Saint-Siméon;5
27604;Saint-Sulpice-de-Grimbouville;3
27605;Saint-Sylvestre-de-Cormeilles;12
27606;Saint-Symphorien;10
27608;Saint-Victor-de-Chrétienville;8
27609;Saint-Victor-d'Épine;5
27610;Saint-Victor-sur-Avre;2
27611;Saint-Vigor;3
27612;Saint-Vincent-des-Bois;7
27613;Saint-Vincent-du-Boulay;9
27614;Sancourt;5
27615;Sassey;5
27616;La Saussaye;37
27617;Saussay-la-Campagne;17
27618;Sébécourt;12
27620;Selles;10
27621;Serez;7
27622;Serquigny;37
27623;Surtauville;9
27624;Surville;10
27625;Suzay;7
27627;Le Theil-Nolent;11
27629;Thiberville;88
27630;Thibouville;8
27631;Thierville;7
27632;Le Thil;18
27633;Les Thilliers-en-Vexin;12
27635;Le Thuit;7
27638;Le Thuit de l'Oison;65
27640;Tilleul-Dame-Agnès;5
27641;Le Tilleul-Lambert;12
27643;Tillières-sur-Avre;23
27644;Tilly;20
27645;Tocqueville;3
27646;Le Torpt;9
27649;Touffreville;7
27650;Tournedos-Bois-Hubert;9
27652;Tourneville;5
27654;Tourville-la-Campagne;19
27655;Tourville-sur-Pont-Audemer;8
27656;Toutainville;26
27658;Le Tremblay-Omonville;7
27659;La Trinité;3
27660;La Trinité-de-Réville;3
27661;La Trinité-de-Thouberville;18
27662;Triqueville;4
27663;Le Troncq;10
27664;Le Tronquay;14
27665;Trouville-la-Haule;13
27666;La Vacherie;10
27667;Valailles;5
27668;Le Val-David;10
27669;Valletot;6
27670;Vandrimare;11
27671;Vannecrocq;6
27672;Vascœuil;12
27673;Vatteville;3
27674;Vaux-sur-Eure;5
27676;Les Trois Lacs;32
27677;Venon;10
27678;Les Ventes;11
27679;Verneuil d'Avre et d'Iton;319
27680;Verneusses;9
27681;Vernon;812
27682;Vesly;17
27683;Vézillon;2
27684;Le Vieil-Évreux;110
27685;La Vieille-Lyre;22
27686;Vieux-Port;1
27689;Villegats;10
27690;Villers-en-Vexin;8
27691;Villers-sur-le-Roule;9
27692;Villettes;2
27693;Sylvains-Lès-Moulins;38
27694;Villez-sous-Bailleul;4
27695;Villez-sur-le-Neubourg;7
27696;Villiers-en-Désœuvre;26
27697;Vironvay;21
27698;Vitot;12
27699;Voiscreville;1
27700;Vraiville;4
27701;Val-de-Reuil;428
28001;Abondant;45
28003;Allainville;3
28004;Allonnes;4
28005;Alluyes;18
28006;Amilly;51
28007;Anet;131
28008;Ardelles;6
28009;Ardelu;3
28010;Argenvilliers;13
28012;Vald'Yerre;96
28013;Aunay-sous-Auneau;17
28014;Aunay-sous-Crécy;8
28015;Auneau-Bleury-Saint-Symphorien;176
28016;Les Autels-Villevillon;3
28018;Authon-du-Perche;52
28019;Baigneaux;6
28021;Bailleau-le-Pin;40
28022;Bailleau-l'Évêque;17
28023;Bailleau-Armenonville;29
28024;Barjouville;155
28026;Baudreville;9
28027;La Bazoche-Gouet;45
28028;Bazoches-en-Dunois;10
28029;Bazoches-les-Hautes;8
28030;Beauche;10
28031;Beaumont-les-Autels;15
28032;Beauvilliers;16
28033;Belhomert-Guéhouville;22
28034;Berchères-Saint-Germain;8
28035;Berchères-les-Pierres;27
28036;Berchères-sur-Vesgre;15
28037;Bérou-la-Mulotière;5
28038;Béthonvilliers;4
28039;Béville-le-Comte;25
28040;Billancelles;6
28041;Blandainville;7
28045;Boissy-en-Drouais;4
28046;Boissy-lès-Perche;15
28047;Boisville-la-Saint-Père;27
28048;La Bourdinière-Saint-Loup;27
28049;Boncé;5
28050;Boncourt;3
28051;Bonneval;183
28052;Bouglainval;18
28053;Le Boullay-les-Deux-Églises;5
28054;Le Boullay-Mivoye;6
28055;Le Boullay-Thierry;12
28056;Boutigny-Prouais;31
28057;Bouville;11
28058;Bréchamps;5
28059;Brezolles;50
28060;Briconville;3
28061;Brou;132
28062;Broué;47
28064;Bû;49
28065;Bullainville;2
28067;Cernay;6
28068;Challet;7
28070;Champhol;73
28071;Champrond-en-Gâtine;15
28072;Champrond-en-Perchet;7
28073;Champseru;12
28074;La Chapelle-d'Aunainville;4
28075;La Chapelle-du-Noyer;27
28076;La Chapelle-Forainvilliers;2
28077;La Chapelle-Fortin;13
28078;Chapelle-Guillaume;5
28079;Chapelle-Royale;8
28080;Charbonnières;14
28081;Charonville;7
28082;Charpont;7
28084;Chartainvilliers;7
28085;Chartres;1827
28086;Chassant;11
28087;Châtaincourt;12
28088;Châteaudun;493
28089;Châteauneuf-en-Thymerais;102
28090;Les Châtelets;1
28091;Les Châtelliers-Notre-Dame;4
28092;Châtenay;7
28094;Chaudon;37
28095;Chauffours;5
28096;La Chaussée-d'Ivry;27
28098;Cherisy;66
28099;Chuisnes;18
28100;Cintray;5
28102;Clévilliers;20
28103;Cloyes-les-Trois-Rivières;132
28104;Coltainville;15
28105;Combres;12
28106;Conie-Molitard;5
28107;Corancez;7
28108;Cormainville;4
28109;Les Corvées-les-Yys;5
28110;Le Coudray;176
28111;Coudray-au-Perche;20
28113;Coulombs;19
28114;Courbehaye;4
28116;Courville-sur-Eure;121
28117;Crécy-Couvé;5
28118;Croisilles;11
28119;La Croix-du-Perche;5
28120;Crucey-Villages;9
28121;Dambron;5
28122;Dammarie;33
28123;Dampierre-sous-Brou;7
28124;Dampierre-sur-Avre;16
28126;Dancy;5
28127;Dangeau;31
28128;Dangers;14
28129;Denonville;14
28130;Digny;29
28132;Donnemain-Saint-Mamès;13
28134;Dreux;1039
28135;Droue-sur-Drouette;39
28136;Écluzelles;6
28137;Écrosnes;7
28139;Épeautrolles;8
28140;Épernon;162
28141;Ermenonville-la-Grande;10
28142;Ermenonville-la-Petite;1
28143;Escorpain;6
28144;Les Étilleux;9
28146;Faverolles;24
28147;Favières;17
28148;Le Favril;6
28149;La Ferté-Vidame;22
28151;Fessanvilliers-Mattanvilliers;5
28153;Flacey;5
28154;Fontaine-la-Guyon;49
28155;Fontaine-les-Ribouts;3
28156;Fontaine-Simon;19
28157;Fontenay-sur-Conie;5
28158;Fontenay-sur-Eure;102
28159;La Framboisière;7
28160;Francourville;19
28161;Frazé;9
28162;Fresnay-le-Comte;8
28163;Fresnay-le-Gilmert;5
28164;Fresnay-l'Évêque;26
28166;Friaize;5
28167;Fruncé;6
28168;Gallardon;92
28169;Garancières-en-Beauce;17
28170;Garancières-en-Drouais;7
28171;Garnay;23
28172;Gas;18
28173;Gasville-Oisème;29
28175;La Gaudaine;7
28176;Le Gault-Saint-Denis;9
28177;Gellainville;175
28178;Germainville;10
28180;Gilles;7
28182;Gohory;4
28183;Gommerville;13
28184;Gouillons;5
28185;Goussainville;19
28187;Guainville;27
28188;Le Gué-de-Longroi;17
28189;Guilleville;7
28190;Guillonville;14
28191;Hanches;59
28192;Happonvilliers;7
28193;Havelu;4
28194;Houville-la-Branche;21
28195;Houx;7
28196;Illiers-Combray;96
28197;Intréville;3
28198;Jallans;8
28199;Janville-en-Beauce;102
28200;Jaudrais;6
28201;Jouy;34
28202;Lamblore;11
28203;Landelles;9
28206;Laons;13
28207;Léthuin;3
28208;Levainville;11
28209;Lèves;120
28210;Levesville-la-Chenard;4
28211;Logron;10
28212;Loigny-la-Bataille;6
28213;Lormaye;14
28214;La Loupe;129
28215;Louville-la-Chenard;14
28216;Louvilliers-en-Drouais;5
28217;Louvilliers-lès-Perche;7
28218;Lucé;342
28219;Luigny;14
28220;Luisant;215
28221;Lumeau;5
28222;Luplanté;9
28223;Luray;12
28225;Magny;7
28226;Maillebois;22
28227;Maintenon;139
28229;Mainvilliers;236
28230;Maisons;8
28231;La Mancelière;2
28232;Manou;13
28233;Marboué;33
28234;Marchéville;9
28235;Marchezais;9
28236;Arcisses;73
28237;Marolles-les-Buis;5
28239;Marville-Moutiers-Brûlé;18
28240;Meaucé;14
28242;Méréglise;3
28243;Mérouville;7
28245;Meslay-le-Grenet;5
28246;Meslay-le-Vidame;6
28247;Le Mesnil-Simon;17
28248;Le Mesnil-Thomas;4
28249;Mévoisins;6
28251;Mézières-en-Drouais;28
28252;Miermaigne;7
28253;Mignières;50
28254;Mittainvilliers-Vérigny;15
28255;Moinville-la-Jeulin;3
28256;Moléans;10
28257;Mondonville-Saint-Jean;3
28259;Montboissier;5
28260;Montharville;4
28261;Montigny-le-Chartif;10
28263;Montigny-sur-Avre;5
28264;Montireau;4
28265;Montlandon;5
28267;Montreuil;13
28268;Morainville;2
28269;Morancez;47
28270;Moriers;6
28271;Morvilliers;4
28272;Mottereau;1
28273;Moulhard;4
28274;Moutiers;8
28275;Néron;17
28277;Neuvy-en-Dunois;11
28278;Nogent-le-Phaye;110
28279;Nogent-le-Roi;139
28280;Nogent-le-Rotrou;380
28281;Nogent-sur-Eure;16
28282;Nonvilliers-Grandhoux;2
28283;Nottonville;12
28284;Oinville-Saint-Liphard;18
28285;Oinville-sous-Auneau;7
28286;Ollé;6
28287;Orgères-en-Beauce;45
28289;Ormoy;7
28290;Orrouer;6
28291;Ouarville;22
28292;Ouerre;8
28293;Oulins;19
28294;Oysonville;8
28296;Péronville;7
28298;Pierres;71
28299;Les Pinthières;1
28300;Poinville;5
28301;Poisvilliers;9
28302;Pontgouin;21
28303;Poupry;18
28304;Prasville;8
28305;Pré-Saint-Évroult;5
28306;Pré-Saint-Martin;3
28308;Prudemanche;8
28309;Prunay-le-Gillon;24
28310;La Puisaye;7
28312;Puiseux;3
28313;Réclainville;7
28314;Les Ressuintes;4
28315;Revercourt;2
28316;Rohaire;3
28317;Roinville;8
28319;Neuville Saint Denis;18
28321;Rouvres;24
28322;Rueil-la-Gadelière;9
28323;Saint-Ange-et-Torçay;7
28324;Saint-Arnoult-des-Bois;16
28325;Saint-Aubin-des-Bois;19
28326;Saint-Avit-les-Guespières;4
28327;Saint-Bomer;10
28329;Saint-Christophe;3
28330;Villemaury;48
28331;Saintigny;20
28332;Sainte-Gemme-Moronval;42
28333;Saint-Denis-des-Puits;2
28334;Saint-Denis-Lanneray;69
28335;Saint-Éliph;11
28336;Saint-Éman;1
28337;Saint-Georges-sur-Eure;73
28339;Saint-Germain-le-Gaillard;11
28341;Saint-Jean-de-Rebervilliers;4
28342;Saint-Jean-Pierre-Fixte;9
28343;Saint-Laurent-la-Gâtine;13
28344;Saint-Léger-des-Aubées;9
28346;Saint-Lubin-de-Cravant;2
28347;Saint-Lubin-de-la-Haye;30
28348;Saint-Lubin-des-Joncherets;71
28349;Saint-Lucien;9
28350;Saint-Luperce;29
28351;Saint-Maixme-Hauterive;12
28352;Saint-Martin-de-Nigelles;21
28353;Saint-Maur-sur-le-Loir;7
28354;Saint-Maurice-Saint-Germain;10
28355;Saint-Ouen-Marchefroy;14
28357;Saint-Piat;24
28358;Saint-Prest;39
28359;Saint-Rémy-sur-Avre;56
28360;Saint-Sauveur-Marville;15
28362;Saint-Victor-de-Buthon;13
28363;Sainville;37
28364;Sancheville;22
28365;Sandarville;11
28366;Santeuil;5
28367;Santilly;10
28368;La Saucelle;4
28369;Saulnières;13
28370;Saumeray;8
28371;Saussay;48
28372;Senantes;7
28373;Senonches;102
28374;Serazereux;14
28375;Serville;7
28377;Sorel-Moussel;33
28378;Souancé-au-Perche;17
28379;Soulaires;4
28380;Sours;39
28382;Terminiers;31
28383;Theuville;15
28385;Le Thieulin;7
28386;Thimert-Gâtelles;32
28387;Thiron-Gardais;44
28388;Thivars;32
28389;Thiville;11
28390;Tillay-le-Péneux;10
28391;Toury;74
28392;Trancrainville;5
28393;Tremblay-les-Villages;58
28394;Tréon;21
28395;Trizay-Coutretot-Saint-Serge;9
28396;Trizay-lès-Bonneval;4
28397;Umpeau;8
28398;Unverre;32
28400;Varize;11
28401;Vaupillon;6
28403;Ver-lès-Chartres;19
28404;Vernouillet;387
28405;Vert-en-Drouais;20
28406;Éole-en-Beauce;49
28407;Vichères;13
28408;Vierville;2
28409;Vieuvicq;15
28410;Villampuy;14
28411;Villars;2
28414;Villebon;1
28415;Villemeux-sur-Eure;38
28417;Villiers-le-Morhier;14
28418;Villiers-Saint-Orien;6
28419;Vitray-en-Beauce;7
28421;Voise;3
28422;Les Villages Vovéens;141
28423;Yermenonville;15
28424;Yèvres;36
28425;Ymeray;9
28426;Ymonville;15
29001;Argol;26
29002;Arzano;31
29003;Audierne;186
29004;Bannalec;154
29005;Baye;25
29006;Bénodet;150
29007;Berrien;21
29008;Beuzec-Cap-Sizun;27
29010;Bodilis;41
29011;Bohars;43
29012;Bolazec;10
29013;Botmeur;6
29014;Botsorhel;12
29015;Bourg-Blanc;96
29016;Brasparts;29
29017;Brélès;20
29018;Brennilis;12
29019;Brest;4136
29020;Briec;201
29021;Plounéour-Brignogan-plages;60
29022;Camaret-sur-Mer;75
29023;Carantec;106
29024;Carhaix-Plouguer;405
29025;Cast;25
29026;Châteaulin;272
29027;Châteauneuf-du-Faou;138
29028;Cléden-Cap-Sizun;18
29029;Cléden-Poher;37
29030;Cléder;142
29031;Clohars-Carnoët;137
29032;Clohars-Fouesnant;46
29033;Le Cloître-Pleyben;15
29034;Le Cloître-Saint-Thégonnec;11
29035;Coat-Méal;20
29036;Collorec;11
29037;Combrit;118
29038;Commana;26
29039;Concarneau;912
29040;Le Conquet;99
29041;Coray;65
29042;Crozon;324
29043;Daoulas;64
29044;Dinéault;30
29045;Dirinon;55
29046;Douarnenez;511
29047;Le Drennec;27
29048;Edern;45
29049;Elliant;69
29051;Ergué-Gabéric;253
29053;Le Faou;90
29054;La Feuillée;11
29055;Le Folgoët;74
29056;La Forest-Landerneau;36
29057;La Forêt-Fouesnant;140
29058;Fouesnant;349
29059;Garlan;31
29060;Gouesnach;42
29061;Gouesnou;354
29062;Gouézec;19
29063;Goulien;11
29064;Goulven;16
29065;Gourlizon;17
29066;Guengat;31
29067;Guerlesquin;44
29068;Guiclan;78
29069;Guilers;151
29070;Guiler-sur-Goyen;9
29071;Guilligomarc'h;14
29072;Guilvinec;136
29073;Guimaëc;32
29074;Guimiliau;10
29075;Guipavas;738
29076;Milizac-Guipronvel;133
29077;Guissény;57
29078;Hanvec;36
29079;Henvic;33
29080;Hôpital-Camfrout;30
29081;Huelgoat;52
29082;Île-de-Batz;34
29083;Île-de-Sein;18
29084;Île-Molène;10
29085;Île-Tudy;25
29086;Irvillac;28
29087;Le Juch;21
29089;Kergloff;27
29090;Kerlaz;12
29091;Kerlouan;54
29093;Kernilis;38
29094;Kernouës;6
29095;Kersaint-Plabennec;37
29097;Lampaul-Guimiliau;40
29098;Lampaul-Plouarzel;33
29099;Lampaul-Ploudalmézeau;19
29100;Lanarvily;8
29101;Landéda;89
29102;Landeleau;28
29103;Landerneau;524
29104;Landévennec;15
29105;Landivisiau;391
29106;Landrévarzec;34
29107;Landudal;16
29108;Landudec;33
29109;Landunvez;26
29110;Langolen;22
29111;Lanhouarneau;32
29112;Lanildut;20
29113;Lanmeur;89
29114;Lannéanou;6
29115;Lannédern;14
29116;Lanneuffret;3
29117;Lannilis;207
29119;Lanrivoaré;44
29120;Lanvéoc;41
29122;Laz;15
29123;Lennon;20
29124;Lesneven;258
29125;Leuhan;28
29126;Loc-Brévalaire;4
29128;Loc-Eguiner;13
29130;Locmaria-Plouzané;77
29131;Locmélar;9
29132;Locquénolé;10
29133;Locquirec;46
29134;Locronan;51
29135;Loctudy;119
29136;Locunolé;21
29137;Logonna-Daoulas;36
29139;Lopérec;22
29140;Loperhet;89
29141;Loqueffret;9
29142;Lothey;14
29143;Mahalon;27
29144;La Martyre;22
29145;Confort-Meilars;24
29146;Melgven;83
29147;Mellac;142
29148;Mespaul;31
29150;Moëlan-sur-Mer;155
29151;Morlaix;613
29152;Motreff;19
29153;Névez;69
29155;Ouessant;57
29156;Pencran;30
29158;Penmarch;179
29159;Peumerit;21
29160;Plabennec;278
29161;Pleuven;90
29162;Pleyben;156
29163;Pleyber-Christ;80
29165;Plobannalec-Lesconil;106
29166;Ploéven;14
29167;Plogastel-Saint-Germain;52
29168;Plogoff;37
29169;Plogonnec;80
29170;Plomelin;102
29171;Plomeur;132
29172;Plomodiern;66
29173;Plonéis;49
29174;Plonéour-Lanvern;193
29175;Plonévez-du-Faou;84
29176;Plonévez-Porzay;70
29177;Plouarzel;91
29178;Ploudalmézeau;174
29179;Ploudaniel;204
29180;Ploudiry;24
29181;Plouédern;133
29182;Plouégat-Guérand;29
29183;Plouégat-Moysan;14
29184;Plouénan;93
29185;Plouescat;108
29186;Plouezoc'h;39
29187;Plougar;30
29188;Plougasnou;100
29189;Plougastel-Daoulas;323
29190;Plougonvelin;110
29191;Plougonven;64
29192;Plougoulm;42
29193;Plougourvest;26
29195;Plouguerneau;151
29196;Plouguin;45
29197;Plouhinec;94
29198;Plouider;46
29199;Plouigneau;184
29201;Ploumoguer;60
29202;Plounéour-Ménez;33
29204;Plounéventer;39
29205;Plounévézel;28
29206;Plounévez-Lochrist;70
29207;Plourin-lès-Morlaix;97
29208;Plourin;30
29209;Plouvien;71
29210;Plouvorn;114
29211;Plouyé;14
29212;Plouzané;239
29213;Plouzévédé;68
29214;Plovan;18
29215;Plozévet;67
29216;Pluguffan;119
29217;Pont-Aven;145
29218;Pont-Croix;80
29220;Pont-l'Abbé;437
29221;Porspoder;40
29222;Port-Launay;5
29224;Pouldergat;28
29225;Pouldreuzic;50
29226;Poullan-sur-Mer;39
29227;Poullaouen;51
29228;Primelin;10
29229;Quéménéven;34
29230;Querrien;45
29232;Quimper;3051
29233;Quimperlé;483
29234;Rédené;68
29235;Le Relecq-Kerhuon;216
29236;Riec-sur-Bélon;127
29237;La Roche-Maurice;28
29238;Roscanvel;13
29239;Roscoff;177
29240;Rosnoën;23
29241;Rosporden;187
29243;Saint-Coulitz;8
29244;Saint-Derrien;18
29245;Saint-Divy;38
29246;Saint-Eloy;7
29247;Saint-Évarzec;209
29248;Saint-Frégant;21
29249;Saint-Goazec;16
29250;Saint-Hernin;21
29251;Saint-Jean-du-Doigt;24
29252;Saint-Jean-Trolimon;17
29254;Saint-Martin-des-Champs;377
29255;Saint-Méen;15
29256;Saint-Nic;26
29257;Saint-Pabu;31
29259;Saint-Pol-de-Léon;336
29260;Saint-Renan;295
29261;Saint-Rivoal;5
29262;Saint-Sauveur;10
29263;Saint-Ségal;23
29264;Saint-Servais;12
29265;Sainte-Sève;42
29266;Saint-Thégonnec Loc-Eguiner;81
29267;Saint-Thois;12
29268;Saint-Thonan;60
29269;Saint-Thurien;25
29270;Saint-Urbain;19
29271;Saint-Vougay;33
29272;Saint-Yvi;67
29273;Santec;54
29274;Scaër;134
29275;Scrignac;32
29276;Sibiril;28
29277;Sizun;80
29278;Spézet;54
29279;Taulé;96
29280;Telgruc-sur-Mer;63
29281;Tourch;25
29282;Trébabu;8
29284;Treffiagat;46
29285;Tréflaouénan;16
29286;Tréflévénez;13
29287;Tréflez;23
29288;Trégarantec;10
29289;Trégarvan;7
29290;Tréglonou;11
29291;Trégourez;22
29292;Tréguennec;9
29293;Trégunc;153
29294;Le Tréhou;19
29295;Trémaouézan;10
29296;Tréméoc;17
29297;Tréméven;30
29298;Tréogat;6
29299;Tréouergat;9
29300;Le Trévoux;28
29301;Trézilidé;8
29302;Pont-de-Buis-lès-Quimerch;85
2A001;Afa;178
2A004;Ajaccio;3111
2A006;Alata;93
2A008;Albitreccia;54
2A011;Altagène;3
2A014;Ambiegna;1
2A017;Appietto;52
2A018;Arbellara;5
2A019;Arbori;3
2A021;Argiusta-Moriccio;1
2A022;Arro;3
2A024;Aullène;9
2A026;Azilone-Ampaza;7
2A027;Azzana;1
2A028;Balogna;5
2A031;Bastelica;22
2A032;Bastelicaccia;124
2A035;Belvédère-Campomoro;20
2A038;Bilia;4
2A040;Bocognano;24
2A041;Bonifacio;449
2A048;Calcatoggio;45
2A056;Campo;4
2A060;Cannelle;1
2A061;Carbini;3
2A062;Carbuccia;15
2A064;Cardo-Torgia;1
2A065;Cargèse;121
2A066;Cargiaca;2
2A070;Casaglione;26
2A071;Casalabriva;9
2A085;Cauro;54
2A089;Ciamannacce;2
2A090;Coggia;27
2A091;Cognocoli-Monticchi;6
2A092;Conca;56
2A094;Corrano;2
2A098;Coti-Chiavari;44
2A099;Cozzano;18
2A100;Cristinacce;2
2A103;Cuttoli-Corticchiato;28
2A104;Eccica-Suarella;44
2A108;Évisa;20
2A114;Figari;98
2A115;Foce;5
2A117;Forciolo;1
2A118;Fozzano;11
2A119;Frasseto;2
2A127;Giuncheto;5
2A128;Granace;3
2A129;Grossa;1
2A130;Grosseto-Prugna;241
2A131;Guagno;2
2A132;Guargualé;2
2A133;Guitera-les-Bains;5
2A139;Lecci;148
2A141;Letia;5
2A142;Levie;41
2A144;Lopigna;2
2A146;Loreto-di-Tallano;1
2A154;Marignana;6
2A158;Mela;2
2A160;Moca-Croce;9
2A163;Monacia-d'Aullène;7
2A174;Murzo;4
2A181;Ocana;21
2A186;Olivese;7
2A189;Olmeto;83
2A191;Olmiccia;4
2A196;Orto;1
2A197;Osani;14
2A198;Ota;95
2A200;Palneca;4
2A203;Partinello;7
2A204;Pastricciola;2
2A209;Peri;52
2A211;Petreto-Bicchisano;34
2A212;Piana;42
2A215;Pianottoli-Caldarello;50
2A228;Pietrosella;86
2A232;Pila-Canale;9
2A240;Poggiolo;5
2A247;Porto-Vecchio;1387
2A249;Propriano;350
2A253;Quasquara;2
2A254;Quenza;15
2A258;Renno;2
2A259;Rezza;1
2A262;Rosazia;4
2A266;Salice;5
2A268;Sampolo;3
2A269;Sari-Solenzara;95
2A270;Sari-d'Orcino;12
2A271;Sarrola-Carcopino;480
2A272;Sartène;197
2A276;Serra-di-Ferro;60
2A278;Serra-di-Scopamène;8
2A279;Serriera;9
2A282;Soccia;7
2A284;Sollacaro;16
2A285;Sorbollano;3
2A288;Sotta;67
2A295;Sant'Andréa-d'Orcino;4
2A300;San-Gavino-di-Carbini;41
2A308;Sainte-Lucie-de-Tallano;20
2A310;Santa-Maria-Figaniella;2
2A312;Santa-Maria-Siché;25
2A322;Tasso;5
2A323;Tavaco;24
2A324;Tavera;7
2A326;Tolla;8
2A330;Ucciani;8
2A331;Urbalacone;2
2A336;Valle-di-Mezzana;13
2A345;Vero;14
2A348;Vico;92
2A349;Viggianello;52
2A351;Villanova;8
2A357;Zérubia;1
2A358;Zévaco;6
2A359;Zicavo;17
2A360;Zigliara;3
2A362;Zonza;234
2A363;Zoza;1
2B002;Aghione;24
2B003;Aiti;1
2B005;Alando;1
2B007;Albertacce;9
2B009;Aléria;165
2B010;Algajola;39
2B012;Altiani;4
2B013;Alzi;2
2B015;Ampriani;1
2B016;Antisanti;28
2B020;Aregno;39
2B023;Asco;8
2B025;Avapessa;1
2B029;Barbaggio;11
2B030;Barrettali;8
2B033;Bastia;1944
2B034;Belgodère;52
2B036;Bigorno;3
2B037;Biguglia;634
2B039;Bisinchi;6
2B042;Borgo;525
2B043;Brando;65
2B045;Bustanico;4
2B046;Cagnano;7
2B047;Calacuccia;23
2B049;Calenzana;112
2B050;Calvi;525
2B051;Cambia;2
2B052;Campana;2
2B053;Campi;1
2B054;Campile;6
2B055;Campitello;4
2B057;Canale-di-Verde;12
2B058;Canari;12
2B059;Canavaggia;5
2B063;Carcheto-Brustico;3
2B067;Carpineto;1
2B068;Carticasi;2
2B069;Casabianca;3
2B072;Casalta;1
2B073;Casamaccioli;3
2B074;Casanova;7
2B075;Casevecchie;2
2B077;Castellare-di-Casinca;32
2B078;Castellare-di-Mercurio;3
2B079;Castello-di-Rostino;20
2B080;Castifao;5
2B081;Castiglione;1
2B082;Castineta;4
2B083;Castirla;4
2B084;Cateri;6
2B086;Centuri;23
2B087;Cervione;90
2B088;Chiatra;7
2B093;Corbara;86
2B095;Corscia;3
2B096;Corte;415
2B097;Costa;5
2B101;Croce;1
2B102;Crocicchia;1
2B105;Erbajolo;4
2B106;Érone;1
2B107;Ersa;10
2B109;Farinole;9
2B110;Favalello;2
2B111;Felce;2
2B112;Feliceto;19
2B113;Ficaja;1
2B116;Focicchia;2
2B120;Furiani;427
2B121;Galéria;47
2B122;Gavignano;3
2B123;Ghisonaccia;315
2B124;Ghisoni;11
2B125;Giocatojo;1
2B126;Giuncaggio;2
2B134;L'Île-Rousse;380
2B135;Isolaccio-di-Fiumorbo;5
2B136;Lama;11
2B137;Lano;1
2B138;Lavatoggio;7
2B140;Lento;2
2B143;Linguizzetta;63
2B145;Loreto-di-Casinca;7
2B147;Lozzi;3
2B148;Lucciana;343
2B149;Lugo-di-Nazza;5
2B150;Lumio;64
2B152;Luri;51
2B153;Manso;4
2B155;Matra;1
2B156;Mausoléo;2
2B157;Mazzola;2
2B159;Meria;5
2B161;Moïta;1
2B162;Moltifao;15
2B164;Monacia-d'Orezza;1
2B165;Moncale;11
2B166;Monte;19
2B167;Montegrosso;21
2B168;Monticello;77
2B169;Morosaglia;55
2B170;Morsiglia;15
2B171;Muracciole;2
2B172;Murato;18
2B173;Muro;7
2B175;Nessa;2
2B176;Nocario;2
2B177;Noceta;1
2B178;Nonza;10
2B179;Novale;4
2B180;Novella;2
2B182;Occhiatana;15
2B183;Ogliastro;7
2B184;Olcani;2
2B185;Oletta;64
2B187;Olmeta-di-Capocorso;3
2B188;Olmeta-di-Tuda;20
2B190;Olmi-Cappella;7
2B192;Olmo;2
2B193;Omessa;16
2B194;Ortale;1
2B195;Ortiporio;5
2B199;Palasca;10
2B201;Pancheraccia;9
2B202;Parata;2
2B205;Patrimonio;52
2B206;Penta-Acquatella;2
2B207;Penta-di-Casinca;206
2B208;Perelli;1
2B210;Pero-Casevecchie;5
2B213;Pianello;1
2B214;Piano;1
2B216;Piazzali;1
2B217;Piazzole;3
2B218;Piedicorte-di-Gaggio;3
2B219;Piedicroce;10
2B220;Piedigriggio;8
2B221;Piedipartino;2
2B222;Pie-d'Orezza;1
2B223;Pietralba;15
2B224;Pietracorbara;25
2B225;Pietra-di-Verde;2
2B226;Pietraserena;3
2B227;Pietricaggio;2
2B229;Pietroso;8
2B230;Piève;5
2B231;Pigna;19
2B233;Pino;10
2B234;Piobetta;1
2B235;Pioggiola;6
2B236;Poggio-di-Nazza;6
2B238;Poggio-di-Venaco;12
2B239;Poggio-d'Oletta;14
2B241;Poggio-Marinaccio;2
2B242;Poggio-Mezzana;23
2B243;Polveroso;1
2B244;Popolasca;2
2B245;Porri;3
2B246;La Porta;15
2B248;Prato-di-Giovellina;1
2B250;Prunelli-di-Casacconi;4
2B251;Prunelli-di-Fiumorbo;174
2B252;Pruno;8
2B255;Quercitello;1
2B256;Rapaggio;3
2B257;Rapale;9
2B260;Riventosa;8
2B261;Rogliano;61
2B263;Rospigliani;2
2B264;Rusio;2
2B265;Rutali;11
2B267;Saliceto;2
2B273;Scata;3
2B274;Scolca;1
2B275;Sermano;1
2B277;Serra-di-Fiumorbo;8
2B280;Silvareccio;6
2B281;Sisco;48
2B283;Solaro;25
2B286;Sorbo-Ocagnano;49
2B287;Sorio;3
2B289;Soveria;9
2B290;Speloncato;13
2B291;Stazzona;3
2B292;Sant'Andréa-di-Bozio;1
2B293;Sant'Andréa-di-Cotone;4
2B296;Sant'Antonino;11
2B297;San-Damiano;2
2B298;Saint-Florent;198
2B299;San-Gavino-d'Ampugnani;6
2B301;San-Gavino-di-Tenda;3
2B302;San-Giovanni-di-Moriani;3
2B303;San-Giuliano;67
2B304;San-Lorenzo;9
2B305;San-Martino-di-Lota;63
2B306;Santa-Lucia-di-Mercurio;7
2B307;Santa-Lucia-di-Moriani;64
2B309;Santa-Maria-di-Lota;49
2B311;Santa-Maria-Poggio;40
2B313;San-Nicolao;132
2B314;Santo-Pietro-di-Tenda;23
2B315;Santo-Pietro-di-Venaco;4
2B316;Santa-Reparata-di-Balagna;32
2B317;Santa-Reparata-di-Moriani;3
2B318;Taglio-Isolaccio;18
2B319;Talasani;23
2B320;Tallone;22
2B321;Tarrano;2
2B327;Tomino;8
2B328;Tox;6
2B329;Tralonca;2
2B332;Urtaca;5
2B333;Vallecalle;6
2B334;Valle-d'Alesani;3
2B335;Valle-di-Campoloro;19
2B337;Valle-di-Rostino;3
2B338;Valle-d'Orezza;1
2B339;Vallica;1
2B340;Velone-Orneto;4
2B341;Venaco;26
2B342;Ventiseri;77
2B343;Venzolasca;57
2B344;Verdèse;2
2B346;Vescovato;132
2B347;Vezzani;11
2B350;Vignale;4
2B352;Ville-di-Paraso;5
2B353;Ville-di-Pietrabugno;114
2B354;Vivario;16
2B355;Volpajola;18
2B356;Zalana;2
2B361;Zilia;12
2B364;Zuani;1
2B365;San-Gavino-di-Fiumorbo;4
2B366;Chisa;3
30001;Aigaliers;17
30002;Aigremont;12
30003;Aigues-Mortes;429
30004;Aigues-Vives;97
30005;Aiguèze;18
30006;Aimargues;187
30007;Alès;1857
30008;Allègre-les-Fumades;31
30009;Alzon;7
30010;Anduze;208
30011;Les Angles;495
30012;Aramon;114
30013;Argilliers;15
30014;Arpaillargues-et-Aureillac;27
30015;Arphy;4
30016;Arre;7
30017;Arrigas;9
30018;Aspères;26
30019;Aubais;95
30020;Aubord;69
30021;Aubussargues;12
30022;Aujac;2
30023;Aujargues;23
30024;Aulas;14
30025;Aumessas;5
30026;Avèze;28
30027;Bagard;94
30028;Bagnols-sur-Cèze;723
30029;Barjac;109
30030;Baron;15
30031;La Bastide-d'Engras;10
30032;Beaucaire;560
30033;Beauvoisin;83
30034;Bellegarde;204
30035;Belvézet;11
30036;Bernis;124
30037;Bessèges;78
30038;Bez-et-Esparon;8
30039;Bezouce;56
30040;Blandas;6
30041;Blauzac;24
30042;Boisset-et-Gaujac;81
30043;Boissières;6
30044;Bonnevaux;2
30045;Bordezac;5
30046;Boucoiran-et-Nozières;26
30047;Bouillargues;238
30048;Bouquet;6
30049;Bourdic;22
30050;Bragassargues;5
30051;Branoux-les-Taillades;12
30052;Bréau-Mars;18
30053;Brignon;21
30054;Brouzet-lès-Quissac;7
30055;Brouzet-lès-Alès;15
30056;La Bruguière;10
30057;Cabrières;24
30058;La Cadière-et-Cambo;4
30059;Le Cailar;69
30060;Caissargues;280
30061;La Calmette;101
30062;Calvisson;200
30064;Campestre-et-Luc;3
30065;Canaules-et-Argentières;13
30066;Cannes-et-Clairan;13
30067;La Capelle-et-Masmolène;13
30068;Cardet;33
30069;Carnas;10
30070;Carsan;11
30071;Cassagnoles;11
30072;Castelnau-Valence;15
30073;Castillon-du-Gard;56
30074;Causse-Bégon;1
30075;Caveirac;153
30076;Cavillargues;28
30077;Cendras;25
30079;Chambon;2
30080;Chamborigaud;20
30081;Chusclan;48
30082;Clarensac;61
30083;Codognan;79
30084;Codolet;22
30085;Collias;34
30086;Collorgues;16
30087;Colognac;3
30088;Combas;14
30089;Comps;31
30090;Concoules;9
30091;Congénies;51
30092;Connaux;53
30093;Conqueyrac;12
30095;Corconne;25
30096;Cornillon;36
30097;Courry;11
30098;Crespian;13
30099;Cros;8
30100;Cruviers-Lascours;16
30101;Deaux;21
30102;Dions;13
30103;Domazan;72
30104;Domessargues;13
30105;Dourbies;9
30106;Durfort-et-Saint-Martin-de-Sossenac;23
30107;Estézargues;23
30108;L'Estréchure;8
30109;Euzet;13
30110;Flaux;9
30111;Foissac;20
30112;Fons;26
30113;Fons-sur-Lussan;10
30114;Fontanès;23
30115;Fontarèches;7
30116;Fournès;39
30117;Fourques;108
30119;Fressac;6
30120;Gagnières;15
30121;Gailhan;12
30122;Gajan;17
30123;Gallargues-le-Montueux;172
30124;Le Garn;11
30125;Garons;137
30126;Garrigues-Sainte-Eulalie;22
30127;Gaujac;17
30128;Générac;153
30129;Générargues;20
30130;Génolhac;34
30131;Goudargues;52
30132;La Grand-Combe;93
30133;Le Grau-du-Roi;689
30134;Issirac;9
30135;Jonquières-Saint-Vincent;115
30136;Junas;21
30137;Lamelouze;1
30138;Langlade;67
30139;Lanuéjols;27
30140;Lasalle;52
30141;Laudun-l'Ardoise;190
30142;Laval-Pradel;14
30143;Laval-Saint-Roman;5
30144;Lecques;9
30145;Lédenon;42
30146;Lédignan;50
30147;Lézan;51
30148;Liouc;11
30149;Lirac;18
30150;Logrian-Florian;9
30151;Lussan;27
30152;Les Mages;44
30153;Malons-et-Elze;3
30154;Mandagout;7
30155;Manduel;151
30156;Marguerittes;317
30158;Martignargues;18
30159;Le Martinet;7
30160;Maruéjols-lès-Gardon;15
30161;Massanes;7
30162;Massillargues-Attuech;23
30163;Mauressargues;5
30164;Méjannes-le-Clap;26
30165;Méjannes-lès-Alès;62
30166;Meynes;61
30167;Meyrannes;12
30168;Mialet;18
30169;Milhaud;151
30170;Molières-Cavaillac;25
30171;Molières-sur-Cèze;23
30172;Monoblet;27
30173;Mons;38
30174;Montaren-et-Saint-Médiers;48
30175;Montclus;11
30176;Montdardier;8
30177;Monteils;16
30178;Montfaucon;24
30179;Montfrin;90
30180;Montignargues;9
30181;Montmirat;6
30182;Montpezat;27
30183;Moulézan;12
30184;Moussac;44
30185;Mus;29
30186;Nages-et-Solorgues;31
30187;Navacelles;12
30188;Ners;17
30189;Nîmes;6470
30191;Orsan;29
30192;Orthoux-Sérignac-Quilhan;14
30193;Parignargues;14
30194;Peyremale;5
30195;Peyrolles;2
30196;Le Pin;5
30197;Les Plans;11
30198;Les Plantiers;8
30199;Pommiers;3
30200;Pompignan;16
30201;Ponteils-et-Brésis;7
30202;Pont-Saint-Esprit;302
30203;Portes;6
30204;Potelières;9
30205;Pougnadoresse;9
30206;Poulx;71
30207;Pouzilhac;26
30208;Puechredon;4
30209;Pujaut;102
30210;Quissac;152
30211;Redessan;91
30212;Remoulins;156
30213;Revens;1
30214;Ribaute-les-Tavernes;51
30215;Rivières;13
30216;Robiac-Rochessadoule;10
30217;Rochefort-du-Gard;180
30218;Rochegude;7
30219;Rogues;8
30220;Roquedur;5
30221;Roquemaure;154
30222;La Roque-sur-Cèze;11
30223;Rousson;61
30224;La Rouvière;14
30225;Sabran;40
30226;Saint-Alexandre;47
30227;Saint-Ambroix;142
30228;Sainte-Anastasie;30
30229;Saint-André-de-Majencoules;21
30230;Saint-André-de-Roquepertuis;13
30231;Saint-André-de-Valborgne;12
30232;Saint-André-d'Olérargues;9
30233;Saint-Bauzély;21
30234;Saint-Bénézet;10
30235;Saint-Bonnet-du-Gard;19
30236;Saint-Bonnet-de-Salendrinque;8
30237;Saint-Brès;9
30238;Saint-Bresson;1
30239;Sainte-Cécile-d'Andorge;6
30240;Saint-Césaire-de-Gauzignan;10
30241;Saint-Chaptes;75
30242;Saint-Christol-de-Rodières;5
30243;Saint-Christol-lez-Alès;210
30244;Saint-Clément;9
30245;Saint-Côme-et-Maruéjols;26
30246;Sainte-Croix-de-Caderle;1
30247;Saint-Denis;8
30248;Saint-Dézéry;9
30249;Saint-Dionisy;38
30250;Saint-Étienne-de-l'Olm;8
30251;Saint-Étienne-des-Sorts;15
30252;Saint-Félix-de-Pallières;12
30253;Saint-Florent-sur-Auzonnet;19
30254;Saint-Geniès-de-Comolas;32
30255;Saint-Geniès-de-Malgoirès;80
30256;Saint-Gervais;25
30257;Saint-Gervasy;38
30258;Saint-Gilles;444
30259;Saint-Hilaire-de-Brethmas;165
30260;Saint-Hilaire-d'Ozilhan;40
30261;Saint-Hippolyte-de-Caton;9
30262;Saint-Hippolyte-de-Montaigu;4
30263;Saint-Hippolyte-du-Fort;159
30264;Saint-Jean-de-Ceyrargues;10
30265;Saint-Jean-de-Crieulon;5
30266;Saint-Jean-de-Maruéjols-et-Avéjan;36
30267;Saint-Jean-de-Serres;17
30268;Saint-Jean-de-Valériscle;10
30269;Saint-Jean-du-Gard;100
30270;Saint-Jean-du-Pin;25
30271;Saint-Julien-de-Cassagnas;13
30272;Saint-Julien-de-la-Nef;8
30273;Saint-Julien-de-Peyrolas;28
30274;Saint-Julien-les-Rosiers;59
30275;Saint-Just-et-Vacquières;6
30276;Saint-Laurent-d'Aigouze;127
30277;Saint-Laurent-de-Carnols;9
30278;Saint-Laurent-des-Arbres;106
30279;Saint-Laurent-la-Vernède;19
30280;Saint-Laurent-le-Minier;10
30281;Saint-Mamert-du-Gard;36
30282;Saint-Marcel-de-Careiret;16
30283;Saint-Martial;4
30284;Saint-Martin-de-Valgalgues;115
30285;Saint-Maurice-de-Cazevieille;45
30286;Saint-Maximin;16
30287;Saint-Michel-d'Euzet;14
30288;Saint-Nazaire;23
30289;Saint-Nazaire-des-Gardies;6
30290;Saint-Paulet-de-Caisson;40
30291;Saint-Paul-la-Coste;6
30292;Saint-Pons-la-Calm;12
30293;Saint-Privat-de-Champclos;18
30294;Saint-Privat-des-Vieux;131
30295;Saint-Quentin-la-Poterie;114
30296;Saint-Roman-de-Codières;5
30297;Saint-Sauveur-Camprieu;9
30298;Saint-Sébastien-d'Aigrefeuille;12
30299;Saint-Siffret;23
30300;Saint-Théodorit;10
30301;Saint-Victor-des-Oules;9
30302;Saint-Victor-la-Coste;40
30303;Saint-Victor-de-Malcap;17
30304;Salazac;1
30305;Salindres;119
30306;Salinelles;15
30307;Les Salles-du-Gardon;38
30308;Sanilhac-Sagriès;26
30309;Sardan;4
30310;Saumane;15
30311;Sauve;83
30312;Sauveterre;49
30313;Sauzet;17
30314;Savignargues;11
30315;Saze;43
30316;Sénéchas;2
30317;Sernhac;49
30318;Servas;9
30319;Serviers-et-Labaume;19
30320;Seynes;7
30321;Sommières;293
30322;Soudorgues;12
30323;Soustelle;1
30324;Souvignargues;18
30325;Sumène;52
30326;Tavel;76
30327;Tharaux;2
30328;Théziers;33
30329;Thoiras-Corbès;29
30330;Tornac;26
30331;Tresques;63
30332;Trèves;9
30333;Uchaud;80
30334;Uzès;599
30335;Vabres;3
30336;Vallabrègues;35
30337;Vallabrix;10
30338;Vallérargues;7
30339;Val-d'Aigoual;77
30340;Valliguières;19
30341;Vauvert;401
30342;Vénéjan;29
30343;Verfeuil;18
30344;Vergèze;203
30345;La Vernarède;4
30346;Vers-Pont-du-Gard;58
30347;Vestric-et-Candiac;73
30348;Vézénobres;86
30349;Vic-le-Fesq;10
30350;Le Vigan;192
30351;Villeneuve-lès-Avignon;393
30352;Villevieille;53
30353;Vissec;4
30354;Montagnac;7
30355;Saint-Paul-les-Fonts;17
30356;Rodilhan;60
31001;Agassac;7
31002;Aignes;5
31003;Aigrefeuille;23
31004;Ayguesvives;62
31005;Alan;7
31006;Albiac;3
31007;Ambax;2
31008;Anan;10
31009;Antichan-de-Frontignes;2
31010;Antignac;1
31011;Arbas;9
31012;Arbon;2
31013;Ardiège;4
31014;Arguenos;2
31015;Argut-Dessous;1
31017;Arlos;5
31018;Arnaud-Guilhem;5
31019;Artigue;0
31020;Aspet;43
31021;Aspret-Sarrat;3
31022;Aucamville;332
31023;Aulon;6
31024;Auragne;8
31025;Aureville;25
31026;Auriac-sur-Vendinelle;32
31027;Auribail;4
31028;Aurignac;60
31029;Aurin;6
31030;Ausseing;1
31031;Ausson;15
31032;Aussonne;142
31033;Auterive;395
31034;Auzas;2
31035;Auzeville-Tolosane;114
31036;Auzielle;23
31037;Avignonet-Lauragais;52
31038;Azas;14
31039;Bachas;2
31040;Bachos;1
31041;Bagiry;2
31042;Bagnères-de-Luchon;202
31043;Balesta;2
31044;Balma;863
31045;Barbazan;8
31046;Baren;1
31047;Bax;2
31048;Baziège;91
31049;Bazus;10
31050;Beauchalot;12
31051;Beaufort;11
31052;Beaumont-sur-Lèze;39
31053;Beaupuy;33
31054;Beauteville;5
31055;Beauville;5
31056;Beauzelle;201
31057;Belberaud;44
31058;Belbèze-de-Lauragais;2
31059;Belbèze-en-Comminges;5
31060;Bélesta-en-Lauragais;3
31061;Bellegarde-Sainte-Marie;8
31062;Bellesserre;2
31063;Benque;2
31064;Benque-Dessous-et-Dessus;0
31065;Bérat;57
31066;Bessières;164
31067;Bezins-Garraux;2
31068;Billière;1
31069;Blagnac;1255
31070;Blajan;7
31071;Bois-de-la-Pierre;6
31072;Boissède;1
31073;Bondigoux;15
31074;Bonrepos-Riquet;7
31075;Bonrepos-sur-Aussonnelle;37
31076;Bordes-de-Rivière;8
31077;Le Born;11
31078;Boudrac;3
31079;Bouloc;170
31080;Boulogne-sur-Gesse;81
31081;Bourg-d'Oueil;2
31082;Bourg-Saint-Bernard;28
31083;Boussan;3
31084;Boussens;35
31085;Boutx;19
31086;Bouzin;2
31087;Bragayrac;6
31088;Brax;43
31089;Bretx;18
31090;Brignemont;6
31091;Bruguières;251
31092;Burgalays;2
31093;Le Burgaud;13
31094;Buzet-sur-Tarn;77
31095;Cabanac-Cazaux;4
31096;Cabanac-Séguenville;3
31097;Le Cabanial;11
31098;Cadours;56
31099;Caignac;7
31100;Calmont;45
31101;Cambernard;9
31102;Cambiac;6
31103;Canens;3
31104;Capens;39
31105;Caragoudes;4
31106;Caraman;101
31107;Carbonne;275
31108;Cardeilhac;7
31109;Cassagnabère-Tournas;12
31110;Cassagne;13
31111;Castagnac;3
31112;Castagnède;4
31113;Castanet-Tolosan;375
31114;Castelbiague;4
31115;Castelgaillard;4
31116;Castelginest;193
31117;Castelmaurou;114
31118;Castelnau-d'Estrétefonds;300
31119;Castelnau-Picampeau;9
31120;Le Castéra;16
31121;Castéra-Vignoles;1
31122;Casties-Labrande;5
31123;Castillon-de-Larboust;5
31124;Castillon-de-Saint-Martory;11
31125;Cathervielle;0
31126;Caubiac;7
31127;Caubous;0
31128;Caujac;11
31129;Cazarilh-Laspènes;1
31130;Cazaril-Tambourès;2
31131;Cazaunous;1
31132;Cazaux-Layrisse;0
31133;Cazeaux-de-Larboust;4
31134;Cazeneuve-Montaut;1
31135;Cazères;202
31136;Cépet;31
31137;Cessales;5
31138;Charlas;5
31139;Chaum;4
31140;Chein-Dessus;4
31141;Ciadoux;7
31142;Cier-de-Luchon;6
31143;Cier-de-Rivière;3
31144;Cierp-Gaud;21
31145;Cintegabelle;93
31146;Cirès;2
31147;Clarac;16
31148;Clermont-le-Fort;10
31149;Colomiers;1351
31150;Cornebarrieu;309
31151;Corronsac;19
31152;Coueilles;3
31153;Couladère;6
31155;Couret;3
31156;Cox;7
31157;Cugnaux;538
31158;Cuguron;2
31159;Le Cuing;14
31160;Daux;28
31161;Deyme;58
31162;Donneville;31
31163;Drémil-Lafage;82
31164;Drudas;6
31165;Eaunes;130
31166;Empeaux;8
31167;Encausse-les-Thermes;15
31168;Eoux;3
31169;Escalquens;189
31170;Escanecrabe;7
31171;Espanès;4
31172;Esparron;1
31173;Esperce;7
31174;Estadens;17
31175;Estancarbon;133
31176;Esténos;4
31177;Eup;3
31178;Fabas;7
31179;Le Faget;16
31180;Falga;5
31181;Le Fauga;46
31182;Fenouillet;341
31183;Figarol;5
31184;Flourens;100
31185;Folcarde;4
31186;Fonbeauzard;80
31187;Fonsorbes;267
31188;Fontenilles;101
31189;Forgues;5
31190;Fos;8
31191;Fougaron;2
31192;Fourquevaux;23
31193;Le Fousseret;64
31194;Francarville;4
31195;Francazal;3
31196;Francon;7
31197;Franquevielle;5
31198;Le Fréchet;3
31199;Fronsac;2
31200;Frontignan-de-Comminges;3
31201;Frontignan-Savès;2
31202;Fronton;253
31203;Frouzins;128
31204;Fustignac;1
31205;Gagnac-sur-Garonne;67
31206;Gaillac-Toulza;21
31207;Galié;2
31208;Ganties;7
31209;Garac;5
31210;Gardouch;28
31211;Gargas;12
31212;Garidech;92
31213;Garin;6
31215;Gauré;8
31216;Gémil;5
31217;Génos;3
31218;Gensac-de-Boulogne;1
31219;Gensac-sur-Garonne;10
31220;Gibel;9
31221;Gouaux-de-Larboust;14
31222;Gouaux-de-Luchon;2
31223;Goudex;4
31224;Gourdan-Polignan;53
31225;Goutevernisse;3
31226;Gouzens;7
31227;Goyrans;11
31228;Gragnague;81
31229;Gratens;19
31230;Gratentour;111
31231;Grazac;12
31232;Grenade;293
31233;Grépiac;11
31234;Le Grès;6
31235;Guran;2
31236;Herran;1
31237;His;9
31238;Huos;6
31239;L'Isle-en-Dodon;80
31240;Issus;20
31241;Izaut-de-l'Hôtel;6
31242;Jurvielle;1
31243;Juzes;3
31244;Juzet-de-Luchon;8
31245;Juzet-d'Izaut;6
31246;Labarthe-Inard;36
31247;Labarthe-Rivière;26
31248;Labarthe-sur-Lèze;151
31249;Labastide-Beauvoir;24
31250;Labastide-Clermont;9
31251;Labastide-Paumès;5
31252;Labastide-Saint-Sernin;31
31253;Labastidette;46
31254;Labège;1025
31255;Labroquère;8
31256;Labruyère-Dorsa;3
31258;Lacaugne;9
31259;Lacroix-Falgarde;56
31260;Laffite-Toupière;1
31261;Lafitte-Vigordane;31
31262;Lagarde;6
31263;Lagardelle-sur-Lèze;56
31264;Lagrâce-Dieu;7
31265;Lagraulet-Saint-Nicolas;5
31266;Lahage;10
31267;Lahitère;1
31268;Lalouret-Laffiteau;3
31269;Lamasquère;19
31270;Landorthe;37
31271;Lanta;56
31272;Lapeyrère;2
31273;Lapeyrouse-Fossat;60
31274;Larcan;3
31275;Laréole;7
31276;Larroque;8
31277;Lasserre-Pradère;19
31278;Latoue;5
31279;Latour;2
31280;Latrape;5
31281;Launac;25
31282;Launaguet;228
31283;Lautignac;12
31284;Lauzerville;17
31285;Lavalette;30
31286;Lavelanet-de-Comminges;30
31287;Lavernose-Lacasse;81
31288;Layrac-sur-Tarn;7
31289;Lécussan;8
31290;Lège;1
31291;Léguevin;175
31292;Lescuns;2
31293;Lespinasse;162
31294;Lespiteau;1
31295;Lespugue;4
31296;Lestelle-de-Saint-Martory;10
31297;Lévignac;65
31299;Lherm;89
31300;Lieoux;2
31301;Lilhac;1
31302;Lodes;10
31303;Longages;67
31304;Loubens-Lauragais;15
31305;Loudet;4
31306;Lourde;4
31308;Luscan;1
31309;Lussan-Adeilhac;6
31310;Lux;8
31311;La Magdelaine-sur-Tarn;27
31312;Mailholas;1
31313;Malvezie;4
31314;Mancioux;6
31315;Mane;28
31316;Marignac;11
31317;Marignac-Lasclares;9
31318;Marignac-Laspeyres;4
31319;Marliac;2
31320;Marquefave;29
31321;Marsoulas;3
31322;Martisserre;2
31323;Martres-de-Rivière;10
31324;Martres-Tolosane;89
31325;Mascarville;3
31326;Massabrac;4
31327;Mauran;4
31328;Mauremont;11
31329;Maurens;5
31330;Mauressac;9
31331;Maureville;7
31332;Mauvaisin;6
31333;Mauvezin;2
31334;Mauzac;36
31335;Mayrègne;0
31336;Mazères-sur-Salat;22
31337;Melles;4
31338;Menville;12
31339;Mérenvielle;11
31340;Mervilla;11
31341;Merville;144
31342;Milhas;5
31343;Mirambeau;3
31344;Miramont-de-Comminges;13
31345;Miremont;67
31346;Mirepoix-sur-Tarn;13
31347;Molas;7
31348;Moncaup;1
31349;Mondavezan;29
31350;Mondilhan;1
31351;Mondonville;90
31352;Mondouzil;36
31353;Monès;3
31354;Monestrol;1
31355;Mons;28
31356;Montaigut-sur-Save;36
31357;Montastruc-de-Salies;8
31358;Montastruc-la-Conseillère;129
31359;Montastruc-Savès;3
31360;Montauban-de-Luchon;21
31361;Montaut;9
31362;Montberaud;3
31363;Montbernard;8
31364;Montberon;65
31365;Montbrun-Bocage;8
31366;Montbrun-Lauragais;18
31367;Montclar-de-Comminges;3
31368;Montclar-Lauragais;7
31369;Mont-de-Galié;2
31370;Montégut-Bourjac;5
31371;Montégut-Lauragais;7
31372;Montespan;12
31373;Montesquieu-Guittaut;2
31374;Montesquieu-Lauragais;19
31375;Montesquieu-Volvestre;75
31376;Montgaillard-de-Salies;2
31377;Montgaillard-Lauragais;17
31378;Montgaillard-sur-Save;2
31379;Montgazin;3
31380;Montgeard;14
31381;Montgiscard;69
31382;Montgras;5
31383;Montjoire;33
31384;Montlaur;26
31385;Montmaurin;4
31386;Montoulieu-Saint-Bernard;7
31387;Montoussin;4
31388;Montpitol;7
31389;Montrabé;182
31390;Montréjeau;126
31391;Montsaunès;17
31392;Mourvilles-Basses;2
31393;Mourvilles-Hautes;4
31394;Moustajon;10
31395;Muret;1010
31396;Nailloux;177
31397;Nénigan;1
31398;Nizan-Gesse;4
31399;Noé;141
31400;Nogaret;2
31401;Noueilles;5
31402;Odars;12
31403;Ondes;25
31404;Oô;13
31405;Ore;3
31406;Palaminy;16
31407;Paulhac;24
31408;Payssous;2
31409;Péchabou;39
31410;Pechbonnieu;147
31411;Pechbusque;21
31412;Péguilhan;16
31413;Pelleport;12
31414;Peyrissas;4
31415;Peyrouzet;4
31416;Peyssies;23
31417;Pibrac;180
31418;Pin-Balma;29
31419;Le Pin-Murelet;2
31420;Pinsaguel;115
31421;Pins-Justaret;88
31422;Plagne;1
31423;Plagnole;6
31424;Plaisance-du-Touch;571
31425;Le Plan;8
31426;Pointis-de-Rivière;10
31427;Pointis-Inard;12
31428;Polastron;2
31429;Pompertuzat;38
31430;Ponlat-Taillebourg;18
31431;Portet-d'Aspet;2
31432;Portet-de-Luchon;0
31433;Portet-sur-Garonne;772
31434;Poubeau;1
31435;Poucharramet;31
31436;Pouy-de-Touges;11
31437;Pouze;1
31439;Préserville;13
31440;Proupiary;1
31441;Prunet;6
31442;Puydaniel;13
31443;Puymaurin;5
31444;Puysségur;6
31445;Quint-Fonsegrives;319
31446;Ramonville-Saint-Agne;499
31447;Razecueillé;1
31448;Rebigue;13
31449;Régades;2
31450;Renneville;8
31451;Revel;468
31452;Rieucazé;3
31453;Rieumajou;3
31454;Rieumes;122
31455;Rieux-Volvestre;71
31456;Riolas;5
31457;Roquefort-sur-Garonne;5
31458;Roques;192
31459;Roquesérière;17
31460;Roquettes;67
31461;Rouède;8
31462;Rouffiac-Tolosan;158
31463;Roumens;7
31464;Sabonnères;5
31465;Saccourvielle;0
31466;Saiguède;12
31467;Saint-Alban;300
31468;Saint-André;6
31469;Saint-Araille;4
31470;Saint-Aventin;11
31471;Saint-Béat-Lez;19
31472;Saint-Bertrand-de-Comminges;19
31473;Saint-Cézert;7
31474;Saint-Christaud;5
31475;Saint-Clar-de-Rivière;25
31476;Saint-Élix-le-Château;32
31477;Saint-Élix-Séglan;1
31478;Saint-Félix-Lauragais;54
31479;Saint-Ferréol-de-Comminges;3
31480;Sainte-Foy-d'Aigrefeuille;80
31481;Sainte-Foy-de-Peyrolières;39
31482;Saint-Frajou;2
31483;Saint-Gaudens;590
31484;Saint-Geniès-Bellevue;48
31485;Saint-Germier;1
31486;Saint-Hilaire;22
31487;Saint-Ignan;6
31488;Saint-Jean;386
31489;Saint-Jean-Lherm;13
31490;Saint-Jory;293
31491;Saint-Julia;9
31492;Saint-Julien-sur-Garonne;9
31493;Saint-Lary-Boujean;3
31494;Saint-Laurent;5
31495;Saint-Léon;23
31496;Sainte-Livrade;5
31497;Saint-Loup-Cammas;38
31498;Saint-Loup-en-Comminges;1
31499;Saint-Lys;187
31500;Saint-Mamet;13
31501;Saint-Marcel-Paulel;9
31502;Saint-Marcet;13
31503;Saint-Martory;39
31504;Saint-Médard;7
31505;Saint-Michel;5
31506;Saint-Orens-de-Gameville;452
31507;Saint-Paul-sur-Save;26
31508;Saint-Paul-d'Oueil;1
31509;Saint-Pé-d'Ardet;3
31510;Saint-Pé-Delbosc;2
31511;Saint-Pierre;7
31512;Saint-Pierre-de-Lages;10
31513;Saint-Plancard;7
31514;Saint-Rome;2
31515;Saint-Rustice;7
31516;Saint-Sauveur;67
31517;Saint-Sulpice-sur-Lèze;65
31518;Saint-Thomas;10
31519;Saint-Vincent;4
31520;Sajas;3
31521;Saleich;11
31522;Salerm;2
31523;Salies-du-Salat;72
31524;Salles-et-Pratviel;6
31525;Salles-sur-Garonne;14
31526;La Salvetat-Saint-Gilles;126
31527;La Salvetat-Lauragais;5
31528;Saman;4
31529;Samouillan;5
31530;Sana;5
31531;Sarrecave;4
31532;Sarremezan;1
31533;Saubens;33
31534;Saussens;10
31535;Sauveterre-de-Comminges;15
31536;Saux-et-Pomarède;7
31537;Savarthès;2
31538;Savères;5
31539;Sédeilhac;1
31540;Ségreville;6
31541;Seilh;100
31542;Seilhan;15
31543;Sénarens;3
31544;Sengouagnet;7
31545;Sepx;6
31546;Seyre;2
31547;Seysses;238
31548;Signac;1
31549;Sode;1
31550;Soueich;12
31551;Tarabel;12
31552;Terrebasse;2
31553;Thil;13
31554;Touille;8
31555;Toulouse;19612
31556;Les Tourreilles;9
31557;Tournefeuille;601
31558;Toutens;5
31559;Trébons-de-Luchon;0
31560;Trébons-sur-la-Grasse;14
31561;L'Union;712
31562;Urau;6
31563;Vacquiers;45
31564;Valcabrère;5
31565;Valentine;29
31566;Vallègue;6
31567;Vallesvilles;15
31568;Varennes;5
31569;Vaudreuille;10
31570;Vaux;7
31571;Vendine;4
31572;Venerque;89
31573;Verfeil;147
31574;Vernet;84
31575;Vieille-Toulouse;38
31576;Vieillevigne;6
31577;Vignaux;3
31578;Vigoulet-Auzil;16
31579;Villariès;14
31580;Villate;13
31581;Villaudric;23
31582;Villefranche-de-Lauragais;275
31583;Villematier;41
31584;Villemur-sur-Tarn;191
31585;Villeneuve-de-Rivière;53
31586;Villeneuve-Lécussan;10
31587;Villeneuve-lès-Bouloc;97
31588;Villeneuve-Tolosane;208
31589;Villenouvelle;29
31590;Binos;1
31591;Escoulis;4
31592;Larra;34
31593;Cazac;3
32001;Aignan;36
32002;Ansan;3
32003;Antras;2
32004;Arblade-le-Bas;5
32005;Arblade-le-Haut;13
32007;Ardizas;2
32008;Armentieux;2
32009;Armous-et-Cau;2
32010;Arrouède;1
32012;Aubiet;27
32013;Auch;1287
32014;Augnax;1
32015;Aujan-Mournède;1
32016;Auradé;14
32017;Aurensan;5
32018;Aurimont;7
32019;Auterive;11
32020;Aux-Aussat;10
32021;Avensac;2
32022;Avéron-Bergelle;2
32023;Avezan;5
32024;Ayguetinte;10
32025;Ayzieu;7
32026;Bajonnette;3
32027;Barcelonne-du-Gers;37
32028;Barcugnan;2
32029;Barran;16
32030;Bars;11
32031;Bascous;4
32032;Bassoues;12
32033;Bazian;4
32034;Bazugues;2
32035;Beaucaire;7
32036;Beaumarchés;22
32037;Beaumont;4
32038;Beaupuy;5
32039;Beccas;1
32040;Bédéchan;4
32041;Bellegarde;3
32042;Belloc-Saint-Clamens;9
32043;Belmont;6
32044;Béraut;8
32045;Berdoues;6
32046;Bernède;4
32047;Berrac;8
32048;Betcave-Aguin;5
32049;Bétous;1
32050;Betplan;1
32051;Bézéril;8
32052;Bezolles;3
32053;Bézues-Bajon;4
32054;Biran;12
32055;Bivès;7
32056;Blanquefort;4
32057;Blaziert;8
32058;Blousson-Sérian;2
32059;Bonas;2
32060;Boucagnères;1
32061;Boulaur;7
32062;Bourrouillan;9
32063;Bouzon-Gellenave;3
32064;Bretagne-d'Armagnac;15
32065;Le Brouilh-Monbert;8
32066;Brugnens;9
32068;Cadeilhan;2
32069;Cadeillan;3
32070;Cahuzac-sur-Adour;7
32071;Caillavet;5
32072;Callian;3
32073;Campagne-d'Armagnac;6
32075;Cassaigne;9
32076;Castelnau-Barbarens;18
32077;Castelnau-d'Anglès;2
32078;Castelnau-d'Arbieu;8
32079;Castelnau d'Auzan Labarrère;35
32080;Castelnau-sur-l'Auvignon;9
32081;Castelnavet;3
32082;Castéra-Lectourois;13
32083;Castéra-Verduzan;42
32084;Castéron;3
32085;Castet-Arrouy;11
32086;Castex;1
32087;Castex-d'Armagnac;7
32088;Castillon-Debats;10
32089;Castillon-Massas;3
32090;Castillon-Savès;9
32091;Castin;10
32092;Catonvielle;3
32093;Caumont;2
32094;Caupenne-d'Armagnac;12
32095;Caussens;19
32096;Cazaubon;100
32097;Cazaux-d'Anglès;2
32098;Cazaux-Savès;11
32099;Cazaux-Villecomtal;1
32100;Cazeneuve;2
32101;Céran;7
32102;Cézan;4
32103;Chélan;7
32104;Clermont-Pouyguillès;5
32105;Clermont-Savès;6
32106;Cologne;31
32107;Condom;339
32108;Corneillan;3
32109;Couloumé-Mondebat;6
32110;Courrensan;15
32111;Courties;1
32112;Crastes;8
32113;Cravencères;7
32114;Cuélas;4
32115;Dému;16
32116;Duffort;8
32117;Duran;12
32118;Durban;6
32119;Eauze;221
32120;Encausse;10
32121;Endoufielle;12
32122;Esclassan-Labastide;7
32123;Escornebœuf;12
32124;Espaon;6
32125;Espas;5
32126;Estampes;5
32127;Estang;17
32128;Estipouy;10
32129;Estramiac;7
32130;Faget-Abbatial;1
32131;Flamarens;2
32132;Fleurance;257
32133;Fourcès;19
32134;Frégouville;5
32135;Fustérouau;5
32136;Galiax;2
32138;Garravet;3
32139;Gaudonville;5
32140;Gaujac;1
32141;Gaujan;2
32142;Gavarret-sur-Aulouste;8
32143;Gazaupouy;14
32144;Gazax-et-Baccarisse;2
32145;Gée-Rivière;2
32146;Gimbrède;6
32147;Gimont;181
32148;Giscaro;5
32149;Gondrin;48
32150;Goutz;4
32151;Goux;2
32152;Haget;5
32153;Haulies;4
32154;Homps;6
32155;Le Houga;39
32156;Idrac-Respaillès;15
32157;L'Isle-Arné;4
32158;L'Isle-Bouzon;12
32159;L'Isle-de-Noé;18
32160;L'Isle-Jourdain;425
32161;Izotges;4
32162;Jegun;43
32163;Jû-Belloc;6
32164;Juillac;6
32165;Juilles;4
32166;Justian;4
32167;Laas;7
32169;Labarthe;4
32170;Labarthète;7
32171;Labastide-Savès;6
32172;Labéjan;7
32173;Labrihe;14
32174;Ladevèze-Rivière;5
32175;Ladevèze-Ville;4
32176;Lagarde;5
32177;Lagarde-Hachan;4
32178;Lagardère;2
32180;Lagraulet-du-Gers;17
32181;Laguian-Mazous;7
32182;Lahas;3
32183;Lahitte;2
32184;Lalanne;1
32185;Lalanne-Arqué;6
32186;Lamaguère;4
32187;Lamazère;3
32188;Lamothe-Goas;6
32189;Lannemaignan;2
32190;Lannepax;22
32191;Lanne-Soubiran;9
32192;Lannux;7
32193;Larée;6
32194;Larressingle;9
32195;Larroque-Engalin;2
32196;Larroque-Saint-Sernin;1
32197;Larroque-sur-l'Osse;14
32198;Lartigue;10
32199;Lasserrade;7
32200;Lasséran;7
32201;Lasseube-Propre;14
32202;Laujuzan;9
32203;Lauraët;6
32204;Lavardens;12
32205;Laveraët;4
32206;Laymont;6
32207;Leboulin;8
32208;Lectoure;213
32209;Lelin-Lapujolle;3
32210;Lias;15
32211;Lias-d'Armagnac;4
32212;Ligardes;7
32213;Lombez;84
32214;Loubédat;9
32215;Loubersan;8
32216;Lourties-Monbrun;2
32217;Louslitges;3
32218;Loussous-Débat;3
32219;Lupiac;14
32220;Luppé-Violles;5
32221;Lussan;10
32222;Magnan;8
32223;Magnas;4
32224;Maignaut-Tauzia;4
32225;Malabat;2
32226;Manas-Bastanous;2
32227;Manciet;27
32228;Manent-Montané;5
32229;Mansempuy;5
32230;Mansencôme;4
32231;Marambat;7
32232;Maravat;4
32233;Marciac;88
32234;Marestaing;4
32235;Margouët-Meymes;3
32236;Marguestau;4
32237;Marsan;15
32238;Marseillan;6
32239;Marsolan;25
32240;Mascaras;3
32241;Mas-d'Auvignon;3
32242;Masseube;56
32243;Mauléon-d'Armagnac;10
32244;Maulichères;8
32245;Maumusson-Laguian;17
32246;Maupas;5
32247;Maurens;8
32248;Mauroux;5
32249;Mauvezin;93
32250;Meilhan;4
32251;Mérens;3
32252;Miélan;37
32253;Miradoux;22
32254;Miramont-d'Astarac;12
32255;Miramont-Latour;6
32256;Mirande;175
32257;Mirannes;4
32258;Mirepoix;5
32261;Monblanc;7
32262;Monbrun;8
32263;Moncassin;7
32264;Monclar;5
32265;Monclar-sur-Losse;2
32266;Moncorneil-Grazan;2
32267;Monferran-Plavès;2
32268;Monferran-Savès;27
32269;Monfort;14
32270;Mongausy;1
32271;Monguilhem;14
32272;Monlaur-Bernet;5
32273;Monlezun;7
32274;Monlezun-d'Armagnac;8
32275;Monpardiac;1
32276;Montadet;3
32277;Montamat;10
32278;Montaut;9
32279;Montaut-les-Créneaux;21
32280;Mont-d'Astarac;3
32281;Mont-de-Marrast;4
32282;Montégut;17
32283;Montégut-Arros;5
32284;Montégut-Savès;4
32285;Montesquiou;23
32286;Montestruc-sur-Gers;20
32287;Monties;5
32288;Montiron;7
32289;Montpezat;5
32290;Montréal;57
32291;Mormès;5
32292;Mouchan;13
32293;Mouchès;2
32294;Mourède;6
32295;Nizas;3
32296;Nogaro;136
32297;Noilhan;12
32298;Nougaroulet;9
32299;Noulens;5
32300;Orbessan;6
32301;Ordan-Larroque;24
32302;Ornézan;9
32303;Pallanne;2
32304;Panassac;13
32305;Panjas;15
32306;Pauilhac;17
32307;Pavie;95
32308;Pébées;1
32309;Pellefigue;3
32310;Perchède;3
32311;Pergain-Taillac;5
32312;Pessan;22
32313;Pessoulens;10
32314;Peyrecave;3
32315;Peyrusse-Grande;6
32316;Peyrusse-Massas;2
32317;Peyrusse-Vieille;2
32318;Pis;2
32319;Plaisance;85
32320;Plieux;5
32321;Polastron;8
32322;Pompiac;8
32323;Ponsampère;3
32324;Ponsan-Soubiran;3
32325;Pouydraguin;5
32326;Pouylebon;6
32327;Pouy-Loubrin;3
32328;Pouy-Roquelaure;4
32329;Préchac;12
32330;Préchac-sur-Adour;2
32331;Preignan;44
32332;Préneron;6
32333;Projan;10
32334;Pujaudran;46
32335;Puycasquier;5
32336;Puylausic;6
32337;Puységur;2
32338;Ramouzens;6
32339;Razengues;5
32340;Réans;9
32341;Réjaumont;9
32342;Ricourt;3
32343;Riguepeu;5
32344;Riscle;97
32345;La Romieu;27
32346;Roquebrune;5
32347;Roquefort;10
32348;Roquelaure;17
32349;Roquelaure-Saint-Aubin;2
32350;Roquepine;2
32351;Roques;6
32352;Rozès;10
32353;Sabaillan;8
32354;Sabazan;2
32355;Sadeillan;3
32356;Saint-André;5
32357;Sainte-Anne;4
32358;Saint-Antoine;5
32359;Saint-Antonin;5
32360;Saint-Arailles;2
32361;Saint-Arroman;7
32362;Saint-Aunix-Lengros;5
32363;Sainte-Aurence-Cazaux;2
32364;Saint-Avit-Frandat;6
32365;Cap d'Astarac;19
32366;Saint-Brès;5
32367;Saint-Christaud;2
32368;Sainte-Christie;14
32369;Sainte-Christie-d'Armagnac;21
32370;Saint-Clar;52
32371;Saint-Créac;4
32372;Saint-Cricq;3
32373;Sainte-Dode;4
32374;Saint-Élix-d'Astarac;3
32375;Saint-Élix-Theux;5
32376;Sainte-Gemme;2
32377;Saint-Georges;7
32378;Saint-Germé;21
32379;Saint-Germier;4
32380;Saint-Griède;5
32381;Saint-Jean-le-Comtal;12
32382;Saint-Jean-Poutge;20
32383;Saint-Justin;5
32384;Saint-Lary;6
32385;Saint-Léonard;3
32386;Saint-Lizier-du-Planté;3
32387;Saint-Loube;2
32388;Sainte-Marie;7
32389;Saint-Martin;16
32390;Saint-Martin-d'Armagnac;13
32391;Saint-Martin-de-Goyne;4
32392;Saint-Martin-Gimois;3
32393;Saint-Maur;8
32394;Saint-Médard;18
32395;Sainte-Mère;7
32396;Saint-Mézard;7
32397;Saint-Michel;13
32398;Saint-Mont;18
32399;Saint-Orens;2
32400;Saint-Orens-Pouy-Petit;5
32401;Saint-Ost;3
32402;Saint-Paul-de-Baïse;3
32403;Saint-Pierre-d'Aubézies;2
32404;Saint-Puy;26
32405;Sainte-Radegonde;4
32406;Saint-Sauvy;10
32407;Saint-Soulan;3
32408;Salles-d'Armagnac;4
32409;Samaran;2
32410;Samatan;135
32411;Sansan;2
32412;Saramon;33
32414;Sarragachies;11
32415;Sarraguzan;3
32416;Sarrant;9
32417;La Sauvetat;10
32418;Sauveterre;8
32419;Sauviac;5
32420;Sauvimont;2
32421;Savignac-Mona;2
32422;Scieurac-et-Flourès;2
32423;Séailles;2
32424;Ségos;10
32425;Ségoufielle;18
32426;Seissan;59
32427;Sembouès;3
32428;Sémézies-Cachan;1
32429;Sempesserre;18
32430;Sère;2
32431;Sérempuy;5
32432;Seysses-Savès;9
32433;Simorre;32
32434;Sion;4
32435;Sirac;5
32436;Solomiac;22
32437;Sorbets;7
32438;Tachoires;5
32439;Tarsac;2
32440;Tasque;4
32441;Taybosc;5
32442;Terraube;13
32443;Termes-d'Armagnac;7
32444;Thoux;7
32445;Tieste-Uragnoux;3
32446;Tillac;6
32447;Tirent-Pontéjac;4
32448;Touget;13
32449;Toujouse;7
32450;Tourdun;4
32451;Tournan;7
32452;Tournecoupe;12
32453;Tourrenquets;1
32454;Traversères;3
32455;Troncens;9
32456;Tudelle;1
32457;Urdens;5
32458;Urgosse;6
32459;Valence-sur-Baïse;39
32460;Vergoignan;6
32461;Verlus;5
32462;Vic-Fezensac;146
32463;Viella;18
32464;Villecomtal-sur-Arros;26
32465;Villefranche-d'Astarac;2
32466;Viozan;7
32467;Saint-Caprais;4
32468;Aussos;3
33001;Abzac;44
33002;Aillas;46
33003;Ambarès-et-Lagrave;416
33004;Ambès;77
33005;Andernos-les-Bains;638
33006;Anglade;19
33007;Arbanats;38
33008;Porte-de-Benauge;28
33009;Arcachon;849
33010;Arcins;17
33011;Arès;264
33012;Arsac;108
33013;Artigues-près-Bordeaux;467
33014;Les Artigues-de-Lussac;37
33015;Arveyres;99
33016;Asques;11
33017;Aubiac;6
33018;Val de Virvée;59
33019;Audenge;200
33020;Auriolles;3
33021;Auros;33
33022;Avensan;66
33023;Ayguemorte-les-Graves;62
33024;Bagas;8
33025;Baigneaux;9
33026;Balizac;8
33027;Barie;11
33028;Baron;23
33029;Le Barp;171
33030;Barsac;61
33031;Bassanne;4
33032;Bassens;264
33033;Baurech;37
33034;Bayas;10
33035;Bayon-sur-Gironde;12
33036;Bazas;252
33037;Beautiran;81
33038;Bégadan;36
33039;Bègles;1285
33040;Béguey;43
33042;Belin-Béliet;174
33043;Bellebat;8
33044;Bellefond;2
33045;Belvès-de-Castillon;19
33046;Bernos-Beaulac;30
33047;Berson;69
33048;Berthez;3
33049;Beychac-et-Caillau;201
33050;Bieujac;10
33051;Biganos;457
33052;Les Billaux;51
33053;Birac;3
33054;Blaignac;5
33055;Blaignan-Prignac;38
33056;Blanquefort;545
33057;Blasimon;30
33058;Blaye;219
33059;Blésignac;3
33060;Bommes;19
33061;Bonnetan;25
33062;Bonzac;14
33063;Bordeaux;14432
33064;Bossugan;4
33065;Bouliac;165
33066;Bourdelles;3
33067;Bourg;87
33068;Bourideys;14
33069;Le Bouscat;809
33070;Brach;19
33071;Branne;50
33072;Brannens;8
33073;Braud-et-Saint-Louis;55
33074;Brouqueyran;6
33075;Bruges;808
33076;Budos;17
33077;Cabanac-et-Villagrains;40
33078;Cabara;12
33079;Cadarsac;13
33080;Cadaujac;242
33081;Cadillac-sur-Garonne;113
33082;Cadillac-en-Fronsadais;21
33083;Camarsac;27
33084;Cambes;39
33085;Camblanes-et-Meynac;112
33086;Camiac-et-Saint-Denis;22
33087;Camiran;15
33088;Camps-sur-l'Isle;17
33089;Campugnan;8
33090;Canéjan;390
33093;Capian;31
33094;Caplong;8
33095;Captieux;54
33096;Carbon-Blanc;235
33097;Carcans;148
33098;Cardan;11
33099;Carignan-de-Bordeaux;79
33100;Cars;69
33101;Cartelègue;19
33102;Casseuil;7
33103;Castelmoron-d'Albret;3
33104;Castelnau-de-Médoc;139
33105;Castelviel;11
33106;Castets et Castillon;40
33108;Castillon-la-Bataille;134
33109;Castres-Gironde;60
33111;Caudrot;20
33112;Caumont;4
33113;Cauvignac;2
33114;Cavignac;109
33115;Cazalis;8
33116;Cazats;9
33117;Cazaugitat;8
33118;Cénac;72
33119;Cenon;955
33120;Cérons;48
33121;Cessac;4
33122;Cestas;615
33123;Cézac;39
33124;Chamadelle;9
33125;Cissac-Médoc;74
33126;Civrac-de-Blaye;27
33127;Civrac-sur-Dordogne;8
33128;Civrac-en-Médoc;19
33129;Cleyrac;4
33130;Coimères;31
33131;Coirac;2
33132;Comps;6
33133;Coubeyrac;4
33134;Couquèques;10
33135;Courpiac;5
33136;Cours-de-Monségur;11
33137;Cours-les-Bains;5
33138;Coutras;262
33139;Coutures;4
33140;Créon;198
33141;Croignon;16
33142;Cubnezais;26
33143;Cubzac-les-Ponts;49
33144;Cudos;18
33145;Cursan;16
33146;Cussac-Fort-Médoc;43
33147;Daignac;15
33148;Dardenac;4
33149;Daubèze;2
33150;Dieulivol;11
33151;Donnezac;22
33152;Donzac;5
33153;Doulezon;9
33154;Les Églisottes-et-Chalaures;27
33155;Escaudes;6
33156;Escoussans;16
33157;Espiet;18
33158;Les Esseintes;6
33159;Étauliers;60
33160;Eynesse;14
33161;Eyrans;20
33162;Eysines;794
33163;Faleyras;13
33164;Fargues;36
33165;Fargues-Saint-Hilaire;123
33166;Le Fieu;9
33167;Floirac;532
33168;Flaujagues;11
33169;Floudès;3
33170;Fontet;17
33171;Fossès-et-Baleyssac;5
33172;Fours;8
33173;Francs;10
33174;Fronsac;79
33175;Frontenac;19
33176;Gabarnac;10
33177;Gaillan-en-Médoc;78
33178;Gajac;12
33179;Galgon;76
33180;Gans;5
33181;Gardegan-et-Tourtirac;16
33182;Gauriac;26
33183;Gauriaguet;23
33184;Générac;12
33185;Génissac;53
33186;Gensac;28
33187;Gironde-sur-Dropt;41
33188;Giscos;7
33189;Gornac;23
33190;Goualade;1
33191;Gours;15
33192;Gradignan;780
33193;Grayan-et-l'Hôpital;55
33194;Grézillac;37
33195;Grignols;47
33196;Guillac;5
33197;Guillos;10
33198;Guîtres;36
33199;Gujan-Mestras;662
33200;Le Haillan;529
33201;Haux;23
33202;Hostens;33
33203;Hourtin;170
33204;Hure;12
33205;Illats;46
33206;Isle-Saint-Georges;12
33207;Izon;159
33208;Jau-Dignac-et-Loirac;38
33209;Jugazan;12
33210;Juillac;14
33211;Labarde;19
33212;Labescau;3
33213;La Brède;224
33214;Lacanau;424
33215;Ladaux;14
33216;Lados;2
33218;Lagorce;31
33219;La Lande-de-Fronsac;57
33220;Lamarque;31
33221;Lamothe-Landerron;26
33222;Lalande-de-Pomerol;32
33223;Landerrouat;21
33224;Landerrouet-sur-Ségur;5
33225;Landiras;69
33226;Langoiran;61
33227;Langon;634
33228;Lansac;20
33229;Lanton;161
33230;Lapouyade;20
33231;Laroque;15
33232;Lartigue;1
33233;Laruscade;56
33234;Latresne;238
33235;Lavazan;8
33236;Lège-Cap-Ferret;676
33237;Léogeats;16
33238;Léognan;287
33239;Lerm-et-Musset;10
33240;Lesparre-Médoc;338
33241;Lestiac-sur-Garonne;12
33242;Les Lèves-et-Thoumeyragues;27
33243;Libourne;1347
33244;Lignan-de-Bazas;8
33245;Lignan-de-Bordeaux;29
33246;Ligueux;3
33247;Listrac-de-Durèze;4
33248;Listrac-Médoc;62
33249;Lormont;815
33250;Loubens;13
33251;Louchats;16
33252;Loupes;27
33253;Loupiac;25
33254;Loupiac-de-la-Réole;25
33255;Lucmau;8
33256;Ludon-Médoc;122
33257;Lugaignac;16
33258;Lugasson;11
33259;Lugon-et-l'Île-du-Carnay;30
33260;Lugos;23
33261;Lussac;78
33262;Macau;91
33263;Madirac;8
33264;Maransin;30
33266;Marcenais;12
33268;Margaux-Cantenac;93
33269;Margueron;19
33270;Marimbault;2
33271;Marions;9
33272;Marsas;29
33273;Martignas-sur-Jalle;166
33274;Martillac;211
33275;Martres;4
33276;Masseilles;2
33277;Massugas;11
33278;Mauriac;11
33279;Mazères;73
33280;Mazion;15
33281;Mérignac;3670
33282;Mérignas;12
33283;Mesterrieux;6
33284;Mios;299
33285;Mombrier;14
33287;Mongauzy;17
33288;Monprimblanc;10
33289;Monségur;72
33290;Montagne;106
33291;Montagoudin;3
33292;Montignac;6
33293;Montussan;179
33294;Morizès;17
33295;Mouillac;2
33296;Mouliets-et-Villemartin;36
33297;Moulis-en-Médoc;47
33298;Moulon;40
33299;Mourens;15
33300;Naujac-sur-Mer;33
33301;Naujan-et-Postiac;19
33302;Néac;37
33303;Nérigean;23
33304;Neuffons;3
33305;Le Nizan;9
33306;Noaillac;8
33307;Noaillan;15
33308;Omet;11
33309;Ordonnac;13
33310;Origne;6
33311;Paillet;21
33312;Parempuyre;152
33314;Pauillac;214
33315;Les Peintures;27
33316;Pellegrue;60
33317;Périssac;28
33318;Pessac;1865
33319;Pessac-sur-Dordogne;19
33320;Petit-Palais-et-Cornemps;26
33321;Peujard;54
33322;Le Pian-Médoc;196
33323;Le Pian-sur-Garonne;26
33324;Pineuilh;151
33325;Plassac;19
33326;Pleine-Selve;10
33327;Podensac;116
33328;Pomerol;69
33329;Pompéjac;4
33330;Pompignac;139
33331;Pondaurat;22
33332;Porchères;12
33333;Le Porge;112
33334;Portets;76
33335;Le Pout;12
33336;Préchac;44
33337;Preignac;64
33339;Prignac-et-Marcamps;43
33341;Pugnac;81
33342;Puisseguin;70
33343;Pujols-sur-Ciron;8
33344;Pujols;24
33345;Le Puy;16
33346;Puybarban;11
33347;Puynormand;8
33348;Queyrac;43
33349;Quinsac;52
33350;Rauzan;59
33351;Reignac;42
33352;La Réole;208
33353;Rimons;13
33354;Riocaud;3
33355;Rions;33
33356;La Rivière;17
33357;Roaillan;23
33358;Romagne;10
33359;Roquebrune;5
33360;La Roquille;8
33361;Ruch;20
33362;Sablons;26
33363;Sadirac;124
33364;Saillans;17
33365;Saint-Aignan;11
33366;Saint-André-de-Cubzac;540
33367;Saint-André-du-Bois;25
33369;Saint-André-et-Appelles;16
33370;Saint-Androny;17
33372;Saint-Antoine-du-Queyret;8
33373;Saint-Antoine-sur-l'Isle;11
33374;Saint-Aubin-de-Blaye;51
33375;Saint-Aubin-de-Branne;13
33376;Saint-Aubin-de-Médoc;176
33377;Saint-Avit-de-Soulège;5
33378;Saint-Avit-Saint-Nazaire;39
33379;Saint-Brice;16
33380;Val-de-Livenne;42
33381;Saint-Caprais-de-Bordeaux;83
33382;Saint-Christoly-de-Blaye;49
33383;Saint-Christoly-Médoc;14
33384;Saint-Christophe-des-Bardes;42
33385;Saint-Christophe-de-Double;14
33386;Saint-Cibard;8
33387;Saint-Ciers-d'Abzac;26
33388;Saint-Ciers-de-Canesse;15
33389;Saint-Ciers-sur-Gironde;92
33390;Sainte-Colombe;16
33391;Saint-Côme;6
33392;Sainte-Croix-du-Mont;28
33393;Saint-Denis-de-Pile;158
33394;Saint-Émilion;365
33395;Saint-Estèphe;64
33396;Saint-Étienne-de-Lisse;28
33397;Sainte-Eulalie;250
33398;Saint-Exupéry;4
33399;Saint-Félix-de-Foncaude;10
33400;Saint-Ferme;11
33401;Sainte-Florence;6
33402;Sainte-Foy-la-Grande;127
33403;Sainte-Foy-la-Longue;6
33404;Sainte-Gemme;8
33405;Saint-Genès-de-Blaye;9
33406;Saint-Genès-de-Castillon;16
33407;Saint-Genès-de-Fronsac;16
33408;Saint-Genès-de-Lombaud;14
33411;Saint-Germain-de-Grave;9
33412;Saint-Germain-d'Esteuil;25
33413;Saint-Germain-du-Puch;83
33414;Saint-Germain-de-la-Rivière;17
33415;Saint-Gervais;39
33416;Saint-Girons-d'Aiguevives;15
33417;Sainte-Hélène;60
33418;Saint-Hilaire-de-la-Noaille;6
33419;Saint-Hilaire-du-Bois;3
33420;Saint-Hippolyte;21
33421;Saint-Jean-de-Blaignac;16
33422;Saint-Jean-d'Illac;458
33423;Saint-Julien-Beychevelle;28
33424;Saint-Laurent-Médoc;170
33425;Saint-Laurent-d'Arce;40
33426;Saint-Laurent-des-Combes;28
33427;Saint-Laurent-du-Bois;16
33428;Saint-Laurent-du-Plan;4
33429;Saint-Léger-de-Balson;5
33431;Saint-Léon;9
33432;Saint-Loubert;2
33433;Saint-Loubès;361
33434;Saint-Louis-de-Montferrand;55
33435;Saint-Macaire;58
33436;Saint-Magne;25
33437;Saint-Magne-de-Castillon;110
33438;Saint-Maixant;32
33439;Saint-Mariens;58
33440;Saint-Martial;11
33441;Saint-Martin-Lacaussade;54
33442;Saint-Martin-de-Laye;9
33443;Saint-Martin-de-Lerm;8
33444;Saint-Martin-de-Sescas;17
33445;Saint-Martin-du-Bois;12
33446;Saint-Martin-du-Puy;10
33447;Saint-Médard-de-Guizières;72
33448;Saint-Médard-d'Eyrans;128
33449;Saint-Médard-en-Jalles;750
33450;Saint-Michel-de-Castelnau;4
33451;Saint-Michel-de-Fronsac;23
33452;Saint-Michel-de-Rieufret;11
33453;Saint-Michel-de-Lapujade;7
33454;Saint-Morillon;28
33456;Saint-Palais;11
33457;Saint-Pardon-de-Conques;18
33458;Saint-Paul;18
33459;Saint-Pey-d'Armens;28
33460;Saint-Pey-de-Castets;24
33461;Saint-Philippe-d'Aiguille;22
33462;Saint-Philippe-du-Seignal;5
33463;Saint-Pierre-d'Aurillac;40
33464;Saint-Pierre-de-Bat;9
33465;Saint-Pierre-de-Mons;26
33466;Saint-Quentin-de-Baron;39
33467;Saint-Quentin-de-Caplong;15
33468;Sainte-Radegonde;15
33470;Saint-Romain-la-Virvée;22
33471;Saint-Sauveur;31
33472;Saint-Sauveur-de-Puynormand;8
33473;Saint-Savin;83
33474;Saint-Selve;62
33475;Saint-Seurin-de-Bourg;8
33476;Saint-Seurin-de-Cadourne;30
33477;Saint-Seurin-de-Cursac;21
33478;Saint-Seurin-sur-l'Isle;83
33479;Saint-Sève;8
33480;Saint-Sulpice-de-Faleyrens;90
33481;Saint-Sulpice-de-Guilleragues;5
33482;Saint-Sulpice-de-Pommiers;10
33483;Saint-Sulpice-et-Cameyrac;147
33484;Saint-Symphorien;53
33485;Sainte-Terre;49
33486;Saint-Trojan;9
33487;Saint-Vincent-de-Paul;33
33488;Saint-Vincent-de-Pertignas;14
33489;Saint-Vivien-de-Blaye;12
33490;Saint-Vivien-de-Médoc;77
33491;Saint-Vivien-de-Monségur;12
33492;Saint-Yzan-de-Soudiac;28
33493;Saint-Yzans-de-Médoc;15
33494;Salaunes;40
33496;Sallebœuf;73
33498;Salles;207
33499;Les Salles-de-Castillon;19
33500;Samonac;13
33501;Saucats;103
33502;Saugon;11
33503;Saumos;8
33504;Sauternes;34
33505;La Sauve;64
33506;Sauveterre-de-Guyenne;118
33507;Sauviac;6
33508;Savignac;24
33509;Savignac-de-l'Isle;10
33510;Semens;7
33511;Sendets;4
33512;Sigalens;9
33513;Sillas;2
33514;Soulac-sur-Mer;224
33515;Soulignac;19
33516;Soussac;15
33517;Soussans;41
33518;Tabanac;20
33519;Le Taillan-Médoc;204
33520;Taillecavat;8
33521;Talais;22
33522;Talence;869
33523;Targon;76
33524;Tarnès;8
33525;Tauriac;43
33526;Tayac;5
33527;Le Teich;199
33528;Le Temple;18
33529;La Teste-de-Buch;1377
33530;Teuillac;25
33531;Tizac-de-Curton;19
33532;Tizac-de-Lapouyade;9
33533;Toulenne;79
33534;Le Tourne;29
33535;Tresses;291
33536;Le Tuzan;6
33537;Uzeste;13
33538;Valeyrac;26
33539;Vayres;133
33540;Vendays-Montalivet;207
33541;Vensac;27
33542;Vérac;29
33543;Verdelais;35
33544;Le Verdon-sur-Mer;69
33545;Vertheuil;38
33546;Vignonet;38
33547;Villandraut;44
33548;Villegouge;29
33549;Villenave-de-Rions;16
33550;Villenave-d'Ornon;979
33551;Villeneuve;14
33552;Virelade;17
33553;Virsac;36
33554;Yvrac;192
33555;Marcheprime;139
34001;Abeilhan;38
34002;Adissan;31
34003;Agde;1734
34004;Agel;8
34005;Agonès;5
34006;Aigne;12
34007;Aigues-Vives;20
34008;Les Aires;20
34009;Alignan-du-Vent;31
34010;Aniane;100
34011;Arboras;6
34012;Argelliers;30
34013;Aspiran;46
34014;Assas;46
34015;Assignan;8
34016;Aumelas;18
34017;Aumes;13
34018;Autignac;17
34019;Avène;12
34020;Azillanet;17
34021;Babeau-Bouldoux;4
34022;Baillargues;354
34023;Balaruc-les-Bains;287
34024;Balaruc-le-Vieux;149
34025;Bassan;31
34026;Beaufort;4
34027;Beaulieu;51
34028;Bédarieux;236
34029;Bélarga;7
34030;Berlou;10
34031;Bessan;158
34032;Béziers;3530
34033;Boisseron;46
34034;Boisset;1
34035;La Boissière;24
34036;Le Bosc;49
34037;Boujan-sur-Libron;144
34038;Le Bousquet-d'Orb;36
34039;Bouzigues;97
34040;Brenas;1
34041;Brignac;21
34042;Brissac;25
34043;Buzignargues;10
34044;Cabrerolles;19
34045;Cabrières;12
34046;Cambon-et-Salvergues;4
34047;Campagnan;14
34048;Campagne;10
34049;Camplong;4
34050;Candillargues;51
34051;Canet;54
34052;Capestang;114
34053;Carlencas-et-Levas;3
34054;Cassagnoles;4
34055;Castanet-le-Haut;7
34056;Castelnau-de-Guers;28
34057;Castelnau-le-Lez;1125
34058;Castries;347
34059;La Caunette;12
34060;Causse-de-la-Selle;12
34061;Causses-et-Veyran;17
34062;Caussiniojouls;6
34063;Caux;55
34064;Le Caylar;35
34065;Cazedarnes;17
34066;Cazevieille;14
34067;Cazilhac;30
34068;Cazouls-d'Hérault;9
34069;Cazouls-lès-Béziers;120
34070;Cébazan;14
34071;Ceilhes-et-Rocozels;8
34072;Celles;3
34073;Cers;54
34074;Cessenon-sur-Orb;65
34075;Cesseras;17
34076;Ceyras;32
34077;Clapiers;169
34078;Claret;52
34079;Clermont-l'Hérault;542
34080;Colombières-sur-Orb;8
34081;Colombiers;186
34082;Combaillaux;46
34083;Combes;7
34084;Corneilhan;39
34085;Coulobres;9
34086;Courniou;11
34087;Cournonsec;102
34088;Cournonterral;164
34089;Creissan;30
34090;Le Crès;347
34091;Le Cros;2
34092;Cruzy;27
34094;Espondeilhan;12
34095;Fabrègues;261
34096;Faugères;25
34097;Félines-Minervois;14
34098;Ferrals-les-Montagnes;3
34099;Ferrières-les-Verreries;3
34100;Ferrières-Poussarou;1
34101;Florensac;131
34102;Fontanès;10
34103;Fontès;28
34104;Fos;4
34105;Fouzilhon;6
34106;Fozières;1
34107;Fraisse-sur-Agout;9
34108;Frontignan;671
34109;Gabian;21
34110;Galargues;21
34111;Ganges;246
34112;Garrigues;8
34113;Gigean;235
34114;Gignac;250
34115;Gorniès;2
34116;Grabels;262
34117;Graissessac;8
34118;Guzargues;19
34119;Hérépian;45
34120;Jacou;256
34121;Joncels;6
34122;Jonquières;16
34123;Juvignac;365
34124;Lacoste;11
34125;Lagamas;4
34126;Lamalou-les-Bains;91
34127;Lansargues;86
34128;Laroque;34
34129;Lattes;1044
34130;Laurens;40
34131;Lauret;25
34132;Lauroux;5
34133;Lavalette;5
34134;Lavérune;193
34135;Lespignan;65
34136;Lézignan-la-Cèbe;22
34137;Liausson;2
34138;Lieuran-Cabrières;8
34139;Lieuran-lès-Béziers;29
34140;Lignan-sur-Orb;68
34141;La Livinière;23
34142;Lodève;281
34143;Loupian;85
34144;Lunas-les-Châteaux;28
34145;Lunel;1079
34146;Lunel-Viel;208
34147;Magalas;109
34148;Maraussan;103
34149;Margon;14
34150;Marseillan;476
34151;Marsillargues;142
34152;Mas-de-Londres;10
34153;Les Matelles;42
34154;Mauguio;1203
34155;Maureilhan;78
34156;Mérifons;3
34157;Mèze;418
34158;Minerve;14
34159;Mireval;73
34160;Mons;27
34161;Montady;72
34162;Montagnac;128
34163;Montarnaud;132
34164;Montaud;13
34165;Montbazin;56
34166;Montblanc;91
34167;Montels;8
34168;Montesquieu;2
34169;Montferrier-sur-Lez;176
34170;Montouliers;7
34171;Montoulieu;12
34172;Montpellier;12210
34173;Montpeyroux;52
34174;Moulès-et-Baucels;13
34175;Mourèze;8
34176;Mudaison;129
34177;Murles;8
34178;Murviel-lès-Béziers;85
34179;Murviel-lès-Montpellier;32
34180;Nébian;22
34181;Neffiès;26
34182;Nézignan-l'Évêque;41
34183;Nissan-lez-Enserune;105
34184;Nizas;19
34185;Notre-Dame-de-Londres;11
34186;Octon;19
34187;Olargues;26
34188;Olmet-et-Villecun;3
34189;Olonzac;90
34190;Oupia;5
34191;Pailhès;13
34192;Palavas-les-Flots;380
34193;Pardailhan;8
34194;Paulhan;115
34195;Pégairolles-de-Buèges;2
34196;Pégairolles-de-l'Escalette;5
34197;Péret;15
34198;Pérols;549
34199;Pézenas;639
34200;Pézènes-les-Mines;6
34201;Pierrerue;9
34202;Pignan;169
34203;Pinet;47
34204;Plaissan;29
34205;Les Plans;7
34206;Poilhes;7
34207;Pomérols;52
34208;Popian;5
34209;Portiragnes;179
34210;Le Pouget;51
34211;Le Poujol-sur-Orb;19
34212;Poujols;2
34213;Poussan;178
34214;Pouzolles;33
34215;Pouzols;15
34216;Le Pradal;3
34217;Prades-le-Lez;104
34218;Prades-sur-Vernazobre;6
34219;Prémian;13
34220;Le Puech;9
34221;Puéchabon;12
34222;Puilacher;16
34223;Puimisson;25
34224;Puissalicon;45
34225;Puisserguier;72
34226;Quarante;56
34227;Restinclières;59
34228;Rieussec;2
34229;Riols;12
34230;Les Rives;9
34231;Romiguières;3
34232;Roquebrun;30
34233;Roqueredonde;8
34234;Roquessels;6
34235;Rosis;4
34236;Rouet;5
34237;Roujan;79
34238;Saint-André-de-Buèges;1
34239;Saint-André-de-Sangonis;175
34240;Saint-Aunès;306
34241;Saint-Bauzille-de-la-Sylve;15
34242;Saint-Bauzille-de-Montmel;27
34243;Saint-Bauzille-de-Putois;47
34244;Saint-Brès;67
34245;Saint-Chinian;85
34246;Entre-Vignes;73
34247;Saint-Clément-de-Rivière;213
34248;Sainte-Croix-de-Quintillargues;15
34249;Saint-Drézéry;67
34250;Saint-Étienne-d'Albagnan;7
34251;Saint-Étienne-de-Gourgas;12
34252;Saint-Étienne-Estréchoux;4
34253;Saint-Félix-de-l'Héras;5
34254;Saint-Félix-de-Lodez;36
34255;Saint-Gély-du-Fesc;343
34256;Saint-Geniès-des-Mourgues;47
34257;Saint-Geniès-de-Varensal;6
34258;Saint-Geniès-de-Fontedit;30
34259;Saint-Georges-d'Orques;168
34260;Saint-Gervais-sur-Mare;21
34261;Saint-Guilhem-le-Désert;39
34262;Saint-Guiraud;9
34263;Saint-Hilaire-de-Beauvoir;12
34264;Saint-Jean-de-Buèges;9
34265;Saint-Jean-de-Cornies;14
34266;Saint-Jean-de-Cuculles;11
34267;Saint-Jean-de-Fos;41
34268;Saint-Jean-de-la-Blaquière;18
34269;Saint-Jean-de-Minervois;7
34270;Saint-Jean-de-Védas;930
34271;Saint-Julien;4
34272;Saint-Just;59
34273;Saint-Martin-de-l'Arçon;3
34274;Saint-Martin-de-Londres;96
34276;Saint-Mathieu-de-Tréviers;185
34277;Saint-Maurice-Navacelles;9
34278;Saint-Michel;5
34279;Saint-Nazaire-de-Ladarez;7
34280;Saint-Nazaire-de-Pézan;16
34281;Saint-Pargoire;59
34282;Saint-Paul-et-Valmalle;34
34283;Saint-Pierre-de-la-Fage;4
34284;Saint-Pons-de-Thomières;93
34285;Saint-Pons-de-Mauchiens;17
34286;Saint-Privat;18
34287;Saint-Saturnin-de-Lucian;12
34288;Saint-Sériès;25
34289;Saint-Thibéry;129
34290;Saint-Vincent-de-Barbeyrargues;18
34291;Saint-Vincent-d'Olargues;2
34292;Salasc;3
34293;La Salvetat-sur-Agout;59
34294;Saturargues;21
34295;Saussan;54
34296;Saussines;22
34297;Sauteyrargues;23
34298;Sauvian;147
34299;Sérignan;233
34300;Servian;183
34301;Sète;1864
34302;Siran;31
34303;Sorbs;1
34304;Soubès;35
34305;Le Soulié;4
34306;Soumont;6
34307;Sussargues;52
34308;Taussac-la-Billière;6
34309;Teyran;149
34310;Thézan-lès-Béziers;127
34311;Tourbes;55
34312;La Tour-sur-Orb;17
34313;Tressan;17
34314;Le Triadou;10
34315;Usclas-d'Hérault;9
34316;Usclas-du-Bosc;2
34317;La Vacquerie-et-Saint-Martin-de-Castries;15
34318;Vacquières;25
34319;Vailhan;4
34320;Vailhauquès;87
34321;Valergues;55
34322;Valflaunès;35
34323;Valmascle;1
34324;Valras-Plage;240
34325;Valros;26
34326;Vélieux;2
34327;Vendargues;473
34328;Vendémian;20
34329;Vendres;228
34331;Verreries-de-Moussans;3
34332;Vias;343
34333;Vic-la-Gardiole;147
34334;Vieussan;9
34335;Villemagne-l'Argentière;24
34336;Villeneuve-lès-Béziers;330
34337;Villeneuve-lès-Maguelone;251
34338;Villeneuvette;7
34339;Villespassans;7
34340;Villetelle;47
34341;Villeveyrac;112
34342;Viols-en-Laval;8
34343;Viols-le-Fort;35
34344;La Grande-Motte;566
35001;Acigné;152
35002;Amanlis;36
35003;Andouillé-Neuville;21
35004;Val-Couesnon;115
35005;Arbrissel;4
35006;Argentré-du-Plessis;152
35007;Aubigné;4
35008;Availles-sur-Seiche;16
35009;Baguer-Morvan;39
35010;Baguer-Pican;41
35012;Bain-de-Bretagne;328
35013;Bains-sur-Oust;89
35014;Bais;77
35015;Balazé;38
35016;Baulon;42
35017;La Baussaine;20
35018;La Bazouge-du-Désert;26
35019;Bazouges-la-Pérouse;66
35021;Beaucé;35
35022;Bécherel;24
35023;Bédée;158
35024;Betton;283
35025;Billé;24
35026;Bléruais;1
35027;Boisgervilly;37
35028;Boistrudan;11
35029;Bonnemain;27
35030;La Bosse-de-Bretagne;12
35031;La Bouëxière;97
35032;Bourgbarré;109
35033;Bourg-des-Comptes;78
35034;La Boussac;24
35035;Bovel;16
35037;Bréal-sous-Montfort;187
35038;Bréal-sous-Vitré;14
35039;Brécé;72
35040;Breteil;75
35041;Brie;27
35042;Brielles;14
35044;Broualan;8
35045;Bruc-sur-Aff;19
35046;Les Brulais;5
35047;Bruz;621
35049;Cancale;281
35050;Cardroc;15
35051;Cesson-Sévigné;1502
35052;Champeaux;9
35054;Chanteloup;30
35055;Chantepie;361
35056;La Chapelle-aux-Filtzméens;17
35057;La Chapelle-Bouëxic;30
35058;La Chapelle-Chaussée;21
35059;La Chapelle-des-Fougeretz;165
35060;La Chapelle du Lou du Lac;12
35061;La Chapelle-Erbrée;7
35062;La Chapelle-Fleurigné;63
35063;La Chapelle-Saint-Aubert;20
35064;La Chapelle-de-Brain;17
35065;La Chapelle-Thouarault;27
35066;Chartres-de-Bretagne;253
35067;Chasné-sur-Illet;14
35068;Châteaubourg;307
35069;Châteaugiron;264
35070;Châteauneuf-d'Ille-et-Vilaine;35
35071;Le Châtellier;14
35072;Châtillon-en-Vendelais;60
35075;Chauvigné;16
35076;Chavagne;83
35077;Chelun;11
35078;Cherrueix;40
35079;Chevaigné;41
35080;Cintré;33
35081;Clayes;6
35082;Coësmes;25
35084;Comblessac;11
35085;Combourg;263
35086;Combourtillé;13
35087;Cornillé;23
35088;Corps-Nuds;82
35089;La Couyère;12
35090;Crevin;73
35091;Le Crouais;10
35092;Cuguen;22
35093;Dinard;551
35094;Dingé;30
35095;Dol-de-Bretagne;310
35096;Domagné;74
35097;Domalain;49
35098;La Dominelais;16
35099;Domloup;101
35101;Dourdain;17
35102;Drouges;15
35103;Eancé;15
35104;Epiniac;21
35105;Erbrée;33
35106;Ercé-en-Lamée;45
35107;Ercé-près-Liffré;29
35108;Essé;29
35109;Étrelles;127
35110;Feins;15
35111;Le Ferré;17
35114;Forges-la-Forêt;3
35115;Fougères;760
35116;La Fresnais;42
35117;Gaël;48
35118;Gahard;19
35119;Gennes-sur-Seiche;19
35120;Gévezé;123
35121;Gosné;43
35122;La Gouesnière;62
35123;Goven;88
35124;Grand-Fougeray;107
35125;La Guerche-de-Bretagne;190
35126;Guichen;289
35127;Guignen;75
35128;Guipel;37
35130;Hédé-Bazouges;67
35131;L'Hermitage;123
35132;Hirel;33
35133;Iffendic;108
35134;Les Iffs;7
35135;Irodouër;46
35136;Janzé;282
35137;Javené;81
35138;Laignelet;21
35139;Laillé;131
35140;Lalleu;16
35141;Landavran;6
35142;Landéan;31
35143;Landujan;19
35144;Langan;15
35145;Langon;19
35146;Langouet;7
35148;Lanrigan;5
35149;Lassy;22
35150;Lécousse;159
35151;Lieuron;13
35152;Liffré;267
35153;Lillemer;4
35154;Livré-sur-Changeon;25
35155;Lohéac;33
35156;Longaulnay;14
35157;Le Loroux;9
35159;Lourmais;7
35160;Loutehel;4
35161;Louvigné-de-Bais;54
35162;Louvigné-du-Désert;129
35163;Luitré-Dompierre;58
35164;Marcillé-Raoul;22
35165;Marcillé-Robert;27
35166;Marpiré;16
35167;Martigné-Ferchaud;107
35168;Val d'Anast;106
35169;Maxent;25
35170;Mecé;8
35171;Médréac;36
35172;Meillac;39
35173;Melesse;276
35174;Mellé;18
35175;Mernel;19
35176;Guipry-Messac;194
35177;La Mézière;345
35178;Mézières-sur-Couesnon;33
35179;Miniac-Morvan;150
35180;Miniac-sous-Bécherel;17
35181;Le Minihic-sur-Rance;28
35183;Mondevert;14
35184;Montauban-de-Bretagne;280
35185;Montautour;3
35186;Mont-Dol;33
35187;Monterfil;22
35188;Montfort-sur-Meu;214
35189;Montgermont;164
35190;Monthault;8
35191;Les Portes du Coglais;44
35192;Montreuil-des-Landes;5
35193;Montreuil-le-Gast;33
35194;Montreuil-sous-Pérouse;15
35195;Montreuil-sur-Ille;53
35196;Mordelles;214
35197;Mouazé;26
35198;Moulins;20
35199;Moussé;4
35200;Moutiers;26
35201;Muel;26
35202;La Noë-Blanche;16
35203;La Nouaye;3
35204;Nouvoitou;66
35205;Noyal-sous-Bazouges;12
35206;Noyal-Châtillon-sur-Seiche;265
35207;Noyal-sur-Vilaine;272
35208;Orgères;103
35210;Pacé;458
35211;Paimpont;51
35212;Pancé;19
35214;Parcé;18
35215;Parigné;36
35216;Parthenay-de-Bretagne;28
35217;Le Pertre;35
35218;Le Petit-Fougeray;10
35219;Pipriac;122
35220;Piré-Chancé;63
35221;Pléchâtel;81
35222;Pleine-Fougères;63
35223;Plélan-le-Grand;147
35224;Plerguer;80
35225;Plesder;15
35226;Pleugueneuc;49
35227;Pleumeleuc;110
35228;Pleurtuit;221
35229;Pocé-les-Bois;33
35230;Poilley;13
35231;Poligné;27
35232;Princé;9
35233;Québriac;44
35234;Quédillac;37
35235;Rannée;33
35236;Redon;613
35237;Renac;28
35238;Rennes;8482
35239;Retiers;140
35240;Le Rheu;338
35241;La Richardais;173
35242;Rimou;6
35243;Romagné;76
35244;Romazy;11
35245;Romillé;86
35246;Roz-Landrieux;38
35247;Roz-sur-Couesnon;36
35248;Sains;9
35249;Sainte-Anne-sur-Vilaine;23
35250;Saint-Armel;44
35251;Saint-Aubin-d'Aubigné;111
35252;Saint-Aubin-des-Landes;24
35253;Saint-Aubin-du-Cormier;137
35255;Saint-Benoît-des-Ondes;29
35256;Saint-Briac-sur-Mer;104
35257;Maen Roch;174
35258;Saint-Brieuc-des-Iffs;9
35259;Saint-Broladre;35
35260;Saint-Christophe-des-Bois;8
35261;Saint-Christophe-de-Valains;6
35262;Sainte-Colombe;12
35263;Saint-Coulomb;72
35264;Saint-Didier;35
35265;Saint-Domineuc;63
35266;Saint-Erblon;83
35268;Saint-Ganton;5
35270;Saint-Georges-de-Gréhaigne;25
35271;Saint-Georges-de-Reintembault;35
35272;Saint-Germain-du-Pinel;22
35273;Saint-Germain-en-Coglès;49
35274;Saint-Germain-sur-Ille;20
35275;Saint-Gilles;177
35276;Saint-Gondran;9
35277;Saint-Gonlay;12
35278;Saint-Grégoire;1016
35279;Saint-Guinoux;27
35280;Saint-Hilaire-des-Landes;22
35281;Saint-Jacques-de-la-Lande;545
35282;Rives-du-Couesnon;60
35283;Saint-Jean-sur-Vilaine;29
35284;Saint-Jouan-des-Guérets;143
35285;Saint-Just;20
35286;Saint-Léger-des-Prés;6
35287;Saint-Lunaire;112
35288;Saint-Malo;2499
35289;Saint-Malo-de-Phily;10
35290;Saint-Malon-sur-Mel;18
35291;Saint-Marcan;12
35292;Saint-Marc-le-Blanc;28
35294;Sainte-Marie;64
35295;Saint-Maugan;4
35296;Saint-Médard-sur-Ille;11
35297;Saint-Méen-le-Grand;185
35299;Saint-Méloir-des-Ondes;187
35300;Saint-M'Hervé;34
35302;Saint-Onen-la-Chapelle;28
35304;Saint-Ouen-des-Alleux;34
35305;Saint-Péran;9
35306;Saint-Père-Marc-en-Poulet;67
35307;Saint-Pern;21
35308;Mesnil-Roc'h;79
35309;Saint-Rémy-du-Plain;17
35310;Saint-Sauveur-des-Landes;45
35311;Saint-Séglin;9
35312;Saint-Senoux;21
35314;Saint-Suliac;20
35315;Saint-Sulpice-la-Forêt;20
35316;Saint-Sulpice-des-Landes;21
35317;Saint-Symphorien;28
35318;Saint-Thual;16
35319;Saint-Thurial;40
35320;Saint-Uniac;11
35321;Saulnières;16
35322;Le Sel-de-Bretagne;28
35324;La Selle-en-Luitré;47
35325;La Selle-Guerchaise;2
35326;Sens-de-Bretagne;65
35327;Servon-sur-Vilaine;111
35328;Sixt-sur-Aff;60
35329;Sougeal;9
35330;Taillis;20
35331;Talensac;42
35332;Teillay;15
35333;Le Theil-de-Bretagne;34
35334;Thorigné-Fouillard;184
35335;Thourie;17
35336;Le Tiercent;3
35337;Tinténiac;160
35338;Torcé;62
35339;Trans-la-Forêt;12
35340;Treffendel;39
35342;Trémeheuc;6
35343;Tresbœuf;21
35345;Trévérien;14
35346;Trimer;5
35347;Val-d'Izé;66
35350;Vergéal;13
35351;Le Verger;20
35352;Vern-sur-Seiche;430
35353;Vezin-le-Coquet;169
35354;Vieux-Viel;7
35355;Vieux-Vy-sur-Couesnon;26
35356;Vignoc;38
35357;Villamée;13
35358;La Ville-ès-Nonais;20
35359;Visseiche;12
35360;Vitré;912
35361;Le Vivier-sur-Mer;64
35362;Le Tronchet;20
35363;Pont-Péan;69
36001;Aigurande;67
36002;Aize;1
36003;Ambrault;18
36004;Anjouin;10
36005;Ardentes;78
36006;Argenton-sur-Creuse;265
36007;Argy;18
36008;Arpheuilles;7
36009;Arthon;22
36010;Azay-le-Ferron;29
36011;Bagneux;11
36012;Baraize;6
36013;Baudres;11
36014;Bazaiges;5
36015;Beaulieu;6
36016;Bélâbre;37
36017;La Berthenoux;17
36018;Le Blanc;266
36019;Bommiers;7
36020;Bonneuil;2
36021;Les Bordes;9
36022;Bouesse;12
36023;Bouges-le-Château;17
36024;Bretagne;4
36025;Briantes;10
36026;Brion;18
36027;Brives;9
36028;La Buxerette;1
36029;Buxeuil;6
36030;Buxières-d'Aillac;10
36031;Buzançais;128
36032;Ceaulmont;23
36033;Celon;14
36034;Chabris;92
36035;Chaillac;37
36036;Chalais;6
36037;La Champenoise;10
36038;Champillet;3
36040;La Chapelle-Orthemale;7
36041;La Chapelle-Saint-Laurian;3
36042;Chasseneuil;20
36043;Chassignolles;10
36044;Châteauroux;1551
36045;Châtillon-sur-Indre;97
36046;La Châtre;222
36047;La Châtre-Langlin;19
36048;Chavin;9
36049;Chazelet;3
36050;Chezelles;16
36051;Chitray;4
36052;Chouday;8
36053;Ciron;22
36054;Cléré-du-Bois;11
36055;Clion;34
36056;Cluis;41
36057;Coings;13
36058;Concremiers;10
36059;Condé;7
36060;Crevant;23
36061;Crozon-sur-Vauvre;9
36062;Cuzion;19
36063;Déols;229
36064;Diors;32
36065;Diou;8
36066;Douadic;19
36067;Dunet;2
36068;Dun-le-Poëlier;12
36069;Écueillé;47
36070;Éguzon-Chantôme;62
36071;Étrechet;19
36073;Feusines;4
36074;Fléré-la-Rivière;12
36075;Fontenay;4
36076;Fontgombault;8
36077;Fontguenand;9
36078;Fougerolles;10
36079;Francillon;1
36080;Frédille;3
36081;Gargilesse-Dampierre;15
36082;Gehée;7
36083;Giroux;6
36084;Gournay;9
36085;Guilly;11
36086;Heugnes;20
36087;Ingrandes;14
36088;Issoudun;395
36089;Jeu-les-Bois;14
36090;Jeu-Maloches;2
36091;Lacs;20
36092;Langé;10
36093;Levroux;109
36094;Lignac;15
36095;Lignerolles;5
36096;Lingé;14
36097;Liniez;12
36098;Lizeray;7
36099;Lourdoueix-Saint-Michel;12
36100;Lourouer-Saint-Laurent;9
36101;Luant;34
36102;Luçay-le-Libre;4
36103;Luçay-le-Mâle;60
36104;Lurais;9
36105;Lureuil;7
36106;Luzeret;12
36107;Lye;26
36108;Lys-Saint-Georges;2
36109;Le Magny;16
36110;Maillet;8
36111;Malicornay;8
36112;Mâron;11
36113;Martizay;30
36114;Mauvières;5
36115;Menetou-sur-Nahon;3
36116;Ménétréols-sous-Vatan;7
36117;Le Menoux;11
36118;Méobecq;13
36119;Mérigny;10
36120;Mers-sur-Indre;24
36121;Meunet-Planches;6
36122;Meunet-sur-Vatan;7
36123;Mézières-en-Brenne;53
36124;Migné;21
36125;Migny;5
36126;Montchevrier;5
36127;Montgivray;51
36128;Montierchaume;69
36129;Montipouret;13
36130;Montlevicq;5
36131;Mosnay;7
36132;La Motte-Feuilly;3
36133;Mouhers;8
36134;Mouhet;13
36135;Moulins-sur-Céphons;10
36136;Murs;7
36137;Néons-sur-Creuse;9
36138;Néret;7
36139;Neuillay-les-Bois;13
36140;Neuvy-Pailloux;34
36141;Neuvy-Saint-Sépulchre;77
36142;Niherne;39
36143;Nohant-Vic;15
36144;Nuret-le-Ferron;8
36145;Obterre;10
36146;Orsennes;23
36147;Orville;2
36148;Oulches;9
36149;Palluau-sur-Indre;20
36150;Parnac;12
36152;Paudy;10
36153;Paulnay;14
36154;Le Pêchereau;24
36155;Pellevoisin;33
36156;Pérassay;11
36157;La Pérouille;6
36158;Badecon-le-Pin;15
36159;Le Poinçonnet;153
36160;Pommiers;6
36161;Le Pont-Chrétien-Chabenet;16
36162;Poulaines;28
36163;Pouligny-Notre-Dame;20
36164;Pouligny-Saint-Martin;10
36165;Pouligny-Saint-Pierre;31
36166;Préaux;7
36167;Preuilly-la-Ville;2
36168;Prissac;25
36169;Pruniers;16
36170;Reboursin;6
36171;Reuilly;55
36172;Rivarennes;18
36173;Rosnay;17
36174;Roussines;8
36175;Rouvres-les-Bois;10
36176;Ruffec;14
36177;Sacierges-Saint-Martin;6
36178;Saint-Aigny;9
36179;Saint-Aoustrille;17
36180;Saint-Août;22
36181;Saint-Aubin;4
36182;Saint-Benoît-du-Sault;35
36184;Saint-Chartier;17
36185;Saint-Christophe-en-Bazelle;11
36186;Saint-Christophe-en-Boucherie;10
36187;Saint-Civran;1
36188;Saint-Cyran-du-Jambot;6
36189;Saint-Denis-de-Jouhet;26
36190;Sainte-Fauste;11
36191;Saint-Florentin;11
36192;Saint-Gaultier;48
36193;Sainte-Gemme;4
36194;Saint-Genou;17
36195;Saint-Georges-sur-Arnon;14
36196;Saint-Gilles;3
36197;Saint-Hilaire-sur-Benaize;13
36198;Saint-Lactencin;17
36199;Sainte-Lizaigne;16
36200;Saint-Marcel;28
36202;Saint-Maur;306
36203;Saint-Médard;5
36204;Saint-Michel-en-Brenne;14
36205;Saint-Pierre-de-Jards;4
36207;Saint-Plantaire;21
36208;Sainte-Sévère-sur-Indre;44
36209;Saint-Valentin;10
36210;Sarzay;6
36211;Sassierges-Saint-Germain;7
36212;Saulnay;7
36213;Sauzelles;3
36214;Sazeray;9
36215;Ségry;14
36216;Selles-sur-Nahon;4
36217;Sembleçay;5
36218;Sougé;9
36219;Tendu;12
36220;Thenay;14
36221;Thevet-Saint-Julien;13
36222;Thizay;6
36223;Tilly;3
36224;Tournon-Saint-Martin;33
36225;Le Tranger;4
36226;Tranzault;13
36227;Urciers;6
36228;Valençay;104
36229;Val-Fouzon;28
36230;Vatan;80
36231;Velles;37
36232;Vendœuvres;27
36233;La Vernelle;12
36234;Verneuil-sur-Igneraie;9
36235;Veuil;13
36236;Vicq-Exemplet;25
36237;Vicq-sur-Nahon;32
36238;Vigoulant;2
36239;Vigoux;10
36240;Vijon;4
36241;Villedieu-sur-Indre;75
36242;Villegongis;4
36243;Villegouin;8
36244;Villentrois-Faverolles-en-Berry;32
36246;Villiers;6
36247;Vineuil;26
36248;Vouillon;3
37001;Abilly;26
37002;Ambillou;52
37003;Amboise;508
37004;Anché;9
37005;Antogny-le-Tillac;9
37006;Artannes-sur-Indre;46
37007;Assay;3
37008;Athée-sur-Cher;70
37009;Autrèche;18
37010;Auzouer-en-Touraine;20
37011;Avoine;115
37012;Avon-les-Roches;12
37013;Avrillé-les-Ponceaux;12
37014;Azay-le-Rideau;187
37015;Azay-sur-Cher;64
37016;Azay-sur-Indre;12
37018;Ballan-Miré;264
37019;Barrou;13
37020;Beaulieu-lès-Loches;47
37021;Beaumont-Louestault;34
37022;Beaumont-en-Véron;58
37023;Beaumont-Village;13
37024;Benais;45
37025;Berthenay;8
37026;Betz-le-Château;27
37027;Bléré;192
37028;Bossay-sur-Claise;23
37029;Bossée;16
37030;Le Boulay;17
37031;Bourgueil;138
37032;Bournan;7
37033;Boussay;6
37034;Braslou;17
37035;Braye-sous-Faye;12
37036;Braye-sur-Maulne;6
37037;Brèches;8
37038;Bréhémont;13
37039;Bridoré;22
37040;Brizay;9
37041;Bueil-en-Touraine;12
37042;Candes-Saint-Martin;12
37043;Cangey;22
37044;La Celle-Guenand;11
37045;La Celle-Saint-Avant;32
37046;Céré-la-Ronde;22
37047;Cerelles;26
37048;Chambon;10
37049;Chambourg-sur-Indre;22
37050;Chambray-lès-Tours;877
37051;Champigny-sur-Veude;21
37052;Chançay;41
37053;Chanceaux-près-Loches;7
37054;Chanceaux-sur-Choisille;95
37055;Channay-sur-Lathan;14
37056;La Chapelle-aux-Naux;13
37057;La Chapelle-Blanche-Saint-Martin;25
37058;La Chapelle-sur-Loire;25
37059;Charentilly;25
37060;Chargé;64
37061;Charnizay;24
37062;Château-la-Vallière;52
37063;Château-Renault;169
37064;Chaumussay;5
37065;Chaveignes;26
37066;Chédigny;28
37067;Cheillé;32
37068;Chemillé-sur-Dême;21
37069;Chemillé-sur-Indrois;11
37070;Chenonceaux;18
37071;Chezelles;5
37072;Chinon;449
37073;Chisseaux;19
37074;Chouzé-sur-Loire;43
37075;Cigogné;17
37076;Cinais;12
37077;Cinq-Mars-la-Pile;69
37078;Ciran;8
37079;Civray-de-Touraine;46
37080;Civray-sur-Esves;3
37081;Cléré-les-Pins;33
37082;Continvoir;12
37083;Cormery;43
37084;Couesmes;23
37085;Courçay;16
37086;Courcelles-de-Touraine;8
37087;Courcoué;6
37088;Couziers;3
37089;Cravant-les-Côteaux;45
37090;Crissay-sur-Manse;2
37091;La Croix-en-Touraine;46
37092;Crotelles;12
37093;Crouzilles;26
37094;Cussay;17
37095;Dame-Marie-les-Bois;8
37096;Dierre;19
37097;Dolus-le-Sec;17
37098;Draché;20
37099;Druye;29
37100;Épeigné-les-Bois;7
37101;Épeigné-sur-Dême;4
37103;Esves-le-Moutier;4
37104;Esvres;196
37105;Faye-la-Vineuse;7
37106;La Ferrière;6
37107;Ferrière-Larçon;7
37108;Ferrière-sur-Beaulieu;12
37109;Fondettes;296
37110;Francueil;22
37111;Genillé;46
37112;Gizeux;7
37113;Le Grand-Pressigny;25
37114;La Guerche;1
37115;Descartes;117
37116;Les Hermites;24
37117;Hommes;21
37118;Huismes;27
37119;L'Île-Bouchard;72
37121;Jaulnay;10
37122;Joué-lès-Tours;947
37123;Langeais;160
37124;Larçay;68
37125;Lémeré;8
37126;Lerné;5
37127;Le Liège;8
37128;Lignières-de-Touraine;21
37129;Ligré;22
37130;Ligueil;73
37131;Limeray;24
37132;Loches;363
37133;Loché-sur-Indrois;21
37134;Louans;21
37136;Le Louroux;17
37137;Lublé;6
37138;Lussault-sur-Loire;13
37139;Luynes;110
37140;Luzé;3
37141;Luzillé;19
37142;Maillé;12
37143;Manthelan;38
37144;Marçay;18
37145;Marcé-sur-Esves;5
37146;Marcilly-sur-Maulne;7
37147;Marcilly-sur-Vienne;15
37148;Marigny-Marmande;19
37149;Marray;13
37150;Mazières-de-Touraine;20
37151;La Membrolle-sur-Choisille;66
37152;Mettray;86
37153;Monnaie;97
37154;Montbazon;135
37155;Monthodon;18
37156;Montlouis-sur-Loire;333
37157;Montrésor;23
37158;Montreuil-en-Touraine;15
37159;Monts;177
37160;Morand;10
37161;Mosnes;18
37162;Mouzay;9
37163;Nazelles-Négron;149
37165;Neuil;6
37166;Neuillé-le-Lierre;13
37167;Neuillé-Pont-Pierre;86
37168;Neuilly-le-Brignon;11
37169;Neuville-sur-Brenne;11
37170;Neuvy-le-Roi;43
37171;Noizay;22
37172;Notre-Dame-d'Oé;151
37173;Nouans-les-Fontaines;31
37174;Nouâtre;24
37175;Nouzilly;28
37176;Noyant-de-Touraine;38
37177;Orbigny;29
37178;Panzoult;32
37179;Parçay-Meslay;226
37180;Parçay-sur-Vienne;16
37181;Paulmy;4
37182;Pernay;30
37183;Perrusson;53
37184;Le Petit-Pressigny;17
37185;Pocé-sur-Cisse;54
37186;Pont-de-Ruan;22
37187;Ports-sur-Vienne;7
37188;Pouzay;13
37189;Preuilly-sur-Claise;52
37190;Pussigny;6
37191;Razines;12
37192;Reignac-sur-Indre;64
37193;Restigné;49
37194;Reugny;42
37195;La Riche;241
37196;Richelieu;75
37197;Rigny-Ussé;9
37198;Rillé;10
37199;Rilly-sur-Vienne;15
37200;Rivarennes;15
37201;Rivière;13
37202;La Roche-Clermault;33
37203;Rochecorbon;141
37204;Rouziers-de-Touraine;23
37205;Saché;25
37206;Saint-Antoine-du-Rocher;37
37207;Saint-Aubin-le-Dépeint;25
37208;Saint-Avertin;543
37210;Saint-Benoît-la-Forêt;24
37211;Saint-Branchs;51
37212;Sainte-Catherine-de-Fierbois;13
37213;Saint-Christophe-sur-le-Nais;18
37214;Saint-Cyr-sur-Loire;550
37216;Saint-Épain;42
37217;Saint-Étienne-de-Chigny;14
37218;Saint-Flovier;22
37219;Saint-Genouph;30
37220;Saint-Germain-sur-Vienne;10
37221;Saint-Hippolyte;13
37222;Saint-Jean-Saint-Germain;17
37223;Saint-Laurent-de-Lin;10
37224;Saint-Laurent-en-Gâtines;24
37225;Saint-Martin-le-Beau;72
37226;Sainte-Maure-de-Touraine;176
37228;Saint-Nicolas-de-Bourgueil;78
37229;Saint-Nicolas-des-Motets;8
37230;Saint-Ouen-les-Vignes;20
37231;Saint-Paterne-Racan;80
37232;Coteaux-sur-Loire;38
37233;Saint-Pierre-des-Corps;565
37234;Saint-Quentin-sur-Indrois;10
37236;Saint-Règle;8
37237;Saint-Roch;31
37238;Saint-Senoch;13
37240;Saunay;12
37241;Savigné-sur-Lathan;39
37242;Savigny-en-Véron;35
37243;Savonnières;67
37244;Sazilly;6
37245;Semblançay;58
37246;Sennevières;11
37247;Sepmes;29
37248;Seuilly;8
37249;Sonzay;41
37250;Sorigny;148
37251;Souvigné;30
37252;Souvigny-de-Touraine;11
37253;Sublaines;11
37254;Tauxigny-Saint-Bauld;51
37255;Tavant;4
37256;Theneuil;3
37257;Thilouze;33
37258;Thizay;2
37259;Tournon-Saint-Pierre;11
37260;La Tour-Saint-Gelin;14
37261;Tours;5103
37262;Trogues;5
37263;Truyes;59
37264;Vallères;26
37265;Varennes;6
37266;Veigné;176
37267;Véretz;65
37268;Verneuil-le-Château;3
37269;Verneuil-sur-Indre;13
37270;Vernou-sur-Brenne;81
37271;Villaines-les-Rochers;20
37272;Villandry;34
37273;La Ville-aux-Dames;190
37274;Villebourg;9
37275;Villedômain;7
37276;Villedômer;39
37277;Villeloin-Coulangé;17
37278;Villeperdue;24
37279;Villiers-au-Bouin;16
37280;Vou;12
37281;Vouvray;151
37282;Yzeures-sur-Creuse;57
38001;Les Abrets en Dauphiné;185
38002;Les Adrets;61
38003;Agnin;32
38004;L'Albenc;28
38005;Allemond;40
38006;Allevard;145
38008;Ambel;1
38009;Anjou;28
38010;Annoisin-Chatelans;12
38011;Anthon;16
38012;Aoste;100
38013;Apprieu;134
38015;Artas;39
38017;Assieu;27
38018;Auberives-en-Royans;12
38019;Auberives-sur-Varèze;35
38020;Auris;33
38022;Les Avenières Veyrins-Thuellin;185
38023;Avignonet;9
38026;La Balme-les-Grottes;23
38027;Barraux;51
38029;La Bâtie-Montgascon;37
38030;Beaucroissant;41
38031;Beaufin;2
38032;Beaufort;14
38033;Beaulieu;15
38034;Beaurepaire;213
38035;Beauvoir-de-Marc;33
38036;Beauvoir-en-Royans;5
38037;Bellegarde-Poussieu;31
38038;Belmont;6
38039;Bernin;104
38040;Besse;5
38041;Bessins;3
38042;Bévenais;19
38043;Bilieu;26
38044;Biol;42
38045;Biviers;35
38046;Bizonnes;18
38047;Blandin;6
38048;Bonnefamille;34
38049;Bossieu;5
38050;Le Bouchage;14
38051;Bougé-Chambalud;39
38052;Le Bourg-d'Oisans;187
38053;Bourgoin-Jallieu;1412
38054;Bouvesse-Quirieu;31
38055;Brangues;13
38056;Bressieux;7
38057;Bresson;37
38058;Brézins;45
38059;Brié-et-Angonnes;62
38060;Brion;4
38061;La Buisse;72
38062;La Buissière;22
38063;Burcin;10
38064;Cessieu;78
38065;Châbons;54
38066;Chalon;4
38067;Chamagnieu;23
38068;Champagnier;32
38069;Champier;39
38070;Le Champ-près-Froges;31
38071;Champ-sur-Drac;74
38072;Chanas;147
38073;Chantepérier;12
38074;Chantesse;12
38075;Chapareillan;92
38076;La Chapelle-de-la-Tour;37
38077;La Chapelle-de-Surieu;19
38078;La Chapelle-du-Bard;9
38080;Charancieu;55
38081;Charantonnay;42
38082;Charavines;58
38083;Charette;9
38084;Charnècles;41
38085;Charvieu-Chavagneux;144
38086;Chasselay;8
38087;Chasse-sur-Rhône;304
38089;Chassignieu;2
38090;Château-Bernard;11
38091;Châteauvilain;13
38092;Châtelus;2
38093;Châtenay;7
38094;Châtonnay;35
38095;Chatte;182
38097;Chavanoz;117
38098;Chélieu;10
38099;Chevrières;19
38100;Le Cheylas;60
38101;Cheyssieu;23
38102;Chèzeneuve;13
38103;Chichilianne;23
38104;Chimilin;39
38105;Chirens;34
38106;Cholonge;14
38107;Chonas-l'Amballan;53
38108;Choranche;7
38109;Chozeau;23
38110;Chuzelles;61
38111;Claix;247
38112;Clavans-en-Haut-Oisans;4
38113;Clelles;38
38114;Clonas-sur-Varèze;42
38115;Saint-Martin-de-la-Cluze;19
38116;Cognet;2
38117;Cognin-les-Gorges;15
38118;Colombe;95
38120;La Combe-de-Lancey;10
38124;Corbelin;55
38126;Corenc;94
38127;Cornillon-en-Trièves;10
38128;Corps;34
38129;Corrençon-en-Vercors;40
38130;La Côte-Saint-André;279
38131;Les Côtes-d'Arey;57
38132;Les Côtes-de-Corps;6
38133;Coublevie;101
38134;Cour-et-Buis;32
38135;Courtenay;30
38136;Crachier;13
38137;Cras;4
38138;Crémieu;170
38139;Creys-Mépieu;31
38140;Crolles;373
38141;Culin;14
38144;Diémoz;80
38146;Dizimieu;14
38147;Doissin;25
38148;Dolomieu;72
38149;Domarin;72
38150;Domène;226
38151;Échirolles;1155
38152;Eclose-Badinières;19
38153;Engins;15
38154;Entraigues;8
38155;Entre-deux-Guiers;65
38156;Les Éparres;19
38157;Estrablin;149
38158;Eybens;442
38159;Eydoche;13
38160;Eyzin-Pinet;57
38161;Faramans;31
38162;Faverges-de-la-Tour;29
38163;Le Haut-Bréda;26
38166;La Flachère;6
38167;Flachères;10
38169;Fontaine;590
38170;Fontanil-Cornillon;130
38171;La Forteresse;4
38172;Four;27
38173;Le Freney-d'Oisans;11
38174;La Frette;41
38175;Froges;72
38176;Frontonas;90
38177;La Garde;4
38179;Gières;227
38180;Gillonnay;20
38181;Goncelin;84
38182;Le Grand-Lemps;99
38183;Granieu;10
38184;Grenay;79
38185;Grenoble;6428
38186;Gresse-en-Vercors;21
38187;Le Gua;31
38188;Herbeys;27
38189;Heyrieux;196
38190;Hières-sur-Amby;33
38191;Huez;259
38192;Hurtières;5
38193;L'Isle-d'Abeau;333
38194;Izeaux;55
38195;Izeron;17
38197;Janneyrias;59
38198;Jarcieu;41
38199;Jardin;37
38200;Jarrie;72
38203;Laffrey;14
38204;Lalley;14
38205;Lans-en-Vercors;92
38206;Laval-en-Belledonne;16
38207;Lavaldens;4
38208;Lavars;6
38209;Lentiol;5
38210;Leyrieu;21
38211;Lieudieu;8
38212;Livet-et-Gavet;25
38213;Longechenal;6
38214;Lumbin;42
38215;Luzinay;77
38216;Malleval-en-Vercors;4
38217;Marcieu;2
38218;Marcilloles;52
38219;Marcollin;24
38221;Marnans;1
38222;Massieu;9
38223;Maubec;44
38224;Mayres-Savel;6
38225;Autrans-Méaudre en Vercors;138
38226;Mens;82
38228;Merlas;7
38229;Meylan;831
38230;Meyrié;25
38231;Meyrieu-les-Étangs;18
38232;Meyssiez;11
38235;Miribel-Lanchâtre;14
38236;Miribel-les-Échelles;21
38237;Mizoën;7
38238;Moidieu-Détourbe;48
38239;Moirans;373
38240;Moissieu-sur-Dolon;15
38241;Monestier-d'Ambel;1
38242;Monestier-de-Clermont;70
38243;Monestier-du-Percy;9
38244;Monsteroux-Milieu;15
38245;Montagne;11
38246;Montagnieu;18
38247;Montalieu-Vercieu;103
38248;Montaud;13
38249;Montbonnot-Saint-Martin;366
38250;Montcarra;10
38252;Montchaboud;2
38253;Les Deux Alpes;304
38254;Monteynard;10
38255;Montfalcon;1
38256;Montferrat;37
38257;Montrevel;10
38258;Mont-Saint-Martin;2
38259;Montseveroux;25
38260;Moras;15
38261;Morestel;182
38263;Morette;5
38264;La Morte;18
38265;La Motte-d'Aveillans;27
38266;La Motte-Saint-Martin;4
38267;Mottier;19
38268;Le Moutaret;6
38269;La Mure;230
38270;La Murette;55
38271;Murianette;14
38272;Murinais;8
38273;Nantes-en-Ratier;15
38275;Serre-Nerpol;5
38276;Nivolas-Vermelle;138
38277;Notre-Dame-de-Commiers;11
38278;Notre-Dame-de-l'Osier;10
38279;Notre-Dame-de-Mésage;13
38280;Notre-Dame-de-Vaulx;7
38281;Noyarey;88
38282;Optevoz;22
38283;Oris-en-Rattier;1
38284;Ornacieux-Balbins;18
38285;Ornon;9
38286;Oulles;2
38287;Oyeu;22
38288;Oytier-Saint-Oblas;67
38289;Oz;38
38290;Pact;19
38291;Pajay;20
38292;Villages du Lac de Paladru;39
38294;Panossas;12
38295;Parmilieu;13
38296;Le Passage;17
38297;Arandon-Passins;104
38298;Le Péage-de-Roussillon;182
38299;Pellafol;3
38300;Penol;13
38301;Le Percy;8
38303;La Pierre;8
38304;Pierre-Châtel;26
38307;Pisieu;9
38308;Plan;5
38309;Poisat;55
38310;Poliénas;28
38311;Pommier-de-Beaurepaire;11
38313;Ponsonnas;3
38314;Pontcharra;246
38315;Le Pont-de-Beauvoisin;154
38316;Pont-de-Chéruy;140
38317;Le Pont-de-Claix;266
38318;Pont-Évêque;248
38319;Pont-en-Royans;34
38320;Porcieu-Amblagnieu;32
38321;Prébois;7
38322;Presles;6
38323;Pressins;29
38324;Primarette;12
38325;Proveysieux;5
38326;Prunières;6
38328;Quaix-en-Chartreuse;11
38329;Quet-en-Beaumont;3
38330;Quincieu;5
38331;Réaumont;26
38332;Renage;93
38333;Rencurel;15
38334;Revel;28
38335;Revel-Tourdan;26
38336;Reventin-Vaugris;117
38337;Rives;205
38338;La Rivière;16
38339;Roche;36
38340;Les Roches-de-Condrieu;30
38341;Rochetoirin;74
38342;Roissard;10
38343;Romagnieu;45
38344;Roussillon;289
38345;Rovon;12
38346;Royas;7
38347;Roybon;33
38348;Ruy-Montceau;172
38349;Sablons;54
38350;Sainte-Agnès;7
38351;Saint-Agnin-sur-Bion;24
38352;Saint-Alban-de-Roche;74
38353;Saint-Alban-du-Rhône;11
38354;Saint-Albin-de-Vaulserre;9
38355;Saint-Andéol;6
38356;Saint-André-en-Royans;6
38357;Saint-André-le-Gaz;55
38358;Sainte-Anne-sur-Gervonde;10
38359;Saint Antoine l'Abbaye;42
38360;Saint-Appolinard;4
38361;Saint-Arey;1
38362;Saint-Aupre;17
38363;Saint-Barthélemy;34
38364;Saint-Barthélemy-de-Séchilienne;3
38365;Saint-Baudille-de-la-Tour;15
38366;Saint-Baudille-et-Pipet;15
38368;Saint-Blaise-du-Buis;39
38369;Sainte-Blandine;29
38370;Saint-Bonnet-de-Chavagne;12
38372;Saint-Bueil;12
38373;Saint-Cassien;27
38374;Saint-Chef;102
38375;Saint-Christophe-en-Oisans;17
38376;Saint-Christophe-sur-Guiers;22
38377;Saint-Clair-de-la-Tour;105
38378;Saint-Clair-du-Rhône;97
38379;Saint-Clair-sur-Galaure;10
38380;Saint-Didier-de-Bizonnes;6
38381;Saint-Didier-de-la-Tour;57
38382;Saint-Égrève;548
38383;Saint-Étienne-de-Crossey;57
38384;Saint-Étienne-de-Saint-Geoirs;221
38386;Saint-Geoire-en-Valdaine;61
38387;Saint-Geoirs;9
38388;Saint-Georges-de-Commiers;45
38389;Saint-Georges-d'Espéranche;106
38390;Saint-Gervais;13
38391;Saint-Guillaume;8
38392;Saint-Hilaire-de-Brens;14
38393;Saint-Hilaire-de-la-Côte;43
38394;Saint-Hilaire-du-Rosier;37
38395;Plateau-des-Petites-Roches;50
38396;Saint-Honoré;18
38397;Saint-Ismier;191
38398;Saint-Jean-d'Avelanne;17
38399;Saint-Jean-de-Bournay;178
38400;Saint-Jean-de-Moirans;100
38401;Saint-Jean-de-Soudain;128
38402;Saint-Jean-de-Vaulx;7
38403;Saint-Jean-d'Hérans;8
38404;Saint-Jean-le-Vieux;5
38405;Saint-Joseph-de-Rivière;24
38406;Saint-Julien-de-l'Herms;4
38407;La Sure en Chartreuse;20
38408;Saint-Just-Chaleyssin;73
38409;Saint-Just-de-Claix;51
38410;Saint-Lattier;27
38412;Saint-Laurent-du-Pont;129
38413;Saint-Laurent-en-Beaumont;10
38414;Sainte-Luce;3
38415;Saint-Marcel-Bel-Accueil;38
38416;Saint-Marcellin;327
38417;Sainte-Marie-d'Alloix;13
38418;Sainte-Marie-du-Mont;5
38419;Saint-Martin-de-Clelles;5
38420;Saint-Martin-de-Vaulserre;5
38421;Saint-Martin-d'Hères;1081
38422;Saint-Martin-d'Uriage;139
38423;Saint-Martin-le-Vinoux;194
38424;Saint-Maurice-en-Trièves;12
38425;Saint-Maurice-l'Exil;183
38426;Saint-Maximin;10
38427;Saint-Michel-de-Saint-Geoirs;6
38428;Saint-Michel-en-Beaumont;2
38429;Saint-Michel-les-Portes;8
38430;Saint-Mury-Monteymond;10
38431;Saint-Nazaire-les-Eymes;54
38432;Saint-Nicolas-de-Macherin;17
38433;Saint-Nizier-du-Moucherotte;25
38434;Saint-Ondras;17
38436;Saint-Paul-de-Varces;28
38437;Saint-Paul-d'Izeaux;8
38438;Saint-Paul-lès-Monestier;10
38439;Crêts en Belledonne;70
38440;Saint-Pierre-de-Bressieux;20
38442;Saint-Pierre-de-Chartreuse;64
38443;Saint-Pierre-de-Chérennes;10
38444;Saint-Pierre-de-Méaroz;2
38445;Saint-Pierre-de-Mésage;8
38446;Saint-Pierre-d'Entremont;27
38448;Saint-Prim;33
38449;Saint-Quentin-Fallavier;555
38450;Saint-Quentin-sur-Isère;57
38451;Saint-Romain-de-Jalionas;107
38452;Saint-Romain-de-Surieu;16
38453;Saint-Romans;57
38454;Saint-Sauveur;72
38455;Saint-Savin;124
38456;Châtel-en-Trièves;13
38457;Saint-Siméon-de-Bressieux;78
38458;Saint-Sorlin-de-Morestel;12
38459;Saint-Sorlin-de-Vienne;16
38460;Saint-Sulpice-des-Rivoires;10
38462;Saint-Théoffrey;11
38463;Saint-Vérand;32
38464;Saint-Victor-de-Cessieu;62
38465;Saint-Victor-de-Morestel;17
38466;Saint-Vincent-de-Mercuze;61
38467;Salagnon;22
38468;Salaise-sur-Sanne;378
38469;La Salette-Fallavaux;8
38470;La Salle-en-Beaumont;10
38471;Le Sappey-en-Chartreuse;35
38472;Sarcenas;10
38473;Sardieu;18
38474;Sassenage;301
38475;Satolas-et-Bonce;78
38476;Savas-Mépin;21
38478;Séchilienne;11
38479;Porte-des-Bonnevaux;55
38480;Septème;44
38481;Sérézin-de-la-Tour;15
38483;Sermérieu;30
38484;Serpaize;31
38485;Seyssinet-Pariset;405
38486;Seyssins;279
38487;Seyssuel;75
38488;Siccieu-Saint-Julien-et-Carisieu;9
38489;Siévoz;1
38490;Sillans;50
38492;Sinard;19
38494;Soleymieu;27
38495;La Sône;19
38496;Sonnay;36
38497;Sousville;4
38498;Succieu;19
38499;Susville;44
38500;Têche;10
38501;Tencin;44
38503;La Terrasse;45
38504;Theys;55
38505;Thodure;17
38507;Tignieu-Jameyzieu;324
38508;Torchefelon;8
38509;La Tour-du-Pin;290
38511;Le Touvet;129
38512;Tramolé;11
38513;Treffort;14
38514;Tréminis;15
38515;Trept;45
38516;La Tronche;215
38517;Tullins;244
38518;Valbonnais;10
38519;Valencin;67
38520;Valencogne;10
38521;La Valette;1
38522;Valjouffrey;12
38523;Varacieux;22
38524;Varces-Allières-et-Risset;178
38525;Vasselin;7
38526;Vatilieu;5
38527;Vaujany;42
38528;Vaulnaveys-le-Bas;26
38529;Vaulnaveys-le-Haut;69
38530;Vaulx-Milieu;172
38531;Velanne;18
38532;Vénérieu;11
38533;Venon;12
38535;Vernas;5
38536;Vernioz;49
38537;La Verpillière;184
38538;Le Versoud;164
38539;Vertrieu;7
38540;Veurey-Voroize;123
38542;Veyssilieu;6
38543;Vézeronce-Curtin;69
38544;Vienne;1300
38545;Vif;201
38546;Vignieu;13
38547;Villard-Bonnot;197
38548;Villard-de-Lans;296
38549;Villard-Notre-Dame;2
38550;Villard-Reculas;14
38551;Villard-Reymond;1
38552;Villard-Saint-Christophe;9
38553;Villefontaine;447
38554;Villemoirieu;73
38555;Villeneuve-de-Marc;19
38556;Ville-sous-Anjou;28
38557;Villette-d'Anthon;172
38558;Villette-de-Vienne;48
38559;Vinay;149
38560;Val-de-Virieu;62
38561;Viriville;46
38562;Vizille;225
38563;Voiron;1037
38564;Voissant;6
38565;Voreppe;318
38566;Vourey;50
38567;Chamrousse;99
39001;Abergement-la-Ronce;10
39002;Abergement-le-Grand;2
39003;Abergement-le-Petit;4
39004;Abergement-lès-Thésy;4
39006;Aiglepierre;8
39007;Alièze;4
39008;Amange;6
39009;Andelot-en-Montagne;19
39010;Andelot-Morval;6
39011;Annoire;16
39013;Arbois;211
39014;Archelange;5
39015;Ardon;5
39016;Arinthod;56
39017;Arlay;45
39018;Aromas;18
39019;Les Arsures;10
39020;Arsure-Arsurette;8
39021;La Chailleuse;18
39022;Asnans-Beauvoisin;13
39024;Audelange;6
39025;Augea;6
39026;Augerans;2
39027;Augisey;7
39028;Aumont;19
39029;Aumur;4
39030;Authume;12
39031;Auxange;5
39032;Avignon-lès-Saint-Claude;3
39034;Balaiseaux;7
39035;Balanod;23
39037;Bans;25
39038;Barésia-sur-l'Ain;3
39039;La Barre;6
39040;Barretaine;3
39041;Baume-les-Messieurs;9
39042;Baverans;10
39043;Beaufort-Orbagna;38
39045;Beffia;5
39046;Bellecombe;5
39047;Bellefontaine;16
39048;Belmont;3
39049;Bersaillin;8
39050;Besain;6
39051;Biarne;4
39052;Bief-des-Maisons;3
39053;Bief-du-Fourg;13
39054;Biefmorin;3
39055;Billecul;1
39056;Bletterans;129
39057;Blois-sur-Seille;2
39058;Blye;6
39059;Bois-d'Amont;29
39060;Bois-de-Gand;2
39061;Boissia;5
39062;La Boissière;1
39063;Bonlieu;15
39065;Bonnefontaine;2
39066;Bornay;3
39068;Les Bouchoux;13
39070;Bourg-de-Sirod;3
39072;Bracon;9
39073;Brainans;8
39074;Brans;7
39076;La Bretenière;5
39077;Bretenières;2
39078;Brevans;15
39079;Briod;5
39080;Broissia;3
39081;Buvilly;6
39083;Censeau;14
39084;Cernans;6
39085;Cerniébaud;5
39086;Cernon;7
39088;Cesancey;5
39090;Chaînée-des-Coupis;4
39091;Les Chalesmes;4
39092;Chambéria;5
39093;Chamblay;9
39094;Chamole;3
39095;Champagne-sur-Loue;2
39096;Champagney;5
39097;Champagnole;412
39099;Champdivers;17
39100;Champrougier;1
39101;Champvans;27
39102;Chancia;7
39103;La Chapelle-sur-Furieuse;11
39104;Chapelle-Voland;15
39105;Chapois;3
39106;Charchilla;12
39107;Charcier;6
39108;Charency;3
39109;Charézier;5
39110;La Charme;3
39111;Charnod;2
39112;La Chassagne;1
39114;Château-Chalon;13
39116;La Châtelaine;3
39117;Chatelay;4
39118;Châtel-de-Joux;2
39119;Le Chateley;1
39120;Châtelneuf;2
39121;Châtenois;6
39122;Châtillon;3
39124;Chaumergy;18
39126;La Chaumusse;11
39127;Chaussenans;4
39128;Chaussin;65
39129;Chaux-des-Crotenay;22
39130;Nanchez;14
39131;La Chaux-du-Dombief;18
39132;La Chaux-en-Bresse;0
39133;Chaux-Champagny;6
39134;Chavéria;8
39136;Chemenot;2
39137;Saint-Hymetière-sur-Valouse;7
39138;Chemin;7
39139;Chêne-Bernard;4
39140;Chêne-Sec;0
39141;Chevigny;6
39142;Chevreaux;3
39143;Chevrotaine;1
39145;Chille;4
39146;Chilly-le-Vignoble;15
39147;Chilly-sur-Salins;8
39149;Chissey-sur-Loue;2
39150;Choisey;82
39151;Choux;2
39153;Cize;11
39154;Clairvaux-les-Lacs;94
39155;Clucy;5
39156;Cogna;5
39157;Coiserette;2
39159;Colonne;6
39160;Commenailles;21
39162;Condamine;7
39163;Condes;3
39164;Conliège;23
39165;Conte;1
39166;Cornod;5
39167;Cosges;11
39168;Courbette;3
39169;Courbouzon;9
39170;Courlans;22
39171;Courlaoux;50
39172;Courtefontaine;3
39173;Cousance;55
39174;Coyrière;3
39175;Coyron;2
39176;Cramans;17
39177;Hauteroche;36
39178;Crans;3
39179;Crenans;6
39180;Cressia;4
39182;Crissey;13
39183;Crotenay;13
39184;Les Crozets;3
39185;Cuisia;5
39187;Cuvier;10
39188;Dammartin-Marpain;9
39189;Damparis;41
39190;Dampierre;37
39191;Darbonnay;5
39192;Denezières;2
39193;Le Deschaux;23
39194;Desnes;14
39196;Les Deux-Fays;3
39197;Digna;3
39198;Dole;1028
39199;Domblans;27
39200;Dompierre-sur-Mont;16
39201;Doucier;24
39202;Dournon;10
39203;Doye;4
39204;Dramelay;3
39205;Éclans-Nenon;5
39206;Écleux;4
39207;Écrille;2
39208;Entre-deux-Monts;5
39209;Val-d'Épy;17
39210;Équevillon;14
39211;Les Essards-Taignevaux;5
39214;Esserval-Tartre;5
39216;Étival;6
39217;L'Étoile;18
39218;Étrepigney;4
39219;Évans;14
39220;Falletans;10
39221;La Favière;2
39222;Fay-en-Montagne;2
39223;La Ferté;14
39225;Le Fied;10
39227;Foncine-le-Bas;6
39228;Foncine-le-Haut;42
39229;Fontainebrux;3
39230;Fontenu;6
39232;Fort-du-Plasne;9
39233;Foucherans;103
39234;Foulenay;1
39235;Fraisans;28
39236;Francheville;2
39237;Fraroz;3
39238;Frasne-les-Meulières;2
39239;La Frasnée;3
39240;Le Frasnois;8
39241;Frébuans;10
39244;Frontenay;4
39245;Gatey;9
39246;Gendrey;7
39247;Genod;1
39248;Geraise;2
39249;Germigney;5
39250;Geruge;2
39251;Gevingey;14
39252;Gevry;10
39253;Gigny;11
39254;Gillois;6
39255;Gizia;4
39258;Grande-Rivière Château;22
39259;Grange-de-Vaivre;3
39261;Graye-et-Charnay;4
39262;Gredisans;4
39263;Grozon;12
39265;Hautecour;4
39266;Les Hays;8
39267;Ivory;7
39268;Ivrey;2
39269;Jeurre;9
39270;Jouhe;9
39271;Lac-des-Rouges-Truites;9
39272;Ladoye-sur-Seille;5
39273;Montlainsia;7
39274;Lajoux;11
39275;Lamoura;28
39277;Le Larderet;4
39278;Largillay-Marsonnay;4
39279;Larnaud;25
39280;Larrivoire;3
39281;Le Latet;3
39282;La Latette;6
39283;Lavancia-Epercy;15
39284;Lavangeot;2
39285;Lavans-lès-Dole;12
39286;Lavans-lès-Saint-Claude;56
39288;Lavigny;8
39289;Lect;5
39290;Valzin en Petite Montagne;12
39291;Lemuy;8
39292;Lent;4
39293;Leschères;2
39295;Loisia;8
39296;Lombard;3
39297;Longchaumois;23
39298;Longcochon;2
39299;Longwy-sur-le-Doubs;10
39300;Lons-le-Saunier;1107
39301;Loulle;13
39302;Louvatange;6
39304;Le Louverot;1
39305;La Loye;6
39306;Macornay;25
39307;Maisod;15
39308;Malange;5
39310;Mantry;17
39312;Marigna-sur-Valouse;7
39313;Marigny;9
39314;Marnézia;1
39315;Marnoz;7
39317;La Marre;11
39318;Martigna;3
39319;Mathenay;8
39320;Maynal;7
39321;Menétru-le-Vignoble;7
39322;Menétrux-en-Joux;4
39323;Menotey;4
39324;Mérona;2
39325;Mesnay;19
39326;Mesnois;11
39327;Messia-sur-Sorne;40
39328;Meussia;12
39329;Mièges;12
39330;Miéry;3
39331;Mignovillard;36
39333;Moirans-en-Montagne;101
39334;Moiron;3
39335;Moissey;15
39336;Molain;6
39337;Molamboz;3
39338;Molay;5
39339;Chassal-Molinges;48
39342;Monay;3
39343;Monnetay;2
39344;Monnet-la-Ville;17
39345;Monnières;8
39346;Montagna-le-Reconduit;2
39348;Montaigu;6
39349;Montain;13
39350;Montbarrey;7
39351;Montcusel;6
39352;Monteplain;4
39353;Montfleur;4
39354;Montholier;12
39355;Montigny-lès-Arsures;14
39356;Montigny-sur-l'Ain;9
39359;Montmarlon;2
39360;Montmirey-la-Ville;6
39361;Montmirey-le-Château;4
39362;Montmorot;162
39363;Montrevel;3
39364;Montrond;26
39365;Mont-sous-Vaudrey;60
39366;Mont-sur-Monnet;6
39367;Morbier;72
39368;Hauts de Bienne;148
39370;Mouchard;40
39372;Mournans-Charbonny;3
39373;Les Moussières;12
39375;Moutonne;2
39376;Moutoux;1
39377;Mutigney;5
39378;Les Trois-Châteaux;16
39379;Nance;8
39380;Nancuise;5
39381;Les Nans;3
39385;Neublans-Abergement;4
39386;Neuvilley;1
39387;Nevy-lès-Dole;5
39388;Nevy-sur-Seille;8
39389;Ney;21
39390;Nogna;10
39391;Nozeroy;28
39392;Offlanges;5
39393;Onglières;3
39394;Onoz;2
39396;Orchamps;29
39397;Orgelet;104
39398;Ougney;8
39399;Ounans;16
39400;Our;4
39401;Oussières;8
39402;Pagney;11
39403;Pagnoz;7
39404;Pannessières;10
39405;Parcey;38
39406;Le Pasquier;12
39407;Passenans;11
39408;Patornay;14
39409;Peintre;2
39411;Perrigny;109
39412;Peseux;4
39413;La Pesse;20
39415;Petit-Noir;16
39418;Picarreau;4
39419;Pillemoine;1
39420;Pimorin;10
39421;Le Pin;4
39422;Plainoiseau;11
39423;Plaisia;5
39424;Les Planches-en-Montagne;2
39425;Les Planches-près-Arbois;8
39426;Plasne;12
39427;Plénise;3
39428;Plénisette;2
39429;Pleure;10
39430;Plumont;3
39431;Poids-de-Fiole;7
39432;Pointre;5
39434;Poligny;264
39435;Pont-de-Poitte;32
39436;Pont-d'Héry;11
39437;Pont-du-Navoy;19
39439;Port-Lesney;20
39441;Prémanon;28
39443;Présilly;2
39444;Pretin;3
39445;Publy;6
39446;Pupillin;16
39447;Quintigny;10
39448;Rahon;12
39449;Rainans;6
39451;Ranchot;27
39452;Rans;12
39453;Ravilloles;4
39454;Recanoz;5
39455;Reithouse;2
39456;Relans;6
39457;Les Repôts;3
39458;Revigny;2
39460;La Rixouse;3
39461;Rix;5
39462;Rochefort-sur-Nenon;42
39463;Rogna;5
39464;Romain;5
39465;Romange;6
39466;Rosay;3
39467;Rotalier;9
39468;Rothonay;6
39469;Rouffange;2
39470;Les Rousses;154
39471;Ruffey-sur-Seille;24
39472;Rye;5
39473;Saffloz;6
39475;Saint-Amour;99
39476;Saint-Aubin;38
39477;Saint-Baraing;4
39478;Saint-Claude;354
39479;Saint-Cyr-Montmalin;11
39480;Saint-Didier;2
39481;Saint-Germain-en-Montagne;12
39485;Val Suran;36
39486;Saint-Lamain;4
39487;Saint-Laurent-en-Grandvaux;94
39489;Saint-Lothain;16
39490;Saint-Loup;10
39491;Coteaux du Lizon;43
39492;Saint-Maur;4
39493;Saint-Maurice-Crillat;6
39494;Saint-Pierre;20
39495;Saint-Thiébaud;2
39497;Saizenay;2
39498;Salans;8
39499;Saligney;2
39500;Salins-les-Bains;160
39501;Sampans;21
39502;Santans;7
39503;Sapois;10
39504;Sarrogna;6
39505;Saugeot;2
39507;Séligney;2
39508;Sellières;33
39510;Septmoncel les Molunes;32
39511;Sergenaux;1
39512;Sergenon;2
39513;Sermange;6
39514;Serre-les-Moulières;7
39517;Sirod;18
39518;Songeson;3
39519;Soucia;7
39520;Souvans;15
39522;Supt;3
39523;Syam;3
39525;Tassenières;10
39526;Tavaux;135
39527;Taxenne;3
39528;Thervay;10
39529;Thésy;6
39530;Thoirette-Coisia;24
39531;Thoiria;3
39532;Thoissia;1
39533;Toulouse-le-Château;15
39534;La Tour-du-Meix;11
39535;Tourmont;4
39537;Trenal;5
39538;Uxelles;4
39539;Vadans;8
39540;Valempoulières;14
39543;Vannoz;13
39545;Le Vaudioux;6
39546;Vaudrey;13
39547;Vaux-lès-Saint-Claude;16
39550;Verges;3
39551;Véria;3
39552;Vernantois;6
39553;Le Vernois;9
39554;Vers-en-Montagne;9
39555;Vers-sous-Sellières;7
39556;Vertamboz;1
39557;Vescles;6
39558;Vevy;12
39559;La Vieille-Loye;5
39560;Villard-Saint-Sauveur;8
39561;Villards-d'Héria;6
39565;Villeneuve-d'Aval;5
39567;Villeneuve-sous-Pymont;8
39568;Villerserine;2
39569;Villers-Farlay;11
39570;Villers-les-Bois;5
39571;Villers-Robert;4
39572;Villette-lès-Arbois;12
39573;Villette-lès-Dole;8
39574;Villevieux;18
39575;Le Villey;4
39576;Val-Sonnette;28
39577;Vincent-Froideville;6
39579;Viry;16
39581;Vitreux;7
39582;Voiteur;32
39583;Vosbles-Valfin;2
39584;Vriange;1
39585;Vulvoz;1
39586;Aresches;2
40001;Aire-sur-l'Adour;366
40002;Amou;63
40003;Angoumé;9
40004;Angresse;80
40005;Arboucave;6
40006;Arengosse;12
40007;Argelos;3
40008;Argelouse;2
40011;Arsague;10
40012;Artassenx;6
40013;Arthez-d'Armagnac;6
40014;Arue;16
40015;Arx;3
40016;Aubagnan;7
40017;Audignon;9
40018;Audon;5
40019;Aureilhan;24
40020;Aurice;15
40021;Azur;27
40022;Bahus-Soubiran;15
40023;Baigts;11
40024;Banos;4
40025;Bascons;17
40026;Bas-Mauco;15
40027;Bassercles;4
40028;Bastennes;8
40029;Bats;9
40030;Baudignan;1
40031;Bégaar;36
40032;Belhade;6
40033;Bélis;1
40034;Bélus;12
40035;Bénesse-lès-Dax;15
40036;Bénesse-Maremne;167
40037;Benquet;42
40038;Bergouey;6
40039;Betbezer-d'Armagnac;4
40040;Beylongue;13
40041;Beyries;1
40042;Biarrotte;9
40043;Bias;19
40044;Biaudos;27
40046;Biscarrosse;729
40047;Bonnegarde;10
40049;Bordères-et-Lamensans;9
40050;Bostens;7
40051;Bougue;13
40052;Bourdalat;9
40053;Bourriot-Bergonce;12
40054;Brassempouy;13
40055;Bretagne-de-Marsan;17
40056;Brocas;16
40057;Buanes;5
40058;Cachen;8
40059;Cagnotte;15
40060;Callen;4
40061;Campagne;16
40062;Campet-et-Lamolère;8
40063;Candresse;3
40064;Canenx-et-Réaut;4
40065;Capbreton;596
40066;Carcarès-Sainte-Croix;14
40067;Carcen-Ponson;9
40068;Cassen;18
40069;Castaignos-Souslens;9
40070;Castandet;12
40071;Castelnau-Chalosse;16
40072;Castelnau-Tursan;4
40073;Castelner;1
40074;Castel-Sarrazin;10
40075;Castets;143
40076;Cauna;8
40077;Cauneille;29
40078;Caupenne;13
40079;Cazalis;2
40080;Cazères-sur-l'Adour;34
40081;Cère;5
40082;Classun;9
40083;Clèdes;5
40084;Clermont;14
40085;Commensacq;13
40086;Coudures;11
40087;Créon-d'Armagnac;10
40088;Dax;1152
40089;Doazit;24
40090;Donzacq;12
40091;Duhort-Bachen;18
40092;Dumes;4
40093;Escalans;10
40094;Escource;36
40095;Estibeaux;14
40096;Estigarde;4
40097;Eugénie-les-Bains;28
40098;Eyres-Moncube;9
40099;Fargues;8
40100;Le Frêche;12
40101;Gaas;13
40102;Gabarret;52
40103;Gaillères;11
40104;Gamarde-les-Bains;32
40105;Garein;8
40106;Garrey;6
40108;Gastes;27
40109;Gaujacq;11
40110;Geaune;41
40111;Geloux;13
40112;Gibret;6
40113;Goos;7
40114;Gourbera;4
40115;Gousse;8
40116;Gouts;5
40117;Grenade-sur-l'Adour;80
40118;Habas;56
40119;Hagetmau;255
40120;Hastingues;30
40121;Hauriet;8
40122;Haut-Mauco;30
40123;Herm;31
40124;Herré;8
40125;Heugas;30
40126;Hinx;67
40127;Hontanx;22
40128;Horsarrieu;17
40129;Josse;34
40130;Labastide-Chalosse;6
40131;Labastide-d'Armagnac;33
40132;Labatut;46
40133;Labenne;208
40134;Labouheyre;95
40135;Labrit;25
40136;Lacajunte;4
40137;Lacquy;13
40138;Lacrabe;4
40139;Laglorieuse;10
40140;Lagrange;6
40141;Lahosse;6
40142;Laluque;19
40143;Lamothe;9
40144;Larbey;5
40145;Larrivière-Saint-Savin;8
40146;Latrille;5
40147;Laurède;9
40148;Lauret;2
40149;Lencouacq;10
40150;Léon;105
40151;Lesgor;10
40152;Lesperon;31
40153;Le Leuy;2
40154;Lévignacq;11
40155;Linxe;33
40156;Liposthey;21
40157;Lit-et-Mixe;81
40158;Losse;16
40159;Louer;7
40160;Lourquen;5
40161;Lubbon;3
40162;Lucbardez-et-Bargues;9
40163;Lüe;17
40164;Retjons;12
40165;Luglon;13
40166;Lussagnet;2
40167;Luxey;17
40168;Magescq;79
40169;Maillas;8
40170;Maillères;2
40171;Mano;4
40172;Mant;15
40173;Marpaps;6
40174;Mauries;3
40175;Maurrin;13
40176;Mauvezin-d'Armagnac;8
40177;Maylis;16
40178;Mazerolles;13
40179;Mées;92
40180;Meilhan;25
40181;Messanges;92
40182;Mézos;32
40183;Mimbaste;23
40184;Mimizan;456
40185;Miramont-Sensacq;19
40186;Misson;15
40187;Moliets-et-Maa;117
40188;Momuy;9
40189;Monget;4
40190;Monségur;11
40191;Montaut;18
40192;Mont-de-Marsan;1212
40193;Montégut;1
40194;Montfort-en-Chalosse;54
40195;Montgaillard;12
40196;Montsoué;10
40197;Morcenx-la-Nouvelle;155
40198;Morganx;7
40199;Mouscardès;10
40200;Moustey;18
40201;Mugron;67
40202;Narrosse;98
40203;Nassiet;7
40204;Nerbis;3
40205;Nousse;4
40206;Oeyregave;8
40207;Oeyreluy;26
40208;Onard;8
40209;Ondres;112
40210;Onesse-Laharie;42
40211;Orist;23
40212;Orthevielle;23
40213;Orx;18
40214;Ossages;13
40215;Ousse-Suzan;7
40216;Ozourt;7
40217;Parentis-en-Born;243
40218;Parleboscq;16
40219;Payros-Cazautets;4
40220;Pécorade;6
40221;Perquie;8
40222;Pey;22
40223;Peyre;5
40224;Peyrehorade;189
40225;Philondenx;11
40226;Pimbo;10
40227;Pissos;50
40228;Pomarez;74
40229;Pontenx-les-Forges;33
40230;Pontonx-sur-l'Adour;96
40231;Port-de-Lanne;23
40232;Poudenx;4
40233;Pouillon;86
40234;Pouydesseaux;19
40235;Poyanne;10
40236;Poyartin;18
40237;Préchacq-les-Bains;9
40238;Pujo-le-Plan;11
40239;Puyol-Cazalet;6
40240;Renung;10
40242;Rimbez-et-Baudiets;3
40243;Rion-des-Landes;78
40244;Rivière-Saas-et-Gourby;34
40245;Roquefort;83
40246;Sabres;53
40247;Saint-Agnet;5
40248;Saint-André-de-Seignanx;23
40249;Saint-Aubin;10
40250;Saint-Avit;81
40251;Saint-Barthélemy;5
40252;Sainte-Colombe;12
40253;Saint-Cricq-Chalosse;11
40254;Saint-Cricq-du-Gave;6
40255;Saint-Cricq-Villeneuve;10
40256;Saint-Étienne-d'Orthe;14
40257;Sainte-Eulalie-en-Born;30
40258;Sainte-Foy;4
40259;Saint-Gein;9
40260;Saint-Geours-d'Auribat;9
40261;Saint-Geours-de-Maremne;242
40262;Saint-Gor;11
40263;Saint-Jean-de-Lier;7
40264;Saint-Jean-de-Marsacq;32
40265;Saint-Julien-d'Armagnac;1
40266;Saint-Julien-en-Born;121
40267;Saint-Justin;25
40268;Saint-Laurent-de-Gosse;22
40269;Saint-Lon-les-Mines;36
40270;Saint-Loubouer;17
40271;Sainte-Marie-de-Gosse;31
40272;Saint-Martin-de-Hinx;27
40273;Saint-Martin-de-Seignanx;197
40274;Saint-Martin-d'Oney;33
40275;Saint-Maurice-sur-Adour;9
40276;Saint-Michel-Escalus;12
40277;Saint-Pandelon;18
40278;Saint-Paul-en-Born;19
40279;Saint-Paul-lès-Dax;604
40280;Saint-Perdon;37
40281;Saint-Pierre-du-Mont;427
40282;Saint-Sever;231
40283;Saint-Vincent-de-Paul;95
40284;Saint-Vincent-de-Tyrosse;307
40285;Saint-Yaguen;11
40286;Samadet;42
40287;Sanguinet;126
40288;Sarbazan;16
40289;Sarraziet;9
40290;Sarron;3
40291;Saubion;32
40292;Saubrigues;49
40293;Saubusse;21
40294;Saugnac-et-Cambran;28
40295;Saugnac-et-Muret;50
40296;Seignosse;279
40297;Le Sen;12
40298;Serres-Gaston;7
40299;Serreslous-et-Arribans;3
40300;Seyresse;14
40301;Siest;5
40303;Solférino;17
40304;Soorts-Hossegor;603
40305;Sorbets;5
40306;Sorde-l'Abbaye;17
40307;Sore;39
40308;Sort-en-Chalosse;24
40309;Souprosse;33
40310;Soustons;312
40311;Taller;8
40312;Tarnos;361
40313;Tartas;135
40314;Tercis-les-Bains;25
40315;Téthieu;10
40316;Tilh;20
40317;Tosse;78
40318;Toulouzette;9
40319;Trensacq;9
40320;Uchacq-et-Parentis;13
40321;Urgons;10
40322;Uza;6
40323;Vert;8
40324;Vicq-d'Auribat;4
40325;Vielle-Tursan;9
40326;Vielle-Saint-Girons;70
40327;Vielle-Soubiran;5
40328;Vieux-Boucau-les-Bains;155
40329;Le Vignau;14
40330;Villenave;8
40331;Villeneuve-de-Marsan;81
40332;Ychoux;62
40333;Ygos-Saint-Saturnin;41
40334;Yzosse;25
41001;Ambloy;3
41002;Angé;21
41003;Areines;11
41004;Artins;10
41006;Autainville;10
41007;Authon;15
41008;Avaray;17
41009;Averdon;22
41010;Azé;24
41012;Baillou;9
41013;Bauzy;7
41014;Beauchêne;5
41016;Billy;27
41017;Binas;21
41018;Blois;1963
41019;Boisseau;6
41020;Bonneveau;5
41022;Bouffry;9
41024;Boursay;10
41025;Bracieux;60
41026;Brévainville;5
41027;Briou;4
41028;Busloup;10
41029;Candé-sur-Beuvron;33
41030;Cellé;7
41031;Cellettes;57
41032;Chailles;59
41034;Chambord;10
41035;Champigny-en-Beauce;7
41036;Chaon;11
41037;La Chapelle-Enchérie;6
41038;La Chapelle-Montmartin;4
41039;La Chapelle-Saint-Martin-en-Plaine;11
41040;La Chapelle-Vendômoise;27
41041;La Chapelle-Vicomtesse;8
41042;Châteauvieux;16
41043;Châtillon-sur-Cher;29
41044;Châtres-sur-Cher;20
41045;Chaumont-sur-Loire;42
41046;Chaumont-sur-Tharonne;42
41047;La Chaussée-Saint-Victor;270
41048;Chauvigny-du-Perche;11
41049;Chémery;31
41050;Cheverny;39
41051;Chissay-en-Touraine;23
41052;Chitenay;18
41053;Choue;13
41054;Choussy;11
41055;Valloire-sur-Cisse;44
41057;Conan;8
41058;Concriers;4
41059;Le Controis-en-Sologne;308
41060;Cormenon;20
41061;Cormeray;22
41062;Couddes;17
41063;Couffy;16
41065;Coulommiers-la-Tour;16
41066;Courbouzon;11
41067;Cour-Cheverny;100
41068;Courmemin;12
41069;Cour-sur-Loire;3
41070;Vallée-de-Ronsard;16
41071;Crouy-sur-Cosson;14
41072;Crucheray;12
41073;Danzé;22
41074;Dhuizon;44
41075;Droué;37
41077;Épiais;4
41078;Épuisay;20
41079;Les Essarts;3
41080;Faverolles-sur-Cher;34
41081;Faye;1
41083;La Ferté-Beauharnais;12
41084;La Ferté-Imbault;26
41085;La Ferté-Saint-Cyr;32
41086;Fontaines-en-Sologne;27
41087;Fontaine-les-Coteaux;11
41088;Fontaine-Raoul;6
41089;La Fontenelle;9
41090;Fortan;1
41091;Fossé;26
41093;Françay;3
41094;Fresnes;19
41095;Fréteval;31
41096;Le Gault-du-Perche;12
41097;Gièvres;30
41098;Gombergean;7
41099;Gy-en-Sologne;15
41100;Les Hayes;10
41101;Herbault;43
41102;Houssay;12
41103;Huisseau-en-Beauce;7
41104;Huisseau-sur-Cosson;34
41105;Josnes;19
41106;Lamotte-Beuvron;165
41107;Lancé;10
41108;Lancôme;3
41109;Landes-le-Gaulois;12
41110;Langon-sur-Cher;24
41112;Lassay-sur-Croisne;9
41113;Lavardin;2
41114;Lestiou;9
41115;Lignières;8
41116;Lisle;2
41118;Loreux;5
41119;Lorges;5
41120;Lunay;33
41121;La Madeleine-Villefrouin;6
41122;Maray;11
41123;Marchenoir;16
41124;Marcilly-en-Beauce;4
41125;Marcilly-en-Gault;14
41126;Mareuil-sur-Cher;28
41127;La Marolle-en-Sologne;10
41128;Marolles;12
41129;Maslives;9
41130;Maves;18
41131;Mazangé;15
41132;Méhers;10
41134;Menars;17
41135;Mennetou-sur-Cher;25
41136;Mer;194
41137;Mesland;16
41138;Meslay;1
41139;Meusnes;26
41140;Millançay;32
41141;Moisy;8
41142;Valencisse;35
41143;Mondoubleau;65
41144;Monteaux;13
41145;Monthou-sur-Bièvre;20
41146;Monthou-sur-Cher;34
41147;Les Montils;40
41148;Montlivault;24
41149;Montoire-sur-le-Loir;149
41150;Mont-près-Chambord;80
41151;Montrichard Val de Cher;188
41152;Montrieux-en-Sologne;15
41153;Montrouveau;3
41154;Morée;51
41155;Muides-sur-Loire;26
41156;Mulsans;9
41157;Mur-de-Sologne;35
41158;Naveil;83
41159;Neung-sur-Beuvron;63
41160;Neuvy;13
41161;Nouan-le-Fuzelier;70
41163;Nourray;8
41164;Noyers-sur-Cher;113
41166;Oisly;15
41167;Veuzain-sur-Loire;123
41168;Orçay;9
41171;Oucques La Nouvelle;63
41172;Ouzouer-le-Doyen;8
41173;Beauce la Romaine;118
41174;Périgny;6
41175;Pezou;27
41176;Pierrefitte-sur-Sauldre;22
41177;Le Plessis-Dorin;6
41178;Le Plessis-l'Échelle;3
41179;Le Poislay;12
41180;Pontlevoy;51
41181;Pouillé;25
41182;Pray;7
41184;Prunay-Cassereau;12
41185;Pruniers-en-Sologne;94
41186;Rahart;4
41187;Renay;10
41188;Rhodon;6
41189;Rilly-sur-Loire;9
41190;Rocé;4
41191;Roches;6
41192;Les Roches-l'Évêque;5
41193;Romilly;7
41194;Romorantin-Lanthenay;633
41195;Rougeou;3
41196;Ruan-sur-Egvonne;5
41198;Saint-Aignan;126
41199;Saint-Amand-Longpré;58
41200;Sainte-Anne;5
41201;Saint-Arnoult;5
41203;Saint-Bohaire;9
41204;Saint-Claude-de-Diray;39
41205;Saint-Cyr-du-Gault;11
41206;Saint-Denis-sur-Loire;20
41207;Saint-Dyé-sur-Loire;21
41208;Saint-Étienne-des-Guérets;4
41209;Saint-Firmin-des-Prés;20
41211;Saint-Georges-sur-Cher;74
41212;Saint-Gervais-la-Forêt;190
41213;Saint-Gourgon;3
41214;Saint-Hilaire-la-Gravelle;12
41215;Saint-Jacques-des-Guérets;1
41216;Saint-Jean-Froidmentel;16
41217;Saint-Julien-de-Chédon;13
41218;Saint-Julien-sur-Cher;14
41219;Saint-Laurent-des-Bois;5
41220;Saint-Laurent-Nouan;99
41221;Saint-Léonard-en-Beauce;13
41222;Saint-Loup;5
41223;Saint-Lubin-en-Vergonnois;9
41224;Saint-Marc-du-Cor;6
41225;Saint-Martin-des-Bois;28
41226;Saint-Ouen;120
41228;Saint-Rimay;5
41229;Saint-Romain-sur-Cher;29
41230;Saint-Sulpice-de-Pommeray;48
41231;Saint-Viâtre;37
41232;Salbris;186
41233;Sambin;21
41234;Santenay;12
41235;Sargé-sur-Braye;33
41236;Sasnières;4
41237;Sassay;17
41238;Savigny-sur-Braye;67
41239;Seigy;15
41241;Selles-Saint-Denis;32
41242;Selles-sur-Cher;132
41243;Selommes;21
41245;Séris;10
41246;Seur;5
41247;Soings-en-Sologne;64
41248;Couëtron-au-Perche;52
41249;Souesmes;24
41250;Sougé;13
41251;Souvigny-en-Sologne;21
41252;Suèvres;51
41253;Talcy;13
41254;Le Temple;3
41255;Ternay;8
41256;Theillay;38
41258;Thésée;41
41259;Thoré-la-Rochette;29
41260;Thoury;10
41261;Tourailles;4
41262;Tour-en-Sologne;22
41265;Troo;13
41266;Valaire;5
41267;Vallières-les-Grandes;31
41268;Veilleins;8
41269;Vendôme;722
41271;Vernou-en-Sologne;19
41273;Vievy-le-Rayé;15
41274;Villavard;4
41275;La Ville-aux-Clercs;37
41276;Villebarou;99
41277;Villebout;5
41278;Villechauve;9
41279;Villedieu-le-Château;7
41280;Villefranche-sur-Cher;64
41281;Villefrancœur;13
41282;Villeherviers;13
41283;Villemardy;9
41284;Villeneuve-Frouville;1
41285;Villeny;18
41286;Villeporcher;5
41287;Villerable;14
41288;Villerbon;10
41289;Villermain;10
41290;Villeromain;13
41291;Villetrun;12
41292;Villexanton;6
41293;Villiersfaux;4
41294;Villiers-sur-Loir;32
41295;Vineuil;303
41296;Vouzon;31
41297;Yvoy-le-Marron;23
42001;Aboën;7
42002;Ailleux;5
42003;Ambierle;43
42005;Andrézieux-Bouthéon;851
42006;Apinac;12
42007;Arcinges;2
42008;Arcon;4
42009;Arthun;5
42010;Aveizieux;28
42011;Balbigny;122
42012;Bard;13
42013;Bellegarde-en-Forez;47
42014;Belleroche;8
42015;Belmont-de-la-Loire;52
42016;La Bénisson-Dieu;5
42017;Le Bessat;15
42018;Bessey;9
42019;Boën-sur-Lignon;128
42020;Boisset-lès-Montrond;27
42021;Boisset-Saint-Priest;29
42022;Bonson;117
42023;Bourg-Argental;105
42025;Boyer;3
42026;Briennon;39
42027;Bully;9
42028;Burdignes;22
42029;Bussières;29
42030;Bussy-Albieux;16
42031;Caloire;8
42032;Cellieu;36
42033;Le Cergne;15
42034;Cervières;1
42035;Cezay;6
42036;Chagnon;6
42037;Chalain-d'Uzore;20
42038;Chalain-le-Comtal;27
42039;Chalmazel-Jeansagnière;26
42040;La Chamba;1
42041;Chambéon;29
42042;Chambles;24
42043;Chambœuf;65
42044;Le Chambon-Feugerolles;329
42045;La Chambonie;1
42046;Champdieu;78
42047;Champoly;9
42048;Chandon;15
42049;Changy;23
42050;La Chapelle-en-Lafaye;2
42051;La Chapelle-Villars;12
42052;Charlieu;246
42053;Châteauneuf;35
42054;Châtelneuf;11
42055;Châtelus;5
42056;Chavanay;133
42058;Chazelles-sur-Lavieu;6
42059;Chazelles-sur-Lyon;190
42060;Chenereilles;6
42061;Cherier;7
42062;Chevrières;18
42063;Chirassimont;8
42064;Chuyer;15
42065;Civens;68
42066;Cleppé;33
42067;Colombier;7
42068;Combre;8
42069;Commelle-Vernay;56
42070;Cordelle;25
42071;Le Coteau;272
42073;Cottance;14
42074;Coutouvre;20
42075;Craintilleux;31
42076;Cremeaux;31
42077;Croizet-sur-Gand;8
42078;Le Crozet;9
42079;Cuinzier;20
42081;Cuzieu;33
42083;Dargoire;19
42084;Solore-en-Forez;12
42085;Doizieux;24
42086;Écoche;10
42087;Écotay-l'Olme;12
42088;Épercieux-Saint-Paul;49
42089;Essertines-en-Châtelneuf;24
42090;Essertines-en-Donzy;13
42091;Estivareilles;27
42092;L'Étrat;116
42093;Farnay;20
42094;Feurs;478
42095;Firminy;618
42096;Fontanès;11
42097;La Fouillouse;231
42098;Fourneaux;23
42099;Fraisses;108
42100;La Gimond;7
42101;Graix;3
42102;Grammond;23
42103;La Grand-Croix;138
42104;La Gresle;16
42105;Grézieux-le-Fromental;5
42106;Grézolles;10
42107;Gumières;8
42108;L'Hôpital-le-Grand;21
42110;L'Horme;150
42112;Jarnosse;5
42113;Jas;7
42115;Jonzieux;24
42116;Juré;13
42117;Lavieu;1
42118;Lay;20
42119;Leigneux;5
42120;Lentigny;39
42121;Lérigneux;6
42122;Lézigneux;28
42123;Lorette;132
42124;Lupé;8
42125;Luré;4
42126;Luriecq;30
42127;Mably;222
42128;Machézal;15
42129;Maclas;75
42130;Magneux-Haute-Rive;14
42131;Maizilly;3
42132;Malleval;20
42133;Marcenod;15
42134;Marcilly-le-Châtel;28
42135;Marclopt;22
42136;Marcoux;21
42137;Margerie-Chantagret;16
42138;Maringes;16
42139;Marlhes;52
42140;Marols;7
42141;Mars;12
42142;Merle-Leignec;10
42143;Mizérieux;9
42145;Montagny;28
42146;Montarcher;7
42147;Montbrison;740
42148;Montchal;11
42149;Montrond-les-Bains;208
42150;Montverdun;37
42151;Mornand-en-Forez;17
42152;Nandax;16
42153;Neaux;11
42154;Néronde;11
42155;Nervieux;18
42156;Neulise;59
42157;Noailly;9
42158;Les Noës;5
42159;Noirétable;71
42160;Nollieux;6
42161;Notre-Dame-de-Boisset;8
42162;Ouches;22
42163;La Pacaudière;49
42164;Palogneux;3
42165;Panissières;107
42166;Parigny;35
42167;Pavezin;8
42168;Pélussin;128
42169;Périgneux;33
42170;Perreux;91
42171;Pinay;7
42172;Planfoy;22
42173;Pommiers-en-Forez;12
42174;Poncins;27
42175;Pouilly-lès-Feurs;31
42176;Pouilly-les-Nonains;26
42177;Pouilly-sous-Charlieu;86
42178;Pradines;18
42179;Pralong;19
42180;Précieux;17
42181;Régny;21
42182;Renaison;122
42183;La Ricamarie;200
42184;Riorges;317
42185;Rivas;9
42186;Rive-de-Gier;345
42187;Roanne;1649
42188;Roche-en-Forez;8
42189;Roche-la-Molière;313
42191;Roisey;18
42192;Rozier-Côtes-d'Aurec;4
42193;Rozier-en-Donzy;29
42194;Sail-les-Bains;12
42195;Sail-sous-Couzan;24
42196;Sainte-Agathe-en-Donzy;3
42197;Sainte-Agathe-la-Bouteresse;35
42198;Saint-Alban-les-Eaux;21
42199;Saint-André-d'Apchon;33
42200;Saint-André-le-Puy;19
42201;Saint-Appolinard;15
42202;Saint-Barthélemy-Lestra;11
42203;Saint-Bonnet-des-Quarts;5
42204;Saint-Bonnet-le-Château;87
42205;Saint-Bonnet-le-Courreau;26
42206;Saint-Bonnet-les-Oules;48
42207;Saint-Chamond;1023
42208;Saint-Christo-en-Jarez;45
42209;Sainte-Colombe-sur-Gand;12
42210;Sainte-Croix-en-Jarez;13
42211;Saint-Cyprien;94
42212;Saint-Cyr-de-Favières;21
42213;Saint-Cyr-de-Valorges;9
42214;Saint-Cyr-les-Vignes;32
42215;Saint-Denis-de-Cabanne;36
42216;Saint-Denis-sur-Coise;33
42217;La Côte-Saint-Didier;11
42218;Saint-Étienne;6140
42219;Saint-Étienne-le-Molard;29
42220;Saint-Forgeux-Lespinasse;15
42221;Sainte-Foy-Saint-Sulpice;14
42222;Saint-Galmier;215
42223;Saint-Genest-Lerpt;137
42224;Saint-Genest-Malifaux;116
42225;Genilac;78
42226;Saint-Georges-de-Baroille;6
42227;Saint-Georges-en-Couzan;22
42228;Saint-Georges-Haute-Ville;22
42229;Saint-Germain-la-Montagne;1
42230;Saint-Germain-Laval;92
42231;Saint-Germain-Lespinasse;45
42232;Saint-Haon-le-Châtel;19
42233;Saint-Haon-le-Vieux;15
42234;Saint-Héand;81
42235;Saint-Hilaire-Cusson-la-Valmitte;9
42236;Saint-Hilaire-sous-Charlieu;10
42237;Saint-Jean-Bonnefonds;199
42238;Saint-Jean-la-Vêtre;15
42239;Saint-Jean-Saint-Maurice-sur-Loire;14
42240;Saint-Jean-Soleymieux;12
42241;Saint-Jodard;10
42242;Saint-Joseph;48
42243;Saint-Julien-d'Oddes;9
42245;Vêtre-sur-Anzon;17
42246;Saint-Julien-Molin-Molette;31
42247;Saint-Just-en-Bas;5
42248;Saint-Just-en-Chevalet;72
42249;Saint-Just-la-Pendue;43
42251;Saint-Laurent-la-Conche;37
42253;Saint-Léger-sur-Roanne;23
42254;Saint-Marcel-de-Félines;23
42255;Saint-Marcel-d'Urfé;7
42256;Saint-Marcellin-en-Forez;91
42257;Saint-Martin-d'Estréaux;23
42259;Saint-Martin-la-Plaine;90
42260;Saint-Martin-la-Sauveté;33
42261;Saint-Martin-Lestra;30
42262;Saint-Maurice-en-Gourgois;31
42264;Saint-Médard-en-Forez;21
42265;Saint-Michel-sur-Rhône;45
42266;Saint-Nizier-de-Fornas;16
42267;Saint-Nizier-sous-Charlieu;48
42268;Vézelin-sur-Loire;13
42269;Saint-Paul-d'Uzore;7
42270;Saint-Paul-en-Cornillon;29
42271;Saint-Paul-en-Jarez;110
42272;Saint-Pierre-de-Bœuf;47
42273;Saint-Pierre-la-Noaille;6
42274;Saint-Polgues;9
42275;Saint-Priest-en-Jarez;362
42276;Saint-Priest-la-Prugne;14
42277;Saint-Priest-la-Roche;7
42278;Saint-Priest-la-Vêtre;4
42279;Saint-Just-Saint-Rambert;470
42280;Saint-Régis-du-Coin;9
42281;Saint-Rirand;2
42282;Saint-Romain-d'Urfé;10
42283;Saint-Romain-en-Jarez;25
42284;Saint-Romain-la-Motte;40
42285;Saint-Romain-le-Puy;126
42286;Saint-Romain-les-Atheux;13
42287;Saint-Sauveur-en-Rue;21
42288;Saint-Sixte;17
42289;Saint-Symphorien-de-Lay;78
42290;Saint-Thomas-la-Garde;13
42293;Saint-Victor-sur-Rhins;27
42294;Saint-Vincent-de-Boisset;25
42295;Les Salles;21
42296;Salt-en-Donzy;10
42297;Salvizinet;11
42298;Sauvain;15
42299;Savigneux;218
42300;Sevelinges;8
42301;Soleymieux;15
42302;Sorbiers;243
42303;Souternon;11
42304;Sury-le-Comtal;155
42305;La Talaudière;363
42306;Tarentaise;12
42307;Tartaras;10
42308;La Terrasse-sur-Dorlay;16
42310;Thélis-la-Combe;4
42311;La Tour-en-Jarez;42
42312;La Tourette;35
42313;Trelins;19
42314;La Tuilière;10
42315;Unias;10
42316;Unieux;169
42317;Urbise;4
42318;Usson-en-Forez;44
42319;Valeille;12
42320;Valfleury;23
42321;La Valla-sur-Rochefort;8
42322;La Valla-en-Gier;12
42323;Veauche;308
42324;Veauchette;18
42325;Vendranges;9
42326;Véranne;19
42327;Vérin;9
42328;Verrières-en-Forez;19
42329;La Versanne;7
42330;Villars;248
42331;Villemontais;23
42332;Villerest;86
42333;Villers;10
42334;Violay;33
42335;Viricelles;7
42336;Virigneux;15
42337;Vivans;8
42338;Vougy;42
42339;Chausseterre;6
43001;Agnat;5
43002;Aiguilhe;43
43003;Allègre;37
43004;Alleyrac;11
43005;Alleyras;5
43006;Ally;9
43007;Araules;19
43008;Arlempdes;5
43009;Arlet;1
43010;Arsac-en-Velay;19
43011;Aubazat;3
43012;Aurec-sur-Loire;123
43013;Vissac-Auteyrac;9
43014;Autrac;3
43015;Auvers;2
43016;Auzon;17
43017;Azérat;8
43018;Bains;34
43019;Barges;3
43020;Bas-en-Basset;127
43021;Beaulieu;30
43022;Beaumont;8
43023;Beaune-sur-Arzon;10
43024;Beaux;16
43025;Beauzac;71
43026;Bellevue-la-Montagne;10
43027;Berbezit;2
43028;Bessamorel;6
43029;La Besseyre-Saint-Mary;2
43030;Blanzac;8
43031;Blassac;4
43032;Blavozy;43
43033;Blesle;26
43034;Boisset;13
43035;Bonneval;1
43036;Borne;7
43037;Le Bouchet-Saint-Nicolas;12
43038;Bournoncle-Saint-Pierre;22
43039;Le Brignon;16
43040;Brioude;429
43041;Brives-Charensac;285
43042;Cayres;26
43043;Céaux-d'Allègre;11
43044;Cerzat;4
43045;Ceyssac;9
43046;Chadrac;67
43047;Chadron;4
43048;La Chaise-Dieu;59
43049;Chamalières-sur-Loire;12
43050;Chambezon;4
43051;Le Chambon-sur-Lignon;127
43052;Champagnac-le-Vieux;9
43053;Champclause;6
43054;Chanaleilles;10
43055;Chaniat;6
43056;Chanteuges;17
43057;La Chapelle-Bertin;2
43058;La Chapelle-d'Aurec;24
43059;La Chapelle-Geneste;4
43060;Charraix;4
43061;Chaspinhac;14
43062;Chaspuzac;60
43063;Chassagnes;5
43064;Chassignolles;3
43065;Chastel;4
43066;Chaudeyrolles;4
43067;Chavaniac-Lafayette;5
43068;Chazelles;1
43069;Chenereilles;5
43070;Chilhac;9
43071;Chomelix;17
43072;La Chomette;4
43073;Cistrières;7
43074;Cohade;66
43075;Collat;4
43076;Connangles;1
43077;Costaros;34
43078;Coubon;60
43079;Couteuges;12
43080;Craponne-sur-Arzon;129
43082;Cronce;1
43083;Cubelles;5
43084;Cussac-sur-Loire;39
43085;Desges;2
43086;Domeyrat;2
43087;Dunières;116
43088;Espalem;9
43089;Espaly-Saint-Marcel;81
43090;Esplantas-Vazeilles;4
43091;Les Estables;36
43092;Fay-sur-Lignon;24
43093;Félines;9
43094;Ferrussac;2
43095;Fix-Saint-Geneys;5
43096;Fontannes;24
43097;Freycenet-la-Cuche;3
43098;Freycenet-la-Tour;4
43099;Frugerès-les-Mines;6
43100;Frugières-le-Pin;1
43101;Goudet;5
43102;Grazac;26
43103;Grenier-Montgon;4
43104;Grèzes;3
43105;Javaugues;3
43106;Jax;3
43107;Josat;4
43108;Jullianges;10
43109;Lafarre;3
43110;Lamothe;16
43111;Landos;41
43112;Langeac;158
43113;Lantriac;35
43114;Lapte;40
43115;Laussonne;25
43116;Laval-sur-Doulon;1
43117;Lavaudieu;7
43118;Lavoûte-Chilhac;15
43119;Lavoûte-sur-Loire;17
43120;Lempdes-sur-Allagnon;48
43121;Léotoing;6
43122;Lissac;8
43123;Lorlanges;12
43124;Loudes;38
43125;Lubilhac;6
43126;Malrevers;12
43127;Malvalette;10
43128;Malvières;3
43129;Le Mas-de-Tence;2
43130;Mazet-Saint-Voy;39
43131;Mazerat-Aurouze;7
43132;Mazeyrat-d'Allier;36
43133;Mercœur;4
43134;Mézères;2
43135;Le Monastier-sur-Gazeille;80
43136;Monistrol-d'Allier;6
43137;Monistrol-sur-Loire;434
43138;Monlet;10
43139;Montclard;1
43140;Le Monteil;14
43141;Montfaucon-en-Velay;57
43142;Montregard;31
43143;Montusclat;3
43144;Moudeyres;10
43145;Ouides;2
43147;Paulhac;17
43148;Paulhaguet;33
43149;Pébrac;2
43150;Le Pertuis;16
43151;Pinols;8
43152;Polignac;89
43153;Pont-Salomon;56
43154;Pradelles;25
43155;Prades;4
43156;Présailles;1
43157;Le Puy-en-Velay;1205
43158;Queyrières;10
43159;Raucoules;24
43160;Rauret;8
43162;Retournac;74
43163;Riotord;45
43164;Roche-en-Régnier;8
43165;Rosières;46
43166;Saint-André-de-Chalencon;11
43167;Saint-Arcons-d'Allier;4
43168;Saint-Arcons-de-Barges;4
43169;Saint-Austremoine;3
43170;Saint-Beauzire;14
43171;Saint-Bérain;3
43172;Saint-Bonnet-le-Froid;29
43173;Saint-Christophe-d'Allier;6
43174;Saint-Christophe-sur-Dolaizon;23
43175;Saint-Cirgues;3
43177;Saint-Didier-en-Velay;92
43178;Saint-Didier-sur-Doulon;5
43180;Saint-Étienne-du-Vigan;3
43181;Saint-Étienne-Lardeyrol;13
43182;Saint-Étienne-sur-Blesle;2
43183;Sainte-Eugénie-de-Villeneuve;7
43184;Saint-Ferréol-d'Auroure;69
43185;Sainte-Florine;62
43186;Saint-Front;19
43187;Saint-Geneys-près-Saint-Paulien;13
43188;Saint-Georges-d'Aurac;22
43189;Saint-Georges-Lagricol;21
43190;Saint-Germain-Laprade;155
43191;Saint-Géron;4
43192;Saint-Haon;9
43193;Saint-Hilaire;5
43194;Saint-Hostien;15
43195;Saint-Ilpize;4
43196;Saint-Jean-d'Aubrigoux;3
43197;Saint-Jean-de-Nay;18
43198;Saint-Jean-Lachalm;12
43199;Saint-Jeures;23
43200;Saint-Julien-Chapteuil;86
43201;Saint-Julien-d'Ance;9
43202;Saint-Julien-des-Chazes;1
43203;Saint-Julien-du-Pinet;10
43204;Saint-Julien-Molhesabate;7
43205;Saint-Just-Malmont;106
43206;Saint-Just-près-Brioude;7
43207;Saint-Laurent-Chabreuges;6
43208;Sainte-Marguerite;1
43210;Saint-Martin-de-Fugères;8
43211;Saint-Maurice-de-Lignon;80
43212;Saint-Pal-de-Chalencon;43
43213;Saint-Pal-de-Mons;82
43214;Saint-Pal-de-Senouire;2
43215;Saint-Paul-de-Tartas;7
43216;Saint-Paulien;113
43217;Saint-Pierre-du-Champ;17
43218;Saint-Pierre-Eynac;37
43219;Saint-Préjet-Armandon;2
43220;Saint-Préjet-d'Allier;4
43221;Saint-Privat-d'Allier;13
43222;Saint-Privat-du-Dragon;10
43223;Saint-Romain-Lachalm;40
43224;Sainte-Sigolène;198
43225;Saint-Vénérand;1
43226;Saint-Vert;4
43227;Saint-Victor-Malescours;21
43228;Saint-Victor-sur-Arlanc;4
43229;Saint-Vidal;13
43230;Saint-Vincent;29
43231;Salettes;2
43232;Salzuit;17
43233;Sanssac-l'Église;36
43234;Saugues;98
43236;La Séauve-sur-Semène;48
43237;Sembadel;7
43238;Séneujols;2
43239;Siaugues-Sainte-Marie;33
43240;Solignac-sous-Roche;3
43241;Solignac-sur-Loire;57
43242;Tailhac;1
43244;Tence;160
43245;Thoras;5
43246;Tiranges;8
43247;Torsiac;2
43249;Valprivas;12
43250;Vals-le-Chastel;3
43251;Vals-près-le-Puy;101
43252;Varennes-Saint-Honorat;1
43253;Les Vastres;8
43254;Vazeilles-Limandre;11
43256;Venteuges;19
43257;Vergezac;16
43258;Vergongheon;44
43259;Vernassal;16
43260;Le Vernet;1
43261;Vézézoux;10
43262;Vieille-Brioude;30
43263;Vielprat;2
43264;Villeneuve-d'Allier;8
43265;Les Villettes;40
43267;Vorey;41
43268;Yssingeaux;395
44001;Abbaretz;57
44002;Aigrefeuille-sur-Maine;140
44003;Ancenis-Saint-Géréon;720
44005;Chaumes-en-Retz;177
44006;Assérac;47
44007;Avessac;75
44009;Basse-Goulaine;360
44010;Batz-sur-Mer;128
44012;La Bernerie-en-Retz;113
44013;Besné;48
44014;Le Bignon;155
44015;Blain;303
44016;La Boissière-du-Doré;25
44018;Bouaye;247
44019;Bouée;17
44020;Bouguenais;598
44021;Villeneuve-en-Retz;143
44022;Boussay;59
44023;Bouvron;74
44024;Brains;44
44025;Campbon;135
44026;Carquefou;990
44027;Casson;41
44028;Le Cellier;124
44029;Divatte-sur-Loire;211
44030;La Chapelle-des-Marais;56
44031;La Chapelle-Glain;26
44032;La Chapelle-Heulin;85
44033;La Chapelle-Launay;47
44035;La Chapelle-sur-Erdre;637
44036;Châteaubriant;623
44037;Château-Thébaud;97
44038;Chauvé;69
44039;Cheix-en-Retz;50
44041;La Chevrolière;206
44043;Clisson;392
44044;Conquereuil;21
44045;Cordemais;89
44046;Corsept;41
44047;Couëron;588
44048;Couffé;62
44049;Le Croisic;193
44050;Crossac;29
44051;Derval;142
44052;Donges;176
44053;Drefféac;31
44054;Erbray;72
44055;La Baule-Escoublac;989
44056;Fay-de-Bretagne;75
44057;Fégréac;46
44058;Fercé;13
44061;Frossay;69
44062;Le Gâvre;29
44063;Gétigné;124
44064;Gorges;82
44065;Grand-Auverné;20
44066;Grandchamp-des-Fontaines;192
44067;Guémené-Penfao;165
44068;Guenrouet;63
44069;Guérande;913
44070;La Haie-Fouassière;148
44071;Haute-Goulaine;268
44072;Herbignac;203
44073;Héric;204
44074;Indre;62
44075;Issé;46
44076;Jans;25
44077;Joué-sur-Erdre;57
44078;Juigné-des-Moutiers;9
44079;Le Landreau;87
44080;Lavau-sur-Loire;12
44081;Legé;155
44082;Ligné;104
44083;La Limouzinière;40
44084;Le Loroux-Bottereau;240
44085;Louisfert;23
44086;Lusanger;25
44087;Machecoul-Saint-Même;341
44088;Maisdon-sur-Sèvre;60
44089;Malville;136
44090;La Marne;37
44091;Marsac-sur-Don;40
44092;Massérac;9
44094;Mauves-sur-Loire;58
44095;La Meilleraye-de-Bretagne;28
44096;Mésanger;113
44097;Mesquer;75
44098;Missillac;119
44099;Moisdon-la-Rivière;63
44100;Monnières;46
44101;La Montagne;157
44102;Montbert;98
44103;Montoir-de-Bretagne;325
44104;Montrelais;13
44105;Mouais;11
44106;Les Moutiers-en-Retz;50
44107;Mouzeil;40
44108;Mouzillon;84
44109;Nantes;11718
44110;Nort-sur-Erdre;288
44111;Notre-Dame-des-Landes;33
44112;Noyal-sur-Brutz;9
44113;Nozay;167
44114;Orvault;963
44115;Oudon;75
44116;Paimbœuf;52
44117;Le Pallet;102
44118;Pannecé;27
44119;Paulx;47
44120;Le Pellerin;110
44121;Petit-Auverné;13
44122;Petit-Mars;71
44123;Pierric;26
44124;Le Pin;22
44125;Piriac-sur-Mer;110
44126;La Plaine-sur-Mer;127
44127;La Planche;77
44128;Plessé;146
44129;Pontchâteau;358
44130;Pont-Saint-Martin;202
44131;Pornic;871
44132;Pornichet;501
44133;Port-Saint-Père;67
44134;Pouillé-les-Côteaux;23
44135;Le Pouliguen;240
44136;Préfailles;64
44137;Prinquiau;73
44138;Puceul;55
44139;Quilly;20
44140;La Regrippière;31
44141;La Remaudière;27
44142;Remouillé;42
44143;Rezé;1241
44144;Riaillé;64
44145;Rouans;57
44146;Rougé;55
44148;Ruffigné;11
44149;Saffré;76
44150;Saint-Aignan-Grandlieu;195
44151;Saint-André-des-Eaux;140
44152;Sainte-Anne-sur-Brivet;65
44153;Saint-Aubin-des-Châteaux;29
44154;Saint-Brevin-les-Pins;414
44155;Saint-Colomban;70
44156;Corcoué-sur-Logne;59
44157;Saint-Étienne-de-Mer-Morte;38
44158;Saint-Étienne-de-Montluc;240
44159;Saint-Fiacre-sur-Maine;27
44161;Saint-Gildas-des-Bois;91
44162;Saint-Herblain;2754
44163;Vair-sur-Loire;89
44164;Saint-Hilaire-de-Chaléons;71
44165;Saint-Hilaire-de-Clisson;55
44166;Saint-Jean-de-Boiseau;77
44168;Saint-Joachim;53
44169;Saint-Julien-de-Concelles;244
44170;Saint-Julien-de-Vouvantes;28
44171;Saint-Léger-les-Vignes;31
44172;Sainte-Luce-sur-Loire;554
44173;Saint-Lumine-de-Clisson;37
44174;Saint-Lumine-de-Coutais;48
44175;Saint-Lyphard;100
44176;Saint-Malo-de-Guersac;35
44178;Saint-Mars-de-Coutais;56
44179;Saint-Mars-du-Désert;120
44180;Vallons-de-l'Erdre;188
44182;Saint-Michel-Chef-Chef;158
44183;Saint-Molf;70
44184;Saint-Nazaire;2203
44185;Saint-Nicolas-de-Redon;96
44186;Sainte-Pazanne;180
44187;Saint-Père-en-Retz;154
44188;Saint-Philbert-de-Grand-Lieu;312
44189;Sainte-Reine-de-Bretagne;39
44190;Saint-Sébastien-sur-Loire;590
44192;Saint-Viaud;71
44193;Saint-Vincent-des-Landes;34
44194;Sautron;280
44195;Savenay;291
44196;Sévérac;18
44197;Sion-les-Mines;50
44198;Les Sorinières;383
44199;Soudan;48
44200;Soulvache;6
44201;Sucé-sur-Erdre;179
44202;Teillé;44
44203;Le Temple-de-Bretagne;33
44204;Thouaré-sur-Loire;297
44205;Les Touches;57
44206;Touvois;45
44207;Trans-sur-Erdre;24
44208;Treffieux;25
44209;Treillières;338
44210;Trignac;379
44211;La Turballe;198
44212;Vallet;334
44213;Loireauxence;228
44214;Vay;51
44215;Vertou;845
44216;Vieillevigne;134
44217;Vigneux-de-Bretagne;261
44218;Villepot;17
44220;Vue;32
44221;La Chevallerais;27
44222;La Roche-Blanche;17
44223;Geneston;104
44224;La Grigonnais;35
45001;Adon;4
45002;Aillant-sur-Milleron;4
45004;Amilly;425
45005;Andonville;5
45006;Ardon;29
45008;Artenay;63
45009;Aschères-le-Marché;31
45010;Ascoux;32
45011;Attray;4
45012;Audeville;4
45013;Augerville-la-Rivière;5
45014;Aulnay-la-Rivière;10
45015;Autruy-sur-Juine;20
45016;Autry-le-Châtel;19
45017;Auvilliers-en-Gâtinais;8
45018;Auxy;14
45019;Baccon;22
45020;Le Bardon;21
45021;Barville-en-Gâtinais;2
45022;Batilly-en-Gâtinais;8
45023;Batilly-en-Puisaye;6
45024;Baule;73
45025;Bazoches-les-Gallerandes;35
45026;Bazoches-sur-le-Betz;14
45027;Beauchamps-sur-Huillard;9
45028;Beaugency;214
45029;Beaulieu-sur-Loire;33
45030;Beaune-la-Rolande;79
45031;Bellegarde;78
45032;Le Bignon-Mirabeau;8
45033;Boësses;4
45034;Boigny-sur-Bionne;64
45035;Boiscommun;25
45036;Boismorand;16
45037;Boisseaux;6
45038;Bondaroy;2
45039;Bonnée;33
45040;Bonny-sur-Loire;62
45041;Bordeaux-en-Gâtinais;1
45042;Les Bordes;29
45043;Bou;20
45044;Bougy-lez-Neuville;4
45045;Bouilly-en-Gâtinais;5
45046;Boulay-les-Barres;15
45047;Bouzonville-aux-Bois;4
45049;Bouzy-la-Forêt;19
45050;Boynes;27
45051;Bray-Saint-Aignan;62
45052;Breteau;3
45053;Briare;169
45054;Briarres-sur-Essonne;9
45055;Bricy;11
45056;Bromeilles;5
45058;Bucy-le-Roi;4
45059;Bucy-Saint-Liphard;6
45060;La Bussière;14
45061;Cepoy;44
45062;Cercottes;54
45063;Cerdon;25
45064;Cernoy-en-Berry;9
45065;Césarville-Dossainville;5
45066;Chailly-en-Gâtinais;13
45067;Chaingy;122
45068;Châlette-sur-Loing;265
45069;Chambon-la-Forêt;22
45070;Champoulet;2
45072;Chanteau;17
45073;Chantecoq;18
45074;La Chapelle-Onzerain;3
45075;La Chapelle-Saint-Mesmin;274
45076;La Chapelle-Saint-Sépulcre;7
45077;La Chapelle-sur-Aveyron;7
45078;Chapelon;5
45079;Le Charme;3
45080;Charmont-en-Beauce;14
45081;Charsonville;18
45082;Châteauneuf-sur-Loire;260
45083;Château-Renard;111
45084;Châtenoy;10
45085;Châtillon-Coligny;73
45086;Châtillon-le-Roi;8
45087;Châtillon-sur-Loire;67
45088;Chaussy;6
45089;Chécy;243
45091;Chevannes;8
45092;Chevillon-sur-Huillard;31
45093;Chevilly;59
45094;Chevry-sous-le-Bignon;4
45095;Chilleurs-aux-Bois;49
45096;Les Choux;12
45097;Chuelles;31
45098;Cléry-Saint-André;79
45099;Coinces;8
45100;Combleux;13
45101;Combreux;10
45102;Conflans-sur-Loing;6
45103;Corbeilles;36
45104;Corquilleroy;61
45105;Cortrat;6
45107;Coudroy;9
45108;Coullons;60
45109;Coulmiers;12
45110;Courcelles-le-Roi;4
45111;Courcy-aux-Loges;6
45112;La Cour-Marigny;4
45113;Courtemaux;6
45114;Courtempierre;5
45115;Courtenay;116
45116;Cravant;19
45118;Crottes-en-Pithiverais;7
45119;Dadonville;48
45120;Dammarie-en-Puisaye;4
45121;Dammarie-sur-Loing;14
45122;Dampierre-en-Burly;45
45123;Darvoy;40
45124;Desmonts;5
45125;Dimancheville;1
45126;Donnery;39
45127;Dordives;67
45129;Douchy-Montcorbon;39
45130;Dry;37
45131;Échilleuses;9
45132;Égry;8
45133;Engenville;9
45134;Épieds-en-Beauce;41
45135;Erceville;7
45136;Ervauville;7
45137;Escrennes;19
45138;Escrignelles;5
45139;Estouy;13
45141;Faverelles;5
45142;Fay-aux-Loges;105
45143;Feins-en-Gâtinais;1
45144;Férolles;32
45145;Ferrières-en-Gâtinais;115
45146;La Ferté-Saint-Aubin;222
45147;Fleury-les-Aubrais;577
45148;Fontenay-sur-Loing;57
45149;Foucherolles;2
45150;Fréville-du-Gâtinais;1
45151;Gaubertin;2
45152;Gémigny;3
45153;Germigny-des-Prés;10
45154;Gidy;46
45155;Gien;521
45156;Girolles;14
45157;Givraines;7
45158;Gondreville;11
45159;Grangermont;2
45160;Greneville-en-Beauce;12
45161;Griselles;18
45162;Guigneville;14
45164;Guilly;16
45165;Gy-les-Nonains;11
45166;Huêtre;4
45167;Huisseau-sur-Mauves;36
45168;Ingrannes;10
45169;Ingré;421
45170;Intville-la-Guétard;4
45171;Isdes;10
45173;Jargeau;137
45174;Jouy-en-Pithiverais;8
45175;Jouy-le-Potier;41
45176;Juranville;12
45177;Laas;3
45178;Ladon;28
45179;Lailly-en-Val;56
45180;Langesse;4
45181;Léouville;6
45182;Ligny-le-Ribault;28
45183;Lion-en-Beauce;3
45184;Lion-en-Sullias;15
45185;Lombreuil;12
45186;Lorcy;8
45187;Lorris;116
45188;Loury;59
45189;Louzouer;5
45191;Le Malesherbois;201
45193;Marcilly-en-Villette;57
45194;Mardié;52
45195;Mareau-aux-Bois;10
45196;Mareau-aux-Prés;26
45197;Marigny-les-Usages;27
45198;Marsainvilliers;4
45199;Melleroy;9
45200;Ménestreau-en-Villette;31
45201;Mérinville;2
45202;Messas;12
45203;Meung-sur-Loire;225
45204;Mézières-lez-Cléry;20
45205;Mézières-en-Gâtinais;4
45206;Mignères;9
45207;Mignerette;8
45208;Montargis;691
45209;Montbarrois;3
45210;Montbouy;15
45212;Montcresson;24
45213;Montereau;14
45214;Montigny;5
45215;Montliard;3
45216;Mormant-sur-Vernisson;14
45217;Morville-en-Beauce;1
45218;Le Moulinet-sur-Solin;4
45219;Moulon;6
45220;Nancray-sur-Rimarde;11
45222;Nargis;18
45223;Nesploy;12
45224;Neuville-aux-Bois;139
45225;La Neuville-sur-Essonne;15
45226;Neuvy-en-Sullias;22
45227;Nevoy;14
45228;Nibelle;23
45229;Nogent-sur-Vernisson;60
45230;Noyers;18
45231;Oison;9
45232;Olivet;817
45233;Ondreville-sur-Essonne;3
45234;Orléans;4101
45235;Ormes;175
45237;Orville;2
45238;Ousson-sur-Loire;10
45239;Oussoy-en-Gâtinais;9
45240;Outarville;39
45241;Ouvrouer-les-Champs;16
45242;Ouzouer-des-Champs;4
45243;Ouzouer-sous-Bellegarde;10
45244;Ouzouer-sur-Loire;55
45245;Ouzouer-sur-Trézée;30
45246;Pannecières;3
45247;Pannes;90
45248;Patay;71
45249;Paucourt;12
45250;Pers-en-Gâtinais;7
45251;Pierrefitte-ès-Bois;12
45252;Pithiviers;405
45253;Pithiviers-le-Vieil;54
45254;Poilly-lez-Gien;73
45255;Préfontaines;17
45256;Presnoy;5
45257;Pressigny-les-Pins;11
45258;Puiseaux;101
45259;Quiers-sur-Bezonde;22
45260;Ramoulu;3
45261;Rebréchien;22
45262;Rouvray-Sainte-Croix;6
45263;Rouvres-Saint-Jean;7
45264;Rozières-en-Beauce;4
45265;Rozoy-le-Vieil;9
45266;Ruan;8
45268;Saint-Aignan-le-Jaillard;17
45269;Saint-Ay;66
45270;Saint-Benoît-sur-Loire;73
45271;Saint-Brisson-sur-Loire;19
45272;Saint-Cyr-en-Val;219
45273;Saint-Denis-de-l'Hôtel;80
45274;Saint-Denis-en-Val;182
45275;Saint-Firmin-des-Bois;8
45276;Saint-Firmin-sur-Loire;8
45277;Saint-Florent;11
45278;Sainte-Geneviève-des-Bois;31
45279;Saint-Germain-des-Prés;36
45280;Saint-Gondon;20
45281;Saint-Hilaire-les-Andrésis;26
45282;Saint-Hilaire-Saint-Mesmin;68
45283;Saint-Hilaire-sur-Puiseaux;6
45284;Saint-Jean-de-Braye;592
45285;Saint-Jean-de-la-Ruelle;436
45286;Saint-Jean-le-Blanc;257
45288;Saint-Loup-des-Vignes;5
45289;Saint-Lyé-la-Forêt;20
45290;Saint-Martin-d'Abbat;48
45291;Saint-Martin-sur-Ocre;8
45292;Saint-Maurice-sur-Aveyron;16
45293;Saint-Maurice-sur-Fessard;17
45294;Saint-Michel;1
45296;Saint-Péravy-la-Colombe;13
45297;Saint-Père-sur-Loire;34
45298;Saint-Pryvé-Saint-Mesmin;198
45299;Saint-Sigismond;5
45300;Sandillon;112
45301;Santeau;6
45302;Saran;734
45303;Sceaux-du-Gâtinais;24
45305;Seichebrières;8
45306;La Selle-en-Hermoy;14
45307;La Selle-sur-le-Bied;23
45308;Semoy;114
45309;Sennely;15
45310;Sermaises;41
45311;Sigloy;24
45312;Solterre;15
45313;Sougy;19
45314;Sully-la-Chapelle;8
45315;Sully-sur-Loire;225
45316;Sury-aux-Bois;19
45317;Tavers;85
45320;Thignonville;3
45321;Thimory;11
45322;Thorailles;2
45323;Thou;13
45324;Tigy;56
45325;Tivernon;6
45326;Tournoisis;10
45327;Traînou;72
45328;Treilles-en-Gâtinais;8
45329;Triguères;28
45330;Trinay;7
45331;Vannes-sur-Cosson;10
45332;Varennes-Changy;35
45333;Vennecy;44
45334;Vieilles-Maisons-sur-Joudry;12
45335;Vienne-en-Val;44
45336;Viglain;20
45337;Villamblain;6
45338;Villemandeur;295
45339;Villemoutiers;13
45340;Villemurlin;15
45341;Villeneuve-sur-Conie;10
45342;Villereau;5
45343;Villevoques;3
45344;Villorceau;12
45345;Vimory;22
45346;Vitry-aux-Loges;44
45347;Vrigny;9
45348;Yèvre-la-Ville;14
46001;Albas;8
46002;Albiac;3
46003;Alvignac;31
46004;Anglars;6
46005;Anglars-Juillac;12
46006;Anglars-Nozac;8
46007;Arcambal;18
46008;Les Arques;5
46009;Assier;33
46010;Aujols;6
46011;Autoire;11
46012;Aynac;16
46013;Bach;6
46015;Bagnac-sur-Célé;51
46016;Baladou;17
46017;Bannes;3
46018;Le Bastit;10
46020;Beauregard;5
46021;Béduer;12
46022;Bélaye;8
46023;Belfort-du-Quercy;14
46024;Belmont-Bretenoux;9
46026;Belmont-Sainte-Foi;4
46027;Berganty;1
46028;Bétaille;45
46029;Biars-sur-Cère;86
46030;Bio;6
46031;Blars;2
46032;Boissières;6
46033;Porte-du-Quercy;10
46034;Le Bourg;6
46035;Boussac;3
46036;Le Bouyssou;1
46037;Bouziès;8
46038;Bretenoux;65
46039;Brengues;7
46040;Cabrerets;11
46041;Cadrieu;5
46042;Cahors;1146
46043;Cahus;2
46044;Caillac;17
46045;Cajarc;78
46046;Calamane;4
46047;Calès;3
46049;Calvignac;7
46050;Cambayrac;4
46051;Cambes;25
46052;Camboulit;6
46053;Camburat;4
46054;Caniac-du-Causse;6
46055;Capdenac;54
46056;Carayac;1
46057;Cardaillac;13
46058;Carennac;19
46059;Carlucet;1
46060;Carnac-Rouffiac;2
46061;Cassagnes;2
46062;Castelfranc;11
46063;Castelnau-Montratier;76
46064;Catus;45
46065;Cavagnac;12
46066;Cazals;30
46068;Cénevières;13
46069;Cézac;2
46070;Cieurac;22
46072;Concorès;11
46073;Concots;12
46074;Condat;10
46075;Corn;6
46076;Cornac;6
46078;Couzou;5
46079;Cras;4
46080;Crayssac;24
46081;Crégols;1
46082;Cremps;4
46083;Cressensac-Sarrazac;39
46084;Creysse;10
46085;Cuzac;9
46086;Cuzance;15
46087;Dégagnac;10
46088;Douelle;21
46089;Duravel;27
46090;Durbans;4
46091;Escamps;6
46092;Esclauzels;2
46093;Espagnac-Sainte-Eulalie;1
46094;Espédaillac;5
46095;Espère;21
46096;Espeyroux;8
46097;Estal;4
46098;Fajoles;9
46100;Faycelles;13
46101;Felzins;6
46102;Figeac;533
46103;Saint-Paul-Flaugnac;29
46104;Flaujac-Gare;3
46105;Flaujac-Poujols;10
46106;Floirac;7
46107;Floressas;13
46108;Fons;7
46109;Fontanes;70
46111;Fourmagnac;2
46112;Francoulès;6
46113;Frayssinet;5
46114;Frayssinet-le-Gélat;11
46115;Frayssinhes;4
46116;Frontenac;1
46117;Gagnac-sur-Cère;17
46118;Gignac;14
46119;Gigouzac;9
46120;Gindou;12
46121;Ginouillac;4
46122;Gintrac;7
46123;Girac;7
46124;Glanes;12
46125;Gorses;9
46126;Goujounac;12
46127;Gourdon;260
46128;Gramat;170
46129;Gréalou;11
46130;Grézels;10
46131;Grèzes;6
46132;Issendolus;4
46133;Issepts;4
46134;Les Junies;4
46135;Labastide-du-Haut-Mont;4
46136;Labastide-du-Vert;3
46137;Labastide-Marnhac;20
46138;Cœur de Causse;38
46139;Labathude;5
46140;Laburgade;4
46142;Lacapelle-Cabanac;9
46143;Lacapelle-Marival;72
46144;Lacave;11
46145;Lachapelle-Auzac;22
46146;Ladirat;2
46147;Lagardelle;5
46148;Lalbenque;68
46149;Lamagdelaine;16
46151;Lamothe-Cassel;3
46152;Lamothe-Fénelon;9
46153;Lanzac;13
46154;Laramière;7
46155;Larnagol;4
46156;Bellefont-La Rauze;20
46157;Larroque-Toirac;5
46159;Latouille-Lentillac;10
46160;Latronquière;21
46161;Lauresses;6
46162;Lauzès;7
46163;Laval-de-Cère;8
46164;Lavercantière;6
46165;Lavergne;9
46167;Lentillac-du-Causse;2
46168;Lentillac-Saint-Blaise;2
46169;Léobard;4
46170;Leyme;18
46171;Lherm;5
46172;Pern-Lhospitalet;28
46173;Limogne-en-Quercy;36
46174;Linac;7
46175;Lissac-et-Mouret;18
46176;Livernon;19
46177;Loubressac;13
46178;Loupiac;8
46179;Lugagnac;2
46180;Lunan;6
46181;Lunegarde;4
46182;Luzech;53
46183;Marcilhac-sur-Célé;13
46184;Marminiac;8
46185;Martel;100
46186;Masclat;9
46187;Mauroux;17
46188;Maxou;9
46189;Mayrinhac-Lentour;11
46190;Mechmont;4
46191;Mercuès;47
46192;Meyronne;7
46193;Miers;12
46194;Milhac;8
46195;Molières;9
46196;Montamel;5
46197;Le Montat;46
46198;Montbrun;4
46199;Montcabrier;6
46200;Montcléra;7
46201;Montcuq-en-Quercy-Blanc;82
46202;Montdoumerc;18
46203;Montet-et-Bouxal;16
46204;Montfaucon;15
46205;Montgesty;5
46206;Montlauzun;6
46207;Montredon;9
46208;Montvalent;17
46209;Nadaillac-de-Rouge;3
46210;Nadillac;1
46211;Nuzéjouls;7
46212;Orniac;4
46213;Padirac;17
46214;Parnac;18
46215;Payrac;28
46216;Payrignac;28
46218;Pescadoires;13
46219;Peyrilles;7
46220;Pinsac;16
46221;Planioles;12
46222;Pomarède;3
46223;Pontcirq;1
46224;Pradines;70
46225;Prayssac;131
46226;Prendeignes;1
46227;Promilhanes;3
46228;Prudhomat;17
46229;Puybrun;26
46230;Puyjourdes;3
46231;Puy-l'Évêque;77
46232;Le Vignon-en-Quercy;38
46233;Quissac-en-Quercy;1
46234;Rampoux;1
46235;Reilhac;2
46236;Reilhaguet;4
46237;Reyrevignes;8
46238;Rignac;21
46239;Le Roc;3
46240;Rocamadour;101
46241;Rouffilhac;2
46242;Rudelle;3
46243;Rueyres;5
46244;Sabadel-Latronquière;2
46245;Sabadel-Lauzès;2
46246;Saignes;1
46247;Saillac;2
46249;Saint-Bressou;4
46250;Saint-Caprais;3
46251;Saint-Céré;210
46252;Les Pechs du Vers;7
46253;Saint-Chamarand;3
46254;Saint-Chels;2
46255;Saint-Cirgues;18
46256;Saint-Cirq-Lapopie;30
46257;Saint-Cirq-Madelon;3
46258;Saint-Cirq-Souillaguet;3
46259;Saint-Clair;3
46260;Sainte-Colombe;2
46262;Lendou-en-Quercy;19
46263;Barguelonne-en-Quercy;18
46264;Saint-Denis-Catus;7
46265;Saint-Denis-lès-Martel;6
46266;Saint-Félix;10
46267;Saint-Germain-du-Bel-Air;13
46268;Saint Géry-Vers;23
46269;Saint-Hilaire;1
46270;Saint-Jean-de-Laur;10
46271;Saint-Jean-Lespinasse;9
46272;Saint-Jean-Mirabel;4
46273;Saint-Laurent-les-Tours;45
46276;Saint-Martin-Labouval;5
46277;Saint-Martin-le-Redon;7
46279;Saint-Maurice-en-Quercy;7
46280;Saint-Médard;4
46281;Saint-Médard-de-Presque;9
46282;Saint-Médard-Nicourby;5
46283;Saint-Michel-de-Bannières;12
46284;Saint-Michel-Loubéjou;24
46286;Saint-Paul-de-Vern;2
46288;Saint-Perdoux;3
46289;Saint-Pierre-Toirac;5
46290;Saint-Projet;7
46292;Saint-Simon;4
46293;Saint-Sozy;31
46294;Saint-Sulpice;5
46295;Saint-Vincent-du-Pendit;4
46296;Saint-Vincent-Rive-d'Olt;11
46297;Salviac;34
46299;Sauliac-sur-Célé;9
46301;Sauzet;23
46302;Sénaillac-Latronquière;4
46303;Sénaillac-Lauzès;2
46304;Séniergues;4
46305;Sérignac;10
46306;Sonac;3
46307;Soturac;13
46308;Soucirac;3
46309;Souillac;208
46310;Soulomès;4
46311;Sousceyrac-en-Quercy;39
46312;Strenquels;6
46313;Tauriac;8
46314;Terrou;11
46315;Teyssieu;2
46316;Thédirac;6
46317;Thégra;14
46318;Thémines;7
46319;Théminettes;7
46320;Tour-de-Faure;16
46321;Touzac;9
46322;Trespoux-Rassiels;20
46323;Ussel;4
46324;Uzech;4
46328;Varaire;10
46329;Vaylats;6
46330;Vayrac;66
46332;Viazac;3
46333;Vidaillac;1
46334;Le Vigan-en-Quercy;57
46335;Villesèque;11
46336;Vire-sur-Lot;18
46337;Mayrac;10
46338;Bessonies;4
46339;Saint-Jean-Lagineste;5
46340;Saint-Pierre-Lafeuille;14
47001;Agen;1622
47002;Agmé;6
47003;Agnac;7
47004;Aiguillon;142
47005;Allemans-du-Dropt;18
47006;Allez-et-Cazeneuve;31
47007;Allons;5
47008;Ambrus;5
47009;Andiran;11
47010;Antagnac;5
47011;Anthé;4
47012;Anzex;5
47013;Argenton;7
47014;Armillac;6
47015;Astaffort;57
47016;Aubiac;22
47017;Auradou;8
47018;Auriac-sur-Dropt;7
47019;Bajamont;9
47020;Baleyssagues;6
47021;Barbaste;42
47022;Bazens;7
47023;Beaugas;13
47024;Beaupuy;37
47025;Beauville;22
47026;Beauziac;9
47027;Bias;158
47028;Birac-sur-Trec;21
47029;Blanquefort-sur-Briolance;15
47030;Blaymont;7
47031;Boé;545
47032;Bon-Encontre;200
47033;Boudy-de-Beauregard;9
47034;Bouglon;27
47035;Bourgougnague;8
47036;Bourlens;7
47037;Bournel;7
47038;Bourran;47
47039;Boussès;3
47040;Brax;67
47041;Bruch;26
47042;Brugnac;14
47043;Buzet-sur-Baïse;45
47044;Cahuzac;11
47045;Calignac;17
47046;Calonges;13
47047;Cambes;5
47048;Cancon;58
47049;Casseneuil;65
47050;Cassignas;6
47051;Castelculier;156
47052;Casteljaloux;224
47053;Castella;9
47054;Castelmoron-sur-Lot;59
47055;Castelnaud-de-Gratecambe;23
47056;Castelnau-sur-Gupie;15
47057;Castillonnès;63
47058;Caubeyres;6
47059;Caubon-Saint-Sauveur;6
47060;Caudecoste;30
47061;Caumont-sur-Garonne;22
47062;Cauzac;8
47063;Cavarc;3
47064;Cazideroque;6
47065;Clairac;81
47066;Clermont-Dessous;25
47067;Clermont-Soubiran;7
47068;Cocumont;33
47069;Colayrac-Saint-Cirq;101
47070;Condezaygues;31
47071;Coulx;17
47072;Courbiac;3
47073;Cours;5
47074;Couthures-sur-Garonne;8
47075;La Croix-Blanche;16
47076;Cuq;4
47077;Cuzorn;19
47078;Damazan;115
47079;Dausse;11
47080;Dévillac;1
47081;Dolmayrac;12
47082;Dondas;5
47083;Doudrac;5
47084;Douzains;7
47085;Durance;11
47086;Duras;81
47087;Engayrac;8
47088;Escassefort;18
47089;Esclottes;13
47090;Espiens;15
47091;Estillac;204
47092;Fals;12
47093;Fargues-sur-Ourbise;5
47094;Fauguerolles;29
47095;Fauillet;68
47096;Ferrensac;5
47097;Feugarolles;30
47098;Fieux;12
47099;Fongrave;10
47100;Foulayronnes;119
47101;Fourques-sur-Garonne;47
47102;Francescas;36
47103;Fréchou;8
47104;Frégimont;8
47105;Frespech;10
47106;Fumel;128
47107;Galapian;10
47108;Gaujac;10
47109;Gavaudun;14
47110;Gontaud-de-Nogaret;50
47111;Granges-sur-Lot;18
47112;Grateloup-Saint-Gayrand;12
47113;Grayssas;6
47114;Grézet-Cavagnan;6
47115;Guérin;11
47117;Hautefage-la-Tour;17
47118;Hautesvignes;7
47119;Houeillès;12
47120;Jusix;7
47121;Labastide-Castel-Amouroux;9
47122;Labretonie;10
47123;Lacapelle-Biron;18
47124;Lacaussade;5
47125;Lacépède;7
47126;Lachapelle;3
47127;Lafitte-sur-Lot;36
47128;Lafox;45
47129;Lagarrigue;8
47130;Lagruère;5
47131;Lagupie;11
47132;Lalandusse;3
47133;Lamontjoie;24
47134;Lannes;15
47135;Laparade;15
47136;Laperche;2
47137;Laplume;47
47138;Laroque-Timbaut;46
47139;Lasserre;3
47140;Laugnac;11
47141;Laussou;6
47142;Lauzun;34
47143;Lavardac;81
47144;Lavergne;8
47145;Layrac;96
47146;Lédat;25
47147;Lévignac-de-Guyenne;24
47148;Leyritz-Moncassin;6
47150;Longueville;7
47151;Loubès-Bernac;12
47152;Lougratte;9
47154;Lusignan-Petit;7
47155;Madaillan;20
47156;Marcellus;16
47157;Marmande;875
47158;Marmont-Pachas;9
47159;Le Mas-d'Agenais;42
47160;Masquières;6
47161;Massels;9
47162;Massoulès;2
47163;Mauvezin-sur-Gupie;17
47164;Mazières-Naresse;4
47165;Meilhan-sur-Garonne;43
47167;Mézin;65
47168;Miramont-de-Guyenne;122
47169;Moirax;20
47170;Monbahus;27
47171;Monbalen;17
47172;Moncaut;12
47173;Monclar;22
47174;Moncrabeau;27
47175;Monflanquin;110
47176;Montgaillard-en-Albret;7
47177;Monheurt;9
47178;Monségur;13
47179;Monsempron-Libos;45
47180;Montagnac-sur-Auvignon;11
47181;Montagnac-sur-Lède;7
47182;Montastruc;4
47183;Montauriol;8
47184;Montaut;9
47185;Montayral;157
47186;Montesquieu;33
47187;Monteton;17
47188;Montignac-de-Lauzun;8
47189;Montignac-Toupinerie;7
47190;Montpezat;21
47191;Montpouillan;14
47192;Monviel;2
47193;Moulinet;5
47194;Moustier;6
47195;Nérac;337
47196;Nicole;7
47197;Nomdieu;4
47198;Pailloles;9
47199;Pardaillan;14
47200;Parranquet;4
47201;Le Passage;301
47202;Paulhiac;13
47203;Penne-d'Agenais;83
47204;Peyrière;2
47205;Pindères;4
47206;Pinel-Hauterive;16
47207;Pompiey;5
47208;Pompogne;5
47209;Pont-du-Casse;121
47210;Port-Sainte-Marie;72
47211;Poudenas;11
47212;Poussignac;11
47213;Prayssas;38
47214;Puch-d'Agenais;23
47215;Pujols;82
47216;Puymiclan;25
47217;Puymirol;22
47218;Puysserampion;3
47219;Rayet;6
47220;Razimet;17
47221;Réaup-Lisse;16
47222;La Réunion;9
47223;Rives;8
47224;Romestaing;6
47225;Roquefort;60
47226;Roumagne;16
47227;Ruffiac;4
47228;Saint-Antoine-de-Ficalba;11
47229;Saint-Astier;10
47230;Saint-Aubin;16
47231;Saint-Avit;4
47232;Saint-Barthélemy-d'Agenais;12
47233;Sainte-Bazeille;122
47234;Saint-Caprais-de-Lerm;10
47235;Saint-Colomb-de-Lauzun;13
47236;Sainte-Colombe-de-Duras;4
47237;Sainte-Colombe-de-Villeneuve;6
47238;Sainte-Colombe-en-Bruilhois;57
47239;Saint-Étienne-de-Fougères;31
47240;Saint-Étienne-de-Villeréal;11
47241;Saint-Eutrope-de-Born;19
47242;Saint-Front-sur-Lémance;10
47244;Sainte-Gemme-Martaillac;8
47245;Saint-Géraud;2
47246;Saint-Hilaire-de-Lusignan;26
47247;Saint-Jean-de-Duras;12
47248;Saint-Jean-de-Thurac;14
47249;Saint-Laurent;17
47250;Saint-Léger;7
47251;Saint-Léon;8
47252;Sainte-Livrade-sur-Lot;206
47253;Sainte-Marthe;14
47254;Saint-Martin-Curton;3
47255;Saint-Martin-de-Beauville;3
47256;Saint-Martin-de-Villeréal;1
47257;Saint-Martin-Petit;11
47258;Sainte-Maure-de-Peyriac;14
47259;Saint-Maurice-de-Lestapel;4
47260;Saint-Maurin;11
47262;Saint-Nicolas-de-la-Balerme;12
47263;Saint-Pardoux-du-Breuil;46
47264;Saint-Pardoux-Isaac;35
47265;Saint-Pastour;8
47266;Saint-Pé-Saint-Simon;1
47267;Saint-Pierre-de-Buzet;12
47269;Saint-Pierre-de-Clairac;19
47271;Saint-Pierre-sur-Dropt;9
47272;Saint-Quentin-du-Dropt;11
47273;Saint-Robert;5
47274;Saint-Romain-le-Noble;6
47275;Saint-Salvy;7
47276;Saint-Sardos;9
47277;Saint-Sauveur-de-Meilhan;6
47278;Saint-Sernin;15
47279;Saint-Sixte;12
47280;Saint-Sylvestre-sur-Lot;92
47281;Saint-Urcisse;5
47282;Saint-Vincent-de-Lamontjoie;9
47283;Saint-Vite;26
47284;Salles;8
47285;Samazan;73
47286;Sauméjan;5
47287;Saumont;10
47288;Sauvagnas;13
47289;La Sauvetat-de-Savères;13
47290;La Sauvetat-du-Dropt;10
47291;La Sauvetat-sur-Lède;14
47292;Sauveterre-la-Lémance;13
47293;Sauveterre-Saint-Denis;6
47294;Savignac-de-Duras;8
47295;Savignac-sur-Leyze;5
47296;Ségalas;5
47297;Sembas;8
47298;Sénestis;12
47299;Sérignac-Péboudou;6
47300;Sérignac-sur-Garonne;33
47301;Seyches;32
47302;Sos;18
47303;Soumensac;10
47304;Taillebourg;3
47305;Tayrac;12
47306;Le Temple-sur-Lot;47
47307;Thézac;12
47308;Thouars-sur-Garonne;8
47309;Tombebœuf;14
47310;Tonneins;336
47311;Tourliac;6
47312;Tournon-d'Agenais;48
47313;Tourtrès;7
47314;Trémons;12
47315;Trentels;27
47316;Varès;14
47317;Verteuil-d'Agenais;22
47318;Vianne;23
47319;Villebramar;7
47320;Villefranche-du-Queyran;17
47321;Villeneuve-de-Duras;16
47323;Villeneuve-sur-Lot;855
47324;Villeréal;101
47325;Villeton;16
47326;Virazeil;55
47327;Xaintrailles;14
47328;Saint-Georges;18
48001;Albaret-le-Comtal;3
48002;Albaret-Sainte-Marie;24
48003;Allenc;10
48004;Altier;7
48005;Antrenas;18
48007;Arzenc-d'Apcher;2
48008;Arzenc-de-Randon;5
48009;Peyre en Aubrac;102
48010;Auroux;9
48012;Les Monts-Verts;11
48013;Badaroux;22
48015;Pied-de-Borne;7
48016;Balsièges;10
48017;Banassac-Canilhac;55
48018;Barjac;19
48019;Barre-des-Cévennes;11
48020;Bassurels;2
48021;La Bastide-Puylaurent;16
48025;Les Bessons;2
48026;Blavignac;5
48027;Mont Lozère et Goulet;44
48028;Les Bondons;9
48029;Le Born;2
48030;Brenoux;7
48031;Brion;4
48032;Le Buisson;16
48034;La Canourgue;97
48036;Cassagnas;5
48037;Chadenet;5
48038;Bel-Air-Val-d'Ance;22
48039;Chanac;65
48041;Chastanier;4
48042;Chastel-Nouvel;28
48043;Châteauneuf-de-Randon;24
48044;Chauchailles;3
48045;Chaudeyrac;12
48046;Chaulhac;1
48048;Cheylard-l'Évêque;3
48050;Bédouès-Cocurès;20
48051;Le Collet-de-Dèze;27
48053;Cubières;4
48054;Cubiérettes;1
48055;Cultures;3
48056;Esclanèdes;11
48058;La Fage-Montivernoux;4
48059;La Fage-Saint-Julien;2
48061;Florac Trois Rivières;148
48063;Fontans;5
48064;Fournels;21
48065;Fraissinet-de-Fourques;7
48067;Gabriac;3
48068;Gabrias;1
48069;Gatuzières;2
48070;Grandrieu;34
48071;Grandvals;2
48072;Grèzes;9
48073;Les Hermaux;5
48074;Hures-la-Parade;22
48075;Ispagnac;37
48077;Julianges;1
48079;Lajo;1
48080;Langogne;178
48081;Lanuéjols;7
48082;Laubert;5
48083;Les Laubies;3
48085;Laval-du-Tarn;7
48086;Luc;5
48087;Prinsuéjols-Malbouzon;19
48088;La Malène;20
48089;Le Malzieu-Forain;5
48090;Le Malzieu-Ville;37
48091;Marchastel;7
48092;Marvejols;234
48094;Massegros Causses Gorges;55
48095;Mende;777
48096;Meyrueis;52
48097;Moissac-Vallée-Française;8
48098;Molezon;3
48099;Bourgs sur Colagne;49
48100;Montbel;5
48103;Montrodat;24
48104;Nasbinals;43
48105;Naussac-Fontanes;8
48106;Noalhac;1
48107;Palhers;14
48108;La Panouse;6
48110;Paulhac-en-Margeride;2
48111;Pelouse;5
48112;Pierrefiche;3
48115;Le Pompidou;4
48116;Pont de Montvert - Sud Mont Lozère;46
48117;Pourcharesses;10
48119;Prévenchères;10
48121;Prunières;4
48123;Recoules-d'Aubrac;10
48124;Recoules-de-Fumas;6
48126;Lachamp-Ribennes;12
48127;Monts-de-Randon;35
48128;Rimeize;13
48129;Rocles;8
48130;Rousses;5
48131;Le Rozier;16
48132;Saint-Alban-sur-Limagnole;37
48135;Saint-André-Capcèze;6
48136;Saint-André-de-Lancize;4
48137;Saint-Bauzile;21
48138;Saint-Bonnet-de-Chirac;3
48139;Saint Bonnet-Laval;7
48140;Saint-Chély-d'Apcher;226
48141;Mas-Saint-Chély;11
48144;Sainte-Croix-Vallée-Française;25
48145;Saint-Denis-en-Margeride;3
48146;Gorges du Tarn Causses;63
48147;Saint-Étienne-du-Valdonnez;21
48148;Saint-Étienne-Vallée-Française;21
48149;Sainte-Eulalie;3
48150;Saint-Flour-de-Mercoire;9
48151;Saint-Frézal-d'Albuges;2
48152;Ventalon en Cévennes;11
48153;Saint-Gal;3
48155;Saint-Germain-de-Calberte;24
48156;Saint-Germain-du-Teil;19
48157;Sainte-Hélène;3
48158;Saint-Hilaire-de-Lavit;3
48160;Saint-Jean-la-Fouillouse;7
48161;Saint-Juéry;2
48163;Saint-Julien-des-Points;4
48165;Saint-Laurent-de-Muret;5
48166;Cans et Cévennes;9
48167;Saint-Laurent-de-Veyrès;1
48168;Saint-Léger-de-Peyre;7
48169;Saint-Léger-du-Malzieu;1
48170;Saint-Martin-de-Boubaux;1
48171;Saint-Martin-de-Lansuscle;7
48173;Saint-Michel-de-Dèze;7
48174;Saint-Paul-le-Froid;8
48175;Saint-Pierre-de-Nogaret;11
48176;Saint-Pierre-des-Tripiers;7
48177;Saint-Pierre-le-Vieux;5
48178;Saint-Privat-de-Vallongue;6
48179;Saint-Privat-du-Fau;2
48181;Saint-Saturnin;1
48182;Saint-Sauveur-de-Ginestoux;3
48185;Les Salelles;4
48187;Les Salces;5
48188;Serverette;6
48190;Termes;7
48191;La Tieule;14
48192;Trélans;6
48193;Vebron;14
48194;Vialas;17
48198;Villefort;46
49002;Allonnes;101
49003;Tuffalun;59
49007;Angers;5368
49008;Angrie;30
49009;Antoigné;6
49010;Armaillé;14
49011;Artannes-sur-Thouet;4
49012;Aubigné-sur-Layon;8
49015;Avrillé;369
49017;Baracé;11
49018;Baugé-en-Anjou;382
49020;Beaucouzé;631
49021;Beaufort-en-Anjou;234
49022;Beaulieu-sur-Layon;50
49023;Beaupréau-en-Mauges;708
49026;Bécon-les-Granits;96
49027;Bégrolles-en-Mauges;41
49028;Béhuard;8
49029;Blaison-Saint-Sulpice;32
49030;Blou;19
49035;Bouchemaine;156
49036;Bouillé-Ménard;11
49038;Bourg-l'Évêque;5
49041;Brain-sur-Allonnes;44
49045;La Breille-les-Pins;16
49048;Briollay;59
49050;Brissac Loire Aubance;325
49053;Brossay;8
49054;Candé;102
49055;Cantenay-Épinard;60
49056;Carbay;9
49057;Cernusson;7
49058;Les Cerqueux;26
49060;Bellevigne-les-Châteaux;97
49061;Challain-la-Potherie;36
49063;Chalonnes-sur-Loire;240
49064;Chambellay;18
49067;Chenillé-Champteussé;13
49068;Champtocé-sur-Loire;64
49070;Chanteloup-les-Bois;12
49076;La Chapelle-Saint-Laud;11
49080;Les Hauts-d'Anjou;217
49082;Chaudefonds-sur-Layon;21
49086;Terranjou;129
49089;Chazé-sur-Argos;30
49090;Cheffes;13
49092;Chemillé-en-Anjou;761
49099;Cholet;2246
49100;Cizay-la-Madeleine;21
49102;Cléré-sur-Layon;12
49107;Cornillé-les-Caves;18
49109;Coron;37
49110;Corzé;53
49112;Le Coudray-Macouard;21
49113;Courchamps;9
49114;Courléon;3
49120;Denée;26
49121;Dénezé-sous-Doué;13
49123;Distré;143
49125;Doué-en-Anjou;391
49126;Orée d'Anjou;385
49127;Durtal;137
49129;Écouflant;220
49130;Écuillé;12
49131;Épieds;6
49132;Étriché;29
49135;Feneu;45
49138;Les Bois d'Anjou;64
49140;Fontevraud-l'Abbaye;27
49155;Grez-Neuville;58
49160;Ingrandes-le-Fresne-sur-Loire;75
49161;La Jaille-Yvon;8
49163;Jarzé Villages;61
49167;Les Garennes sur Loire;145
49170;Juvardeil;14
49171;La Lande-Chasles;2
49174;Huillé-Lézigné;26
49176;Le Lion-d'Angers;178
49178;Loiré;34
49180;Longué-Jumelles;234
49182;Louresse-Rochemenier;31
49183;Val d'Erdre-Auxence;106
49188;Marcé;21
49192;Maulévrier;125
49193;Le May-sur-Èvre;81
49194;Mazé-Milon;121
49195;Mazières-en-Mauges;29
49200;Longuenée-en-Anjou;113
49201;La Ménitré;41
49205;Miré;37
49209;Montigné-lès-Rairies;6
49211;Montilliers;42
49214;Montreuil-Juigné;135
49215;Montreuil-Bellay;132
49216;Montreuil-sur-Loir;9
49217;Montreuil-sur-Maine;14
49218;Montrevault-sur-Èvre;407
49219;Montsoreau;32
49220;Morannes sur Sarthe-Daumeray;100
49221;Mouliherne;21
49222;Mozé-sur-Louet;66
49223;Mûrs-Erigné;158
49224;Neuillé;28
49228;Noyant-Villages;173
49231;Nuaillé;40
49235;Parnay;21
49236;Passavant-sur-Layon;6
49237;La Pellerine;1
49240;La Plaine;24
49241;Le Plessis-Grammoire;75
49244;Mauges-sur-Loire;543
49246;Les Ponts-de-Cé;498
49247;La Possonnière;50
49248;Ombrée d'Anjou;283
49253;Le Puy-Notre-Dame;45
49257;Les Rairies;17
49259;Rochefort-sur-Loire;64
49260;La Romagne;51
49261;Gennes-Val-de-Loire;235
49262;Rou-Marson;9
49266;Saint-Augustin-des-Bois;20
49267;Saint-Barthélemy-d'Anjou;551
49269;Saint-Christophe-du-Bois;83
49271;Saint-Clément-de-la-Place;40
49272;Saint-Clément-des-Levées;15
49278;Sainte-Gemmes-sur-Loire;170
49283;Saint-Georges-sur-Loire;134
49284;Saint-Germain-des-Prés;41
49288;Saint-Jean-de-la-Croix;3
49291;Saint-Just-sur-Dive;8
49292;Val-du-Layon;91
49294;Saint-Lambert-la-Potherie;59
49298;Saint-Léger-de-Linières;175
49299;Saint-Léger-sous-Cholet;78
49301;Sèvremoine;702
49302;Saint-Macaire-du-Bois;11
49306;Saint-Martin-du-Fouilloux;66
49307;Loire-Authion;407
49308;Saint-Melaine-sur-Aubance;53
49310;Saint-Paul-du-Bois;17
49311;Saint-Philbert-du-Peuple;20
49323;Verrières-en-Anjou;368
49326;Sarrigné;11
49328;Saumur;1155
49329;Savennières;48
49330;Sceaux-d'Anjou;14
49331;Segré-en-Anjou Bleu;579
49332;La Séguinière;223
49333;Seiches-sur-le-Loir;113
49334;Sermaise;7
49336;Somloire;37
49338;Soulaines-sur-Aubance;17
49339;Soulaire-et-Bourg;23
49341;Souzay-Champigny;16
49343;La Tessoualle;89
49344;Thorigné-d'Anjou;20
49345;Bellevigne-en-Layon;195
49347;Tiercé;176
49352;Toutlemonde;23
49353;Trélazé;431
49355;Trémentines;75
49358;Turquant;27
49359;Les Ulmes;18
49361;Varennes-sur-Loire;39
49362;Varrains;34
49364;Vaudelnay;35
49367;Erdre-en-Anjou;120
49368;Vernantes;63
49369;Vernoil-le-Fourrier;42
49370;Verrie;10
49371;Vezins;32
49373;Lys-Haut-Layon;282
49374;Villebernier;19
49377;Rives-du-Loir-en-Anjou;114
49378;Vivy;60
49381;Yzernay;55
50002;Agneaux;217
50003;Agon-Coutainville;173
50004;Airel;12
50006;Amigny;5
50008;Anctoville-sur-Boscq;5
50013;Anneville-en-Saire;22
50016;Appeville;5
50019;Aucey-la-Plaine;8
50021;Audouville-la-Hubert;7
50022;Aumeville-Lestre;2
50023;Auvers;16
50024;Auxais;6
50025;Avranches;575
50026;Azeville;1
50027;Bacilly;27
50028;La Baleine;4
50029;Barenton;49
50030;Barfleur;39
50031;Barneville-Carteret;128
50032;La Barre-de-Semilly;18
50033;Baubigny;2
50034;Baudre;12
50036;Baupte;9
50038;Beauchamps;13
50039;Beaucoudray;2
50040;Beauficel;2
50041;La Hague;274
50042;Beauvoir;42
50044;Belval;9
50045;Benoîtville;20
50046;Bérigny;13
50048;Beslon;11
50049;Besneville;15
50050;Beuvrigny;3
50052;Beuzeville-la-Bastille;5
50054;Biéville;7
50055;Biniville;6
50058;Blainville-sur-Mer;92
50059;Blosville;9
50060;La Bloutière;7
50062;Boisyvon;3
50064;La Bonneville;5
50066;Jullouville;78
50069;Bourguenolles;14
50070;Boutteville;3
50072;Brainville;5
50074;Brécey;113
50076;Bréhal;129
50077;Bretteville;9
50078;Bretteville-sur-Ay;11
50079;Breuville;10
50081;Bréville-sur-Mer;34
50082;Bricquebec-en-Cotentin;140
50083;Bricquebosq;14
50084;Bricqueville-la-Blouette;8
50085;Bricqueville-sur-Mer;30
50086;Brillevast;5
50087;Brix;64
50088;Brouains;1
50090;Buais-Les-Monts;17
50092;Cambernon;11
50093;Cametours;8
50094;Camprond;9
50095;Canisy;61
50096;Canteloup;2
50097;Canville-la-Rocque;1
50098;Carantilly;17
50099;Carentan-les-Marais;421
50101;Carneville;8
50102;Carolles;27
50105;Catteville;8
50106;Cavigny;8
50108;Céaux;14
50109;Cérences;68
50110;Cerisy-la-Forêt;33
50111;Cerisy-la-Salle;33
50112;La Chaise-Baudouin;11
50115;Le Grippon;8
50117;Champeaux;11
50118;Champrepus;11
50120;Chanteloup;7
50121;La Chapelle-Cécelin;4
50124;La Chapelle-Urée;5
50126;Chavoy;3
50129;Cherbourg-en-Cotentin;2129
50130;Chérencé-le-Héron;7
50135;Clitourps;7
50137;La Colombe;36
50138;Colomby;16
50139;Condé-sur-Vire;134
50142;Vicq-sur-Mer;21
50143;Coudeville-sur-Mer;26
50144;Coulouvray-Boisbenâtre;10
50145;Courcy;16
50146;Courtils;12
50147;Coutances;562
50148;Couvains;19
50149;Couville;17
50150;Crasville;5
50151;Créances;76
50152;Les Cresnays;7
50155;Crollon;3
50156;Crosville-sur-Douve;3
50158;Cuves;16
50159;Dangy;14
50161;Le Dézert;16
50162;Digosville;22
50164;Domjean;24
50165;Donville-les-Bains;81
50166;Doville;8
50167;Dragey-Ronthon;38
50168;Ducey-Les Chéris;101
50169;Écausseville;4
50172;Émondeville;6
50174;Équilly;2
50175;Éroudeville;9
50176;L'Étang-Bertrand;9
50177;Étienville;8
50178;Fermanville;13
50181;Feugères;11
50182;La Feuillie;9
50183;Fierville-les-Mines;8
50184;Flamanville;37
50185;Fleury;33
50186;Flottemanville;7
50188;Folligny;11
50190;Fontenay-sur-Mer;7
50192;Fourneaux;3
50193;Le Fresne-Poret;6
50194;Fresville;6
50195;Gathemo;4
50196;Gatteville-le-Phare;21
50197;Gavray-sur-Sienne;93
50198;Geffosses;10
50199;Genêts;19
50200;Ger;14
50205;La Godefroy;3
50207;Golleville;3
50208;Gonfreville;4
50209;Gonneville-Le Theil;26
50210;Gorges;10
50214;Gouvets;8
50215;Gouville-sur-Mer;120
50216;Graignes-Mesnil-Angot;17
50217;Le Grand-Celland;11
50218;Granville;747
50219;Gratot;26
50221;Grimesnil;3
50222;Grosville;14
50225;Le Guislain;7
50227;Le Ham;8
50228;Hambye;37
50229;Hamelin;6
50230;Hardinvast;13
50231;Hauteville-sur-Mer;34
50232;Hauteville-la-Guichard;14
50233;Hautteville-Bocage;4
50234;La Haye-Bellefond;4
50235;La Haye-d'Ectot;7
50236;La Haye;190
50237;La Haye-Pesnel;65
50238;Héauville;5
50239;Thèreval;48
50240;Helleville;7
50241;Hémevez;6
50243;Heugueville-sur-Sienne;19
50246;Hiesville;3
50247;Hocquigny;3
50251;Huberville;3
50252;Hudimesnil;15
50253;Huisnes-sur-Mer;8
50256;Isigny-le-Buat;111
50258;Joganville;2
50259;Juilley;26
50260;Juvigny les Vallées;58
50261;Lamberville;3
50262;La Lande-d'Airou;11
50263;Lapenty;7
50265;Laulne;4
50266;Lengronne;9
50267;Lessay;111
50268;Lestre;10
50269;Liesville-sur-Douve;6
50270;Lieusaint;8
50271;Lingeard;1
50272;Tourneville-sur-Mer;57
50273;Montsenelle;39
50274;Les Loges-Marchis;35
50275;Les Loges-sur-Brécey;6
50276;Lolif;13
50277;Longueville;25
50278;Le Loreur;6
50279;Le Lorey;12
50281;La Lucerne-d'Outremer;32
50282;Le Luot;10
50283;La Luzerne;3
50285;Magneville;4
50288;Marcey-les-Grèves;41
50289;Marchésieux;23
50290;Marcilly;4
50291;Margueray;2
50292;Marigny-Le-Lozon;87
50294;Martinvast;42
50295;Maupertuis;7
50296;Maupertus-sur-Mer;4
50297;La Meauffe;14
50298;Méautis;13
50299;Le Mesnil;4
50300;Le Mesnil-Adelée;5
50302;Le Mesnil-Amey;1
50304;Le Mesnil-Aubert;4
50305;Le Mesnil-au-Val;8
50310;Le Mesnil-Eury;1
50311;Le Mesnil-Garnier;10
50312;Le Mesnil-Gilbert;8
50315;Le Mesnillard;10
50317;Le Mesnil-Ozenne;5
50321;Le Mesnil-Rouxelin;5
50324;Le Mesnil-Véneron;5
50326;Le Mesnil-Villeman;8
50327;La Meurdraquière;8
50328;Millières;19
50332;Les Moitiers-d'Allonne;25
50334;Montabot;9
50335;Montaigu-la-Brisette;11
50336;Montaigu-les-Bois;5
50338;Montbray;15
50340;Montcuit;3
50341;Montebourg;80
50342;Montfarville;27
50345;Monthuchon;10
50347;Montjoie-Saint-Martin;9
50349;Montmartin-sur-Mer;46
50350;Montpinchon;12
50351;Montrabot;1
50352;Montreuil-sur-Lozon;8
50353;Le Mont-Saint-Michel;56
50356;Moon-sur-Elle;12
50357;Morigny;4
50359;Mortain-Bocage;110
50360;Morville;4
50361;La Mouche;8
50362;Moulines;6
50363;Moyon Villages;57
50364;Muneville-le-Bingard;14
50365;Muneville-sur-Mer;10
50368;Nay;3
50369;Négreville;12
50370;Néhou;12
50371;Le Neufbourg;12
50372;Neufmesnil;6
50373;Neuville-au-Plain;5
50374;Neuville-en-Beaumont;1
50376;Nicorps;11
50378;Notre-Dame-de-Cenilly;20
50379;Notre-Dame-de-Livoye;3
50382;Nouainville;4
50384;Octeville-l'Avenel;2
50387;Orglandes;16
50388;Orval sur Sienne;26
50389;Ouville;14
50390;Ozeville;7
50391;Grandparigny;58
50393;Percy-en-Normandie;94
50394;Périers;120
50395;La Pernelle;8
50397;Perriers-en-Beauficel;3
50398;Le Perron;5
50399;Le Petit-Celland;5
50400;Picauville;96
50401;Pierreville;19
50402;Les Pieux;122
50403;Pirou;62
50405;Le Plessis-Lastelle;10
50407;Poilley;41
50408;Pontaubault;19
50409;Pont-Hébert;48
50410;Pontorson;192
50411;Ponts;36
50412;Port-Bail-sur-Mer;95
50413;Précey;15
50417;Quettehou;61
50419;Quettreville-sur-Sienne;63
50420;Quibou;15
50421;Quinéville;16
50422;Raids;6
50423;Rampan;2
50425;Rauville-la-Bigot;17
50426;Rauville-la-Place;11
50428;Reffuveille;18
50429;Regnéville-sur-Mer;16
50430;Reigneville-Bocage;1
50431;Remilly Les Marais;30
50433;Réville;44
50435;Rocheville;7
50436;Romagny Fontenay;28
50437;Roncey;21
50442;Le Rozel;13
50443;Sacey;15
50444;Saint-Amand-Villages;57
50445;Saint-André-de-Bohon;4
50446;Saint-André-de-l'Épine;11
50447;Saint-Aubin-des-Préaux;7
50448;Saint-Aubin-de-Terregatte;33
50450;Saint-Barthélemy;4
50451;Saint-Brice;3
50452;Saint-Brice-de-Landelles;18
50453;Sainte-Cécile;24
50454;Saint-Christophe-du-Foc;3
50455;Saint-Clair-sur-l'Elle;41
50456;Saint-Clément-Rancoudray;18
50457;Sainte-Colombe;7
50461;Saint-Cyr;6
50462;Saint-Cyr-du-Bailleul;10
50463;Saint-Denis-le-Gast;18
50464;Saint-Denis-le-Vêtu;17
50467;Saint-Floxel;11
50468;Saint-Fromond;23
50469;Sainte-Geneviève;15
50471;Saint-Georges-de-la-Rivière;7
50472;Saint-Georges-de-Livoye;5
50473;Saint-Georges-d'Elle;12
50474;Saint-Georges-de-Rouelley;25
50475;Saint-Georges-Montcocq;20
50476;Saint-Germain-d'Elle;2
50478;Saint-Germain-de-Tournebut;5
50479;Saint-Germain-de-Varreville;4
50480;Saint-Germain-le-Gaillard;11
50481;Saint-Germain-sur-Ay;29
50482;Saint-Germain-sur-Sèves;5
50483;Saint-Gilles;29
50484;Saint-Hilaire-du-Harcouët;277
50486;Saint-Jacques-de-Néhou;9
50487;Saint-James;187
50488;Saint-Jean-de-Daye;26
50489;Saint-Jean-de-la-Haize;17
50490;Saint-Jean-de-la-Rivière;11
50491;Saint-Jean-de-Savigny;7
50492;Saint-Jean-d'Elle;57
50493;Saint-Jean-des-Champs;46
50495;Saint-Jean-du-Corail-des-Bois;4
50496;Saint-Jean-le-Thomas;18
50498;Saint-Joseph;12
50499;Saint-Laurent-de-Cuves;23
50500;Saint-Laurent-de-Terregatte;17
50502;Saint-Lô;1083
50504;Saint-Louet-sur-Vire;8
50505;Saint-Loup;7
50506;Saint-Malo-de-la-Lande;6
50507;Saint-Marcouf;13
50509;Sainte-Marie-du-Mont;50
50510;Saint-Martin-d'Aubigny;20
50511;Saint-Martin-d'Audouville;5
50512;Saint-Martin-de-Bonfossé;7
50513;Saint-Martin-de-Cenilly;7
50514;Chaulieu;5
50517;Saint-Martin-de-Varreville;4
50518;Saint-Martin-le-Bouillant;13
50519;Saint-Martin-le-Gréard;3
50521;Saint-Maur-des-Bois;2
50522;Saint-Maurice-en-Cotentin;11
50523;Sainte-Mère-Église;138
50525;Saint-Michel-de-Montjoie;8
50528;Saint-Nicolas-de-Pierrepont;8
50529;Saint-Nicolas-des-Bois;5
50531;Saint-Ovin;16
50532;Saint-Pair-sur-Mer;192
50533;Saint-Patrice-de-Claids;10
50535;Le Parc;26
50536;Saint-Pierre-d'Arthéglise;7
50537;Saint-Pierre-de-Coutances;15
50538;Saint-Pierre-de-Semilly;5
50539;Saint-Pierre-Église;52
50540;Saint-Pierre-Langers;18
50541;Saint-Planchers;25
50542;Saint-Pois;27
50543;Saint-Quentin-sur-le-Homme;66
50546;Bourgvallées;53
50548;Saint-Sauveur-de-Pierrepont;7
50549;Saint-Sauveur-la-Pommeraye;8
50550;Saint-Sauveur-Villages;65
50551;Saint-Sauveur-le-Vicomte;93
50552;Saint-Sébastien-de-Raids;6
50553;Saint-Senier-de-Beuvron;17
50554;Saint-Senier-sous-Avranches;47
50556;Sainte-Suzanne-sur-Vire;3
50562;Saint-Vaast-la-Hougue;121
50563;Saint-Vigor-des-Monts;8
50564;Terre-et-Marais;38
50565;Sartilly-Baie-Bocage;106
50567;Saussemesnil;9
50568;Saussey;15
50569;Savigny;8
50570;Savigny-le-Vieux;12
50571;Sébeville;1
50572;Sénoville;3
50574;Servon;10
50575;Sideville;18
50576;Siouville-Hague;22
50577;Sortosville-en-Beaumont;9
50578;Sortosville;4
50579;Sottevast;33
50580;Sotteville;7
50582;Sourdeval;102
50584;Subligny;12
50585;Surtainville;21
50587;Taillepied;2
50588;Tamerville;12
50589;Tanis;11
50590;Le Tanu;5
50591;Le Teilleul;68
50592;Tessy-Bocage;79
50593;Teurthéville-Bocage;14
50594;Teurthéville-Hague;12
50596;Théville;7
50597;Tirepied-sur-Sée;25
50598;Tocqueville;11
50599;Tollevast;44
50601;Torigny-les-Villes;172
50603;Tourville-sur-Sienne;17
50604;Tréauville;14
50606;Tribehou;14
50607;La Trinité;8
50609;Turqueville;6
50610;Urville;9
50612;Vains;18
50613;Valcanville;9
50615;Valognes;358
50616;Le Val-Saint-Père;63
50617;Varenguebec;6
50618;Varouville;3
50619;Le Vast;5
50621;Vaudreville;1
50624;La Vendelée;8
50626;Ver;13
50628;Vernix;6
50629;Vesly;16
50633;Le Vicel;4
50634;Videcosville;1
50637;Villebaudon;12
50639;Villedieu-les-Poêles-Rouffigny;215
50641;Villiers-Fossard;9
50643;Virandeville;34
50647;Yquelon;75
50648;Yvetot-Bocage;23
51001;Ablancourt;2
51002;Saint-Martin-d'Ablois;46
51003;Aigny;6
51004;Allemanche-Launay-et-Soyer;9
51005;Allemant;17
51006;Alliancelles;4
51007;Ambonnay;78
51008;Ambrières;3
51009;Anglure;36
51010;Angluzelles-et-Courcelles;6
51012;Anthenay;7
51013;Aougny;5
51014;Arcis-le-Ponsart;13
51015;Argers;5
51016;Arrigny;6
51017;Arzillières-Neuville;5
51018;Athis;21
51019;Aubérive;12
51020;Aubilly;4
51022;Aulnay-l'Aître;5
51023;Aulnay-sur-Marne;12
51025;Auménancourt;17
51027;Auve;13
51028;Avenay-Val-d'Or;40
51029;Avize;114
51030;Aÿ-Champagne;206
51031;Baconnes;9
51032;Bagneux;9
51033;Le Baizil;3
51034;Bannay;3
51035;Bannes;4
51036;Barbonne-Fayel;39
51037;Baslieux-lès-Fismes;5
51038;Baslieux-sous-Châtillon;17
51039;Bassu;7
51040;Bassuet;18
51041;Baudement;4
51042;Baye;17
51043;Bazancourt;64
51044;Beaumont-sur-Vesle;13
51045;Beaunay;11
51046;Beine-Nauroy;27
51047;Belval-en-Argonne;2
51048;Belval-sous-Châtillon;14
51049;Bergères-lès-Vertus;38
51050;Bergères-sous-Montmirail;7
51051;Berméricourt;7
51052;Berru;25
51053;Berzieux;4
51054;Bétheniville;29
51055;Bétheny;226
51056;Bethon;31
51057;Bettancourt-la-Longue;3
51058;Bezannes;457
51059;Bignicourt-sur-Marne;10
51060;Bignicourt-sur-Saulx;4
51061;Billy-le-Grand;16
51062;Binarville;2
51065;Blacy;19
51066;Blaise-sous-Arzillières;9
51068;Blesme;4
51069;Bligny;4
51070;Boissy-le-Repos;7
51071;Bouchy-Saint-Genest;8
51072;Bouilly;7
51073;Bouleuse;3
51074;Boult-sur-Suippe;14
51075;Bourgogne-Fresne;44
51076;Boursault;29
51077;Bouvancourt;5
51078;Bouy;11
51079;Bouzy;81
51080;Brandonvillers;4
51081;Branscourt;5
51082;Braux-Sainte-Cohière;4
51083;Braux-Saint-Remy;5
51084;Bréban;6
51085;Le Breuil;27
51086;Breuil-sur-Vesle;6
51087;Breuvery-sur-Coole;7
51088;Brimont;13
51089;Brouillet;12
51090;Broussy-le-Grand;15
51091;Broussy-le-Petit;5
51092;Broyes;19
51093;Brugny-Vaudancourt;22
51094;Brusson;1
51095;Le Buisson;1
51097;Bussy-le-Château;6
51098;Bussy-le-Repos;11
51099;Bussy-Lettrée;36
51100;La Caure;3
51101;Caurel;42
51102;Cauroy-lès-Hermonville;16
51103;La Celle-sous-Chantemerle;16
51104;Cernay-en-Dormois;6
51105;Cernay-lès-Reims;158
51106;Cernon;4
51107;Chaintrix-Bierges;14
51108;Châlons-en-Champagne;1315
51109;Châlons-sur-Vesle;3
51110;Chaltrait;2
51111;Chambrecy;4
51112;Chamery;36
51113;Champaubert;9
51115;Champfleury;64
51116;Champguyon;6
51117;Champigneul-Champagne;8
51118;Champigny;82
51119;Champillon;26
51120;Champlat-et-Boujacourt;12
51121;Champvoisy;10
51122;Changy;5
51124;Chantemerle;9
51125;Chapelaine;4
51126;La Chapelle-Felcourt;8
51127;La Chapelle-Lasson;9
51128;La Chapelle-sous-Orbais;4
51129;Charleville;7
51130;Charmont;6
51132;Les Charmontois;6
51133;Le Châtelier;2
51134;Châtelraould-Saint-Louvent;5
51135;Châtillon-sur-Broué;4
51136;Châtillon-sur-Marne;80
51137;Châtillon-sur-Morin;9
51138;Châtrices;5
51139;Chaudefontaine;5
51140;Chaumuzy;25
51141;La Chaussée-sur-Marne;22
51142;Chavot-Courcourt;25
51143;Le Chemin;4
51144;Cheminon;6
51145;Chenay;12
51146;Cheniers;3
51147;La Cheppe;16
51148;Cheppes-la-Prairie;3
51149;Chepy;11
51150;Cherville;2
51151;Chichey;7
51152;Chigny-les-Roses;52
51153;Chouilly;60
51154;Clamanges;10
51155;Clesles;15
51156;Cloyes-sur-Marne;2
51157;Coizard-Joches;7
51158;Val-des-Marais;32
51160;Compertrix;8
51161;Condé-sur-Marne;16
51162;Conflans-sur-Seine;11
51163;Congy;21
51164;Connantray-Vaurefroy;12
51165;Connantre;49
51166;Contault;3
51167;Coole;13
51168;Coolus;11
51169;Corbeil;4
51170;Corfélix;3
51171;Cormicy;57
51172;Cormontreuil;480
51173;Cormoyeux;12
51174;Corribert;3
51175;Corrobert;7
51176;Corroy;10
51177;Coulommes-la-Montagne;14
51178;Coupetz;11
51179;Coupéville;8
51181;Courcelles-Sapicourt;8
51182;Courcemain;3
51183;Courcy;20
51184;Courdemanges;9
51185;Courgivaux;8
51186;Courjeonnet;9
51187;Courlandon;7
51188;Courmas;15
51190;Courtagnon;2
51191;Courtémont;3
51192;Courthiézy;14
51193;Courtisols;84
51194;Courville;12
51195;Couvrot;18
51196;Cramant;65
51197;La Croix-en-Champagne;5
51198;Crugny;18
51199;Cuchery;26
51200;Cuis;20
51201;Cuisles;10
51202;Cumières;42
51203;Cuperly;7
51204;Damery;94
51206;Dampierre-le-Château;5
51208;Dampierre-sur-Moivre;7
51210;Dizy;79
51211;Dommartin-Dampierre;2
51212;Dommartin-Lettrée;6
51213;Dommartin-sous-Hans;5
51214;Dommartin-Varimont;10
51215;Dompremy;6
51216;Dontrien;8
51217;Dormans;195
51218;Val-de-Vière;3
51219;Drosnay;4
51220;Drouilly;2
51222;Éclaires;4
51223;Écollemont;1
51224;Écriennes;3
51225;Écueil;35
51226;Écury-le-Repos;2
51227;Écury-sur-Coole;13
51228;Élise-Daucourt;3
51229;Épense;2
51230;Épernay;935
51231;L'Épine;20
51232;Époye;5
51233;Escardes;8
51234;Esclavolles-Lurey;11
51235;Les Essarts-lès-Sézanne;17
51236;Les Essarts-le-Vicomte;6
51237;Esternay;65
51238;Étoges;28
51239;Étréchy;4
51240;Étrepy;4
51241;Euvy;5
51242;Fagnières;102
51243;Faux-Fresnay;12
51244;Faux-Vésigneul;11
51245;Faverolles-et-Coëmy;21
51246;Favresse;5
51247;Fèrebrianges;21
51248;Fère-Champenoise;60
51249;Festigny;32
51250;Fismes;175
51251;Flavigny;9
51252;Fleury-la-Rivière;39
51253;Florent-en-Argonne;1
51254;Fontaine-Denis-Nuisy;19
51255;Fontaine-en-Dormois;3
51256;Fontaine-sur-Ay;15
51258;La Forestière;9
51259;Francheville;10
51260;Le Fresne;5
51262;Frignicourt;43
51263;Fromentières;12
51264;Le Gault-Soigny;11
51265;Gaye;16
51266;Germaine;13
51267;Germigny;10
51268;Germinon;13
51269;Giffaumont-Champaubert;30
51270;Gigny-Bussy;5
51272;Givry-en-Argonne;17
51273;Givry-lès-Loisy;7
51274;Gizaucourt;4
51275;Glannes;4
51276;Gourgançon;7
51277;Sainte-Marie-du-Lac-Nuisement;12
51278;Les Grandes-Loges;5
51279;Granges-sur-Aube;5
51280;Gratreuil;4
51281;Grauves;35
51282;Gueux;97
51283;Hans;6
51284;Haussignémont;7
51285;Haussimont;11
51286;Hauteville;5
51287;Hautvillers;45
51288;Heiltz-le-Hutier;4
51289;Heiltz-le-Maurupt;13
51290;Heiltz-l'Évêque;4
51291;Hermonville;50
51292;Herpont;11
51293;Heutrégiville;9
51294;Hourges;6
51295;Huiron;9
51296;Humbauville;3
51298;Igny-Comblizy;9
51299;Isles-sur-Suippe;22
51300;Isle-sur-Marne;1
51301;Isse;5
51302;Les Istres-et-Bury;4
51303;Jâlons;16
51304;Janvilliers;3
51305;Janvry;20
51306;Joiselle;3
51307;Jonchery-sur-Suippe;6
51308;Jonchery-sur-Vesle;46
51309;Jonquery;10
51310;Jouy-lès-Reims;25
51311;Jussecourt-Minecourt;4
51312;Juvigny;24
51313;Lachy;12
51314;Lagery;10
51315;Landricourt;1
51316;Larzicourt;13
51317;Laval-sur-Tourbe;5
51318;Lavannes;19
51319;Lenharrée;10
51320;Leuvrigny;24
51321;Lhéry;6
51322;Lignon;3
51323;Linthelles;9
51324;Linthes;7
51325;Lisse-en-Champagne;2
51326;Livry-Louvercy;20
51327;Loisy-en-Brie;13
51328;Loisy-sur-Marne;21
51329;Loivre;23
51333;Ludes;67
51334;Luxémont-et-Villotte;9
51336;Maffrécourt;3
51337;Magneux;2
51338;Mailly-Champagne;46
51339;Mairy-sur-Marne;16
51340;Maisons-en-Champagne;13
51341;Malmy;4
51342;Mancy;14
51343;Marcilly-sur-Seine;8
51344;Mardeuil;90
51345;Mareuil-en-Brie;7
51346;Mareuil-le-Port;67
51348;Marfaux;9
51349;Margerie-Hancourt;8
51350;Margny;5
51351;Marigny;4
51352;Marolles;54
51353;Marsangis;8
51354;Marson;15
51355;Massiges;5
51356;Matignicourt-Goncourt;8
51357;Matougues;26
51358;Maurupt-le-Montois;5
51359;Mécringes;8
51360;Le Meix-Saint-Epoing;6
51361;Le Meix-Tiercelin;6
51362;Merfy;20
51363;Merlaut;10
51364;Méry-Prémecy;4
51365;Les Mesneux;37
51367;Le Mesnil-sur-Oger;72
51368;Minaucourt-le-Mesnil-lès-Hurlus;4
51369;Mœurs-Verdey;7
51370;Moiremont;4
51371;Moivre;2
51372;Moncetz-Longevas;13
51373;Moncetz-l'Abbaye;5
51374;Mondement-Montgivroux;3
51375;Montbré;6
51376;Montgenost;12
51377;Montépreux;10
51378;Monthelon;31
51379;Montigny-sur-Vesle;15
51380;Montmirail;142
51381;Montmort-Lucy;28
51382;Mont-sur-Courville;4
51384;Morangis;8
51386;Morsains;8
51387;Moslins;6
51388;Mourmelon-le-Grand;70
51389;Mourmelon-le-Petit;24
51390;Moussy;35
51391;Muizon;87
51392;Mutigny;17
51393;Nanteuil-la-Forêt;7
51395;Nesle-la-Reposte;5
51396;Nesle-le-Repons;13
51397;La Neuville-aux-Bois;4
51398;La Neuville-aux-Larris;17
51399;La Neuville-au-Pont;10
51402;Neuvy;8
51403;Nogent-l'Abbesse;45
51404;Noirlieu;9
51406;Norrois;3
51407;La Noue;6
51409;Nuisement-sur-Coole;19
51410;Œuilly;30
51412;Ognes;9
51413;Oiry;61
51414;Olizy;10
51415;Omey;3
51416;Orbais-l'Abbaye;20
51417;Orconte;8
51418;Ormes;47
51419;Outines;5
51420;Outrepont;4
51421;Oyes;3
51422;Pargny-lès-Reims;23
51423;Pargny-sur-Saulx;23
51424;Passavant-en-Argonne;3
51425;Passy-Grigny;33
51426;Péas;8
51428;Les Petites-Loges;12
51429;Pévy;14
51430;Pierre-Morains;7
51431;Pierry;122
51432;Pleurs;13
51433;Plichancourt;1
51434;Plivot;17
51435;Pocancy;14
51436;Pogny;24
51437;Poilly;7
51438;Poix;5
51439;Pomacle;23
51440;Pontfaverger-Moronvilliers;53
51441;Ponthion;2
51442;Possesse;6
51443;Potangis;7
51444;Pouillon;20
51445;Pourcy;6
51446;Pringy;17
51447;Prosnes;9
51448;Prouilly;34
51449;Prunay;42
51450;Puisieulx;16
51451;Queudes;5
51452;Rapsécourt;6
51453;Recy;30
51454;Reims;5701
51455;Reims-la-Brûlée;3
51456;Remicourt;3
51457;Cœur-de-la-Vallée;84
51458;Reuves;4
51459;Réveillon;2
51460;Rieux;2
51461;Rilly-la-Montagne;84
51463;Les Rivières-Henruel;4
51464;Romain;5
51465;Romery;18
51466;Romigny;7
51468;Rosnay;16
51469;Rouffy;3
51470;Rouvroy-Ripont;2
51471;Sacy;37
51472;Saint-Amand-sur-Fion;24
51473;Saint-Bon;4
51474;Saint-Brice-Courcelles;234
51475;Saint-Chéron;4
51476;Saint-Étienne-au-Temple;15
51477;Saint-Étienne-sur-Suippe;5
51478;Saint-Eulien;5
51479;Saint-Euphraise-et-Clairizet;10
51480;Sainte-Gemme;9
51482;Saint-Germain-la-Ville;17
51483;Saint-Gibrien;12
51484;Saint-Gilles;7
51485;La Neuville-au-Temple;27
51486;Saint-Hilaire-le-Grand;14
51487;Saint-Hilaire-le-Petit;18
51488;Saint-Imoges;7
51489;Saint-Jean-devant-Possesse;2
51490;Saint-Jean-sur-Moivre;5
51491;Saint-Jean-sur-Tourbe;4
51492;Saint-Just-Sauvage;16
51493;Saint-Léonard;34
51495;Saint-Loup;6
51496;Saint-Lumier-en-Champagne;12
51497;Saint-Lumier-la-Populeuse;2
51498;Saint-Mard-sur-Auve;3
51499;Saint-Mard-lès-Rouffy;6
51500;Saint-Mard-sur-le-Mont;8
51501;Sainte-Marie-à-Py;7
51502;Saint-Martin-aux-Champs;4
51503;Saint-Martin-l'Heureux;6
51504;Saint-Martin-sur-le-Pré;152
51505;Saint-Masmes;12
51506;Saint-Memmie;196
51507;Sainte-Menehould;203
51508;Saint-Ouen-Domprot;15
51509;Saint-Pierre;14
51510;Saint-Quentin-les-Marais;3
51511;Saint-Quentin-le-Verger;7
51512;Saint-Quentin-sur-Coole;4
51513;Saint-Remy-en-Bouzemont-Saint-Genest-et-Isson;13
51514;Saint-Remy-sous-Broyes;11
51515;Saint-Remy-sur-Bussy;25
51516;Saint-Saturnin;3
51517;Saint-Souplet-sur-Py;5
51518;Saint-Thierry;21
51519;Saint-Thomas-en-Argonne;1
51520;Saint-Utin;2
51521;Saint-Vrain;5
51522;Sapignicourt;1
51523;Sarcy;12
51524;Saron-sur-Aube;7
51525;Sarry;27
51526;Saudoy;19
51527;Savigny-sur-Ardres;4
51528;Scrupt;5
51529;Selles;12
51530;Sept-Saulx;23
51531;Sermaize-les-Bains;41
51532;Sermiers;23
51533;Servon-Melzicourt;6
51534;Serzy-et-Prin;8
51535;Sézanne;227
51536;Sillery;64
51537;Sivry-Ante;6
51538;Sogny-aux-Moulins;8
51539;Sogny-en-l'Angle;4
51542;Soizy-aux-Bois;3
51543;Somme-Bionne;4
51544;Sommepy-Tahure;22
51545;Sommesous;22
51546;Somme-Suippe;14
51547;Somme-Tourbe;7
51548;Somme-Vesle;8
51549;Somme-Yèvre;5
51550;Sompuis;11
51551;Somsois;11
51552;Songy;5
51553;Souain-Perthes-lès-Hurlus;10
51555;Soudé;9
51556;Soudron;12
51557;Soulanges;3
51558;Soulières;10
51559;Suippes;78
51560;Suizy-le-Franc;6
51562;Taissy;111
51563;Talus-Saint-Prix;12
51564;Val de Livre;40
51565;Thaas;12
51566;Thibie;7
51567;Thiéblemont-Farémont;17
51568;Thil;11
51569;Thillois;71
51570;Le Thoult-Trosnay;3
51571;Val-de-Vesle;31
51572;Tilloy-et-Bellay;9
51573;Tinqueux;314
51574;Togny-aux-Bœufs;4
51576;Tours-sur-Marne;56
51577;Tramery;6
51578;Trécon;7
51579;Tréfols;3
51580;Trépail;37
51581;Treslon;6
51582;Trigny;31
51583;Trois-Fontaines-l'Abbaye;4
51584;Trois-Puits;17
51585;Troissy;57
51586;Unchair;10
51587;Vadenay;9
51588;Valmy;12
51589;Vanault-le-Châtel;11
51590;Vanault-les-Dames;20
51591;Vandeuil;13
51592;Vandières;35
51594;Vassimont-et-Chapelaine;4
51595;Vatry;7
51596;Vauchamps;10
51597;Vauciennes;17
51598;Vauclerc;5
51599;Vaudemange;26
51600;Vaudesincourt;5
51601;Vavray-le-Grand;7
51602;Vavray-le-Petit;1
51603;Vélye;8
51604;Ventelay;9
51605;Venteuil;49
51607;Verdon;2
51608;Vernancourt;3
51609;Verneuil;48
51610;Verrières;4
51611;Vert-Toulon;25
51612;Blancs-Coteaux;269
51613;Verzenay;86
51614;Verzy;75
51616;Vésigneul-sur-Marne;5
51617;La Veuve;39
51618;Le Vézier;5
51619;Le Vieil-Dampierre;2
51620;Vienne-la-Ville;5
51621;Vienne-le-Château;14
51622;Ville-Dommange;43
51623;Ville-en-Selve;4
51624;Ville-en-Tardenois;26
51625;Villeneuve-la-Lionne;3
51626;La Villeneuve-lès-Charleville;5
51627;Villeneuve-Renneville-Chevigny;13
51628;Villeneuve-Saint-Vistre-et-Villevotte;9
51629;Villers-Allerand;25
51630;Villers-aux-Bois;9
51631;Villers-aux-Nœuds;11
51632;Villers-en-Argonne;8
51633;Villers-Franqueux;10
51634;Villers-le-Château;4
51635;Villers-le-Sec;3
51636;Villers-Marmery;50
51638;Villeseneux;9
51639;La Ville-sous-Orbais;7
51640;Ville-sur-Tourbe;3
51641;Villevenard;21
51642;Villiers-aux-Corneilles;7
51643;Vinay;28
51644;Vincelles;28
51645;Vindey;13
51646;Virginy;7
51647;Vitry-en-Perthois;22
51648;Vitry-la-Ville;16
51649;Vitry-le-François;456
51650;Voilemont;3
51652;Vouarces;6
51654;Vouillers;5
51655;Vouzy;8
51656;Vraux;9
51657;Vrigny;41
51658;Vroil;5
51659;Wargemoulin-Hurlus;4
51660;Warmeriville;63
51662;Witry-lès-Reims;164
51663;Magenta;60
52001;Ageville;4
52002;Aigremont;2
52003;Aillianville;3
52004;Aingoulaincourt;2
52005;Aizanville;1
52006;Allichamps;5
52007;Ambonville;6
52008;Andelot-Blancheville;35
52009;Andilly-en-Bassigny;5
52011;Annéville-la-Prairie;3
52012;Annonville;4
52013;Anrosey;4
52014;Aprey;4
52015;Arbigny-sous-Varennes;2
52016;Arbot;3
52017;Arc-en-Barrois;32
52019;Arnancourt;3
52021;Attancourt;6
52022;Aubepierre-sur-Aube;8
52023;Auberive;14
52025;Audeloncourt;4
52027;Aujeurres;2
52028;Aulnoy-sur-Aube;4
52029;Autigny-le-Grand;1
52030;Autigny-le-Petit;1
52031;Autreville-sur-la-Renne;13
52033;Avrecourt;3
52034;Bailly-aux-Forges;1
52035;Baissey;3
52037;Bannes;5
52038;Bassoncourt;2
52039;Baudrecourt;4
52040;Bay-sur-Aube;4
52042;Beauchemin;5
52043;Belmont;5
52044;Roches-Bettaincourt;12
52045;Bettancourt-la-Ferrée;100
52047;Beurville;5
52050;Biesles;27
52051;Bize;3
52053;Blaisy;4
52055;Blécourt;2
52056;Blessonville;5
52057;Blumeray;6
52058;Bologne;50
52059;Bonnecourt;3
52060;Bourbonne-les-Bains;104
52061;Bourdons-sur-Rognon;5
52062;Bourg;4
52063;Bourg-Sainte-Marie;5
52064;Bourmont-entre-Meuse-et-Mouzon;27
52065;Bouzancourt;3
52066;Brachay;3
52067;Brainville-sur-Meuse;4
52069;Braux-le-Châtel;2
52070;Brennes;4
52072;Brethenay;13
52074;Breuvannes-en-Bassigny;28
52075;Briaucourt;1
52076;Bricon;13
52079;Brousseval;11
52082;Bugnières;8
52083;Champsevraine;10
52084;Busson;2
52085;Buxières-lès-Clefmont;1
52087;Buxières-lès-Villiers;3
52088;Ceffonds;26
52089;Celles-en-Bassigny;3
52090;Celsoy;2
52091;Cerisières;3
52092;Chalancey;5
52093;Chalindrey;81
52094;Vals-des-Tilles;5
52095;Chalvraines;4
52097;Chambroncourt;1
52099;Chamouilley;16
52101;Champigneulles-en-Bassigny;3
52102;Champigny-lès-Langres;12
52103;Champigny-sous-Varennes;5
52104;Chancenay;14
52105;Changey;2
52106;Chanoy;4
52107;Chantraines;5
52108;Charmes;4
52109;Charmes-en-l'Angle;1
52110;Charmes-la-Grande;7
52113;Chassigny;6
52114;Châteauvillain;45
52115;Chatenay-Mâcheron;2
52116;Chatenay-Vaudin;2
52118;Chatonrupt-Sommermont;5
52119;Chaudenay;4
52120;Chauffourt;3
52121;Chaumont;969
52122;Chaumont-la-Ville;6
52123;Chevillon;26
52124;Chézeaux;4
52125;Chamarandes-Choignes;29
52126;Choilley-Dardenay;5
52127;Choiseul;3
52128;Cirey-lès-Mareilles;6
52129;Cirey-sur-Blaise;10
52130;Cirfontaines-en-Azois;5
52131;Cirfontaines-en-Ornois;2
52132;Clefmont;11
52133;Clinchamp;2
52134;Cohons;5
52135;Coiffy-le-Bas;1
52136;Coiffy-le-Haut;5
52137;Colmier-le-Bas;3
52138;Colmier-le-Haut;3
52140;Colombey les Deux Églises;48
52141;Condes;5
52142;Consigny;2
52145;Coublanc;3
52146;Coupray;5
52147;Courcelles-en-Montagne;3
52149;Courcelles-sur-Blaise;3
52151;Cour-l'Évêque;9
52155;Culmont;7
52156;Curel;8
52157;Curmont;1
52158;Cusey;12
52159;Cuves;2
52160;Daillancourt;4
52161;Daillecourt;3
52162;Dammartin-sur-Meuse;4
52163;Dampierre;7
52164;Damrémont;2
52165;Dancevoir;3
52167;Darmannes;11
52168;Dinteville;4
52169;Domblain;1
52170;Dommarien;5
52171;Dommartin-le-Franc;6
52172;Dommartin-le-Saint-Père;8
52173;Domremy-Landéville;8
52174;Doncourt-sur-Meuse;2
52175;Donjeux;9
52177;Doulaincourt-Saucourt;20
52178;Doulevant-le-Château;16
52179;Doulevant-le-Petit;1
52181;Échenay;6
52182;Éclaron-Braucourt-Sainte-Livière;46
52183;Ecot-la-Combe;2
52184;Effincourt;5
52185;Enfonvelle;4
52187;Épizon;7
52189;Le Val-d'Esnoms;12
52190;Esnouveaux;6
52193;Euffigneix;6
52194;Eurville-Bienville;31
52195;Farincourt;3
52196;Faverolles;5
52197;Fayl-Billot;65
52198;Fays;3
52199;Ferrière-et-Lafolie;3
52200;Flagey;3
52201;Flammerécourt;1
52203;Fontaines-sur-Marne;2
52204;Forcey;3
52205;Foulain;21
52206;Frampas;4
52207;Frécourt;5
52208;Fresnes-sur-Apance;3
52211;Froncles;36
52212;Fronville;7
52213;Genevrières;7
52214;La Genevroye;1
52216;Germaines;1
52217;Germainvilliers;2
52218;Germay;5
52219;Germisay;2
52220;Giey-sur-Aujon;5
52221;Gillancourt;3
52222;Gillaumé;5
52223;Gilley;5
52227;Graffigny-Chemin;8
52228;Grandchamp;1
52229;Grenant;1
52230;Gudmont-Villiers;7
52231;Guindrecourt-aux-Ormes;2
52232;Guindrecourt-sur-Blaise;2
52233;Guyonvelle;4
52234;Hâcourt;3
52235;Hallignicourt;10
52237;Harréville-les-Chanteurs;7
52240;Heuilley-le-Grand;1
52242;Haute-Amance;25
52243;Huilliécourt;1
52244;Humbécourt;13
52245;Humberville;3
52246;Humes-Jorquenay;12
52247;Illoud;5
52248;Is-en-Bassigny;11
52249;Isômes;10
52250;Joinville;142
52251;Jonchery;16
52253;Juzennecourt;7
52254;Lachapelle-en-Blaisy;3
52256;Lafauche;1
52257;Laferté-sur-Amance;3
52258;Laferté-sur-Aube;7
52260;Lamancine;2
52264;Laneuvelle;3
52265;Bayard-sur-Marne;16
52266;Laneuville-à-Rémy;4
52267;Laneuville-au-Pont;3
52269;Langres;350
52271;Lanques-sur-Rognon;4
52272;Lanty-sur-Aube;6
52273;Larivière-Arnoncourt;6
52274;Latrecey-Ormoy-sur-Aube;13
52275;Lavernoy;6
52276;Laville-aux-Bois;4
52277;Lavilleneuve;4
52278;Lavilleneuve-au-Roi;4
52280;Lecey;2
52282;Leffonds;8
52284;Leschères-sur-le-Blaiseron;2
52285;Leuchey;3
52286;Leurville;4
52287;Levécourt;5
52288;Lezéville;8
52289;Liffol-le-Petit;11
52290;Les Loges;4
52291;Longchamp;3
52292;Longeau-Percey;32
52294;Louvemont;10
52295;Louvières;3
52297;Luzy-sur-Marne;10
52298;Maâtz;3
52300;Magneux;8
52301;Maisoncelles;5
52302;Maizières;6
52303;Maizières-sur-Amance;2
52304;Malaincourt-sur-Meuse;3
52305;Mandres-la-Côte;14
52306;Manois;5
52307;Marac;4
52308;Maranville;13
52310;Marbéville;8
52311;Marcilly-en-Bassigny;3
52312;Mardor;3
52313;Mareilles;11
52315;Marnay-sur-Marne;5
52316;Mathons;5
52318;Melay;4
52319;Mennouveaux;5
52320;Merrey;6
52321;Mertrud;2
52322;Meures;2
52325;Millières;5
52326;Mirbel;2
52327;Moëslains;7
52328;Montcharvot;1
52330;Montheries;9
52331;La Porte du Der;97
52332;Val-de-Meuse;99
52335;Montot-sur-Rognon;1
52336;Montreuil-sur-Blaise;4
52337;Montreuil-sur-Thonnance;1
52341;Morancourt;4
52342;Morionvilliers;2
52344;Mouilleron;3
52346;Mussey-sur-Marne;6
52347;Narcy;3
52348;Neuilly-l'Évêque;17
52349;Neuilly-sur-Suize;5
52350;Neuvelle-lès-Voisey;1
52352;Ninville;5
52353;Nogent;125
52354;Noidant-Chatenoy;3
52355;Noidant-le-Rocheux;3
52356;Nomécourt;7
52357;Noncourt-sur-le-Rongeant;2
52358;Noyers;4
52359;Nully;7
52360;Occey;10
52362;Orbigny-au-Mont;2
52363;Orbigny-au-Val;3
52364;Orcevaux;3
52365;Orges;6
52366;Ormancey;3
52367;Ormoy-lès-Sexfontaines;3
52369;Orquevaux;6
52370;Osne-le-Val;3
52371;Oudincourt;4
52372;Outremécourt;7
52373;Ozières;2
52374;Le Pailly;3
52375;Palaiseul;1
52376;Pansey;3
52377;Parnoy-en-Bassigny;12
52378;Paroy-sur-Saulx;3
52380;Peigney;12
52383;Perrancey-les-Vieux-Moulins;5
52384;Perrogney-les-Fontaines;6
52385;Perrusse;3
52386;Perthes;8
52388;Pierremont-sur-Amance;7
52390;Pisseloup;2
52391;Planrupt;8
52392;Plesnoy;3
52393;Poinsenot;1
52394;Poinson-lès-Fayl;7
52395;Poinson-lès-Grancey;4
52396;Poinson-lès-Nogent;6
52397;Poiseul;3
52398;Poissons;17
52399;Pont-la-Ville;3
52400;Le Châtelet-sur-Meuse;7
52401;Poulangy;7
52403;Praslay;3
52405;Le Montsaugeonnais;48
52406;Pressigny;8
52407;Prez-sous-Lafauche;11
52411;Rives Dervoises;50
52413;Rachecourt-Suzémont;2
52414;Rachecourt-sur-Marne;18
52415;Rançonnières;2
52416;Rangecourt;2
52419;Rennepont;4
52420;Reynel;1
52421;Riaucourt;6
52422;Richebourg;8
52423;Rimaucourt;14
52424;Rivières-le-Bois;3
52425;Rivière-les-Fosses;5
52426;Rizaucourt-Buchey;8
52428;Rochefort-sur-la-Côte;3
52429;Roches-sur-Marne;2
52431;Rochetaillée;4
52432;Rolampont;42
52433;Romain-sur-Meuse;2
52436;Rouécourt;1
52437;Rouelles;1
52438;Rougeux;7
52439;Rouvres-sur-Aube;4
52440;Rouvroy-sur-Marne;6
52442;Rupt;7
52443;Sailly;2
52444;Saint-Blin;12
52445;Saint-Broingt-le-Bois;1
52446;Saint-Broingt-les-Fosses;3
52447;Saint-Ciergues;10
52448;Saint-Dizier;859
52449;Saints-Geosmes;109
52450;Saint-Loup-sur-Aujon;7
52452;Saint-Martin-lès-Langres;5
52453;Saint-Maurice;4
52455;Saint-Thiébault;8
52456;Saint-Urbain-Maconcourt;13
52457;Saint-Vallier-sur-Marne;6
52459;Sarcey;3
52461;Sarrey;9
52463;Saudron;3
52464;Saulles;2
52465;Saulxures;6
52467;Savigny;3
52468;Semilly;4
52469;Semoutiers-Montsaon;24
52470;Serqueux;7
52472;Sexfontaines;4
52473;Signéville;2
52474;Silvarouvres;3
52475;Sommancourt;3
52476;Sommerécourt;4
52479;Sommevoire;27
52480;Soncourt-sur-Marne;4
52482;Soulaucourt-sur-Mouzon;3
52483;Soyers;5
52484;Suzannecourt;7
52486;Ternat;1
52487;Thilleux;6
52488;Thivet;5
52489;Thol-lès-Millières;3
52490;Thonnance-lès-Joinville;11
52491;Thonnance-les-Moulins;10
52492;Torcenay;11
52493;Tornay;2
52494;Treix;6
52495;Trémilly;5
52497;Troisfontaines-la-Ville;14
52499;Vaillant;4
52500;Valcourt;17
52502;Valleret;2
52503;Valleroy;1
52504;Varennes-sur-Amance;7
52505;Vaudrecourt;5
52506;Vaudrémont;3
52507;Vauxbons;2
52510;Vaux-sur-Blaise;14
52511;Vaux-sur-Saint-Urbain;3
52512;Vecqueville;10
52513;Velles;7
52514;Verbiesles;5
52515;Verseilles-le-Bas;2
52516;Verseilles-le-Haut;3
52517;Vesaignes-sous-Lafauche;3
52518;Vesaignes-sur-Marne;6
52519;Vesvres-sous-Chalancey;4
52520;Vicq;5
52522;Viéville;4
52523;Vignes-la-Côte;2
52524;Vignory;3
52525;Villars-en-Azois;4
52526;Villars-Santenoge;6
52528;Ville-en-Blaisois;4
52529;Villegusien-le-Lac;24
52534;Villiers-en-Lieu;25
52535;Villiers-le-Sec;17
52536;Villiers-lès-Aprey;1
52538;Villiers-sur-Suize;16
52539;Violot;6
52540;Vitry-en-Montagne;2
52541;Vitry-lès-Nogent;2
52542;Vivey;4
52543;Voillecomte;7
52544;Voisey;5
52545;Voisines;5
52546;Voncourt;2
52547;Vouécourt;7
52548;Vraincourt;3
52549;Vroncourt-la-Côte;2
52550;Wassy;75
53001;Ahuillé;35
53002;Alexain;16
53003;Ambrières-les-Vallées;104
53005;Andouillé;76
53007;Argentré;66
53008;Aron;39
53009;Arquenay;23
53010;Assé-le-Bérenger;8
53011;Astillé;25
53012;Athée;14
53013;Averton;20
53015;La Baconnière;34
53016;Bais;45
53017;Val-du-Maine;31
53018;Ballots;47
53019;Bannes;4
53021;La Bazoge-Montpinçon;12
53022;La Bazouge-de-Chemeré;17
53023;La Bazouge-des-Alleux;6
53025;Bazougers;29
53026;Beaulieu-sur-Oudon;15
53027;Beaumont-Pied-de-Bœuf;7
53028;Belgeard;8
53029;Bierné-les-Villages;41
53030;Le Bignon-du-Maine;7
53031;La Bigottière;15
53033;La Boissière;5
53034;Bonchamp-lès-Laval;230
53035;Bouchamps-lès-Craon;20
53036;Bouère;26
53037;Bouessay;11
53038;Boulay-les-Ifs;7
53039;Le Bourgneuf-la-Forêt;54
53040;Bourgon;12
53041;Brains-sur-les-Marches;8
53042;Brecé;23
53043;Brée;13
53045;La Brûlatte;15
53046;Le Buret;8
53047;Carelles;11
53048;Chailland;47
53049;Châlons-du-Maine;6
53051;Champéon;10
53052;Champfrémont;7
53053;Champgenéteux;8
53054;Changé;466
53055;Chantrigné;24
53056;La Chapelle-Anthenaise;16
53057;La Chapelle-au-Riboul;12
53058;La Chapelle-Craonnaise;8
53059;La Chapelle-Rainsouin;13
53061;Charchigné;11
53062;Château-Gontier-sur-Mayenne;705
53063;Châtelain;10
53064;Châtillon-sur-Colmont;31
53066;Chemazé;29
53067;Chémeré-le-Roi;10
53068;Chérancé;8
53069;Chevaigné-du-Maine;5
53071;Colombiers-du-Plessis;17
53072;Commer;22
53073;Congrier;24
53074;Contest;20
53075;Cosmes;6
53076;Cossé-en-Champagne;11
53077;Cossé-le-Vivien;124
53078;Coudray;21
53079;Couesmes-Vaucé;10
53080;Couptrain;7
53082;Courbeveille;15
53083;Courcité;26
53084;Craon;210
53085;Crennes-sur-Fraubée;3
53086;La Croixille;24
53087;La Cropte;9
53088;Cuillé;27
53089;Daon;15
53090;Denazé;6
53091;Désertines;21
53093;La Dorée;3
53094;Entrammes;60
53096;Ernée;220
53097;Évron;281
53098;Fontaine-Couverte;15
53099;Forcé;23
53100;Fougerolles-du-Plessis;44
53101;Fromentières;12
53102;Gastines;6
53103;Le Genest-Saint-Isle;43
53104;Gennes-Longuefuye;30
53105;Gesnes;5
53106;Gesvres;14
53107;Gorron;130
53108;La Gravelle;27
53109;Grazay;14
53110;Grez-en-Bouère;39
53111;La Haie-Traversaine;16
53112;Le Ham;15
53113;Hambers;18
53114;Hardanges;1
53115;Hercé;7
53116;Le Horps;29
53117;Houssay;11
53118;Le Housseau-Brétignolles;8
53119;L'Huisserie;77
53120;Izé;16
53121;Javron-les-Chapelles;60
53122;Jublains;20
53123;Juvigné;35
53124;Prée-d'Anjou;44
53125;Landivy;36
53126;Larchamp;33
53127;Lassay-les-Châteaux;114
53128;Laubrières;14
53129;Launay-Villiers;8
53130;Laval;2292
53131;Lesbois;7
53132;Levaré;13
53133;Lignières-Orgères;11
53134;Livet;3
53135;Livré-la-Touche;19
53136;La Roche-Neuville;20
53137;Loiron-Ruillé;68
53139;Loupfougères;12
53140;Louverné;121
53141;Louvigné;22
53142;Madré;10
53143;Maisoncelles-du-Maine;11
53144;Marcillé-la-Ville;20
53145;Marigné-Peuton;15
53146;Martigné-sur-Mayenne;54
53147;Mayenne;556
53148;Mée;10
53150;Ménil;26
53151;Méral;26
53152;Meslay-du-Maine;122
53153;Mézangers;11
53154;Montaudin;32
53155;Montenay;34
53156;Montflours;10
53157;Montigné-le-Brillant;22
53158;Montjean;32
53160;Montreuil-Poulay;14
53161;Montsûrs;104
53162;Moulay;20
53163;Neau;14
53164;Neuilly-le-Vendin;14
53165;Niafles;1
53168;Nuillé-sur-Vicoin;28
53169;Olivet;8
53170;Oisseau;25
53172;Origné;9
53173;La Pallu;4
53174;Parigné-sur-Braye;20
53175;Parné-sur-Roc;29
53176;Le Pas;17
53177;La Pellerine;11
53178;Peuton;9
53179;Placé;7
53180;Pommerieux;31
53181;Pontmain;28
53182;Port-Brillet;36
53184;Préaux;6
53185;Pré-en-Pail-Saint-Samson;89
53186;Quelaines-Saint-Gault;73
53187;Ravigny;7
53188;Renazé;56
53189;Rennes-en-Grenouilles;6
53190;Le Ribay;14
53191;La Roë;8
53192;La Rouaudière;6
53193;Ruillé-Froid-Fonds;9
53195;Sacé;9
53196;Saint-Aignan-de-Couptrain;16
53197;Saint-Aignan-sur-Roë;37
53198;Saint-Aubin-du-Désert;6
53199;Saint-Aubin-Fosse-Louvain;4
53200;Saint-Baudelle;14
53201;Saint-Berthevin;476
53202;Saint-Berthevin-la-Tannière;14
53203;Saint-Brice;6
53204;Saint-Calais-du-Désert;8
53206;Saint-Charles-la-Forêt;4
53208;Saint-Cyr-en-Pail;10
53209;Saint-Cyr-le-Gravelais;13
53210;Saint-Denis-d'Anjou;38
53211;Saint-Denis-de-Gastines;54
53212;Saint-Denis-du-Maine;8
53213;Saint-Ellier-du-Maine;11
53214;Saint-Erblon;5
53216;Saint-Fraimbault-de-Prières;20
53218;Sainte-Gemmes-le-Robert;23
53219;Saint-Georges-Buttavent;38
53220;Saint-Georges-le-Fléchard;8
53221;Saint-Georges-sur-Erve;10
53222;Saint-Germain-d'Anxure;5
53223;Saint-Germain-de-Coulamer;16
53224;Saint-Germain-le-Fouilloux;16
53225;Saint-Germain-le-Guillaume;13
53226;Saint-Hilaire-du-Maine;22
53228;Blandouet-Saint Jean;16
53229;Saint-Jean-sur-Mayenne;25
53230;Saint-Julien-du-Terroux;6
53232;Saint-Léger;10
53233;Saint-Loup-du-Dorat;9
53234;Saint-Loup-du-Gast;8
53235;Sainte-Marie-du-Bois;8
53236;Saint-Mars-du-Désert;9
53237;Saint-Mars-sur-Colmont;13
53238;Saint-Mars-sur-la-Futaie;14
53240;Saint-Martin-du-Limet;10
53242;Saint-Michel-de-la-Roë;8
53243;Saint-Ouën-des-Toits;41
53245;Saint-Pierre-des-Landes;40
53246;Saint-Pierre-des-Nids;40
53247;Saint-Pierre-la-Cour;50
53248;Saint-Pierre-sur-Erve;5
53249;Vimartin-sur-Orthe;42
53250;Saint-Poix;10
53251;Saint-Quentin-les-Anges;16
53253;Saint-Saturnin-du-Limet;10
53255;Sainte-Suzanne-et-Chammes;32
53256;Saint-Thomas-de-Courceriers;10
53257;Saulges;18
53258;La Selle-Craonnaise;36
53259;Senonnes;23
53260;Simplé;15
53261;Soucé;7
53262;Soulgé-sur-Ouette;31
53263;Thubœuf;9
53264;Thorigné-en-Charnie;7
53265;Torcé-Viviers-en-Charnie;16
53266;Trans;4
53267;Vaiges;60
53269;Vautorte;21
53270;Vieuvy;3
53271;Villaines-la-Juhel;111
53272;Villepail;6
53273;Villiers-Charlemagne;34
53276;Voutré;17
54001;Abaucourt;3
54002;Abbéville-lès-Conflans;4
54003;Aboncourt;3
54004;Affléville;6
54005;Affracourt;3
54006;Agincourt;13
54007;Aingeray;13
54008;Allain;25
54009;Allamont;4
54010;Allamps;8
54011;Allondrelle-la-Malmaison;5
54012;Amance;7
54013;Amenoncourt;6
54014;Ancerviller;8
54015;Anderny;4
54016;Andilly;4
54017;Angomont;5
54018;Anoux;6
54019;Ansauville;2
54020;Anthelupt;13
54021;Armaucourt;10
54022;Arnaville;11
54023;Arracourt;9
54024;Arraye-et-Han;7
54025;Art-sur-Meurthe;29
54026;Athienville;9
54027;Atton;60
54028;Auboué;42
54029;Audun-le-Roman;44
54030;Autrepierre;6
54031;Autreville-sur-Moselle;4
54032;Autrey;7
54033;Avillers;1
54034;Avrainville;7
54035;Avricourt;6
54036;Avril;13
54037;Azelot;4
54038;Azerailles;26
54039;Baccarat;111
54040;Badonviller;37
54041;Bagneux;7
54042;Bainville-aux-Miroirs;7
54043;Bainville-sur-Madon;16
54044;Barbas;11
54045;Barbonville;9
54046;Barisey-au-Plain;11
54047;Barisey-la-Côte;4
54048;Les Baroches;6
54049;Baslieux;5
54050;Bathelémont;2
54051;Batilly;22
54052;Battigny;3
54053;Bauzemont;6
54054;Bayon;48
54055;Bayonville-sur-Mad;7
54056;Bazailles;6
54057;Beaumont;5
54058;Béchamps;4
54059;Belleau;20
54060;Belleville;29
54061;Bénaménil;17
54062;Benney;21
54063;Bernécourt;11
54064;Bertrambois;3
54065;Bertrichamps;29
54066;Bettainvillers;4
54067;Beuveille;9
54068;Beuvezin;3
54069;Beuvillers;7
54070;Bey-sur-Seille;3
54071;Bezange-la-Grande;4
54072;Bezaumont;5
54073;Bicqueley;6
54074;Bienville-la-Petite;4
54075;Bionville;3
54076;Blainville-sur-l'Eau;73
54077;Blâmont;54
54078;Blémerey;2
54079;Blénod-lès-Pont-à-Mousson;72
54080;Blénod-lès-Toul;21
54081;Boismont;6
54082;Boncourt;3
54083;Bonviller;2
54084;Mont-Bonvillers;7
54085;Borville;2
54086;Boucq;9
54087;Bouillonville;3
54088;Bouvron;10
54089;Bouxières-aux-Chênes;28
54090;Bouxières-aux-Dames;67
54091;Bouxières-sous-Froidmont;24
54092;Bouzanville;1
54093;Brainville;6
54094;Bralleville;6
54095;Bratte;3
54096;Bréhain-la-Ville;3
54097;Bréménil;4
54098;Brémoncourt;8
54099;Val de Briey;272
54100;Brin-sur-Seille;18
54101;Brouville;3
54102;Bruley;16
54103;Bruville;6
54104;Buissoncourt;4
54105;Bulligny;9
54106;Bures;8
54107;Buriville;2
54108;Burthecourt-aux-Chênes;6
54109;Ceintrey;21
54110;Cerville;13
54111;Chaligny;32
54112;Chambley-Bussières;14
54113;Champenoux;51
54114;Champey-sur-Moselle;7
54115;Champigneulles;163
54116;Chanteheux;63
54117;Chaouilley;5
54118;Charency-Vezin;9
54119;Charey;1
54120;Charmes-la-Côte;2
54121;Charmois;7
54122;Chaudeney-sur-Moselle;13
54123;Chavigny;37
54124;Chazelles-sur-Albe;2
54125;Chenevières;6
54126;Chenicourt;5
54127;Chenières;12
54128;Choloy-Ménillot;10
54129;Cirey-sur-Vezouze;44
54130;Clayeures;5
54131;Clémery;10
54132;Clérey-sur-Brenon;2
54133;Coincourt;8
54134;Colmey;4
54135;Colombey-les-Belles;43
54136;Conflans-en-Jarnisy;74
54137;Cons-la-Grandville;16
54138;Cosnes-et-Romain;70
54139;Courbesseaux;3
54140;Courcelles;6
54141;Coyviller;4
54142;Crantenoy;4
54143;Crépey;8
54144;Crévéchamps;5
54145;Crévic;12
54146;Crézilles;6
54147;Crion;6
54148;Croismare;5
54149;Crusnes;18
54150;Custines;98
54151;Cutry;8
54152;Damelevières;61
54153;Dampvitoux;4
54154;Deneuvre;11
54155;Deuxville;7
54156;Diarville;21
54157;Dieulouard;81
54158;Dolcourt;2
54159;Dombasle-sur-Meurthe;222
54160;Domèvre-en-Haye;11
54161;Domèvre-sur-Vezouze;6
54162;Domgermain;20
54163;Domjevin;10
54164;Dommarie-Eulmont;4
54165;Dommartemont;30
54166;Dommartin-la-Chaussée;1
54167;Dommartin-lès-Toul;96
54168;Dommartin-sous-Amance;13
54169;Domprix;1
54170;Domptail-en-l'Air;1
54171;Doncourt-lès-Conflans;16
54172;Doncourt-lès-Longuyon;4
54173;Drouville;4
54174;Écrouves;64
54175;Einvaux;10
54176;Einville-au-Jard;39
54177;Emberménil;5
54178;Épiez-sur-Chiers;2
54179;Éply;4
54180;Erbéviller-sur-Amezule;2
54181;Errouville;4
54182;Essey-et-Maizerais;18
54183;Essey-la-Côte;1
54184;Essey-lès-Nancy;357
54185;Étreval;3
54186;Eulmont;9
54187;Euvezin;3
54188;Faulx;25
54189;Favières;17
54190;Fécocourt;2
54191;Fenneviller;2
54192;Ferrières;6
54193;Fey-en-Haye;2
54194;Fillières;6
54195;Flainval;5
54196;Flavigny-sur-Moselle;56
54197;Fléville-devant-Nancy;150
54198;Fléville-Lixières;6
54199;Flin;14
54200;Flirey;6
54201;Fontenoy-la-Joûte;8
54202;Fontenoy-sur-Moselle;10
54203;Forcelles-Saint-Gorgon;12
54204;Forcelles-sous-Gugney;2
54205;Foug;34
54206;Fraimbois;9
54207;Fraisnes-en-Saintois;3
54208;Francheville;4
54209;Franconville;3
54210;Fréménil;2
54211;Frémonville;3
54212;Fresnois-la-Montagne;3
54213;Friauville;2
54214;Frolois;17
54215;Frouard;178
54216;Froville;5
54217;Gélacourt;2
54218;Gélaucourt;1
54219;Gellenoncourt;4
54220;Gémonville;2
54221;Gerbécourt-et-Haplemont;4
54222;Gerbéviller;28
54223;Germiny;3
54224;Germonville;7
54225;Gézoncourt;2
54226;Gibeaumeix;2
54227;Giraumont;11
54228;Giriviller;3
54229;Glonville;5
54230;Gogney;2
54231;Gondrecourt-Aix;3
54232;Gondreville;106
54233;Gondrexon;3
54234;Gorcy;35
54235;Goviller;9
54236;Grand-Failly;6
54237;Grimonviller;4
54238;Gripport;5
54239;Griscourt;3
54240;Grosrouvres;2
54241;Gugney;3
54242;Gye;9
54243;Hablainville;5
54244;Hagéville;12
54245;Haigneville;2
54246;Halloville;3
54247;Hammeville;4
54248;Hamonville;3
54249;Hannonville-Suzémont;4
54250;Haraucourt;17
54251;Harbouey;2
54252;Haroué;22
54253;Hatrize;12
54254;Haucourt-Moulaine;31
54255;Haudonville;2
54256;Haussonville;7
54257;Heillecourt;260
54258;Hénaménil;5
54259;Herbéviller;10
54260;Hériménil;15
54261;Herserange;35
54262;Hoéville;5
54263;Homécourt;76
54264;Houdelmont;8
54265;Houdemont;189
54266;Houdreville;6
54268;Housséville;4
54269;Hudiviller;3
54270;Hussigny-Godbrange;24
54271;Igney;4
54272;Jaillon;6
54273;Jarny;217
54274;Jarville-la-Malgrange;197
54275;Jaulny;3
54276;Jeandelaincourt;12
54277;Jeandelize;11
54278;Jevoncourt;2
54279;Jezainville;15
54280;Jœuf;106
54281;Jolivet;15
54282;Joppécourt;1
54283;Jouaville;3
54284;Joudreville;7
54285;Juvrecourt;2
54286;Labry;27
54287;Lachapelle;6
54288;Lagney;11
54289;Laître-sous-Amance;14
54290;Laix;4
54291;Lalœuf;9
54292;Lamath;3
54293;Landécourt;3
54294;Landremont;3
54295;Landres;31
54296;Laneuvelotte;17
54297;Laneuveville-aux-Bois;4
54298;Laneuveville-derrière-Foug;2
54299;Laneuveville-devant-Bayon;7
54300;Laneuveville-devant-Nancy;130
54301;Lanfroicourt;5
54302;Lantéfontaine;17
54303;Laronxe;21
54304;Laxou;463
54305;Lay-Saint-Christophe;67
54306;Lay-Saint-Remy;4
54307;Lebeuville;6
54308;Leintrey;4
54309;Lemainville;2
54310;Leménil-Mitry;1
54311;Lenoncourt;13
54312;Lesménils;50
54313;Létricourt;5
54314;Lexy;130
54315;Leyr;21
54316;Limey-Remenauville;13
54317;Lironville;3
54318;Liverdun;83
54320;Loisy;9
54321;Longlaville;61
54322;Longuyon;111
54323;Longwy;377
54324;Lorey;4
54325;Loromontzey;4
54326;Lubey;2
54327;Lucey;11
54328;Ludres;397
54329;Lunéville;591
54330;Lupcourt;9
54331;Magnières;9
54332;Maidières;29
54333;Mailly-sur-Seille;4
54334;Mairy-Mainville;6
54335;Maixe;7
54336;Maizières;11
54337;Malavillers;3
54338;Malleloy;12
54339;Malzéville;129
54340;Mamey;8
54343;Mandres-aux-Quatre-Tours;5
54344;Mangonville;1
54345;Manoncourt-en-Vermois;12
54346;Manoncourt-en-Woëvre;8
54348;Manonville;3
54349;Manonviller;3
54350;Marainviller;10
54351;Marbache;29
54352;Maron;10
54353;Mars-la-Tour;16
54354;Marthemont;1
54355;Martincourt;6
54356;Mattexey;1
54357;Maxéville;481
54358;Mazerulles;4
54359;Méhoncourt;5
54360;Ménil-la-Tour;8
54362;Mercy-le-Bas;13
54363;Mercy-le-Haut;9
54364;Méréville;16
54365;Merviller;7
54366;Messein;112
54367;Mexy;33
54368;Mignéville;5
54369;Millery;27
54370;Minorville;5
54371;Moineville;19
54372;Moivrons;13
54373;Moncel-lès-Lunéville;92
54374;Moncel-sur-Seille;8
54375;Montauville;15
54376;Montenoy;9
54377;Montigny;5
54378;Montigny-sur-Chiers;2
54379;Mont-l'Étroit;3
54380;Mont-le-Vignoble;5
54381;Montreux;1
54382;Mont-Saint-Martin;191
54383;Mont-sur-Meurthe;16
54385;Morfontaine;6
54386;Moriviller;4
54387;Morville-sur-Seille;4
54388;Mouacourt;3
54389;Mouaville;1
54390;Mousson;2
54391;Moutiers;17
54392;Moutrot;3
54393;Moyen;11
54394;Murville;2
54395;Nancy;4334
54396;Neufmaisons;3
54397;Neuves-Maisons;205
54398;Neuviller-lès-Badonviller;1
54399;Neuviller-sur-Moselle;8
54400;Nomeny;56
54401;Nonhigny;9
54402;Norroy-le-Sec;8
54403;Norroy-lès-Pont-à-Mousson;17
54404;Noviant-aux-Prés;10
54405;Ochey;9
54406;Ogéviller;8
54407;Ognéville;3
54408;Olley;6
54409;Omelmont;7
54410;Onville;10
54411;Ormes-et-Ville;3
54412;Othe;2
54413;Ozerailles;3
54414;Pagney-derrière-Barine;5
54415;Pagny-sur-Moselle;74
54416;Pannes;5
54417;Parey-Saint-Césaire;5
54418;Parroy;3
54419;Parux;3
54420;Petit-Failly;3
54421;Petitmont;6
54422;Pettonville;4
54423;Pexonne;4
54424;Phlin;3
54425;Piennes;52
54426;Pierre-la-Treiche;8
54427;Pierre-Percée;9
54428;Pierrepont;19
54429;Pierreville;8
54430;Pompey;179
54431;Pont-à-Mousson;547
54432;Pont-Saint-Vincent;37
54433;Port-sur-Seille;7
54434;Praye;11
54435;Prény;5
54436;Preutin-Higny;6
54437;Pulligny;19
54438;Pulney;1
54439;Pulnoy;147
54440;Puxe;3
54441;Puxieux;5
54442;Quevilloncourt;6
54443;Raon-lès-Leau;1
54444;Raucourt;9
54445;Raville-sur-Sânon;4
54446;Réchicourt-la-Petite;4
54447;Réclonville;3
54449;Rehainviller;20
54450;Reherrey;6
54451;Réhon;34
54452;Reillon;6
54453;Rembercourt-sur-Mad;3
54455;Remenoville;5
54456;Réméréville;13
54457;Remoncourt;2
54458;Repaix;3
54459;Richardménil;53
54460;Rogéville;5
54461;Romain;1
54462;Rosières-aux-Salines;73
54463;Rosières-en-Haye;4
54464;Rouves;1
54465;Roville-devant-Bayon;17
54466;Royaumeix;11
54467;Rozelieures;5
54468;Saffais;2
54469;Saint-Ail;7
54470;Saint-Baussant;4
54471;Saint-Boingt;2
54472;Saint-Clément;14
54473;Saint-Firmin;7
54474;Sainte-Geneviève;10
54475;Saint-Germain;5
54476;Saint-Jean-lès-Longuyon;6
54477;Saint-Julien-lès-Gorze;7
54478;Saint-Marcel;6
54479;Saint-Mard;4
54480;Saint-Martin;1
54481;Saint-Maurice-aux-Forges;5
54482;Saint-Max;181
54483;Saint-Nicolas-de-Port;173
54484;Sainte-Pôle;4
54485;Saint-Pancré;2
54486;Saint-Remimont;8
54487;Saint-Rémy-aux-Bois;2
54488;Saint-Sauveur;1
54489;Saint-Supplet;3
54490;Saizerais;36
54491;Sancy;7
54492;Sanzey;3
54493;Saulnes;21
54494;Saulxerotte;3
54495;Saulxures-lès-Nancy;77
54496;Saulxures-lès-Vannes;2
54497;Saxon-Sion;9
54498;Seichamps;98
54499;Seicheprey;8
54500;Selaincourt;6
54501;Seranville;5
54502;Serres;6
54504;Serrouville;6
54505;Sexey-aux-Forges;13
54507;Sionviller;4
54508;Sivry;8
54509;Sommerviller;12
54510;Sornéville;6
54511;Sponville;3
54512;Tanconville;2
54513;Tantonville;22
54514;Tellancourt;7
54515;Thélod;6
54516;They-sous-Vaudemont;1
54517;Thézey-Saint-Martin;5
54518;Thiaucourt-Regniéville;28
54519;Thiaville-sur-Meurthe;11
54520;Thiébauménil;6
54521;Thil;15
54522;Thorey-Lyautey;2
54523;Thuilley-aux-Groseilles;4
54524;Thumeréville;2
54525;Tiercelet;11
54526;Tomblaine;237
54527;Tonnoy;15
54528;Toul;593
54529;Tramont-Émy;1
54530;Tramont-Lassus;1
54531;Tramont-Saint-André;1
54532;Tremblecourt;5
54533;Trieux;43
54534;Trondes;9
54535;Tronville;8
54536;Tucquegnieux;33
54537;Ugny;6
54538;Uruffe;6
54539;Vacqueville;1
54540;Val-et-Châtillon;1
54541;Valhey;4
54542;Valleroy;27
54543;Vallois;2
54544;Vandelainville;2
54545;Vandeléville;5
54546;Vandières;17
54547;Vandœuvre-lès-Nancy;885
54548;Vannes-le-Châtel;8
54549;Varangéville;54
54550;Vathiménil;6
54551;Vaucourt;2
54552;Vaudémont;2
54553;Vaudeville;4
54554;Vaudigny;3
54555;Vaxainville;2
54556;Vého;4
54557;Bois-de-Haye;128
54558;Velaine-sous-Amance;4
54559;Velle-sur-Moselle;4
54560;Veney;2
54561;Vennezey;2
54562;Verdenal;5
54563;Vézelise;54
54564;Viéville-en-Haye;4
54565;Vigneulles;6
54566;Vilcey-sur-Trey;5
54567;Villacourt;5
54568;Ville-au-Montois;8
54569;Ville-au-Val;2
54570;Villecey-sur-Mad;5
54571;Ville-en-Vermois;47
54572;Ville-Houdlémont;4
54573;Villers-en-Haye;3
54574;Villers-la-Chèvre;5
54575;Villers-la-Montagne;63
54576;Villers-le-Rond;5
54577;Villers-lès-Moivrons;3
54578;Villers-lès-Nancy;338
54579;Villers-sous-Prény;5
54580;Villerupt;123
54581;Ville-sur-Yron;8
54582;Villette;1
54583;Villey-le-Sec;12
54584;Villey-Saint-Étienne;26
54585;Virecourt;7
54586;Viterne;12
54587;Vitrey;4
54588;Vitrimont;10
54589;Vittonville;3
54590;Viviers-sur-Chiers;7
54591;Voinémont;9
54592;Vroncourt;8
54593;Waville;10
54594;Xammes;4
54595;Xermaménil;5
54596;Xeuilley;13
54597;Xirocourt;14
54598;Xivry-Circourt;6
54599;Xonville;4
54600;Xousse;4
54601;Xures;2
54602;Han-devant-Pierrepont;1
55001;Abainville;15
55002;Abaucourt-Hautecourt;4
55004;Aincreville;3
55005;Amanty;3
55007;Ambly-sur-Meuse;5
55008;Amel-sur-l'Étang;6
55009;Ancemont;17
55010;Ancerville;64
55011;Andernay;9
55012;Apremont-la-Forêt;9
55013;Arrancy-sur-Crusnes;8
55014;Aubréville;6
55015;Aulnois-en-Perthois;10
55017;Autrécourt-sur-Aire;4
55018;Autréville-Saint-Lambert;4
55021;Avillers-Sainte-Croix;5
55022;Avioth;7
55023;Avocourt;4
55024;Azannes-et-Soumazannes;9
55025;Baâlon;9
55026;Badonvilliers-Gérauvilliers;4
55027;Bannoncourt;2
55028;Bantheville;2
55029;Bar-le-Duc;679
55031;Baudonvilliers;6
55032;Baudrémont;2
55033;Baulny;0
55034;Bazeilles-sur-Othain;1
55035;Bazincourt-sur-Saulx;2
55036;Beauclair;5
55037;Beaufort-en-Argonne;4
55038;Beaulieu-en-Argonne;2
55039;Beaumont-en-Verdunois;0
55040;Beausite;16
55041;Behonne;8
55042;Belleray;9
55043;Belleville-sur-Meuse;97
55044;Belrain;1
55045;Belrupt-en-Verdunois;11
55046;Beney-en-Woëvre;3
55047;Béthelainville;3
55048;Béthincourt;1
55049;Beurey-sur-Saulx;6
55050;Bezonvaux;1
55051;Biencourt-sur-Orge;7
55053;Billy-sous-Mangiennes;5
55054;Bislée;6
55055;Blanzée;4
55057;Boinville-en-Woëvre;3
55058;Boncourt-sur-Meuse;5
55059;Bonnet;9
55060;Bonzée;11
55061;Le Bouchon-sur-Saulx;4
55062;Bouconville-sur-Madt;2
55063;Bouligny;23
55064;Bouquemont;2
55065;Boureuilles;5
55066;Bovée-sur-Barboure;7
55067;Boviolles;2
55068;Brabant-en-Argonne;1
55069;Brabant-le-Roi;8
55070;Brabant-sur-Meuse;1
55071;Brandeville;2
55072;Braquis;5
55073;Bras-sur-Meuse;35
55075;Brauvilliers;4
55076;Bréhéville;4
55077;Breux;3
55078;Brieulles-sur-Meuse;7
55079;Brillon-en-Barrois;9
55080;Brixey-aux-Chanoines;4
55081;Brizeaux;1
55082;Brocourt-en-Argonne;2
55083;Brouennes;4
55084;Broussey-en-Blois;3
55085;Broussey-Raulecourt;6
55087;Bure;8
55088;Burey-en-Vaux;5
55089;Burey-la-Côte;2
55093;Buxières-sous-les-Côtes;8
55094;Buzy-Darmont;12
55095;Cesse;3
55096;Chaillon;2
55097;Chalaines;6
55099;Champneuville;6
55100;Champougny;4
55101;Chardogne;5
55102;Charny-sur-Meuse;21
55103;Charpentry;1
55104;Chassey-Beaupré;4
55105;Châtillon-sous-les-Côtes;5
55106;Chattancourt;7
55107;Chaumont-devant-Damvillers;1
55108;Chaumont-sur-Aire;9
55109;Chauvency-le-Château;2
55110;Chauvency-Saint-Hubert;7
55111;Chauvoncourt;27
55113;Cheppy;3
55114;Chonville-Malaumont;1
55115;Cierges-sous-Montfaucon;2
55116;Le Claon;2
55117;Clermont-en-Argonne;63
55118;Cléry-le-Grand;3
55119;Cléry-le-Petit;3
55120;Combles-en-Barrois;11
55121;Combres-sous-les-Côtes;3
55122;Commercy;254
55123;Les Hauts-de-Chée;17
55124;Consenvoye;8
55125;Contrisson;14
55127;Courcelles-en-Barrois;3
55128;Courcelles-sur-Aire;3
55129;Courouvre;1
55132;Cousances-les-Forges;31
55133;Couvertpuis;3
55134;Couvonges;3
55137;Cuisy;3
55138;Culey;5
55139;Cumières-le-Mort-Homme;0
55140;Cunel;1
55141;Dagonville;4
55142;Dainville-Bertheléville;2
55143;Damloup;2
55144;Dammarie-sur-Saulx;9
55145;Damvillers;26
55146;Dannevoux;7
55148;Delouze-Rosières;3
55149;Delut;3
55150;Demange-Baudignécourt;20
55153;Dieppe-sous-Douaumont;6
55154;Dieue-sur-Meuse;35
55155;Dombasle-en-Argonne;16
55156;Dombras;6
55157;Dommartin-la-Montagne;2
55158;Dommary-Baroncourt;10
55159;Dompcevrin;5
55160;Dompierre-aux-Bois;1
55162;Domremy-la-Canne;2
55163;Doncourt-aux-Templiers;3
55165;Doulcon;16
55166;Dugny-sur-Meuse;24
55167;Dun-sur-Meuse;29
55168;Duzey;3
55169;Écouviez;4
55170;Écurey-en-Verdunois;2
55171;Eix;6
55172;Les Éparges;3
55173;Épiez-sur-Meuse;2
55174;Épinonville;1
55175;Érize-la-Brûlée;3
55177;Érize-la-Petite;2
55178;Érize-Saint-Dizier;2
55179;Erneville-aux-Bois;7
55180;Esnes-en-Argonne;4
55181;Étain;94
55182;Éton;5
55183;Étraye;1
55184;Euville;21
55185;Èvres;4
55186;Fains-Véel;54
55188;Flassigny;5
55189;Fleury-devant-Douaumont;2
55191;Foameix-Ornel;3
55192;Fontaines-Saint-Clair;1
55193;Forges-sur-Meuse;9
55194;Foucaucourt-sur-Thabas;2
55195;Fouchères-aux-Bois;3
55196;Frémeréville-sous-les-Côtes;3
55197;Fresnes-au-Mont;4
55198;Fresnes-en-Woëvre;35
55199;Froidos;4
55200;Fromeréville-les-Vallons;7
55201;Fromezey;1
55202;Futeau;3
55204;Génicourt-sur-Meuse;7
55206;Gercourt-et-Drillancourt;5
55207;Géry;1
55208;Gesnes-en-Argonne;2
55210;Gimécourt;5
55211;Gincrey;3
55212;Girauvoisin;2
55214;Givrauval;4
55215;Gondrecourt-le-Château;39
55216;Gouraincourt;1
55217;Goussaincourt;2
55218;Gremilly;1
55219;Grimaucourt-en-Woëvre;3
55220;Grimaucourt-près-Sampigny;4
55221;Guerpont;1
55222;Gussainville;1
55224;Haironville;9
55225;Halles-sous-les-Côtes;1
55226;Han-lès-Juvigny;3
55228;Hannonville-sous-les-Côtes;12
55229;Han-sur-Meuse;7
55232;Harville;3
55236;Haudainville;41
55237;Haudiomont;8
55239;Haumont-près-Samogneux;1
55241;Heippes;2
55242;Hennemont;2
55243;Herbeuville;3
55244;Herméville-en-Woëvre;11
55245;Heudicourt-sous-les-Côtes;10
55246;Hévilliers;6
55247;Horville-en-Ornois;1
55248;Houdelaincourt;14
55250;Inor;5
55251;Ippécourt;5
55252;Iré-le-Sec;3
55253;Les Islettes;9
55254;Les Trois-Domaines;7
55255;Jametz;1
55256;Jonville-en-Woëvre;5
55257;Jouy-en-Argonne;1
55258;Geville;11
55260;Julvécourt;3
55261;Juvigny-en-Perthois;2
55262;Juvigny-sur-Loison;5
55263;Kœur-la-Grande;3
55264;Kœur-la-Petite;6
55265;Labeuville;5
55266;Lachalade;1
55267;Lachaussée;14
55268;Lacroix-sur-Meuse;25
55269;Lahaymeix;6
55270;Lahayville;2
55271;Laheycourt;5
55272;Laimont;15
55274;Lamorville;6
55275;Lamouilly;2
55276;Landrecourt-Lempire;2
55278;Laneuville-au-Rupt;2
55279;Laneuville-sur-Meuse;11
55280;Lanhères;3
55281;Latour-en-Woëvre;5
55282;Lavallée;3
55284;Lavincourt;4
55285;Lavoye;5
55286;Lemmes;4
55288;Lérouville;26
55289;Levoncourt;2
55290;Lignières-sur-Aire;2
55291;Ligny-en-Barrois;110
55292;Liny-devant-Dun;2
55293;Lion-devant-Dun;7
55295;Lisle-en-Barrois;10
55296;L'Isle-en-Rigault;18
55297;Lissey;2
55298;Loisey;6
55299;Loison;2
55300;Longeaux;2
55301;Longchamps-sur-Aire;5
55302;Longeville-en-Barrois;37
55303;Loupmont;3
55304;Louppy-le-Château;6
55306;Louppy-sur-Loison;4
55307;Louvemont-Côte-du-Poivre;1
55310;Luzy-Saint-Martin;3
55311;Maizeray;2
55312;Maizey;10
55313;Malancourt;4
55315;Mandres-en-Barrois;8
55316;Mangiennes;7
55317;Manheulles;3
55320;Marchéville-en-Woëvre;2
55321;Marre;6
55322;Marson-sur-Barboure;1
55323;Martincourt-sur-Meuse;1
55324;Marville;20
55325;Maucourt-sur-Orne;4
55326;Maulan;3
55327;Mauvages;5
55328;Maxey-sur-Vaise;6
55329;Mécrin;3
55330;Méligny-le-Grand;6
55331;Méligny-le-Petit;6
55332;Menaucourt;4
55333;Ménil-aux-Bois;4
55334;Ménil-la-Horgne;7
55335;Ménil-sur-Saulx;9
55336;Merles-sur-Loison;1
55338;Milly-sur-Bradon;2
55339;Mogeville;3
55340;Mognéville;7
55341;Moirey-Flabas-Crépion;8
55343;Montblainville;2
55344;Montbras;1
55345;Mont-devant-Sassey;3
55346;Montfaucon-d'Argonne;3
55347;Les Monthairons;8
55348;Montiers-sur-Saulx;13
55349;Montigny-devant-Sassey;5
55350;Montigny-lès-Vaucouleurs;2
55351;Montmédy;66
55352;Montplonne;4
55353;Montsec;3
55355;Montzéville;6
55356;Moranville;2
55357;Morgemoulin;3
55358;Chanteraine;5
55359;Morley;6
55360;Mouilly;4
55361;Moulainville;2
55362;Moulins-Saint-Hubert;7
55363;Moulotte;2
55364;Mouzay;8
55365;Murvaux;2
55366;Val-d'Ornain;21
55367;Muzeray;6
55368;Naives-en-Blois;8
55369;Naives-Rosières;11
55370;Naix-aux-Forges;3
55371;Nançois-le-Grand;3
55372;Nançois-sur-Ornain;4
55373;Nant-le-Grand;2
55374;Nant-le-Petit;3
55375;Nantillois;3
55376;Nantois;4
55377;Nepvant;2
55378;Nettancourt;7
55379;Le Neufour;2
55380;Neuville-en-Verdunois;2
55381;Neuville-lès-Vaucouleurs;1
55382;Neuville-sur-Ornain;6
55383;Neuvilly-en-Argonne;6
55384;Nicey-sur-Aire;5
55385;Nixéville-Blercourt;7
55386;Nonsard-Lamarche;13
55387;Nouillonpont;5
55388;Noyers-Auzécourt;5
55389;Nubécourt;10
55391;Olizy-sur-Chiers;4
55394;Ornes;1
55395;Osches;3
55396;Ourches-sur-Meuse;3
55397;Pagny-la-Blanche-Côte;8
55398;Pagny-sur-Meuse;36
55399;Pareid;2
55400;Parfondrupt;2
55401;Les Paroches;5
55403;Peuvillers;2
55404;Pierrefitte-sur-Aire;18
55405;Pillon;7
55406;Pintheville;1
55407;Pont-sur-Meuse;2
55408;Pouilly-sur-Meuse;5
55409;Pretz-en-Argonne;3
55410;Quincy-Landzécourt;4
55411;Rambluzin-et-Benoite-Vaux;5
55412;Rambucourt;3
55414;Rancourt-sur-Ornain;4
55415;Ranzières;3
55416;Rarécourt;3
55419;Récicourt;4
55420;Récourt-le-Creux;5
55421;Reffroy;2
55422;Regnéville-sur-Meuse;0
55423;Rembercourt-Sommaisne;12
55424;Remennecourt;3
55425;Remoiville;2
55426;Resson;3
55427;Revigny-sur-Ornain;101
55428;Réville-aux-Bois;4
55429;Riaville;4
55430;Ribeaucourt;6
55431;Richecourt;3
55433;Rigny-la-Salle;8
55434;Rigny-Saint-Martin;6
55435;Robert-Espagne;17
55436;Les Roises;1
55437;Romagne-sous-les-Côtes;5
55438;Romagne-sous-Montfaucon;2
55439;Ronvaux;1
55442;Raival;7
55443;Rouvres-en-Woëvre;4
55444;Rouvrois-sur-Meuse;4
55445;Rouvrois-sur-Othain;6
55446;Rumont;3
55447;Rupt-aux-Nonains;9
55448;Rupt-devant-Saint-Mihiel;2
55449;Rupt-en-Woëvre;2
55450;Rupt-sur-Othain;1
55452;Saint-Amand-sur-Ornain;2
55453;Saint-André-en-Barrois;4
55454;Saint-Aubin-sur-Aire;6
55456;Saint-Germain-sur-Meuse;4
55457;Saint-Hilaire-en-Woëvre;8
55458;Saint-Jean-lès-Buzy;5
55459;Saint-Joire;9
55460;Saint-Julien-sous-les-Côtes;4
55461;Saint-Laurent-sur-Othain;4
55462;Saint-Maurice-sous-les-Côtes;11
55463;Saint-Mihiel;106
55464;Saint-Pierrevillers;2
55465;Saint-Remy-la-Calonne;2
55466;Salmagne;1
55467;Sampigny;14
55468;Samogneux;1
55469;Sassey-sur-Meuse;1
55470;Saudrupt;2
55471;Saulmory-Villefranche;3
55472;Saulvaux;7
55473;Saulx-lès-Champlon;6
55474;Sauvigny;3
55475;Sauvoy;4
55476;Savonnières-devant-Bar;66
55477;Savonnières-en-Perthois;6
55479;Seigneulles;2
55481;Senon;7
55482;Senoncourt-les-Maujouy;2
55484;Septsarges;1
55485;Sepvigny;2
55487;Seuzey;2
55488;Silmont;2
55489;Sivry-la-Perche;3
55490;Sivry-sur-Meuse;7
55492;Sommedieue;13
55493;Sommeilles;3
55494;Sommelonne;3
55495;Sorbey;2
55496;Sorcy-Saint-Martin;24
55497;Les Souhesmes-Rampont;12
55498;Souilly;17
55500;Spincourt;31
55501;Stainville;10
55502;Stenay;104
55503;Taillancourt;3
55504;Tannois;4
55505;Thierville-sur-Meuse;94
55506;Thillombois;1
55507;Thillot;3
55508;Thonne-la-Long;2
55509;Thonne-le-Thil;2
55510;Thonne-les-Près;1
55511;Thonnelle;3
55512;Tilly-sur-Meuse;4
55514;Trémont-sur-Saulx;5
55515;Trésauvaux;1
55516;Tréveray;10
55517;Seuil-d'Argonne;13
55518;Cousances-lès-Triconville;4
55519;Tronville-en-Barrois;30
55520;Troussey;10
55521;Troyon;6
55522;Ugny-sur-Meuse;2
55523;Vacherauville;5
55525;Vadelaincourt;2
55526;Vadonville;5
55527;Varennes-en-Argonne;18
55528;Varnéville;3
55530;Valbois;3
55531;Vassincourt;10
55532;Vaubecourt;9
55533;Vaucouleurs;64
55534;Vaudeville-le-Haut;3
55535;Vaudoncourt;3
55536;Vauquois;3
55537;Douaumont-Vaux;4
55540;Vaux-lès-Palameix;0
55541;Vavincourt;11
55543;Velaines;24
55544;Velosnes;1
55545;Verdun;716
55546;Verneuil-Grand;1
55547;Verneuil-Petit;2
55549;Véry;4
55551;Vigneulles-lès-Hattonchâtel;58
55552;Vigneul-sous-Montmédy;3
55553;Vignot;16
55554;Villécloye;3
55555;Ville-devant-Belrain;3
55556;Ville-devant-Chaumont;2
55557;Ville-en-Woëvre;5
55559;Villeroy-sur-Méholle;2
55560;Villers-aux-Vents;4
55561;Villers-devant-Dun;1
55562;Villers-le-Sec;4
55563;Villers-lès-Mangiennes;2
55565;Villers-sous-Pareid;4
55566;Villers-sur-Meuse;6
55567;Ville-sur-Cousances;4
55568;Ville-sur-Saulx;6
55569;Villotte-devant-Louppy;2
55570;Villotte-sur-Aire;10
55571;Vilosnes-Haraumont;5
55572;Vittarville;7
55573;Void-Vacon;51
55574;Vouthon-Bas;4
55575;Vouthon-Haut;3
55577;Waly;4
55578;Warcq;4
55579;Watronville;2
55580;Wavrille;4
55581;Willeroncourt;2
55582;Wiseppe;2
55583;Woël;8
55584;Woimbey;3
55586;Xivray-et-Marvoisin;7
56001;Allaire;126
56002;Ambon;91
56003;Arradon;198
56004;Arzal;120
56005;Arzon;182
56006;Augan;48
56007;Auray;807
56008;Baden;142
56009;Bangor;39
56010;Baud;254
56011;Béganne;25
56012;Beignon;35
56013;Belz;161
56014;Berné;28
56015;Berric;60
56017;Bignan;78
56018;Billiers;17
56019;Billio;7
56020;Bohal;23
56021;Brandérion;26
56022;Brandivy;24
56023;Brech;193
56024;Bréhan;63
56025;Brignac;2
56026;Bubry;64
56027;Buléon;21
56028;Caden;50
56029;Calan;23
56030;Camoël;21
56031;Camors;50
56032;Campénéac;31
56033;Carentoir;83
56034;Carnac;365
56035;Caro;38
56036;Caudan;484
56039;La Chapelle-Neuve;18
56040;Cléguer;71
56041;Cléguérec;84
56042;Colpo;42
56043;Concoret;16
56044;Cournon;13
56045;Le Cours;8
56046;Crach;201
56047;Crédin;44
56048;Le Croisty;21
56050;La Croix-Helléan;20
56051;Cruguel;11
56052;Damgan;80
56053;Elven;176
56054;Erdeven;107
56055;Étel;68
56056;Évriguet;7
56057;Le Faouët;103
56058;Férel;58
56060;Les Fougerêts;23
56061;La Gacilly;126
56062;Gâvres;15
56063;Gestel;33
56065;Gourhel;8
56066;Gourin;153
56067;Grand-Champ;164
56068;La Grée-Saint-Laurent;5
56069;Groix;113
56070;Guégon;51
56071;Guéhenno;25
56072;Gueltas;13
56073;Guémené-sur-Scorff;60
56074;Guénin;45
56075;Guer;228
56076;Guern;20
56077;Le Guerno;18
56078;Guidel;312
56079;Guillac;23
56080;Guilliers;35
56081;Guiscriff;54
56082;Helléan;6
56083;Hennebont;438
56084;Le Hézo;43
56085;Hœdic;13
56086;Île-d'Houat;18
56087;Île-aux-Moines;54
56088;Île-d'Arz;23
56089;Inguiniel;50
56090;Inzinzac-Lochrist;110
56091;Josselin;111
56092;Kerfourn;19
56093;Kergrist;21
56094;Kervignac;192
56096;Landaul;62
56097;Landévant;103
56098;Lanester;701
56099;Langoëlan;10
56100;Langonnet;49
56101;Languidic;179
56102;Forges de Lanouée;58
56103;Lantillac;5
56104;Lanvaudan;17
56105;Lanvénégen;26
56106;Larmor-Baden;37
56107;Larmor-Plage;232
56108;Larré;21
56109;Lauzach;18
56110;Lignol;18
56111;Limerzel;33
56112;Lizio;22
56113;Locmalo;19
56114;Locmaria;30
56115;Locmaria-Grand-Champ;32
56116;Locmariaquer;61
56117;Locminé;200
56118;Locmiquélic;73
56119;Locoal-Mendon;102
56120;Locqueltas;63
56121;Lorient;2625
56122;Loyat;28
56123;Malansac;69
56124;Malestroit;142
56125;Malguénac;28
56126;Marzan;66
56127;Mauron;128
56128;Melrand;34
56129;Ménéac;45
56130;Merlevenez;78
56131;Meslan;33
56132;Meucon;33
56133;Missiriac;15
56134;Mohon;17
56135;Molac;31
56136;Monteneuf;19
56137;Monterblanc;60
56139;Montertelot;5
56140;Moréac;121
56141;Moustoir-Ac;42
56143;Muzillac;243
56144;Évellys;91
56145;Néant-sur-Yvel;16
56146;Neulliac;39
56147;Nivillac;140
56148;Nostang;30
56149;Noyal-Muzillac;55
56151;Noyal-Pontivy;168
56152;Le Palais;238
56153;Péaule;87
56154;Peillac;50
56155;Pénestin;133
56156;Persquen;13
56157;Plaudren;51
56158;Plescop;256
56159;Pleucadeuc;53
56160;Pleugriffet;30
56161;Ploemel;91
56162;Ploemeur;522
56163;Ploërdut;32
56164;Ploeren;284
56165;Ploërmel;584
56166;Plouay;204
56167;Plougoumelen;132
56168;Plouharnel;99
56169;Plouhinec;135
56170;Plouray;32
56171;Pluherlin;29
56172;Plumelec;78
56173;Pluméliau-Bieuzy;135
56174;Plumelin;80
56175;Plumergat;68
56176;Pluneret;149
56177;Pluvigner;210
56178;Pontivy;675
56179;Pont-Scorff;90
56180;Porcaro;9
56181;Port-Louis;69
56182;Priziac;32
56184;Questembert;284
56185;Quéven;247
56186;Quiberon;377
56188;Quistinic;45
56189;Radenac;22
56190;Réguiny;51
56191;Réminiac;10
56193;Riantec;98
56194;Rieux;67
56195;La Roche-Bernard;77
56196;Rochefort-en-Terre;48
56197;Val d'Oust;84
56198;Rohan;52
56199;Roudouallec;16
56200;Ruffiac;31
56201;Le Saint;14
56202;Saint-Abraham;17
56203;Saint-Aignan;14
56204;Saint-Allouestre;13
56205;Saint-Armel;24
56206;Saint-Avé;427
56207;Saint-Barthélemy;17
56208;Saint-Brieuc-de-Mauron;10
56209;Sainte-Brigitte;5
56210;Saint-Caradec-Trégomel;6
56211;Saint-Congard;12
56212;Saint-Dolay;44
56213;Saint-Gérand-Croixanvec;37
56214;Saint-Gildas-de-Rhuys;70
56215;Saint-Gonnery;33
56216;Saint-Gorgon;8
56218;Saint-Gravé;13
56219;Saint-Guyomard;26
56220;Sainte-Hélène;19
56221;Saint-Jacut-les-Pins;36
56222;Saint-Jean-Brévelay;69
56223;Saint-Jean-la-Poterie;15
56224;Saint-Laurent-sur-Oust;7
56225;Saint-Léry;4
56226;Saint-Malo-de-Beignon;4
56227;Saint-Malo-des-Trois-Fontaines;14
56228;Saint-Marcel;31
56229;Saint-Martin-sur-Oust;28
56230;Saint-Nicolas-du-Tertre;18
56231;Saint-Nolff;102
56232;Saint-Perreux;17
56233;Saint-Philibert;96
56234;Saint-Pierre-Quiberon;116
56236;Saint-Servant;18
56237;Saint-Thuriau;73
56238;Saint-Tugdual;14
56239;Saint-Vincent-sur-Oust;22
56240;Sarzeau;393
56241;Sauzon;53
56242;Séglien;28
56243;Séné;343
56244;Sérent;95
56245;Silfiac;11
56246;Le Sourn;69
56247;Sulniac;66
56248;Surzur;120
56249;Taupont;44
56250;Théhillac;11
56251;Theix-Noyalo;347
56252;Le Tour-du-Parc;36
56253;Tréal;12
56254;Trédion;21
56255;Treffléan;37
56256;Tréhorenteuc;9
56257;La Trinité-Porhoët;16
56258;La Trinité-sur-Mer;172
56259;La Trinité-Surzur;40
56260;Vannes;3081
56261;La Vraie-Croix;35
56262;Le Bono;57
56263;Sainte-Anne-d'Auray;55
56264;Kernascléden;13
57001;Aboncourt;8
57002;Aboncourt-sur-Seille;3
57003;Abreschviller;32
57004;Achain;4
57006;Achen;10
57007;Adaincourt;2
57008;Adelange;6
57009;Ajoncourt;2
57010;Alaincourt-la-Côte;2
57011;Albestroff;22
57012;Algrange;74
57013;Alsting;23
57014;Altrippe;5
57015;Altviller;10
57016;Alzing;3
57017;Amanvillers;36
57018;Amelécourt;4
57019;Amnéville;221
57020;Ancerville;2
57021;Ancy-Dornot;24
57022;Angevillers;18
57024;Antilly;5
57025;Anzeling;11
57026;Apach;6
57027;Arraincourt;9
57028;Argancy;44
57029;Arriance;4
57030;Arry;7
57031;Ars-Laquenexy;68
57032;Ars-sur-Moselle;117
57033;Arzviller;16
57034;Aspach;2
57035;Assenoncourt;4
57036;Attilloncourt;2
57037;Aube;4
57038;Audun-le-Tiche;103
57039;Augny;220
57040;Aulnois-sur-Seille;8
57041;Aumetz;46
57042;Avricourt;9
57043;Ay-sur-Moselle;32
57044;Azoudange;4
57045;Bacourt;7
57046;Baerenthal;19
57047;Bambiderstroff;14
57048;Bannay;2
57049;Le Ban-Saint-Martin;111
57050;Barchain;3
57051;Baronville;10
57052;Barst;6
57053;Bassing;3
57054;Baudrecourt;9
57055;Bazoncourt;7
57056;Bébing;3
57057;Béchy;10
57058;Behren-lès-Forbach;120
57059;Bellange;1
57060;Bénestroff;23
57061;Béning-lès-Saint-Avold;12
57062;Berg-sur-Moselle;4
57063;Bérig-Vintrange;3
57064;Berling;8
57065;Bermering;2
57066;Berthelming;18
57067;Bertrange;40
57069;Berviller-en-Moselle;4
57070;Bettange;4
57071;Bettborn;10
57072;Bettelainville;7
57073;Betting;57
57074;Bettviller;10
57075;Beux;7
57076;Beyren-lès-Sierck;10
57077;Bezange-la-Petite;4
57079;Bibiche;8
57080;Bickenholtz;4
57081;Bidestroff;2
57082;Biding;8
57083;Bining;8
57084;Bioncourt;9
57085;Bionville-sur-Nied;3
57086;Belles-Forêts;12
57087;Bisten-en-Lorraine;3
57088;Bistroff;7
57089;Bitche;173
57090;Blanche-Église;5
57091;Bliesbruck;12
57092;Blies-Ébersing;9
57093;Blies-Guersviller;7
57095;Boucheporn;9
57096;Boulange;19
57097;Boulay-Moselle;171
57098;Bourgaltroff;6
57099;Bourdonnay;5
57100;Bourscheid;3
57101;Bousbach;8
57102;Bousse;39
57103;Bousseviller;2
57104;Boust;5
57105;Boustroff;3
57106;Bouzonville;147
57107;Bréhain;1
57108;Breidenbach;7
57109;Breistroff-la-Grande;6
57110;Brettnach;4
57111;Bronvaux;5
57112;Brouck;2
57113;Brouderdorff;15
57114;Brouviller;11
57115;Brulange;4
57116;Buchy;3
57117;Buding;10
57118;Budling;7
57119;Buhl-Lorraine;77
57120;Burlioncourt;6
57121;Burtoncourt;5
57122;Cappel;9
57123;Carling;66
57124;Cattenom;74
57125;Chailly-lès-Ennery;6
57126;Chambrey;6
57127;Chanville;1
57128;Charleville-sous-Bois;8
57129;Charly-Oradour;11
57130;Château-Bréhain;1
57131;Château-Rouge;4
57132;Château-Salins;98
57133;Château-Voué;4
57134;Châtel-Saint-Germain;56
57136;Chémery-les-Deux;3
57137;Cheminot;25
57138;Chenois;2
57139;Chérisey;4
57140;Chesny;8
57141;Chicourt;3
57142;Chieulles;7
57143;Clouange;110
57144;Cocheren;45
57145;Coincy;9
57146;Coin-lès-Cuvry;24
57147;Coin-sur-Seille;9
57148;Colligny-Maizery;11
57149;Colmen;5
57150;Condé-Northen;15
57151;Conthil;6
57152;Contz-les-Bains;2
57153;Corny-sur-Moselle;44
57154;Coume;6
57155;Courcelles-Chaussy;80
57156;Courcelles-sur-Nied;17
57158;Craincourt;7
57159;Créhange;83
57160;Creutzwald;364
57161;Cutting;3
57162;Cuvry;18
57163;Dabo;46
57165;Dalem;7
57166;Dalhain;2
57167;Dalstein;5
57168;Danne-et-Quatre-Vents;5
57169;Dannelbourg;6
57171;Delme;48
57172;Denting;5
57173;Desseling;1
57174;Destry;6
57175;Diane-Capelle;4
57176;Diebling;35
57177;Dieuze;148
57178;Diffembach-lès-Hellimer;6
57179;Distroff;27
57180;Dolving;6
57181;Domnom-lès-Dieuze;3
57182;Donjeux;3
57183;Donnelay;7
57186;Ébersviller;10
57187;Éblange;5
57188;Éguelshardt;9
57189;Eincheville;7
57190;Elvange;8
57191;Elzange;7
57192;Enchenberg;17
57193;Ennery;167
57194;Entrange;11
57195;Epping;16
57196;Erching;9
57197;Ernestviller;4
57198;Erstroff;6
57199;Escherange;6
57200;Les Étangs;17
57201;Etting;8
57202;Etzling;8
57203;Évrange;3
57204;Failly;11
57205;Falck;49
57206;Fameck;235
57207;Farébersviller;151
57208;Farschviller;13
57209;Faulquemont;205
57210;Fénétrange;33
57211;Fèves;70
57212;Féy;18
57213;Filstroff;8
57214;Fixem;5
57215;Flastroff;5
57216;Fleisheim;5
57217;Flétrange;13
57218;Fleury;21
57219;Flévy;24
57220;Flocourt;4
57221;Florange;271
57222;Folkling;39
57224;Folschviller;118
57225;Fonteny;2
57226;Fontoy;55
57227;Forbach;687
57228;Fossieux;1
57229;Foulcrey;4
57230;Fouligny;5
57231;Foville;3
57232;Francaltroff;26
57233;Fraquelfing;1
57234;Frauenberg;6
57235;Freistroff;18
57236;Frémery;2
57237;Frémestroff;8
57238;Fresnes-en-Saulnois;4
57239;Freybouse;14
57240;Freyming-Merlebach;329
57241;Fribourg;6
57242;Gandrange;57
57244;Garrebourg;11
57245;Gavisse;3
57246;Gelucourt;10
57247;Gerbécourt;3
57248;Givrycourt;3
57249;Glatigny;6
57250;Goetzenbruck;34
57251;Goin;18
57252;Gomelange;9
57253;Gondrexange;10
57254;Gorze;21
57255;Gosselming;8
57256;Gravelotte;19
57257;Grémecey;5
57258;Gréning;2
57259;Grindorff-Bizing;6
57260;Grosbliederstroff;84
57261;Gros-Réderching;23
57262;Grostenquin;32
57263;Grundviller;13
57264;Guebenhouse;2
57265;Guébestroff;1
57266;Guéblange-lès-Dieuze;1
57267;Le Val-de-Guéblange;9
57268;Guébling;4
57269;Guénange;102
57270;Val-de-Bride;6
57271;Guenviller;9
57272;Guermange;5
57273;Guerstling;2
57274;Guerting;4
57275;Guessling-Hémering;9
57276;Guinglange;6
57277;Guinkirchen;2
57278;Guinzeling;4
57280;Guntzviller;5
57281;Haboudange;6
57282;Hagen;3
57283;Hagondange;307
57284;Hallering;3
57286;Halstroff;3
57287;Basse-Ham;82
57288;Ham-sous-Varsberg;43
57289;Hambach;83
57290;Hampont;7
57291;Hangviller;9
57292;Hannocourt;1
57293;Han-sur-Nied;3
57294;Hanviller;4
57295;Haraucourt-sur-Seille;6
57296;Hargarten-aux-Mines;12
57297;Harprich;4
57298;Harreberg;3
57299;Hartzviller;11
57300;Haselbourg;9
57301;Haspelschiedt;4
57302;Hattigny;11
57303;Hauconcourt;159
57304;Haut-Clocher;7
57305;Havange;8
57306;Hayange;229
57307;Hayes;3
57308;Hazembourg;2
57309;Heining-lès-Bouzonville;3
57310;Hellering-lès-Fénétrange;4
57311;Hellimer;17
57312;Helstroff;12
57313;Hémilly;3
57314;Héming;14
57315;Henridorff;11
57316;Henriville;41
57317;Hérange;9
57318;Hermelange;3
57319;Herny;12
57320;Hertzing;3
57321;Hesse;10
57322;Hestroff;3
57323;Hettange-Grande;123
57324;Hilbesheim;10
57325;Hilsprich;7
57326;Hinckange;6
57328;Holacourt;2
57329;Holling;9
57330;Holving;13
57331;Hombourg-Budange;10
57332;Hombourg-Haut;68
57333;Hommarting;9
57334;Hommert;7
57335;Honskirch;5
57336;L'Hôpital;85
57337;Hoste;5
57338;Hottviller;12
57339;Hultehouse;5
57340;Hundling;24
57341;Hunting;7
57342;Ibigny;1
57343;Illange;51
57344;Imling;24
57345;Inglange;5
57346;Insming;23
57347;Insviller;4
57348;Ippling;10
57349;Jallaucourt;6
57350;Jouy-aux-Arches;204
57351;Jury;36
57352;Jussy;16
57353;Juvelize;3
57354;Juville;4
57355;Kalhausen;15
57356;Kanfen;20
57357;Kappelkinger;4
57358;Kédange-sur-Canner;23
57359;Kemplich;1
57360;Kerbach;15
57361;Kerling-lès-Sierck;5
57362;Kerprich-aux-Bois;4
57364;Kirsch-lès-Sierck;3
57365;Kirschnaumen;13
57366;Kirviller;2
57367;Klang;2
57368;Knutange;62
57370;Kœnigsmacker;50
57371;Haute-Kontz;7
57372;Kuntzig;10
57373;Lachambre;26
57374;Lafrimbolle;4
57375;Lagarde;11
57376;Lambach;4
57377;Landange;5
57379;Landroff;6
57380;Laneuveville-lès-Lorquin;1
57381;Laneuveville-en-Saulnois;6
57382;Langatte;15
57383;Languimberg;7
57384;Laning;9
57385;Laquenexy;17
57386;Laudrefang;8
57387;Laumesfeld;5
57388;Launstroff;2
57389;Lelling;8
57390;Lemberg;34
57391;Lemoncourt;2
57392;Lemud;22
57393;Lengelsheim;2
57394;Léning;7
57395;Lesse;8
57396;Lessy;12
57397;Ley;8
57398;Leyviller;9
57399;Lezey;3
57401;Lidrezing;5
57402;Liederschiedt;4
57403;Liéhon;4
57404;Lindre-Basse;5
57405;Lindre-Haute;1
57406;Liocourt;2
57407;Lixheim;10
57408;Lixing-lès-Rouhling;9
57409;Lixing-lès-Saint-Avold;14
57410;Lhor;4
57411;Lommerange;5
57412;Longeville-lès-Metz;123
57413;Longeville-lès-Saint-Avold;158
57414;Lorquin;33
57415;Lorry-lès-Metz;19
57416;Lorry-Mardigny;11
57417;Lostroff;3
57418;Loudrefing;4
57419;Loupershouse;12
57421;Loutzviller;1
57422;Louvigny;29
57423;Lubécourt;2
57424;Lucy;3
57425;Luppy;13
57426;Luttange;14
57427;Lutzelbourg;25
57428;Macheren;46
57430;Mainvillers;6
57431;Maizeroy;11
57433;Maizières-lès-Metz;191
57434;Maizières-lès-Vic;15
57436;Malaucourt-sur-Seille;6
57437;Malling;9
57438;Malroy;10
57439;Manderen-Ritzing;17
57440;Manhoué;3
57441;Manom;71
57442;Many;8
57443;Marange-Silvange;114
57444;Marange-Zondrange;6
57445;Marieulles;15
57446;Marimont-lès-Bénestroff;2
57447;Marly;453
57448;Marsal;7
57449;Marsilly;8
57451;Marthille;3
57452;La Maxe;50
57453;Maxstadt;6
57454;Mécleuves;19
57455;Mégange;4
57456;Meisenthal;18
57457;Menskirch;2
57459;Merschweiller;3
57460;Merten;23
57461;Métairies-Saint-Quirin;3
57462;Metting;8
57463;Metz;5136
57464;Metzeresche;7
57465;Metzervisse;54
57466;Metzing;9
57467;Mey;2
57468;Mittelbronn;15
57469;Mittersheim;15
57470;Molring;1
57471;Momerstroff;10
57472;Moncheux;7
57473;Moncourt;4
57474;Mondelange;139
57475;Mondorff;3
57476;Monneren;10
57477;Montbronn;37
57478;Montdidier;4
57479;Montenach;10
57480;Montigny-lès-Metz;405
57481;Montois-la-Montagne;30
57482;Ogy-Montoy-Flanville;61
57483;Morhange;149
57484;Morsbach;79
57485;Morville-lès-Vic;9
57486;Morville-sur-Nied;3
57487;Moulins-lès-Metz;247
57488;Moussey;25
57489;Mouterhouse;2
57490;Moyenvic;7
57491;Moyeuvre-Grande;86
57492;Moyeuvre-Petite;6
57493;Mulcey;4
57494;Munster;6
57495;Narbéfontaine;6
57496;Nébing;8
57497;Nelling;5
57498;Neufchef;36
57499;Neufgrange;22
57500;Neufmoulins;2
57501;Neufvillage;3
57502;Neunkirchen-lès-Bouzonville;3
57504;Niderhoff;5
57505;Niderviller;34
57506;Niederstinzel;4
57507;Niedervisse;10
57508;Nilvange;53
57509;Nitting;10
57510;Noisseville;30
57511;Norroy-le-Veneur;157
57512;Nouilly;9
57513;Nousseviller-lès-Bitche;4
57514;Nousseviller-Saint-Nabor;11
57515;Novéant-sur-Moselle;29
57516;Oberdorff;6
57517;Obergailbach;2
57518;Oberstinzel;6
57519;Obervisse;4
57520;Obreck;1
57521;Œting;44
57524;Ommeray;2
57525;Oriocourt;3
57526;Ormersviller;6
57527;Orny;6
57528;Oron;4
57529;Ottange;31
57530;Ottonville;11
57531;Oudrenne;8
57532;Pagny-lès-Goin;11
57533;Pange;19
57534;Peltre;99
57535;Petit-Réderching;35
57536;Petit-Tenquin;6
57537;Petite-Rosselle;61
57538;Pettoncourt;6
57539;Pévange;1
57540;Phalsbourg;202
57541;Philippsbourg;21
57542;Piblange;15
57543;Pierrevillers;24
57544;Plaine-de-Walsch;3
57545;Plappeville;23
57546;Plesnois;33
57547;Pommérieux;10
57548;Pontoy;4
57549;Pontpierre;12
57550;Porcelette;44
57551;Postroff;4
57552;Pouilly;17
57553;Pournoy-la-Chétive;14
57554;Pournoy-la-Grasse;15
57555;Prévocourt;3
57556;Puttelange-aux-Lacs;94
57557;Puttelange-lès-Thionville;4
57558;Puttigny;3
57559;Puzieux;1
57560;Racrange;15
57561;Rahling;17
57562;Ranguevaux;9
57563;Raville;8
57564;Réchicourt-le-Château;10
57565;Rédange;5
57566;Réding;50
57567;Rémelfang;11
57568;Rémelfing;25
57569;Rémeling;6
57570;Rémering;4
57571;Rémering-lès-Puttelange;16
57572;Rémilly;75
57573;Réning;2
57574;Basse-Rentgen;11
57575;Retonfey;19
57576;Rettel;25
57577;Reyersviller;8
57578;Rezonville-Vionville;14
57579;Rhodes;14
57580;Riche;4
57581;Richeling;3
57582;Richemont;67
57583;Richeval;4
57584;Rimling;12
57586;Rochonvillers;3
57587;Rodalbe;4
57588;Rodemack;14
57589;Rohrbach-lès-Bitche;103
57590;Rolbing;4
57591;Rombas;152
57592;Romelfing;5
57593;Roncourt;12
57594;Roppeviller;3
57595;Rorbach-lès-Dieuze;2
57596;Rosbruck;23
57597;Rosselange;31
57598;Rouhling;25
57599;Roupeldange;6
57600;Roussy-le-Village;15
57601;Rozérieulles;26
57602;Rurange-lès-Thionville;27
57603;Russange;6
57604;Rustroff;8
57605;Sailly-Achâtel;3
57606;Saint-Avold;693
57607;Sainte-Barbe;27
57609;Saint-Epvre;2
57610;Saint-François-Lacroix;1
57611;Saint-Georges;3
57612;Saint-Hubert;6
57613;Saint-Jean-de-Bassel;7
57614;Saint-Jean-Kourtzerode;19
57615;Saint-Jean-Rohrbach;20
57616;Saint-Julien-lès-Metz;150
57617;Saint-Jure;7
57618;Saint-Louis;8
57619;Saint-Louis-lès-Bitche;4
57620;Sainte-Marie-aux-Chênes;135
57621;Saint-Médard;5
57622;Saint-Privat-la-Montagne;36
57623;Saint-Quirin;19
57624;Sainte-Ruffine;15
57625;Salonnes;2
57626;Sanry-lès-Vigy;10
57627;Sanry-sur-Nied;9
57628;Sarralbe;159
57629;Sarraltroff;21
57630;Sarrebourg;678
57631;Sarreguemines;1063
57633;Sarreinsming;21
57634;Saulny;25
57635;Schalbach;13
57636;Schmittviller;10
57637;Schneckenbusch;5
57638;Schœneck;31
57639;Schorbach;8
57640;Schwerdorff;5
57641;Schweyen;8
57642;Scy-Chazelles;87
57643;Secourt;6
57644;Seingbouse;48
57645;Semécourt;115
57647;Serémange-Erzange;45
57648;Servigny-lès-Raville;8
57649;Servigny-lès-Sainte-Barbe;5
57650;Sierck-les-Bains;46
57651;Siersthal;13
57652;Sillegny;20
57653;Silly-en-Saulnois;2
57654;Silly-sur-Nied;16
57655;Solgne;41
57656;Sorbey;11
57657;Sotzeling;1
57658;Soucht;15
57659;Spicheren;40
57660;Stiring-Wendel;168
57661;Sturzelbronn;6
57662;Suisse;3
57663;Talange;243
57664;Tarquimpol;3
57665;Tenteling;13
57666;Terville;244
57667;Téterchen;11
57668;Teting-sur-Nied;20
57669;Théding;22
57670;Thicourt;3
57671;Thimonville;4
57672;Thionville;1493
57673;Thonville;2
57674;Tincry;2
57675;Torcheville;1
57676;Tragny;2
57677;Trémery;51
57678;Tressange;17
57679;Tritteling-Redlach;6
57680;Troisfontaines;35
57681;Tromborn;4
57682;Turquestein-Blancrupt;3
57683;Uckange;117
57684;Vahl-Ebersing;9
57685;Vahl-lès-Bénestroff;8
57686;Vahl-lès-Faulquemont;3
57687;Vallerange;6
57689;Valmestroff;3
57690;Valmont;77
57691;Valmunster;4
57692;Vannecourt;4
57693;Vantoux;17
57694;Vany;8
57695;Varize-Vaudoncourt;16
57696;Varsberg;9
57697;Vasperviller;2
57698;Vatimont;5
57700;Vaudreching;14
57701;Vaux;17
57702;Vaxy;3
57703;Veckersviller;5
57704;Veckring;10
57705;Velving;3
57706;Vergaville;10
57707;Vernéville;11
57708;Verny;67
57709;Vescheim;6
57711;Vibersviller;8
57712;Vic-sur-Seille;35
57713;Vieux-Lixheim;6
57714;Haute-Vigneulles;7
57715;Vigny;9
57716;Vigy;34
57717;Viller;5
57718;Villers-Stoncourt;6
57719;Villers-sur-Nied;4
57720;Villing;2
57721;Vilsberg;4
57723;Virming;10
57724;Vitry-sur-Orne;30
57725;Vittersbourg;8
57726;Vittoncourt;9
57727;Viviers;3
57728;Voimhaut;3
57730;Volmerange-lès-Boulay;9
57731;Volmerange-les-Mines;32
57732;Volmunster;30
57733;Volstroff;17
57734;Voyer;5
57736;Vry;9
57737;Vulmont;1
57738;Waldhouse;6
57739;Waldweistroff;11
57740;Waldwisse;7
57741;Walschbronn;6
57742;Walscheid;18
57743;Waltembourg;4
57745;Wiesviller;15
57746;Willerwald;16
57747;Wintersbourg;2
57748;Wittring;8
57749;Vœlfling-lès-Bouzonville;2
57750;Wœlfling-lès-Sarreguemines;15
57751;Woippy;486
57752;Woustviller;77
57753;Wuisse;2
57754;Xanrey;4
57755;Xocourt;3
57756;Xouaxange;2
57757;Yutz;365
57759;Zarbeling;2
57760;Zetting;10
57761;Zilling;4
57762;Zimming;7
57763;Zommange;3
57764;Zoufftgen;8
57765;Diesen;9
57767;Stuckange;10
58001;Achun;10
58002;Alligny-Cosne;20
58003;Alligny-en-Morvan;22
58004;Alluy;15
58005;Amazy;5
58006;Anlezy;13
58007;Annay;6
58008;Anthien;3
58009;Arbourse;1
58010;Arleuf;18
58011;Armes;1
58012;Arquian;15
58013;Arthel;5
58014;Arzembouy;5
58015;Asnan;3
58016;Asnois;2
58017;Aunay-en-Bazois;7
58018;Authiou;4
58019;Avrée;4
58020;Avril-sur-Loire;7
58021;Azy-le-Vif;3
58023;Bazoches;10
58024;Bazolles;13
58025;Béard;4
58026;Beaulieu;3
58027;Beaumont-la-Ferrière;1
58028;Beaumont-Sardolles;5
58029;Beuvron;2
58030;Biches;8
58031;Billy-Chevannes;9
58032;Billy-sur-Oisy;4
58033;Bitry;6
58034;Blismes;8
58035;Bona;7
58036;Bouhy;13
58037;Brassy;26
58038;Breugnon;2
58039;Brèves;2
58040;Brinay;4
58041;Brinon-sur-Beuvron;16
58042;Bulcy;3
58043;Bussy-la-Pesle;1
58044;La Celle-sur-Loire;13
58045;La Celle-sur-Nièvre;4
58046;Cercy-la-Tour;60
58047;Cervon;15
58048;Cessy-les-Bois;1
58049;Chalaux;3
58050;Challement;1
58051;Challuy;58
58052;Champallement;3
58053;Champlemy;8
58054;Champlin;4
58055;Champvert;16
58056;Champvoux;4
58057;Chantenay-Saint-Imbert;33
58058;La Chapelle-Saint-André;3
58059;La Charité-sur-Loire;184
58060;Charrin;8
58061;Chasnay;7
58062;Château-Chinon (Ville);109
58063;Château-Chinon (Campagne);10
58064;Châteauneuf-Val-de-Bargis;22
58065;Châtillon-en-Bazois;35
58066;Châtin;4
58067;Chaulgnes;17
58068;Chaumard;3
58069;Chaumot;5
58070;Chazeuil;1
58071;Chevannes-Changy;5
58072;Chevenon;10
58073;Chevroches;2
58074;Chiddes;9
58075;Chitry-les-Mines;7
58076;Chougny;2
58077;Ciez;14
58078;Cizely;2
58079;Clamecy;195
58080;La Collancelle;8
58081;Colméry;6
58082;Corancy;8
58083;Corbigny;128
58084;Corvol-d'Embernard;2
58085;Corvol-l'Orgueilleux;20
58086;Cosne-Cours-sur-Loire;463
58087;Cossaye;7
58088;Coulanges-lès-Nevers;54
58089;Couloutre;3
58090;Courcelles;3
58092;Crux-la-Ville;11
58093;Cuncy-lès-Varzy;6
58094;Dampierre-sous-Bouhy;8
58095;Decize;235
58096;Devay;9
58097;Diennes-Aubigny;6
58098;Dirol;4
58099;Dommartin;5
58101;Dompierre-sur-Nièvre;5
58102;Donzy;51
58103;Dornecy;12
58104;Dornes;31
58105;Druy-Parigny;3
58106;Dun-les-Places;19
58107;Dun-sur-Grandry;3
58108;Empury;4
58109;Entrains-sur-Nohain;36
58110;Epiry;6
58111;Fâchin;3
58112;La Fermeté;7
58113;Fertrève;2
58114;Fléty;6
58115;Fleury-sur-Loire;10
58116;Flez-Cuzy;2
58117;Fourchambault;89
58118;Fours;19
58119;Frasnay-Reugny;6
58120;Gâcogne;5
58121;Garchizy;48
58122;Garchy;14
58123;Germenay;4
58124;Germigny-sur-Loire;9
58125;Gien-sur-Cure;2
58126;Gimouille;9
58127;Giry;1
58128;Glux-en-Glenne;8
58129;Gouloux;11
58130;Grenois;1
58131;Guérigny;64
58132;Guipy;7
58133;Héry;3
58134;Imphy;54
58135;Isenay;5
58136;Jailly;3
58137;Lamenay-sur-Loire;3
58138;Langeron;8
58139;Lanty;2
58140;Larochemillay;6
58141;Lavault-de-Frétoy;1
58142;Limanton;10
58143;Limon;2
58144;Livry;10
58145;Lormes;55
58146;Lucenay-lès-Aix;26
58147;Lurcy-le-Bourg;6
58148;Luthenay-Uxeloup;10
58149;Luzy;95
58150;Lys;1
58151;La Machine;54
58152;Magny-Cours;63
58153;Magny-Lormes;2
58154;La Maison-Dieu;1
58155;La Marche;6
58156;Marcy;4
58157;Marigny-l'Église;6
58158;Mars-sur-Allier;10
58159;Marigny-sur-Yonne;4
58160;Marzy;136
58161;Maux;7
58162;Menestreau;3
58163;Menou;6
58164;Mesves-sur-Loire;15
58165;Metz-le-Comte;1
58166;Mhère;10
58168;Millay;12
58169;Moissy-Moulinot;1
58170;Monceaux-le-Comte;3
58171;Montapas;6
58172;Montambert;1
58173;Montaron;5
58174;Montenoison;2
58175;Mont-et-Marré;7
58176;Montigny-aux-Amognes;7
58177;Montigny-en-Morvan;11
58178;Montigny-sur-Canne;7
58179;Montreuillon;8
58180;Montsauche-les-Settons;38
58181;Moraches;4
58182;Moulins-Engilbert;71
58183;Mouron-sur-Yonne;2
58184;Moussy;3
58185;Moux-en-Morvan;36
58186;Murlin;9
58187;Myennes;10
58188;Nannay;5
58189;Narcy;12
58190;Neuffontaines;4
58191;Neuilly;5
58192;Neuville-lès-Decize;2
58193;Neuvy-sur-Loire;28
58194;Nevers;1400
58195;La Nocle-Maulaix;8
58196;Nolay;5
58197;Nuars;9
58198;Oisy;9
58199;Onlay;5
58200;Ouagne;3
58201;Oudan;4
58202;Ougny;2
58203;Oulon;2
58204;Vaux d'Amognes;12
58205;Ouroux-en-Morvan;23
58206;Parigny-la-Rose;1
58207;Parigny-les-Vaux;8
58208;Pazy;9
58209;Perroy;8
58210;Planchez;8
58211;Poil;5
58212;Poiseux;7
58213;Pougny;16
58214;Pougues-les-Eaux;44
58215;Pouilly-sur-Loire;80
58216;Pouques-Lormes;4
58217;Pousseaux;4
58218;Prémery;52
58219;Préporché;4
58220;Raveau;13
58221;Rémilly;3
58222;Rix;6
58223;Rouy;24
58224;Ruages;3
58225;Saincaize-Meauce;11
58226;Saint-Agnan;8
58227;Saint-Amand-en-Puisaye;55
58228;Saint-Andelain;36
58229;Saint-André-en-Morvan;5
58230;Saint-Aubin-des-Chaumes;3
58231;Saint-Aubin-les-Forges;6
58232;Saint-Benin-d'Azy;58
58233;Saint-Benin-des-Bois;5
58234;Saint-Bonnot;2
58235;Saint-Brisson;13
58236;Sainte-Colombe-des-Bois;1
58237;Saint-Didier;2
58238;Saint-Éloi;85
58239;Saint-Firmin;5
58240;Saint-Franchy;3
58241;Saint-Germain-Chassenay;8
58242;Saint-Germain-des-Bois;3
58243;Saint-Gratien-Savigny;9
58244;Saint-Hilaire-en-Morvan;9
58245;Saint-Hilaire-Fontaine;5
58246;Saint-Honoré-les-Bains;27
58247;Saint-Jean-aux-Amognes;19
58248;Saint-Laurent-l'Abbaye;3
58249;Saint-Léger-de-Fougeret;7
58250;Saint-Léger-des-Vignes;28
58251;Saint-Loup-des-Bois;12
58252;Saint-Malo-en-Donziois;6
58253;Sainte-Marie;3
58254;Saint-Martin-d'Heuille;9
58255;Saint-Martin-du-Puy;8
58256;Saint-Martin-sur-Nohain;8
58257;Saint-Maurice;3
58258;Saint-Ouen-sur-Loire;10
58259;Saint-Parize-en-Viry;3
58260;Saint-Parize-le-Châtel;20
58261;Saint-Père;23
58262;Saint-Péreuse;14
58263;Saint-Pierre-du-Mont;7
58264;Saint-Pierre-le-Moûtier;67
58265;Saint-Quentin-sur-Nohain;5
58266;Saint-Révérien;4
58267;Saint-Saulge;33
58268;Saint-Seine;9
58269;Saint-Sulpice;10
58270;Saint-Vérain;6
58271;Saizy;7
58272;Sardy-lès-Épiry;6
58273;Sauvigny-les-Bois;23
58274;Savigny-Poil-Fol;3
58275;Saxi-Bourdon;10
58276;Sémelay;6
58277;Sermages;5
58278;Sermoise-sur-Loire;49
58279;Sichamps;11
58280;Sougy-sur-Loire;13
58281;Suilly-la-Tour;16
58282;Surgy;7
58283;Taconnay;2
58284;Talon;4
58285;Tamnay-en-Bazois;3
58286;Tannay;24
58287;Tazilly;2
58288;Teigny;4
58289;Ternant;3
58290;Thaix;2
58291;Thianges;6
58292;Tintury;9
58293;Toury-Lurcy;9
58294;Toury-sur-Jour;5
58295;Tracy-sur-Loire;23
58296;Tresnay;7
58297;Trois-Vèvres;2
58298;Tronsanges;7
58299;Trucy-l'Orgueilleux;2
58300;Urzy;30
58301;Vandenesse;9
58302;Varennes-lès-Narcy;10
58303;Varennes-Vauzelles;339
58304;Varzy;46
58305;Vauclaix;5
58306;Verneuil;7
58307;Vielmanay;3
58308;Vignol;4
58309;Villapourçon;8
58310;Villiers-le-Sec;1
58311;Ville-Langy;8
58312;Villiers-sur-Yonne;6
58313;Vitry-Laché;3
59001;Abancourt;9
59002;Abscon;46
59003;Aibes;6
59004;Aix-en-Pévèle;34
59005;Allennes-les-Marais;38
59006;L'Orée de Mormal;17
59007;Anhiers;7
59008;Aniche;136
59009;Villeneuve-d'Ascq;2645
59010;Anneux;6
59011;Annœullin;199
59012;Anor;34
59013;Anstaing;31
59014;Anzin;352
59015;Arleux;81
59016;Armbouts-Cappel;40
59017;Armentières;598
59018;Arnèke;49
59019;Artres;26
59021;Assevent;17
59022;Attiches;60
59023;Aubencheul-au-Bac;12
59024;Auberchicourt;45
59025;Aubers;47
59026;Aubigny-au-Bac;38
59027;Aubry-du-Hainaut;37
59028;Auby;86
59029;Auchy-lez-Orchies;37
59031;Audignies;8
59032;Aulnoy-lez-Valenciennes;128
59033;Aulnoye-Aymeries;189
59034;Avelin;190
59035;Avesnelles;73
59036;Avesnes-sur-Helpe;173
59037;Avesnes-les-Aubert;62
59038;Avesnes-le-Sec;19
59039;Awoingt;18
59041;Bachant;38
59042;Bachy;27
59043;Bailleul;479
59044;Baisieux;99
59045;Baives;3
59046;Bambecque;22
59047;Banteux;10
59048;Bantigny;3
59049;Bantouzelle;8
59050;Bas-Lieu;18
59051;La Bassée;205
59052;Bauvin;59
59053;Bavay;140
59054;Bavinchove;22
59055;Bazuel;15
59056;Beaucamps-Ligny;28
59057;Beaudignies;7
59058;Beaufort;30
59059;Beaumont-en-Cambrésis;6
59060;Beaurain;4
59061;Beaurepaire-sur-Sambre;10
59062;Beaurieux;3
59063;Beauvois-en-Cambrésis;69
59064;Bellaing;22
59065;Bellignies;13
59066;Bérelles;4
59067;Bergues;154
59068;Berlaimont;62
59069;Bermerain;17
59071;Bersée;47
59072;Bersillies;7
59073;Berthen;18
59074;Bertry;40
59075;Béthencourt;12
59076;Bettignies;7
59077;Bettrechies;2
59078;Beugnies;15
59079;Beuvrages;54
59080;Beuvry-la-Forêt;73
59081;Bévillers;11
59082;Bierne;51
59083;Bissezeele;11
59084;Blaringhem;59
59085;Blécourt;5
59086;Boeschepe;134
59087;Boëseghem;15
59088;Bois-Grenier;93
59089;Bollezeele;48
59090;Bondues;462
59091;Borre;25
59092;Bouchain;99
59093;Boulogne-sur-Helpe;9
59094;Bourbourg;165
59096;Bourghelles;29
59097;Boursies;17
59098;Bousbecque;89
59099;Bousies;29
59100;Bousignies;7
59101;Bousignies-sur-Roc;9
59102;Boussières-en-Cambrésis;8
59103;Boussières-sur-Sambre;4
59104;Boussois;29
59105;Bouvignies;23
59106;Bouvines;20
59107;Bray-Dunes;114
59108;Briastre;13
59109;Brillon;31
59110;Brouckerque;23
59111;Broxeele;10
59112;Bruay-sur-l'Escaut;144
59113;Bruille-lez-Marchiennes;10
59114;Bruille-Saint-Amand;36
59115;Brunémont;9
59116;Bry;12
59117;Bugnicourt;18
59118;Busigny;44
59119;Buysscheure;20
59120;Caëstre;54
59121;Cagnoncles;10
59122;Cambrai;1282
59123;Camphin-en-Carembault;41
59124;Camphin-en-Pévèle;48
59125;Cantaing-sur-Escaut;11
59126;Cantin;30
59127;Capelle;4
59128;Capinghem;86
59129;Cappelle-en-Pévèle;91
59130;Cappelle-Brouck;20
59131;Cappelle-la-Grande;120
59132;Carnières;19
59133;Carnin;25
59134;Cartignies;29
59135;Cassel;88
59136;Le Cateau-Cambrésis;212
59137;Catillon-sur-Sambre;18
59138;Cattenières;13
59139;Caudry;413
59140;Caullery;6
59141;Cauroir;12
59142;Cerfontaine;5
59143;La Chapelle-d'Armentières;241
59144;Château-l'Abbaye;7
59145;Chemy;17
59146;Chéreng;58
59147;Choisies;3
59148;Clairfayts;7
59149;Clary;26
59150;Cobrieux;4
59151;Colleret;29
59152;Comines;260
59153;Condé-sur-l'Escaut;157
59155;Coudekerque-Branche;379
59156;Courchelettes;25
59157;Cousolre;29
59158;Coutiches;96
59159;Craywick;36
59160;Crespin;56
59161;Crèvecœur-sur-l'Escaut;25
59162;Crochte;13
59163;Croix;497
59164;Croix-Caluyau;6
59165;Cuincy;133
59166;Curgies;22
59167;Cuvillers;7
59168;Cysoing;165
59169;Damousies;3
59170;Dechy;155
59171;Dehéries;1
59172;Denain;482
59173;Deûlémont;27
59174;Dimechaux;3
59175;Dimont;7
59176;Doignies;12
59177;Dompierre-sur-Helpe;23
59178;Douai;1417
59179;Douchy-les-Mines;117
59180;Le Doulieu;23
59181;Dourlers;21
59182;Drincham;7
59183;Dunkerque;2642
59184;Ebblinghem;12
59185;Écaillon;17
59186;Eccles;2
59187;Éclaibes;4
59188;Écuélin;4
59189;Eecke;29
59190;Élesmes;17
59191;Élincourt;9
59192;Émerchicourt;10
59193;Emmerin;46
59194;Englefontaine;22
59195;Englos;95
59196;Ennetières-en-Weppes;68
59197;Ennevelin;96
59198;Eppe-Sauvage;17
59199;Erchin;12
59200;Eringhem;6
59201;Erquinghem-le-Sec;7
59202;Erquinghem-Lys;109
59203;Erre;11
59204;Escarmain;10
59205;Escaudain;142
59206;Escaudœuvres;78
59207;Escautpont;46
59208;Escobecques;5
59209;Esnes;14
59210;Esquelbecq;59
59211;Esquerchin;15
59212;Estaires;154
59213;Estourmel;10
59214;Estrées;17
59215;Estreux;15
59216;Eswars;9
59217;Eth;7
59218;Étrœungt;32
59219;Estrun;8
59220;Faches-Thumesnil;355
59221;Famars;91
59222;Faumont;46
59223;Le Favril;14
59224;Féchain;40
59225;Feignies;163
59226;Felleries;18
59227;Fenain;56
59228;Férin;44
59229;Féron;17
59230;Ferrière-la-Grande;87
59231;Ferrière-la-Petite;16
59232;La Flamengrie;3
59233;Flaumont-Waudrechies;9
59234;Flers-en-Escrebieux;206
59236;Flesquières;10
59237;Flêtre;26
59238;Flines-lès-Mortagne;16
59239;Flines-lez-Raches;123
59240;Floursies;2
59241;Floyon;14
59242;Fontaine-au-Bois;13
59243;Fontaine-au-Pire;25
59244;Fontaine-Notre-Dame;65
59246;Forest-en-Cambrésis;20
59247;Forest-sur-Marque;40
59249;Fourmies;313
59250;Fournes-en-Weppes;66
59251;Frasnoy;9
59252;Frelinghien;65
59253;Fresnes-sur-Escaut;85
59254;Fressain;12
59255;Fressies;14
59256;Fretin;317
59257;Fromelles;20
59258;Genech;60
59259;Ghissignies;5
59260;Ghyvelde;83
59261;Glageon;25
59262;Godewaersvelde;52
59263;Gœulzin;21
59264;Gognies-Chaussée;13
59265;Gommegnies;40
59266;Gondecourt;126
59267;Gonnelieu;8
59268;La Gorgue;147
59269;Gouzeaucourt;51
59270;Grand-Fayt;11
59271;Grande-Synthe;435
59272;Grand-Fort-Philippe;49
59273;Gravelines;295
59274;La Groise;12
59275;Gruson;17
59276;Guesnain;51
59277;Gussignies;5
59278;Hallennes-lez-Haubourdin;205
59279;Halluin;370
59280;Hamel;12
59281;Hantay;14
59282;Hardifort;21
59283;Hargnies;5
59284;Hasnon;61
59285;Haspres;43
59286;Haubourdin;315
59287;Haucourt-en-Cambrésis;2
59288;Haulchin;32
59289;Haussy;24
59290;Haut-Lieu;16
59291;Hautmont;250
59292;Haveluy;34
59293;Haverskerque;25
59294;Haynecourt;13
59295;Hazebrouck;755
59296;Hecq;2
59297;Hélesmes;22
59299;Hem;376
59300;Hem-Lenglet;8
59301;Hergnies;40
59302;Hérin;33
59303;Herlies;82
59304;Herrin;4
59305;Herzeele;41
59306;Hestrud;6
59307;Holque;11
59308;Hondeghem;35
59309;Hondschoote;80
59310;Hon-Hergies;8
59311;Honnechy;7
59312;Honnecourt-sur-Escaut;19
59313;Hordain;48
59314;Hornaing;44
59315;Houdain-lez-Bavay;7
59316;Houplin-Ancoisne;42
59317;Houplines;138
59318;Houtkerque;15
59319;Hoymille;54
59320;Illies;56
59321;Inchy;19
59322;Iwuy;54
59323;Jenlain;30
59324;Jeumont;132
59325;Jolimetz;8
59326;Killem;20
59327;Lallaing;105
59328;Lambersart;614
59329;Lambres-lez-Douai;136
59330;Landas;64
59331;Landrecies;96
59332;Lannoy;50
59333;Larouillies;9
59334;Lauwin-Planque;26
59335;Lecelles;74
59336;Lécluse;23
59337;Lederzeele;21
59338;Ledringhem;12
59339;Leers;230
59340;Leffrinckoucke;57
59341;Lesdain;9
59342;Lez-Fontaine;8
59343;Lesquin;594
59344;Leval;18
59345;Lewarde;31
59346;Lezennes;280
59347;Liessies;14
59348;Lieu-Saint-Amand;46
59349;Ligny-en-Cambrésis;40
59350;Lille;10645
59351;Limont-Fontaine;10
59352;Linselles;209
59353;Locquignol;10
59354;Loffre;10
59356;Lompret;54
59357;La Longueville;52
59358;Looberghe;23
59359;Loon-Plage;139
59360;Loos;471
59361;Lourches;40
59363;Louvignies-Quesnoy;26
59364;Louvil;22
59365;Louvroil;196
59366;Lynde;16
59367;Lys-lez-Lannoy;248
59368;La Madeleine;716
59369;Maing;45
59370;Mairieux;17
59371;Le Maisnil;10
59372;Malincourt;10
59374;Marbaix;9
59375;Marchiennes;105
59377;Marcoing;53
59378;Marcq-en-Barœul;1592
59379;Marcq-en-Ostrevent;10
59381;Maresches;12
59382;Maretz;29
59383;Marly;266
59384;Maroilles;48
59385;Marpent;48
59386;Marquette-lez-Lille;337
59387;Marquette-en-Ostrevant;32
59388;Marquillies;31
59389;Masnières;37
59390;Masny;50
59391;Mastaing;12
59392;Maubeuge;818
59393;Maulde;7
59394;Maurois;8
59395;Mazinghien;8
59396;Mecquignies;12
59397;Merckeghem;13
59398;Mérignies;115
59399;Merris;27
59400;Merville;204
59401;Méteren;103
59402;Millam;19
59403;Millonfosse;19
59405;Mœuvres;11
59406;Monceau-Saint-Waast;12
59407;Monchaux-sur-Écaillon;7
59408;Moncheaux;28
59409;Monchecourt;22
59410;Mons-en-Barœul;333
59411;Mons-en-Pévèle;56
59412;Montay;8
59413;Montigny-en-Cambrésis;12
59414;Montigny-en-Ostrevent;80
59415;Montrécourt;3
59416;Morbecque;51
59418;Mortagne-du-Nord;38
59419;Mouchin;39
59420;Moustier-en-Fagne;2
59421;Mouvaux;322
59422;Naves;18
59423;Neuf-Berquin;16
59424;Neuf-Mesnil;16
59425;Neuville-en-Avesnois;7
59426;Neuville-en-Ferrain;318
59427;La Neuville;17
59428;Neuville-Saint-Rémy;71
59429;Neuville-sur-Escaut;25
59430;Neuvilly;20
59431;Nieppe;232
59432;Niergnies;11
59433;Nieurlet;10
59434;Nivelle;27
59435;Nomain;63
59436;Noordpeene;30
59437;Noyelles-lès-Seclin;46
59438;Noyelles-sur-Escaut;18
59439;Noyelles-sur-Sambre;7
59440;Noyelles-sur-Selle;22
59441;Obies;10
59442;Obrechies;9
59443;Ochtezeele;8
59444;Odomez;7
59445;Ohain;18
59446;Oisy;4
59447;Onnaing;169
59448;Oost-Cappel;13
59449;Orchies;354
59450;Ors;19
59451;Orsinval;18
59452;Ostricourt;63
59453;Oudezeele;12
59454;Oxelaëre;15
59455;Paillencourt;19
59456;Pecquencourt;83
59457;Pérenchies;179
59458;Péronne-en-Mélantois;22
59459;Petite-Forêt;177
59461;Petit-Fayt;12
59462;Phalempin;118
59463;Pitgam;30
59464;Poix-du-Nord;38
59465;Pommereuil;13
59466;Pont-à-Marcq;121
59467;Pont-sur-Sambre;42
59468;Potelle;6
59469;Pradelles;8
59470;Prémesques;41
59471;Préseau;35
59472;Preux-au-Bois;9
59473;Preux-au-Sart;6
59474;Prisches;31
59475;Prouvy;156
59476;Proville;104
59477;Provin;70
59478;Quaëdypre;93
59479;Quarouble;53
59480;Quérénaing;14
59481;Le Quesnoy;216
59482;Quesnoy-sur-Deûle;180
59483;Quiévelon;5
59484;Quiévrechain;100
59485;Quiévy;23
59486;Râches;47
59487;Radinghem-en-Weppes;36
59488;Raillencourt-Sainte-Olle;71
59489;Raimbeaucourt;56
59490;Rainsars;4
59491;Raismes;205
59492;Ramillies;11
59493;Ramousies;8
59494;Raucourt-au-Bois;1
59495;Recquignies;19
59496;Rejet-de-Beaulieu;7
59497;Renescure;58
59498;Reumont;8
59499;Rexpoëde;46
59500;Ribécourt-la-Tour;13
59501;Rieulay;27
59502;Rieux-en-Cambrésis;20
59503;Robersart;6
59504;Rœulx;38
59505;Rombies-et-Marchipont;13
59506;Romeries;11
59507;Ronchin;319
59508;Roncq;556
59509;Roost-Warendin;127
59511;Rosult;72
59512;Roubaix;2645
59513;Roucourt;6
59514;Rousies;62
59515;Rouvignies;90
59516;Rubrouck;32
59517;Les Rues-des-Vignes;20
59518;Ruesnes;7
59519;Rumegies;37
59520;Rumilly-en-Cambrésis;19
59521;Sailly-lez-Cambrai;14
59522;Sailly-lez-Lannoy;47
59523;Sainghin-en-Mélantois;174
59524;Sainghin-en-Weppes;103
59525;Sains-du-Nord;50
59526;Saint-Amand-les-Eaux;535
59527;Saint-André-lez-Lille;318
59528;Saint-Aubert;22
59529;Saint-Aubin;5
59530;Saint-Aybert;4
59531;Saint-Benin;4
59532;Saint-Georges-sur-l'Aa;9
59533;Saint-Hilaire-lez-Cambrai;25
59534;Saint-Hilaire-sur-Helpe;17
59535;Saint-Jans-Cappel;41
59536;Sainte-Marie-Cappel;22
59537;Saint-Martin-sur-Écaillon;5
59538;Saint-Momelin;6
59539;Saint-Pierre-Brouck;24
59541;Saint-Python;26
59542;Saint-Remy-Chaussée;8
59543;Saint-Remy-du-Nord;18
59544;Saint-Saulve;220
59545;Saint-Souplet;14
59546;Saint-Sylvestre-Cappel;34
59547;Saint-Vaast-en-Cambrésis;8
59548;Saint-Waast;6
59549;Salesches;9
59550;Salomé;43
59551;Saméon;43
59552;Sancourt;12
59553;Santes;121
59554;Sars-et-Rosières;63
59555;Sars-Poteries;29
59556;Sassegnies;8
59557;Saultain;59
59558;Saulzoir;37
59559;Sebourg;42
59560;Seclin;696
59562;Sémeries;18
59563;Semousies;7
59564;La Sentinelle;118
59565;Sepmeries;8
59566;Sequedin;92
59567;Séranvillers-Forenville;11
59568;Sercus;13
59569;Sin-le-Noble;272
59570;Socx;67
59571;Solesmes;134
59572;Solre-le-Château;41
59573;Solrinnes;1
59574;Somain;304
59575;Sommaing;6
59576;Spycker;46
59577;Staple;22
59578;Steenbecque;52
59579;Steene;20
59580;Steenvoorde;162
59581;Steenwerck;105
59582;Strazeele;22
59583;Taisnières-en-Thiérache;7
59584;Taisnières-sur-Hon;17
59585;Templemars;181
59586;Templeuve-en-Pévèle;173
59587;Terdeghem;26
59588;Téteghem-Coudekerque-Village;159
59589;Thiant;58
59590;Thiennes;14
59591;Thivencelle;8
59592;Thumeries;71
59593;Thun-l'Évêque;17
59594;Thun-Saint-Amand;14
59595;Thun-Saint-Martin;13
59596;Tilloy-lez-Marchiennes;13
59597;Tilloy-lez-Cambrai;25
59598;Toufflers;65
59599;Tourcoing;2133
59600;Tourmignies;14
59601;Trélon;61
59602;Tressin;39
59603;Trith-Saint-Léger;135
59604;Troisvilles;14
59605;Uxem;18
59606;Valenciennes;1840
59607;Vendegies-au-Bois;8
59608;Vendegies-sur-Écaillon;23
59609;Vendeville;60
59610;Verchain-Maugré;12
59611;Verlinghem;93
59612;Vertain;11
59613;Vicq;21
59614;Viesly;13
59615;Vieux-Berquin;64
59616;Vieux-Condé;128
59617;Vieux-Mesnil;4
59618;Vieux-Reng;11
59619;Villereau;19
59620;Villers-au-Tertre;5
59622;Villers-en-Cauchies;22
59623;Villers-Guislain;10
59624;Villers-Outréaux;69
59625;Villers-Plouich;14
59626;Villers-Pol;22
59627;Villers-Sire-Nicole;13
59628;Volckerinckhove;23
59629;Vred;11
59630;Wahagnies;50
59631;Walincourt-Selvigny;48
59632;Wallers;103
59633;Wallers-en-Fagne;14
59634;Wallon-Cappel;14
59635;Wambaix;10
59636;Wambrechies;509
59637;Wandignies-Hamage;11
59638;Wannehain;18
59639;Wargnies-le-Grand;31
59640;Wargnies-le-Petit;11
59641;Warhem;46
59642;Warlaing;13
59643;Warneton;10
59645;Wasnes-au-Bac;5
59646;Wasquehal;784
59647;Watten;57
59648;Wattignies;250
59649;Wattignies-la-Victoire;9
59650;Wattrelos;574
59651;Wavrechain-sous-Denain;13
59652;Wavrechain-sous-Faulx;8
59653;Wavrin;178
59654;Waziers;119
59655;Wemaers-Cappel;10
59656;Wervicq-Sud;97
59657;West-Cappel;16
59658;Wicres;10
59659;Wignehies;47
59660;Willems;71
59661;Willies;5
59662;Winnezeele;43
59663;Wormhout;192
59664;Wulverdinghe;7
59665;Wylder;12
59666;Zegerscappel;28
59667;Zermezeele;6
59668;Zuydcoote;21
59669;Zuytpeene;14
59670;Don;21
60001;Abancourt;19
60002;Abbecourt;16
60003;Abbeville-Saint-Lucien;6
60004;Achy;9
60005;Acy-en-Multien;16
60006;Les Ageux;22
60007;Agnetz;74
60008;Airion;12
60009;Allonne;119
60010;Amblainville;82
60011;Amy;11
60012;Andeville;61
60013;Angicourt;12
60014;Angivillers;8
60015;Angy;21
60016;Ansacq;5
60017;Ansauvillers;19
60019;Antheuil-Portes;10
60020;Antilly;6
60021;Appilly;16
60022;Apremont;16
60023;Armancourt;15
60024;Arsy;22
60025;Attichy;58
60026;Auchy-la-Montagne;14
60027;Auger-Saint-Vincent;8
60028;Aumont-en-Halatte;12
60029;Auneuil;81
60030;Auteuil;13
60031;Autheuil-en-Valois;8
60032;Autrêches;19
60033;Avilly-Saint-Léonard;23
60034;Avrechy;21
60035;Avricourt;4
60036;Avrigny;13
60037;Babœuf;10
60039;Bacouël;11
60040;Bailleul-le-Soc;12
60041;Bailleul-sur-Thérain;41
60042;Bailleval;17
60043;Bailly;5
60044;Balagny-sur-Thérain;22
60045;Barbery;22
60046;Bargny;6
60047;Baron;22
60048;Baugy;9
60049;Bazancourt;6
60050;Bazicourt;8
60051;Beaudéduit;7
60052;Beaugies-sous-Bois;1
60053;Beaulieu-les-Fontaines;10
60054;Beaumont-les-Nonains;24
60055;Beaurains-lès-Noyon;6
60056;Beaurepaire;6
60057;Beauvais;2220
60058;Beauvoir;5
60059;Béhéricourt;5
60060;Belle-Église;12
60061;Belloy;3
60062;Berlancourt;9
60063;Berneuil-en-Bray;17
60064;Berneuil-sur-Aisne;28
60065;Berthecourt;33
60066;Béthancourt-en-Valois;4
60067;Béthisy-Saint-Martin;12
60068;Béthisy-Saint-Pierre;44
60069;Betz;23
60070;Bienville;4
60071;Biermont;1
60072;Bitry;6
60073;Blacourt;14
60074;Blaincourt-lès-Précy;12
60075;Blancfossé;4
60076;Blargies;12
60077;Blicourt;9
60078;Blincourt;4
60079;Boissy-Fresnoy;20
60081;Bonlier;8
60082;Bonneuil-les-Eaux;22
60083;Bonneuil-en-Valois;21
60084;Bonnières;5
60085;Bonvillers;7
60086;Boran-sur-Oise;48
60087;Borest;10
60088;Bornel;112
60089;Boubiers;11
60090;Bouconvillers;7
60091;Bouillancy;7
60092;Boullarre;5
60093;Boulogne-la-Grasse;8
60094;Boursonne;4
60095;Boury-en-Vexin;7
60097;Boutencourt;6
60098;Bouvresse;7
60099;Braisnes-sur-Aronde;6
60100;Brasseuse;6
60101;Brégy;13
60102;Brenouille;33
60103;Bresles;139
60104;Breteuil;156
60105;Brétigny;5
60106;Breuil-le-Sec;78
60107;Breuil-le-Vert;71
60108;Briot;7
60109;Brombos;11
60110;Broquiers;3
60111;Broyes;5
60112;Brunvillers-la-Motte;8
60113;Bucamps;4
60114;Buicourt;3
60115;Bulles;12
60116;Bury;54
60117;Bussy;3
60118;Caisnes;10
60119;Cambronne-lès-Ribécourt;28
60120;Cambronne-lès-Clermont;7
60121;Campagne;5
60122;Campeaux;4
60123;Campremy;10
60124;Candor;7
60125;Canly;29
60126;Cannectancourt;7
60127;Canny-sur-Matz;10
60128;Canny-sur-Thérain;4
60129;Carlepont;20
60130;Catenoy;21
60131;Catheux;4
60132;Catigny;5
60133;Catillon-Fumechon;11
60134;Cauffry;56
60135;Cauvigny;32
60136;Cempuis;5
60137;Cernoy;4
60138;Chamant;67
60139;Chambly;442
60140;Chambors;9
60141;Chantilly;540
60142;La Chapelle-en-Serval;119
60143;Chaumont-en-Vexin;108
60144;Chavençon;4
60145;Chelles;7
60146;Chepoix;7
60147;Chevincourt;13
60148;Chèvreville;17
60149;Chevrières;49
60150;Chiry-Ourscamp;21
60151;Choisy-au-Bac;71
60152;Choisy-la-Victoire;7
60153;Choqueuse-les-Bénards;2
60154;Cinqueux;29
60155;Cires-lès-Mello;50
60156;Clairoix;98
60157;Clermont;268
60158;Coivrel;7
60159;Compiègne;1662
60160;Conchy-les-Pots;14
60161;Conteville;2
60162;Corbeil-Cerf;9
60163;Cormeilles;6
60164;Le Coudray-Saint-Germer;18
60165;Le Coudray-sur-Thelle;7
60166;Coudun;32
60167;Couloisy;8
60168;Courcelles-Epayelles;9
60169;Courcelles-lès-Gisors;12
60170;Courteuil;10
60171;Courtieux;6
60172;Coye-la-Forêt;86
60173;Cramoisy;8
60174;Crapeaumesnil;7
60175;Creil;902
60176;Crépy-en-Valois;450
60177;Cressonsacq;6
60178;Crèvecœur-le-Grand;94
60179;Crèvecœur-le-Petit;2
60180;Crillon;10
60181;Crisolles;13
60182;Le Crocq;7
60183;Croissy-sur-Celle;3
60184;Croutoy;4
60185;Crouy-en-Thelle;15
60186;Cuignières;5
60187;Cuigy-en-Bray;12
60188;Cuise-la-Motte;49
60189;Cuts;23
60190;Cuvergnon;10
60191;Cuvilly;24
60192;Cuy;7
60193;Daméraucourt;8
60194;Dargies;4
60195;Delincourt;9
60196;La Drenne;21
60197;Dieudonné;17
60198;Dives;10
60199;Doméliers;12
60200;Domfront;6
60201;Dompierre;3
60203;Duvy;13
60204;Écuvilly;9
60205;Élencourt;1
60206;Élincourt-Sainte-Marguerite;13
60207;Éméville;3
60208;Énencourt-Léage;9
60209;La Corne-en-Vexin;12
60210;Épineuse;6
60211;Éragny-sur-Epte;9
60212;Ercuis;25
60213;Ermenonville;31
60214;Ernemont-Boutavent;5
60215;Erquery;7
60216;Erquinvillers;6
60217;Escames;6
60218;Esches;24
60219;Escles-Saint-Pierre;5
60220;Espaubourg;8
60221;Esquennoy;14
60222;Essuiles;13
60223;Estrées-Saint-Denis;107
60224;Étavigny;6
60225;Étouy;15
60226;Ève;11
60227;Évricourt;6
60228;Fay-les-Étangs;10
60229;Le Fayel;4
60230;Le Fay-Saint-Quentin;8
60231;Feigneux;15
60232;Ferrières;16
60233;Feuquières;37
60234;Fitz-James;76
60235;Flavacourt;17
60236;Flavy-le-Meldeux;6
60237;Fléchy;1
60238;Fleurines;61
60239;Fleury;26
60240;Fontaine-Bonneleau;10
60241;Fontaine-Chaalis;17
60242;Fontaine-Lavaganne;4
60243;Fontaine-Saint-Lucien;5
60244;Fontenay-Torcy;3
60245;Formerie;78
60247;Fouilleuse;3
60248;Fouilloy;5
60249;Foulangues;3
60250;Fouquenies;4
60251;Fouquerolles;11
60252;Fournival;11
60253;Francastel;12
60254;Francières;14
60255;Fréniches;10
60256;Montchevreuil;22
60257;Fresne-Léguillon;7
60258;Fresnières;3
60259;Fresnoy-en-Thelle;17
60260;Fresnoy-la-Rivière;10
60261;Fresnoy-le-Luat;13
60262;Le Frestoy-Vaux;5
60263;Frétoy-le-Château;6
60264;Frocourt;8
60265;Froissy;31
60267;Le Gallet;2
60268;Gannes;6
60269;Gaudechart;5
60270;Genvry;10
60271;Gerberoy;10
60272;Gilocourt;10
60273;Giraumont;6
60274;Glaignes;8
60275;Glatigny;5
60276;Godenvillers;8
60277;Goincourt;24
60278;Golancourt;8
60279;Gondreville;3
60280;Gourchelles;2
60281;Gournay-sur-Aronde;20
60282;Gouvieux;282
60283;Gouy-les-Groseillers;2
60284;Grandfresnoy;34
60285;Grandvillers-aux-Bois;7
60286;Grandvilliers;131
60287;Grandrû;7
60288;Grémévillers;11
60289;Grez;5
60290;Guignecourt;8
60291;Guiscard;44
60292;Gury;4
60293;Hadancourt-le-Haut-Clocher;6
60294;Hainvillers;1
60295;Halloy;12
60296;Hannaches;4
60297;Le Hamel;3
60298;Hanvoile;10
60299;Hardivillers;9
60301;Haucourt;3
60302;Haudivillers;17
60303;Hautbos;6
60304;Haute-Épine;7
60305;Hautefontaine;8
60306;Hécourt;4
60307;Heilles;8
60308;Hémévillers;6
60309;Hénonville;21
60310;Herchies;9
60311;La Hérelle;3
60312;Héricourt-sur-Thérain;6
60313;Hermes;59
60314;Hétomesnil;7
60315;Hodenc-en-Bray;11
60316;Hodenc-l'Évêque;3
60317;Hondainville;13
60318;Houdancourt;11
60319;La Houssoye;9
60320;Ivors;2
60321;Ivry-le-Temple;20
60322;Jaméricourt;4
60323;Janville;22
60324;Jaulzy;11
60325;Jaux;113
60326;Jonquières;17
60327;Jouy-sous-Thelle;19
60328;Juvignies;3
60329;Laberlière;4
60330;Laboissière-en-Thelle;22
60331;Labosse;7
60332;Labruyère;13
60333;Lachapelle-aux-Pots;47
60334;Lachapelle-Saint-Pierre;13
60335;Lachapelle-sous-Gerberoy;4
60336;Lachaussée-du-Bois-d'Écu;8
60337;Lachelle;14
60338;Lacroix-Saint-Ouen;228
60339;Lafraye;10
60340;Lagny;9
60341;Lagny-le-Sec;68
60342;Laigneville;92
60343;Lalande-en-Son;10
60344;Lalandelle;10
60345;Lamécourt;5
60346;Lamorlaye;314
60347;Lannoy-Cuillère;8
60348;Larbroye;7
60350;Lassigny;47
60351;Lataule;5
60352;Lattainville;2
60353;Lavacquerie;7
60354;Laverrière;1
60355;Laversines;16
60356;Lavilletertre;16
60357;Léglantiers;11
60358;Lévignen;15
60359;Lhéraule;2
60360;Liancourt;88
60361;Liancourt-Saint-Pierre;12
60362;Libermont;5
60363;Lierville;15
60364;Lieuvillers;14
60365;Lihus;7
60366;Litz;9
60367;Loconville;4
60368;Longueil-Annel;84
60369;Longueil-Sainte-Marie;83
60370;Lormaison;24
60371;Loueuse;8
60372;Luchy;14
60373;Machemont;11
60374;Maignelay-Montigny;55
60375;Maimbeville;6
60376;Maisoncelle-Saint-Pierre;4
60377;Maisoncelle-Tuilerie;6
60378;Marest-sur-Matz;7
60379;Mareuil-la-Motte;9
60380;Mareuil-sur-Ourcq;31
60381;Margny-aux-Cerises;4
60382;Margny-lès-Compiègne;200
60383;Margny-sur-Matz;13
60385;Marolles;18
60386;Marquéglise;10
60387;Marseille-en-Beauvaisis;29
60388;Martincourt;5
60389;Maucourt;1
60390;Maulers;5
60391;Maysel;2
60392;Mélicocq;15
60393;Mello;12
60394;Ménévillers;1
60395;Méru;307
60396;Méry-la-Bataille;15
60397;Le Mesnil-Conteville;6
60398;Le Mesnil-en-Thelle;61
60399;Le Mesnil-Saint-Firmin;5
60400;Le Mesnil-sur-Bulles;2
60401;Le Mesnil-Théribus;9
60402;Le Meux;84
60403;Milly-sur-Thérain;34
60404;Mogneville;9
60405;Moliens;23
60406;Monceaux;12
60407;Monceaux-l'Abbaye;2
60408;Monchy-Humières;24
60409;Monchy-Saint-Éloi;39
60410;Mondescourt;5
60411;Monneville;18
60412;Montagny-en-Vexin;15
60413;Montagny-Sainte-Félicité;8
60414;Montataire;346
60415;Montépilloy;9
60416;Montgérain;4
60418;Montiers;5
60420;Montjavoult;16
60421;Mont-l'Évêque;6
60422;Montlognon;6
60423;Montmacq;9
60424;Montmartin;3
60425;Montreuil-sur-Brêche;11
60426;Montreuil-sur-Thérain;2
60427;Monts;6
60428;Le Mont-Saint-Adrien;8
60429;Morangles;13
60430;Morienval;21
60431;Morlincourt;5
60432;Mortefontaine;22
60433;Mortefontaine-en-Thelle;27
60434;Mortemer;7
60435;Morvillers;13
60436;Mory-Montcrux;2
60437;Mouchy-le-Châtel;5
60438;Moulin-sous-Touvent;11
60439;Mouy;110
60440;Moyenneville;17
60441;Moyvillers;21
60442;Muidorge;3
60443;Muirancourt;7
60444;Mureaumont;4
60445;Nampcel;8
60446;Nanteuil-le-Haudouin;92
60447;Néry;7
60448;Neufchelles;4
60449;Neufvy-sur-Aronde;9
60450;Neuilly-en-Thelle;87
60451;Neuilly-sous-Clermont;36
60452;Neuville-Bosc;13
60454;La Neuville-en-Hez;24
60456;La Neuville-Roy;29
60457;La Neuville-Saint-Pierre;6
60458;La Neuville-sur-Oudeuil;5
60459;La Neuville-sur-Ressons;8
60460;La Neuville-Vault;4
60461;Nivillers;9
60462;Noailles;72
60463;Nogent-sur-Oise;419
60464;Nointel;11
60465;Noirémont;2
60466;Noroy;2
60468;Nourard-le-Franc;3
60469;Novillers;16
60470;Noyers-Saint-Martin;17
60471;Noyon;488
60472;Offoy;3
60473;Ognes;7
60474;Ognolles;4
60476;Omécourt;8
60477;Ons-en-Bray;33
60478;Ormoy-le-Davien;2
60479;Ormoy-Villers;13
60480;Oroër;11
60481;Orrouy;15
60482;Orry-la-Ville;69
60483;Orvillers-Sorel;12
60484;Oudeuil;6
60485;Oursel-Maison;11
60486;Paillart;8
60487;Parnes;9
60488;Passel;23
60489;Péroy-les-Gombries;17
60490;Pierrefitte-en-Beauvaisis;6
60491;Pierrefonds;51
60492;Pimprez;16
60493;Pisseleu;6
60494;Plailly;67
60495;Plainval;7
60496;Plainville;4
60497;Le Plessier-sur-Bulles;2
60498;Le Plessier-sur-Saint-Just;16
60499;Plessis-de-Roye;3
60500;Le Plessis-Belleville;212
60501;Le Plessis-Brion;17
60502;Le Plessis-Patte-d'Oie;3
60503;Le Ployron;1
60504;Ponchon;17
60505;Pontarmé;19
60506;Pont-l'Évêque;14
60507;Pontoise-lès-Noyon;6
60508;Pontpoint;65
60509;Pont-Sainte-Maxence;255
60510;Porcheux;6
60511;Porquéricourt;7
60512;Pouilly;4
60513;Précy-sur-Oise;57
60514;Prévillers;4
60515;Pronleroy;4
60516;Puiseux-en-Bray;6
60517;Puiseux-le-Hauberger;20
60518;Puits-la-Vallée;2
60519;Quesmy;6
60520;Le Quesnel-Aubry;4
60521;Quincampoix-Fleuzy;8
60522;Quinquempoix;5
60523;Rainvillers;19
60524;Rantigny;71
60525;Raray;7
60526;Ravenel;12
60527;Réez-Fosse-Martin;6
60528;Reilly;7
60529;Rémécourt;3
60530;Rémérangles;10
60531;Remy;35
60533;Ressons-sur-Matz;108
60534;Rethondes;12
60535;Reuil-sur-Brêche;11
60536;Rhuis;5
60537;Ribécourt-Dreslincourt;97
60538;Ricquebourg;3
60539;Rieux;37
60540;Rivecourt;6
60541;Roberval;7
60542;Rochy-Condé;23
60543;Rocquemont;7
60544;Rocquencourt;2
60545;Romescamps;15
60546;Rosières;6
60547;Rosoy;5
60548;Rosoy-en-Multien;11
60549;Rotangy;8
60550;Rothois;6
60551;Rousseloy;9
60552;Rouville;11
60553;Rouvillers;6
60554;Rouvres-en-Multien;7
60555;Rouvroy-les-Merles;3
60556;Royaucourt;9
60557;Roy-Boissy;12
60558;Roye-sur-Matz;12
60559;La Rue-Saint-Pierre;23
60560;Rully;20
60561;Russy-Bémont;11
60562;Sacy-le-Grand;45
60563;Sacy-le-Petit;8
60564;Sains-Morainvillers;6
60565;Saint-André-Farivillers;18
60566;Saint-Arnoult;2
60567;Saint-Aubin-en-Bray;13
60568;Saint-Aubin-sous-Erquery;6
60569;Saint-Crépin-aux-Bois;7
60570;Saint-Crépin-Ibouvillers;51
60571;Saint-Deniscourt;4
60572;Saint-Étienne-Roilaye;12
60573;Sainte-Eusoye;3
60574;Saint-Félix;8
60575;Sainte-Geneviève;92
60576;Saint-Germain-la-Poterie;8
60577;Saint-Germer-de-Fly;47
60578;Saintines;12
60579;Saint-Jean-aux-Bois;5
60581;Saint-Just-en-Chaussée;175
60582;Saint-Léger-aux-Bois;5
60583;Saint-Léger-en-Bray;10
60584;Saint-Leu-d'Esserent;91
60585;Saint-Martin-aux-Bois;6
60586;Saint-Martin-le-Nœud;15
60587;Saint-Martin-Longueau;32
60588;Saint-Maur;6
60589;Saint-Maximin;398
60590;Saint-Omer-en-Chaussée;23
60591;Saint-Paul;45
60592;Saint-Pierre-es-Champs;8
60593;Saint-Pierre-lès-Bitry;5
60594;Saint-Quentin-des-Prés;13
60595;Saint-Remy-en-l'Eau;8
60596;Saint-Samson-la-Poterie;4
60597;Saint-Sauveur;28
60598;Saint-Sulpice;14
60599;Saint-Thibault;13
60600;Saint-Vaast-de-Longmont;6
60601;Saint-Vaast-lès-Mello;15
60602;Saint-Valery;5
60603;Salency;10
60604;Sarcus;9
60605;Sarnois;4
60608;Le Saulchoy;2
60609;Savignies;18
60610;Sempigny;15
60611;Senantes;17
60612;Senlis;644
60613;Senots;4
60614;Serans;5
60615;Sérévillers;4
60616;Sérifontaine;45
60617;Sermaize;5
60618;Séry-Magneval;3
60619;Silly-le-Long;19
60620;Silly-Tillard;15
60621;Solente;7
60622;Sommereux;14
60623;Songeons;43
60624;Sully;1
60625;Suzoy;11
60626;Talmontiers;10
60627;Tartigny;4
60628;Therdonne;15
60629;Thérines;3
60630;Thibivillers;5
60631;Thiers-sur-Thève;19
60632;Thiescourt;18
60633;Thieuloy-Saint-Antoine;3
60634;Thieux;5
60635;Thiverny;15
60636;Thourotte;147
60637;Thury-en-Valois;6
60638;Thury-sous-Clermont;9
60639;Tillé;80
60640;Tourly;5
60641;Tracy-le-Mont;38
60642;Tracy-le-Val;12
60643;Tricot;30
60644;Trie-Château;72
60645;Trie-la-Ville;5
60646;Troissereux;42
60647;Trosly-Breuil;46
60648;Troussencourt;3
60650;Trumilly;11
60651;Ully-Saint-Georges;29
60652;Valdampierre;11
60653;Valescourt;2
60654;Vandélicourt;4
60655;Varesnes;9
60656;Varinfroy;6
60657;Vauchelles;9
60658;Vauciennes;5
60659;Vaudancourt;5
60660;Le Vaumain;6
60661;Vaumoise;13
60662;Le Vauroux;4
60663;Velennes;5
60664;Vendeuil-Caply;10
60665;Venette;188
60666;Ver-sur-Launette;17
60667;Verberie;102
60668;Verderel-lès-Sauqueuse;15
60669;Verderonne;9
60670;Verneuil-en-Halatte;126
60671;Versigny;11
60672;Vez;5
60673;Viefvillers;7
60674;Vieux-Moulin;13
60675;Vignemont;10
60676;Ville;11
60677;Villembray;3
60678;Villeneuve-les-Sablons;29
60679;La Villeneuve-sous-Thury;3
60680;Villeneuve-sur-Verberie;21
60681;Villers-Saint-Barthélemy;13
60682;Villers-Saint-Frambourg-Ognon;18
60683;Villers-Saint-Genest;7
60684;Villers-Saint-Paul;112
60685;Villers-Saint-Sépulcre;17
60686;Villers-sous-Saint-Leu;53
60687;Villers-sur-Auchy;15
60688;Villers-sur-Bonnières;4
60689;Villers-sur-Coudun;24
60691;Villers-Vermont;3
60692;Villers-Vicomte;7
60693;Villeselve;8
60694;Les Hauts-Talican;0
60695;Vineuil-Saint-Firmin;37
60697;Vrocourt;2
60698;Wacquemoulin;4
60699;Wambez;3
60700;Warluis;39
60701;Wavignies;16
60702;Welles-Pérennes;9
60703;Aux Marais;11
61001;Alençon;1126
61002;Almenêches;26
61005;Appenai-sous-Bellême;7
61006;Argentan;576
61007;Athis-Val de Rouvre;131
61008;Aube;25
61010;Aubry-le-Panthou;3
61011;Aubusson;6
61012;Auguaise;4
61013;Aunay-les-Bois;2
61014;Aunou-le-Faucon;6
61015;Aunou-sur-Orne;22
61018;Avernes-Saint-Gourgon;3
61020;Avoine;6
61021;Avrilly;3
61023;Bailleul;11
61024;Banvou;9
61026;Barville;11
61028;Bazoches-au-Houlme;15
61029;Bazoches-sur-Hoëne;31
61030;La Bazoque;4
61032;Beaufai;5
61034;Beaulieu;12
61035;Beauvain;11
61036;Belfonds;10
61037;Bellavilliers;6
61038;Bellême;107
61039;La Bellière;3
61040;Bellou-en-Houlme;27
61041;Bellou-le-Trichard;7
61043;Berd'huis;39
61044;Berjou;5
61046;Bizou;4
61048;Boëcé;3
61049;Boissei-la-Lande;3
61050;Cour-Maugis sur Huisne;18
61051;Boitron;11
61052;Bonnefoi;7
61053;Bonsmoulins;7
61054;Le Bosc-Renoult;8
61055;Boucé;25
61056;Le Bouillon;4
61060;Brethel;1
61061;Bretoncelles;40
61062;Brieux;4
61063;Briouze;64
61064;Brullemail;8
61066;Buré;3
61067;Bures;4
61068;Bursard;7
61069;Cahan;3
61070;Caligny;21
61071;Camembert;9
61072;Canapville;9
61074;Carrouges;40
61075;Ceaucé;37
61076;Le Cercueil;5
61077;Cerisé;68
61078;Cerisy-Belle-Étoile;18
61079;Ceton;47
61080;Chahains;4
61081;Chailloué;43
61082;Le Chalange;3
61084;Champcerie;6
61085;Le Champ-de-la-Pierre;2
61086;Les Champeaux;6
61087;Champeaux-sur-Sarthe;6
61088;Champ-Haut;5
61089;Champosoult;3
61091;Champsecret;19
61092;Chandai;24
61093;Chanu;33
61094;La Chapelle-au-Moine;10
61095;La Chapelle-Biche;8
61096;Rives d'Andaine;76
61097;La Chapelle-Montligeon;23
61098;La Chapelle-près-Sées;16
61099;La Chapelle-Souëf;3
61100;La Chapelle-Viel;10
61101;Le Château-d'Almenêches;8
61102;Le Châtellier;7
61103;Chaumont;10
61104;La Chaux;1
61105;Chemilli;7
61107;Ciral;14
61108;Cisai-Saint-Aubin;5
61111;Colombiers;7
61113;Comblot;2
61114;Commeaux;7
61116;Sablons sur Huisne;50
61117;Condé-sur-Sarthe;94
61118;Corbon;4
61120;Coudehard;5
61121;Coulimer;9
61122;Coulmer;9
61123;Coulonces;7
61124;La Coulonche;10
61126;Coulonges-sur-Sarthe;11
61129;Courgeon;14
61130;Courgeoût;12
61133;Courtomer;36
61137;Craménil;4
61138;Croisilles;14
61139;Crouttes;10
61140;Crulai;18
61141;Cuissai;9
61142;Dame-Marie;6
61143;Damigny;76
61145;Domfront en Poiraie;186
61146;Dompierre;9
61148;Durcet;5
61149;Échalou;4
61150;Échauffour;24
61151;Écorcei;10
61152;Écorches;5
61153;Écouché-les-Vallées;83
61156;Essay;21
61158;Faverolles;5
61159;Fay;4
61160;Feings;9
61162;La Ferrière-au-Doyen;9
61163;La Ferrière-aux-Étangs;44
61164;La Ferrière-Béchet;9
61165;La Ferrière-Bochard;11
61166;Ferrières-la-Verrerie;10
61167;La Ferté-en-Ouche;102
61168;La Ferté Macé;214
61169;Flers;637
61170;Fleuré;8
61171;Fontaine-les-Bassets;4
61176;Francheville;3
61178;La Fresnaie-Fayel;2
61180;Fresnay-le-Samson;4
61181;Gacé;83
61182;Gandelain;9
61183;Gâprée;5
61187;Les Genettes;3
61189;Giel-Courteilles;14
61190;Ginai;4
61193;La Gonfrière;6
61194;Monts-sur-Orne;20
61195;Le Grais;10
61196;Belforêt-en-Perche;56
61197;Guêprei;4
61198;Guerquesalles;5
61199;Habloville;8
61202;Hauterive;7
61203;Héloup;13
61206;L'Hôme-Chamondot;9
61207;Igé;24
61208;Irai;14
61209;Joué-du-Bois;13
61210;Joué-du-Plain;5
61211;Juvigny Val d'Andaine;73
61212;Juvigny-sur-Orne;1
61213;Lalacelle;12
61214;L'Aigle;357
61215;Laleu;6
61216;La Lande-de-Goult;2
61217;La Lande-de-Lougé;3
61218;La Lande-Patry;44
61219;La Lande-Saint-Siméon;4
61221;Landigou;7
61222;Landisacq;17
61224;Larré;8
61225;Lignères;3
61227;Lignou;3
61228;L'Orée-d'Écouves;18
61229;Loisail;2
61230;Longny les Villages;105
61232;Lonlay-l'Abbaye;40
61233;Lonlay-le-Tesson;4
61234;Lonrai;28
61237;Lougé-sur-Maire;9
61238;Louvières-en-Auge;4
61240;Macé;18
61241;La Madeleine-Bouvet;6
61242;Le Mage;6
61243;Magny-le-Désert;43
61244;Mahéru;11
61248;Mantilly;33
61251;Marchemaisons;5
61252;Mardilly;5
61255;Mauves-sur-Huisne;13
61256;Médavy;1
61257;Méhoudin;5
61258;Le Mêle-sur-Sarthe;43
61259;Le Ménil-Bérard;4
61260;Le Ménil-de-Briouze;14
61261;Le Ménil-Broût;6
61262;Le Ménil-Ciboult;5
61263;Ménil-Erreux;6
61264;Ménil-Froger;8
61265;Ménil-Gondouin;3
61266;Le Ménil-Guyon;4
61267;Ménil-Hermei;7
61268;Ménil-Hubert-en-Exmes;5
61269;Ménil-Hubert-sur-Orne;10
61271;Le Ménil-Scelleur;7
61272;Le Ménil-Vicomte;4
61273;Ménil-Vin;2
61274;Les Menus;8
61275;Merlerault-le-Pin;88
61276;Merri;1
61277;La Mesnière;9
61278;Messei;44
61279;Mieuxcé;4
61281;Moncy;4
61283;Montabard;7
61284;Montchevrel;10
61286;Montgaudry;7
61287;Montilly-sur-Noireau;12
61288;Montmerrei;10
61289;Mont-Ormel;3
61290;Montreuil-au-Houlme;7
61291;Montreuil-la-Cambe;5
61292;Montsecret-Clairefougère;18
61293;Mortagne-au-Perche;205
61294;Mortrée;47
61295;La Motte-Fouquet;7
61297;Moulins-la-Marche;45
61298;Moulins-sur-Orne;6
61300;Moutiers-au-Perche;14
61301;Neauphe-sous-Essai;4
61302;Neauphe-sur-Dive;8
61303;Nécy;15
61304;Neuilly-le-Bisson;3
61307;Neuville-sur-Touques;3
61308;Neuvy-au-Houlme;6
61309;Perche en Nocé;74
61314;Occagnes;15
61316;Ommoy;5
61317;Orgères;9
61319;Origny-le-Roux;6
61321;Pacé;10
61322;Parfondeval;1
61323;Le Pas-Saint-l'Homer;3
61324;Passais Villages;47
61326;Perrou;7
61327;Pervenchères;15
61328;Le Pin-au-Haras;8
61329;Le Pin-la-Garenne;16
61330;Planches;6
61331;Le Plantis;3
61332;Pointel;18
61333;Pontchardon;4
61336;Pouvrai;6
61339;Putanges-le-Lac;83
61341;Écouves;39
61342;Rai;35
61344;Rânes;34
61345;Rémalard en Perche;75
61346;Le Renouard;10
61347;Résenlieu;4
61348;Réveillon;13
61349;Ri;6
61350;La Roche-Mabile;4
61351;Roiville;7
61352;Rônai;6
61357;Rouperroux;5
61358;Sai;7
61360;Saint-Agnan-sur-Sarthe;2
61361;Saint-André-de-Briouze;7
61362;Saint-André-de-Messei;15
61363;Saint-Aquilin-de-Corbion;2
61365;Saint-Aubin-d'Appenai;6
61366;Saint-Aubin-de-Bonneval;7
61367;Saint-Aubin-de-Courteraie;6
61369;Saint-Bômer-les-Forges;25
61370;Saint-Brice;2
61371;Saint-Brice-sous-Rânes;5
61372;Saint-Céneri-le-Gérei;9
61373;Sainte-Céronne-lès-Mortagne;8
61374;Saint-Christophe-de-Chaulieu;1
61375;Boischampré;29
61376;Saint-Clair-de-Halouze;12
61379;Saint-Cyr-la-Rosière;14
61381;Saint-Denis-sur-Huisne;1
61382;Saint-Denis-sur-Sarthon;37
61384;Saint-Ellier-les-Bois;5
61385;Saint-Evroult-de-Montfort;7
61386;Saint-Evroult-Notre-Dame-du-Bois;12
61387;Saint-Fraimbault;27
61388;Saint-Fulgent-des-Ormes;12
61389;Sainte-Gauburge-Sainte-Colombe;37
61390;Saint-Georges-d'Annebecq;8
61391;Saint-Georges-des-Groseillers;93
61392;Saint-Germain-d'Aunay;3
61393;Saint-Germain-de-Clairefeuille;4
61394;Saint-Germain-de-la-Coudre;21
61395;Saint-Germain-des-Grois;12
61396;Saint-Germain-de-Martigny;3
61397;Saint-Germain-du-Corbéis;53
61398;Saint-Germain-le-Vieux;2
61399;Saint-Gervais-des-Sablons;1
61400;Saint-Gervais-du-Perron;7
61401;Saint-Gilles-des-Marais;5
61402;Saint-Hilaire-de-Briouze;11
61404;Saint-Hilaire-le-Châtel;43
61405;Saint-Hilaire-sur-Erre;10
61406;Saint-Hilaire-sur-Risle;7
61407;Sainte-Honorine-la-Chardonne;14
61408;Sainte-Honorine-la-Guillaume;10
61411;Saint-Jouin-de-Blavou;16
61412;Saint-Julien-sur-Sarthe;21
61413;Saint-Lambert-sur-Dive;5
61414;Saint-Langis-lès-Mortagne;65
61415;Saint-Léger-sur-Sarthe;18
61416;Saint-Léonard-des-Parcs;3
61418;Saint-Mard-de-Réno;16
61419;Sainte-Marguerite-de-Carrouges;2
61420;Sainte-Marie-la-Robert;7
61421;Saint-Mars-d'Égrenne;21
61422;Les Aspres;19
61423;Saint-Martin-d'Écublei;9
61424;Saint-Martin-des-Landes;11
61425;Saint-Martin-des-Pézerits;5
61426;Saint-Martin-du-Vieux-Bellême;12
61427;Saint-Martin-l'Aiguillon;5
61429;Charencey;22
61432;Saint-Michel-Tubœuf;14
61433;Saint-Nicolas-des-Bois;3
61435;Saint-Nicolas-de-Sommaire;13
61436;Sainte-Opportune;6
61438;Saint-Ouen-de-Sécherouvre;5
61439;Saint-Ouen-le-Brisoult;9
61440;Saint-Ouen-sur-Iton;33
61442;Saint-Patrice-du-Désert;4
61443;Saint-Paul;9
61444;Saint-Philbert-sur-Orne;5
61445;Saint-Pierre-d'Entremont;12
61446;Saint-Pierre-des-Loges;5
61447;Saint-Pierre-du-Regard;25
61448;Saint-Pierre-la-Bruyère;7
61450;Saint-Quentin-de-Blavou;3
61451;Saint-Quentin-les-Chardonnets;7
61452;Saint-Roch-sur-Égrenne;4
61453;Saint-Sauveur-de-Carrouges;7
61454;Sainte-Scolasse-sur-Sarthe;17
61456;Saint-Sulpice-sur-Risle;70
61457;Saint-Symphorien-des-Bruyères;20
61459;Saires-la-Verrerie;12
61460;Sap-en-Auge;42
61461;Le Sap-André;4
61462;Sarceaux;24
61463;Les Monts d'Andaine;36
61464;Sées;194
61466;La Selle-la-Forge;28
61467;Semallé;19
61472;Sévigny;6
61473;Sevrai;6
61474;Gouffern en Auge;116
61475;Soligny-la-Trappe;19
61476;Suré;10
61479;Tanques;5
61480;Tanville;8
61481;Tellières-le-Plessis;4
61482;Tessé-Froulay;8
61483;Bagnoles de l'Orne Normandie;116
61484;Val-au-Perche;97
61485;Ticheville;9
61486;Tinchebray-Bocage;119
61487;Torchamp;11
61488;Touquettes;2
61490;Tournai-sur-Dive;6
61491;Tourouvre au Perche;74
61492;Trémont;5
61493;La Trinité-des-Laitiers;6
61494;Trun;46
61497;Valframbert;62
61498;Vaunoise;3
61499;Les Ventes-de-Bourse;7
61500;La Ventrouze;4
61501;Verrières;4
61502;Vidai;5
61503;Vieux-Pont;6
61505;Villedieu-lès-Bailleul;9
61507;Villiers-sous-Mortagne;9
61508;Vimoutiers;123
61510;Vitrai-sous-Laigle;7
61512;Les Yveteaux;3
62001;Ablain-Saint-Nazaire;25
62002;Ablainzevelle;3
62003;Acheville;6
62004;Achicourt;108
62005;Achiet-le-Grand;18
62006;Achiet-le-Petit;12
62007;Acq;22
62008;Acquin-Westbécourt;24
62009;Adinfer;9
62010;Affringues;3
62011;Agnez-lès-Duisans;20
62012;Agnières;7
62013;Agny;21
62014;Aire-sur-la-Lys;339
62015;Airon-Notre-Dame;2
62016;Airon-Saint-Vaast;5
62017;Aix-en-Ergny;2
62018;Aix-en-Issart;14
62019;Aix-Noulette;105
62020;Alembon;9
62021;Alette;8
62022;Alincthun;25
62023;Allouagne;39
62024;Alquines;22
62025;Ambleteuse;51
62026;Ambricourt;12
62027;Ambrines;6
62028;Ames;6
62029;Amettes;11
62030;Amplier;2
62031;Andres;18
62032;Angres;83
62033;Annay;51
62034;Annequin;38
62035;Annezin;125
62036;Anvin;24
62037;Anzin-Saint-Aubin;73
62038;Ardres;131
62039;Arleux-en-Gohelle;28
62040;Arques;304
62041;Arras;1882
62042;Athies;30
62043;Les Attaques;79
62044;Attin;44
62045;Aubigny-en-Artois;69
62046;Aubin-Saint-Vaast;19
62047;Aubrometz;9
62048;Auchel;175
62049;Auchy-au-Bois;8
62050;Auchy-lès-Hesdin;26
62051;Auchy-les-Mines;106
62052;Audembert;13
62053;Audincthun;18
62054;Audinghen;28
62055;Audrehem;14
62056;Audresselles;28
62057;Audruicq;177
62058;Aumerval;8
62059;Autingues;23
62060;Auxi-le-Château;79
62061;Averdoingt;12
62062;Avesnes;1
62063;Avesnes-le-Comte;63
62064;Avesnes-lès-Bapaume;10
62065;Avion;230
62066;Avondance;7
62067;Avroult;17
62068;Ayette;8
62069;Azincourt;15
62070;Bailleul-aux-Cornailles;8
62071;Bailleul-lès-Pernes;5
62072;Bailleulmont;4
62073;Bailleul-Sir-Berthoult;40
62074;Bailleulval;3
62075;Baincthun;26
62076;Bainghen;5
62077;Bajus;6
62078;Balinghem;14
62079;Bancourt;10
62080;Bapaume;184
62081;Baralle;37
62082;Barastre;7
62083;Barlin;107
62084;Barly;9
62085;Basseux;7
62086;Bavincourt;21
62087;Bayenghem-lès-Éperlecques;7
62088;Bayenghem-lès-Seninghem;4
62089;Bazinghen;8
62090;Béalencourt;5
62091;Beaudricourt;3
62092;Beaufort-Blavincourt;10
62093;Beaulencourt;6
62094;Beaumerie-Saint-Martin;9
62095;Beaumetz-lès-Aire;6
62096;Beaumetz-lès-Cambrai;20
62097;Beaumetz-lès-Loges;36
62099;Beaurains;207
62100;Beaurainville;78
62101;Beauvois;5
62102;Bécourt;14
62103;Béhagnies;11
62104;Bellebrune;20
62105;Belle-et-Houllefort;11
62106;Bellonne;4
62107;Bénifontaine;15
62108;Berck;523
62109;Bergueneuse;3
62111;Berlencourt-le-Cauroy;10
62112;Berles-au-Bois;14
62113;Berles-Monchel;9
62114;Bermicourt;7
62115;Berneville;6
62116;Bernieulles;7
62117;Bertincourt;22
62118;Béthonsart;7
62119;Béthune;1116
62120;Beugin;6
62121;Beugnâtre;1
62122;Beugny;14
62123;Beussent;13
62124;Beutin;8
62125;Beuvrequen;12
62126;Beuvry;188
62127;Bezinghem;8
62128;Biache-Saint-Vaast;84
62129;Biefvillers-lès-Bapaume;5
62130;Bienvillers-au-Bois;15
62131;Bihucourt;5
62132;Billy-Berclau;106
62133;Billy-Montigny;141
62134;Bimont;12
62135;Blairville;11
62137;Blangerval-Blangermont;3
62138;Blangy-sur-Ternoise;28
62139;Blendecques;110
62140;Bléquin;11
62141;Blessy;9
62142;Blingel;7
62143;Boffles;2
62144;Boiry-Becquerelle;11
62145;Boiry-Notre-Dame;13
62146;Boiry-Saint-Martin;10
62147;Boiry-Sainte-Rictrude;18
62148;Bois-Bernard;34
62149;Boisdinghem;4
62150;Boisjean;14
62151;Boisleux-au-Mont;12
62152;Boisleux-Saint-Marc;2
62153;Bomy;13
62154;Bonnières;22
62155;Bonningues-lès-Ardres;11
62156;Bonningues-lès-Calais;13
62157;Boubers-lès-Hesmond;1
62158;Boubers-sur-Canche;15
62160;Boulogne-sur-Mer;1403
62161;Bouquehault;7
62162;Bourecq;7
62163;Bouret-sur-Canche;4
62164;Bourlon;32
62165;Bournonville;8
62166;Bours;22
62167;Boursin;8
62168;Bourthes;32
62169;Bouvelinghem;6
62170;Bouvigny-Boyeffles;30
62171;Boyaval;9
62172;Boyelles;8
62173;Brebières;115
62174;Brêmes;16
62175;Brévillers;2
62176;Bréxent-Énocq;23
62177;Brimeux;16
62178;Bruay-la-Buissière;591
62179;Brunembert;12
62180;Brias;17
62181;Bucquoy;41
62182;Buire-au-Bois;5
62183;Buire-le-Sec;25
62184;Buissy;6
62185;Bullecourt;10
62186;Bully-les-Mines;183
62187;Buneville;12
62188;Burbure;45
62189;Bus;9
62190;Busnes;30
62191;Caffiers;8
62192;Cagnicourt;10
62193;Calais;1736
62194;Calonne-Ricouart;74
62195;Calonne-sur-la-Lys;27
62196;La Calotterie;14
62197;Camblain-Châtelain;28
62198;Cambligneul;13
62199;Camblain-l'Abbé;13
62200;Cambrin;20
62201;Camiers;72
62202;Campagne-lès-Boulonnais;15
62203;Campagne-lès-Guines;8
62204;Campagne-lès-Hesdin;60
62205;Campagne-lès-Wardrecques;43
62206;Campigneulles-les-Grandes;13
62207;Campigneulles-les-Petites;28
62208;Canettemont;5
62209;Canlers;5
62211;Capelle-Fermont;1
62212;Capelle-lès-Hesdin;7
62213;Carency;15
62214;Carly;14
62215;Carvin;469
62216;La Cauchie;7
62217;Cauchy-à-la-Tour;31
62218;Caucourt;8
62219;Caumont;10
62220;Cavron-Saint-Martin;11
62221;Chelers;4
62222;Chériennes;3
62223;Chérisy;5
62224;Chocques;49
62225;Clairmarais;20
62227;Clenleu;13
62228;Clerques;4
62229;Cléty;15
62230;Colembert;26
62231;Colline-Beaumont;3
62232;La Comté;18
62233;Conchil-le-Temple;16
62234;Conchy-sur-Canche;4
62235;Condette;56
62236;Contes;11
62237;Conteville-lès-Boulogne;12
62238;Conteville-en-Ternois;5
62239;Coquelles;374
62240;Corbehem;34
62241;Cormont;14
62242;Couin;2
62243;Coullemont;5
62244;Coulogne;87
62245;Coulomby;17
62246;Coupelle-Neuve;4
62247;Coupelle-Vieille;14
62248;Courcelles-le-Comte;9
62249;Courcelles-lès-Lens;132
62250;Courrières;236
62251;Courset;15
62252;La Couture;73
62253;Couturelle;4
62254;Coyecques;17
62255;Crémarest;22
62256;Crépy;5
62257;Créquy;21
62258;Croisette;10
62259;Croisilles;41
62260;Croix-en-Ternois;10
62261;Cucq;231
62262;Cuinchy;30
62263;Dainville;131
62264;Dannes;11
62265;Delettes;18
62266;Denier;3
62267;Dennebrœucq;11
62268;Desvres;164
62269;Diéval;11
62270;Divion;98
62271;Dohem;13
62272;Douchy-lès-Ayette;8
62273;Doudeauville;11
62274;Dourges;105
62275;Douriez;11
62276;Douvrin;141
62277;Drocourt;37
62278;Drouvin-le-Marais;12
62279;Duisans;97
62280;Dury;8
62281;Echinghen;11
62282;Éclimeux;5
62283;Écoivres;1
62284;Écourt-Saint-Quentin;35
62285;Écoust-Saint-Mein;11
62286;Ecquedecques;7
62288;Ecques;30
62289;Écuires;28
62290;Écurie;11
62291;Éleu-dit-Leauwette;32
62292;Elnes;7
62293;Embry;4
62295;Enquin-lez-Guinegatte;22
62296;Enquin-sur-Baillons;4
62297;Éperlecques;88
62298;Épinoy;27
62299;Eps;7
62300;Équihen-Plage;31
62301;Équirre;5
62302;Ergny;9
62303;Érin;4
62304;Erny-Saint-Julien;5
62306;Ervillers;15
62307;Escalles;16
62308;Escœuilles;9
62309;Esquerdes;20
62310;Essars;28
62311;Estevelles;10
62312;Estrée;5
62313;Estrée-Blanche;20
62314;Estrée-Cauchy;6
62315;Estréelles;5
62316;Estrée-Wamin;5
62317;Étaing;11
62318;Étaples;372
62319;Éterpigny;10
62320;Étrun;5
62321;Évin-Malmaison;37
62322;Famechon;8
62323;Fampoux;22
62324;Farbus;13
62325;Fauquembergues;47
62326;Favreuil;3
62327;Febvin-Palfart;17
62328;Ferfay;14
62329;Ferques;30
62330;Festubert;21
62331;Feuchy;43
62332;Ficheux;11
62333;Fiefs;17
62334;Fiennes;14
62335;Fillièvres;17
62336;Fléchin;18
62337;Flers;8
62338;Fleurbaix;104
62339;Fleury;2
62340;Floringhem;18
62341;Foncquevillers;14
62342;Fontaine-lès-Boulans;4
62343;Fontaine-lès-Croisilles;12
62344;Fontaine-lès-Hermans;5
62345;Fontaine-l'Étalon;3
62346;Fortel-en-Artois;8
62347;Fosseux;6
62348;Foufflin-Ricametz;6
62349;Fouquereuil;19
62350;Fouquières-lès-Béthune;51
62351;Fouquières-lès-Lens;60
62352;Framecourt;9
62353;Frémicourt;8
62354;Frencq;24
62355;Fresnes-lès-Montauban;48
62356;Fresnicourt-le-Dolmen;12
62357;Fresnoy;2
62358;Fresnoy-en-Gohelle;4
62359;Fressin;15
62360;Fréthun;45
62361;Frévent;84
62362;Frévillers;6
62363;Frévin-Capelle;9
62364;Fruges;130
62365;Galametz;6
62366;Gauchin-Légal;18
62367;Gauchin-Verloingt;21
62368;Gaudiempré;9
62369;Gavrelle;26
62370;Gennes-Ivergny;6
62371;Givenchy-en-Gohelle;33
62372;Givenchy-le-Noble;8
62373;Givenchy-lès-la-Bassée;14
62374;Gomiécourt;7
62375;Gommecourt;5
62376;Gonnehem;35
62377;Gosnay;14
62378;Gouves;4
62379;Gouy-en-Artois;7
62380;Gouy-Servins;7
62381;Gouy-en-Ternois;4
62382;Gouy-Saint-André;18
62383;Gouy-sous-Bellonne;21
62384;Graincourt-lès-Havrincourt;18
62385;Grand-Rullecourt;10
62386;Grenay;83
62387;Grévillers;11
62388;Grigny;10
62389;Grincourt-lès-Pas;2
62390;Groffliers;49
62391;Guarbecque;20
62392;Guémappe;5
62393;Guemps;21
62395;Guigny;7
62396;Guinecourt;1
62397;Guînes;107
62398;Guisy;1
62399;Habarcq;23
62400;Haillicourt;55
62401;Haisnes;55
62402;Halinghen;11
62403;Hallines;14
62404;Halloy;3
62405;Hamblain-les-Prés;10
62406;Hamelincourt;10
62407;Ham-en-Artois;12
62408;Hames-Boucres;21
62409;Hannescamps;2
62410;Haplincourt;5
62411;Haravesnes;6
62412;Hardinghen;26
62413;Harnes;213
62414;Haucourt;7
62415;Haute-Avesnes;19
62416;Hautecloque;8
62418;Hauteville;5
62419;Haut-Loquin;8
62421;Havrincourt;11
62422;Hébuterne;14
62423;Helfaut;45
62424;Hendecourt-lès-Cagnicourt;8
62425;Hendecourt-lès-Ransart;6
62426;Héninel;7
62427;Hénin-Beaumont;680
62428;Hénin-sur-Cojeul;13
62429;Henneveux;13
62430;Hénu;3
62432;Herbinghen;8
62433;Héricourt;5
62434;La Herlière;8
62435;Herlincourt;3
62436;Herlin-le-Sec;22
62437;Herly;11
62438;Hermaville;13
62439;Hermelinghen;10
62440;Hermies;53
62441;Hermin;5
62442;Hernicourt;14
62443;Hersin-Coupigny;108
62444;Hervelinghen;7
62445;Hesdigneul-lès-Béthune;18
62446;Hesdigneul-lès-Boulogne;8
62447;Hesdin-la-Forêt;233
62448;Hesdin-l'Abbé;42
62449;Hesmond;7
62450;Hestrus;9
62451;Heuchin;17
62452;Heuringhem;17
62453;Hézecques;3
62454;Hinges;37
62455;Hocquinghen;3
62456;Houchin;11
62457;Houdain;98
62458;Houlle;28
62459;Houvin-Houvigneul;5
62460;Hubersent;10
62462;Huclier;8
62463;Hucqueliers;44
62464;Hulluch;45
62465;Humbercamps;10
62466;Humbert;8
62467;Humerœuille;7
62468;Humières;15
62469;Inchy-en-Artois;20
62470;Incourt;4
62471;Bellinghem;11
62472;Inxent;4
62473;Isbergues;143
62474;Isques;44
62475;Ivergny;4
62476;Izel-lès-Équerchin;16
62477;Izel-lès-Hameau;19
62478;Journy;9
62479;Labeuvrière;32
62480;Labourse;53
62481;Labroye;4
62483;Lacres;9
62484;Lagnicourt-Marcel;9
62485;Laires;11
62486;Lambres;18
62487;Landrethun-le-Nord;35
62488;Landrethun-lès-Ardres;17
62489;Lapugnoy;37
62490;Lattre-Saint-Quentin;9
62491;Laventie;118
62492;Lebiez;9
62493;Lebucquière;7
62494;Léchelle;5
62495;Ledinghem;8
62496;Lefaux;5
62497;Leforest;106
62498;Lens;1173
62499;Lépine;10
62500;Lespesses;7
62501;Lespinoy;4
62502;Lestrem;120
62503;Leubringhen;9
62504;Leulinghem;37
62505;Leulinghen-Bernes;15
62506;Licques;53
62507;Liencourt;7
62508;Lières;10
62509;Liettres;6
62510;Liévin;706
62511;Lignereuil;2
62512;Ligny-lès-Aire;14
62513;Ligny-sur-Canche;6
62514;Ligny-Saint-Flochel;6
62515;Ligny-Thilloy;10
62516;Lillers;254
62517;Linghem;3
62518;Linzeux;8
62519;Lisbourg;21
62520;Locon;32
62521;La Loge;5
62522;Loison-sur-Créquoise;10
62523;Loison-sous-Lens;142
62524;Longfossé;40
62525;Longuenesse;338
62526;Longueville;2
62527;Longvilliers;13
62528;Loos-en-Gohelle;172
62529;Lorgies;39
62530;Lottinghen;14
62531;Louches;15
62532;Lozinghem;3
62533;Lugy;1
62534;Lumbres;117
62535;La Madelaine-sous-Montreuil;10
62536;Magnicourt-en-Comte;24
62537;Magnicourt-sur-Canche;3
62538;Maintenay;11
62539;Maisnil;9
62540;Maisnil-lès-Ruitz;16
62541;Maisoncelle;6
62542;Maizières;5
62543;Mametz;33
62544;Manin;3
62545;Maninghem;13
62546;Maninghen-Henne;6
62547;Marant;1
62548;Marck;197
62550;Marconnelle;33
62551;Marenla;7
62552;Maresquel-Ecquemicourt;17
62553;Marest;7
62554;Maresville;4
62555;Marles-les-Mines;55
62556;Marles-sur-Canche;2
62557;Marœuil;62
62558;Marquay;5
62559;Marquion;56
62560;Marquise;210
62561;Martinpuich;8
62562;Matringhem;8
62563;Mazingarbe;94
62564;Mazinghem;20
62565;Mencas;2
62566;Menneville;11
62567;Mentque-Nortbécourt;12
62568;Mercatel;17
62569;Merck-Saint-Liévin;14
62570;Méricourt;124
62571;Merlimont;131
62572;Metz-en-Couture;6
62573;Meurchin;41
62574;Mingoval;6
62576;Moncheaux-lès-Frévent;6
62577;Monchel-sur-Canche;6
62578;Monchiet;4
62579;Monchy-au-Bois;11
62580;Monchy-Breton;9
62581;Monchy-Cayeux;9
62582;Monchy-le-Preux;66
62583;Mondicourt;11
62584;Mont-Bernanchon;15
62585;Montcavrel;20
62586;Montenescourt;16
62587;Montigny-en-Gohelle;139
62588;Montreuil-sur-Mer;174
62589;Mont-Saint-Éloi;26
62590;Monts-en-Ternois;4
62591;Morchies;6
62592;Moringhem;14
62593;Morval;3
62594;Mory;8
62595;Moulle;23
62596;Mouriez;15
62597;Moyenneville;6
62598;Muncq-Nieurlet;10
62599;Nabringhen;5
62600;Nédon;6
62601;Nédonchel;9
62602;Nempont-Saint-Firmin;9
62603;Nesles;13
62604;Neufchâtel-Hardelot;215
62605;Neulette;1
62606;Neuve-Chapelle;17
62607;Neuville-au-Cornet;7
62608;Neuville-Bourjonval;12
62609;Neuville-Saint-Vaast;39
62610;Neuville-sous-Montreuil;18
62611;Neuville-Vitasse;15
62612;Neuvireuil;16
62613;Nielles-lès-Bléquin;38
62614;Nielles-lès-Ardres;13
62615;Nielles-lès-Calais;5
62616;Nœux-lès-Auxi;2
62617;Nœux-les-Mines;241
62618;Nordausques;28
62619;Noreuil;8
62620;Norrent-Fontes;32
62621;Nortkerque;26
62622;Nort-Leulinghem;8
62623;Nouvelle-Église;12
62624;Noyelles-Godault;299
62625;Noyelles-lès-Humières;2
62626;Noyelles-lès-Vermelles;31
62627;Noyelles-sous-Bellonne;6
62628;Noyelles-sous-Lens;101
62629;Noyellette;5
62630;Noyelle-Vion;8
62631;Nuncq-Hautecôte;13
62632;Oblinghem;6
62633;Œuf-en-Ternois;15
62634;Offekerque;19
62635;Offin;5
62636;Offrethun;6
62637;Oignies;162
62638;Oisy-le-Verger;15
62639;Oppy;17
62640;Orville;7
62641;Ostreville;11
62642;Ourton;6
62643;Outreau;270
62644;Ouve-Wirquin;10
62645;Oye-Plage;72
62646;Palluel;7
62647;Le Parcq;23
62648;Parenty;12
62649;Pas-en-Artois;27
62650;Pelves;5
62651;Penin;11
62652;Pernes;56
62653;Pernes-lès-Boulogne;12
62654;Peuplingues;20
62655;Pierremont;12
62656;Pihem;15
62657;Pihen-lès-Guînes;10
62658;Pittefaux;2
62659;Planques;2
62660;Plouvain;3
62661;Bouin-Plumoison;16
62662;Polincove;9
62663;Pommera;3
62664;Pommier;10
62665;Le Ponchel;7
62666;Pont-à-Vendin;45
62667;Le Portel;208
62668;Prédefin;5
62669;Pressy;6
62670;Preures;19
62671;Pronville-en-Artois;8
62672;Puisieux;7
62673;Quéant;20
62674;Quelmes;13
62675;Quercamps;8
62676;Quernes;6
62677;Le Quesnoy-en-Artois;8
62678;Quesques;16
62679;Questrecques;9
62680;Quiéry-la-Motte;21
62681;Quiestède;12
62682;Quilen;4
62683;Quœux-Haut-Maînil;13
62684;Racquinghem;30
62685;Radinghem;10
62686;Ramecourt;20
62688;Rang-du-Fliers;110
62689;Ransart;8
62690;Raye-sur-Authie;5
62691;Saint-Augustin;26
62692;Rebergues;7
62693;Rebreuve-Ranchicourt;31
62694;Rebreuve-sur-Canche;10
62695;Rebreuviette;6
62696;Reclinghem;9
62697;Récourt;2
62698;Recques-sur-Course;5
62699;Recques-sur-Hem;11
62700;Regnauville;7
62701;Rely;11
62702;Remilly-Wirquin;5
62703;Rémy;8
62704;Renty;16
62705;Rety;35
62706;Richebourg;70
62708;Riencourt-lès-Bapaume;5
62709;Riencourt-lès-Cagnicourt;10
62710;Rimboval;5
62711;Rinxent;71
62712;Rivière;18
62713;Robecq;27
62714;Roclincourt;17
62715;Rocquigny;4
62716;Rodelinghem;12
62717;Roëllecourt;14
62718;Rœux;17
62719;Rollancourt;12
62720;Rombly;5
62721;Roquetoire;37
62722;Rougefay;3
62723;Roussent;7
62724;Rouvroy;142
62725;Royon;5
62726;Ruisseauville;6
62727;Ruitz;109
62728;Rumaucourt;11
62729;Rumilly;8
62730;Ruminghem;29
62731;Ruyaulcourt;6
62732;Sachin;11
62733;Sailly-au-Bois;8
62734;Sailly-en-Ostrevent;14
62735;Sailly-Labourse;54
62736;Sailly-sur-la-Lys;87
62737;Sains-en-Gohelle;100
62738;Sains-lès-Fressin;8
62739;Sains-lès-Marquion;15
62740;Sains-lès-Pernes;3
62741;Saint-Amand;7
62742;Saint-Aubin;11
62744;Sainte-Catherine;114
62745;Saint-Denœux;4
62746;Saint-Étienne-au-Mont;61
62747;Saint-Floris;9
62748;Saint-Folquin;42
62749;Saint-Georges;12
62750;Saint-Hilaire-Cottes;16
62751;Saint-Inglevert;17
62752;Saint-Josse;47
62753;Saint-Laurent-Blangy;332
62754;Saint-Léger;9
62755;Saint-Léonard;170
62756;Sainte-Marie-Kerque;19
62757;Saint-Martin-lez-Tatinghem;189
62758;Saint-Martin-Boulogne;476
62759;Saint-Martin-Choquel;9
62760;Saint-Martin-d'Hardinghem;16
62761;Saint-Martin-sur-Cojeul;4
62762;Saint-Michel-sous-Bois;7
62763;Saint-Michel-sur-Ternoise;28
62764;Saint-Nicolas;94
62765;Saint-Omer;664
62766;Saint-Omer-Capelle;8
62767;Saint-Pol-sur-Ternoise;234
62768;Saint-Rémy-au-Bois;1
62769;Saint-Tricat;5
62770;Saint-Venant;61
62771;Sallaumines;140
62772;Salperwick;10
62773;Samer;126
62774;Sangatte;91
62775;Sanghen;7
62776;Sapignies;9
62777;Le Sars;4
62778;Sars-le-Bois;5
62779;Sarton;6
62780;Sauchy-Cauchy;4
62781;Sauchy-Lestrée;10
62782;Saudemont;4
62783;Saulchoy;6
62784;Saulty;29
62785;Savy-Berlette;15
62786;Selles;8
62787;Sempy;7
62788;Seninghem;17
62789;Senlecques;9
62790;Senlis;4
62791;Séricourt;6
62792;Serques;19
62793;Servins;15
62794;Setques;17
62795;Sibiville;6
62796;Simencourt;11
62797;Siracourt;8
62798;Sombrin;8
62799;Sorrus;24
62800;Souastre;9
62801;Souchez;53
62802;Le Souich;9
62803;Surques;20
62804;Sus-Saint-Léger;7
62805;Tangry;10
62806;Tardinghen;12
62808;Teneur;3
62809;Ternas;5
62810;Thélus;56
62811;Thérouanne;47
62812;Thiembronne;21
62813;La Thieuloye;12
62814;Thièvres;1
62815;Tigny-Noyelle;7
62816;Tilloy-lès-Hermaville;7
62817;Tilloy-lès-Mofflaines;81
62818;Tilly-Capelle;3
62819;Tilques;24
62820;Tincques;56
62821;Tingry;13
62822;Tollent;7
62823;Torcy;12
62824;Tortefontaine;8
62825;Tortequesne;9
62826;Le Touquet-Paris-Plage;529
62827;Tournehem-sur-la-Hem;33
62828;Tramecourt;2
62829;Le Transloy;11
62830;Trescault;3
62831;Troisvaux;10
62832;Tubersent;12
62833;Vacquerie-le-Boucq;3
62834;Vacqueriette-Erquières;9
62835;Valhuon;13
62836;Vaudricourt;21
62837;Vaudringhem;12
62838;Vaulx;2
62839;Vaulx-Vraucourt;17
62840;Vélu;3
62841;Vendin-lès-Béthune;53
62842;Vendin-le-Vieil;248
62843;Verchin;12
62844;Verchocq;21
62845;Verlincthun;10
62846;Vermelles;83
62847;Verquigneul;52
62848;Verquin;61
62849;Verton;81
62850;Vieil-Hesdin;13
62851;Vieille-Chapelle;17
62852;Vieille-Église;29
62853;Vieil-Moutier;12
62854;Villers-au-Bois;8
62855;Villers-au-Flos;7
62856;Villers-Brûlin;7
62857;Villers-Châtel;3
62858;Villers-lès-Cagnicourt;13
62859;Villers-l'Hôpital;5
62860;Villers-Sir-Simon;3
62861;Vimy;80
62862;Vincly;5
62863;Violaines;78
62864;Vis-en-Artois;19
62865;Vitry-en-Artois;132
62866;Waben;10
62867;Wacquinghen;10
62868;Wail;7
62869;Wailly;18
62870;Wailly-Beaucamp;32
62871;Wambercourt;5
62872;Wamin;11
62873;Wancourt;48
62874;Wanquetin;13
62875;Wardrecques;12
62876;Warlencourt-Eaucourt;3
62877;Warlincourt-lès-Pas;17
62878;Warlus;12
62879;Warluzel;6
62880;Le Wast;8
62881;Beauvoir-Wavans;12
62882;Wavrans-sur-l'Aa;26
62883;Wavrans-sur-Ternoise;4
62885;Westrehem;9
62886;Wicquinghem;10
62887;Widehem;8
62888;Wierre-au-Bois;8
62889;Wierre-Effroy;16
62890;Willeman;10
62891;Willencourt;3
62892;Willerval;9
62893;Wimereux;255
62894;Wimille;118
62895;Wingles;150
62896;Wirwignes;20
62897;Wismes;9
62898;Wisques;6
62899;Wissant;63
62900;Witternesse;12
62901;Wittes;13
62902;Wizernes;56
62903;Zoteux;13
62904;Zouafques;18
62905;Zudausques;26
62906;Zutkerque;22
62907;Libercourt;177
62908;La Capelle-lès-Boulogne;41
62909;Ytres;10
63001;Aigueperse;89
63002;Aix-la-Fayette;3
63003;Ambert;363
63004;Les Ancizes-Comps;58
63005;Antoingt;6
63006;Anzat-le-Luguet;5
63007;Apchat;2
63008;Arconsat;14
63009;Ardes;23
63010;Arlanc;64
63011;Ars-les-Favets;5
63012;Artonne;13
63013;Aubiat;27
63014;Aubière;762
63015;Aubusson-d'Auvergne;7
63016;Augerolles;24
63017;Augnat;5
63019;Aulnat;88
63020;Aurières;10
63021;Authezat;9
63022;Auzat-la-Combelle;29
63023;Auzelles;11
63024;Avèze;7
63025;Ayat-sur-Sioule;3
63026;Aydat;58
63027;Baffie;1
63028;Bagnols;14
63029;Bansat;3
63030;Bas-et-Lezat;5
63031;Beaulieu;12
63032;Beaumont;256
63033;Beaumont-lès-Randan;10
63034;Beauregard-l'Évêque;28
63035;Beauregard-Vendon;16
63036;Bergonne;4
63037;Bertignat;14
63038;Besse-et-Saint-Anastaise;173
63039;Beurières;10
63040;Billom;161
63041;Biollet;10
63042;Blanzat;52
63043;Blot-l'Église;6
63044;Bongheat;10
63045;Bort-l'Étang;12
63046;Boudes;10
63047;La Bourboule;150
63048;Bourg-Lastic;30
63049;Bouzel;12
63050;Brassac-les-Mines;103
63051;Brenat;6
63052;Le Breuil-sur-Couze;22
63053;Briffons;3
63054;Le Broc;41
63055;Bromont-Lamothe;29
63056;Brousse;9
63057;Le Brugeron;9
63058;Bulhon;6
63059;Busséol;4
63060;Bussières;4
63061;Bussières-et-Pruns;6
63062;Buxières-sous-Montaigut;6
63063;Cébazat;293
63064;La Celle;2
63065;Ceilloux;5
63066;Celles-sur-Durolle;48
63067;La Cellette;1
63069;Le Cendre;115
63070;Ceyrat;133
63071;Ceyssat;14
63072;Chabreloche;34
63073;Chadeleuf;9
63074;Chalus;5
63075;Chamalières;474
63076;Chambon-sur-Dolore;3
63077;Chambon-sur-Lac;45
63079;Champagnat-le-Jeune;2
63080;Champeix;55
63081;Champétières;11
63082;Champs;9
63083;Chanat-la-Mouteyre;15
63084;Chanonat;16
63085;Chapdes-Beaufort;31
63086;La Chapelle-Agnon;12
63087;La Chapelle-Marcousse;5
63088;La Chapelle-sur-Usson;4
63089;Chappes;33
63090;Chaptuzat;11
63091;Charbonnier-les-Mines;16
63092;Charbonnières-les-Varennes;26
63093;Charbonnières-les-Vieilles;30
63094;Charensat;12
63095;Charnat;2
63096;Chas;8
63097;Chassagne;6
63098;Chastreix;19
63099;Châteaugay;89
63100;Châteauneuf-les-Bains;8
63101;Château-sur-Cher;1
63102;Châteldon;21
63103;Châtel-Guyon;147
63104;La Chaulme;1
63105;Chaumont-le-Bourg;13
63106;Chauriat;21
63107;Chavaroux;14
63108;Le Cheix-sur-Morge;18
63109;Les Deux-Rives;11
63110;Cisternes-la-Forêt;9
63111;Clémensat;1
63112;Clerlande;17
63113;Clermont-Ferrand;5878
63114;Collanges;3
63115;Combrailles;2
63116;Combronde;81
63117;Compains;12
63118;Condat-en-Combraille;18
63119;Condat-lès-Montboissier;11
63120;Corent;14
63121;Coudes;39
63122;Courgoul;3
63123;Cournols;8
63124;Cournon-d'Auvergne;911
63125;Courpière;167
63126;Le Crest;19
63128;Crevant-Laveine;13
63129;Cros;5
63130;La Crouzille;6
63131;Culhat;20
63132;Cunlhat;59
63134;Dauzat-sur-Vodable;4
63135;Davayat;11
63136;Domaize;3
63137;Doranges;5
63138;Dorat;9
63139;Dore-l'Église;16
63140;Durmignat;7
63141;Durtol;41
63142;Échandelys;8
63143;Effiat;20
63144;Égliseneuve-d'Entraigues;26
63145;Égliseneuve-des-Liards;3
63146;Égliseneuve-près-Billom;22
63147;Églisolles;6
63148;Ennezat;72
63149;Entraigues;17
63150;Enval;46
63151;Escoutoux;17
63152;Espinasse;5
63153;Espinchal;2
63154;Espirat;6
63155;Estandeuil;10
63156;Esteil;2
63157;Fayet-le-Château;8
63158;Fayet-Ronaye;1
63159;Fernoël;5
63160;Aulhat-Flat;17
63161;La Forie;8
63162;Fournols;6
63163;Gelles;35
63164;Gerzat;341
63165;Giat;54
63166;Gignat;5
63167;Gimeaux;7
63168;Glaine-Montaigut;7
63169;La Godivelle;4
63170;La Goutelle;19
63171;Gouttières;7
63172;Grandeyrolles;1
63173;Grandrif;4
63174;Grandval;6
63175;Herment;13
63176;Heume-l'Église;3
63177;Isserteaux;10
63178;Issoire;796
63179;Job;17
63180;Joze;41
63181;Jozerand;8
63182;Jumeaux;11
63183;Labessette;4
63184;Lachaux;4
63185;Lamontgie;8
63186;Landogne;3
63187;Lapeyrouse;16
63188;Laps;11
63189;Laqueuille;15
63190;Larodde;4
63191;Lastic;2
63192;La Tour-d'Auvergne;34
63193;Lempdes;392
63194;Lempty;10
63195;Lezoux;187
63196;Limons;16
63197;Lisseuil;4
63198;Loubeyrat;20
63199;Ludesse;13
63200;Lussat;14
63201;Luzillat;21
63202;Madriat;5
63203;Malauzat;54
63204;Malintrat;21
63205;Manglieu;13
63206;Manzat;48
63207;Marat;11
63208;Marcillat;3
63209;Mareugheol;3
63210;Maringues;82
63211;Marsac-en-Livradois;35
63212;Marsat;22
63213;Les Martres-d'Artière;54
63214;Les Martres-de-Veyre;97
63215;Martres-sur-Morge;12
63216;Mauzun;2
63218;Mayres;4
63219;Mazaye;17
63220;Mazoires;8
63221;Medeyrolles;3
63222;Meilhaud;3
63223;Menat;20
63224;Ménétrol;115
63225;Messeix;17
63226;Mur-sur-Allier;72
63227;Mirefleurs;31
63228;Miremont;9
63229;Moissat;16
63230;Le Monestier;2
63231;La Monnerie-le-Montel;72
63232;Mons;12
63233;Montaigut-en-Combraille;22
63234;Montaigut-le-Blanc;20
63235;Montcel;13
63236;Mont-Dore;164
63237;Montel-de-Gelat;19
63238;Montfermy;1
63239;Montmorin;13
63240;Montpensier;9
63241;Montpeyroux;10
63242;Moriat;10
63243;Moureuille;7
63244;Chambaron sur Morge;25
63245;Mozac;132
63246;Murat-le-Quaire;25
63247;Murol;59
63248;Nébouzat;27
63249;Néronde-sur-Dore;14
63250;Neschers;15
63251;Neuf-Église;9
63252;Neuville;8
63253;Noalhat;5
63254;Nohanent;26
63255;Nonette-Orsonnette;12
63256;Novacelles;6
63257;Olby;24
63258;Olliergues;25
63259;Olloix;3
63260;Olmet;1
63261;Orbeil;17
63262;Orcet;56
63263;Orcines;81
63264;Orcival;18
63265;Orléat;44
63267;Palladuc;33
63268;Pardines;6
63269;Parent;11
63270;Parentignat;14
63271;Paslières;18
63272;Pérignat-lès-Sarliève;48
63273;Pérignat-sur-Allier;37
63274;Perpezat;14
63275;Perrier;16
63276;Peschadoires;77
63277;Peslières;1
63278;Pessat-Villeneuve;12
63279;Picherande;21
63280;Pignols;6
63281;Pionsat;38
63282;Plauzat;25
63283;Pontaumur;55
63284;Pont-du-Château;315
63285;Pontgibaud;54
63286;Pouzol;7
63287;Les Pradeaux;7
63288;Prompsat;5
63289;Prondines;8
63290;Pulvérières;14
63291;Puy-Guillaume;104
63292;Puy-Saint-Gulmier;1
63293;Le Quartier;1
63294;Queuille;8
63295;Randan;46
63296;Ravel;10
63297;Reignat;10
63298;La Renaudie;2
63299;Rentières;3
63300;Riom;730
63301;Ris;11
63302;La Roche-Blanche;128
63303;Roche-Charles-la-Mayrand;4
63304;Roche-d'Agoux;2
63305;Rochefort-Montagne;38
63306;La Roche-Noire;16
63307;Romagnat;230
63308;Royat;99
63309;Saillant;13
63310;Sainte-Agathe;3
63311;Saint-Agoulin;7
63312;Saint-Alyre-d'Arlanc;10
63313;Saint-Alyre-ès-Montagne;6
63314;Saint-Amant-Roche-Savine;10
63315;Saint-Amant-Tallende;53
63317;Saint-André-le-Coq;10
63318;Saint-Angel;12
63319;Saint-Anthème;37
63320;Saint-Avit;18
63321;Saint-Babel;19
63322;Saint-Beauzire;96
63323;Saint-Bonnet-le-Bourg;4
63324;Saint-Bonnet-le-Chastel;5
63325;Saint-Bonnet-lès-Allier;3
63326;Saint-Bonnet-près-Orcival;14
63327;Saint-Bonnet-près-Riom;71
63328;Sainte-Catherine;3
63329;Sainte-Christine;1
63331;Saint-Clément-de-Valorgue;7
63332;Saint-Clément-de-Régnat;14
63333;Saint-Denis-Combarnazat;4
63334;Saint-Dier-d'Auvergne;13
63335;Saint-Diéry;32
63336;Saint-Donat;7
63337;Saint-Éloy-la-Glacière;1
63338;Saint-Éloy-les-Mines;101
63339;Saint-Étienne-des-Champs;2
63340;Saint-Étienne-sur-Usson;7
63341;Saint-Ferréol-des-Côtes;20
63342;Saint-Floret;7
63343;Saint-Flour-l'Étang;3
63344;Saint-Gal-sur-Sioule;4
63345;Saint-Genès-Champanelle;80
63346;Saint-Genès-Champespe;13
63347;Saint-Genès-du-Retz;14
63348;Saint-Genès-la-Tourette;7
63349;Saint-Georges-de-Mons;43
63350;Saint-Georges-sur-Allier;15
63351;Saint-Germain-près-Herment;3
63352;Saint-Germain-Lembron;75
63353;Saint-Germain-l'Herm;17
63354;Saint-Gervais-d'Auvergne;53
63355;Saint-Gervais-sous-Meymont;9
63356;Saint-Gervazy;7
63357;Saint-Hérent;2
63358;Saint-Hilaire-la-Croix;9
63359;Saint-Hilaire-les-Monges;3
63360;Saint-Hilaire;5
63362;Saint-Ignat;21
63363;Saint-Jacques-d'Ambur;8
63364;Saint-Jean-d'Heurs;13
63365;Saint-Jean-des-Ollières;14
63366;Saint-Jean-en-Val;7
63367;Saint-Jean-Saint-Gervais;1
63368;Saint-Julien-de-Coppel;22
63369;Saint-Julien-la-Geneste;2
63370;Saint-Julien-Puy-Lavèze;18
63371;Saint-Just;5
63372;Saint-Laure;7
63373;Saint-Maigner;9
63374;Saint-Martin-des-Olmes;5
63375;Saint-Martin-des-Plains;3
63376;Saint-Martin-d'Ollières;2
63377;Saint-Maurice-près-Pionsat;8
63378;Saint-Maurice;10
63379;Saint-Myon;9
63380;Saint-Nectaire;59
63381;Saint-Ours;39
63382;Saint-Pardoux;17
63383;Saint-Pierre-Colamine;13
63384;Saint-Pierre-la-Bourlhonne;4
63385;Saint-Pierre-le-Chastel;13
63386;Saint-Pierre-Roche;18
63387;Saint-Priest-Bramefant;17
63388;Saint-Priest-des-Champs;14
63389;Saint-Quentin-sur-Sauxillanges;6
63390;Saint-Quintin-sur-Sioule;10
63391;Saint-Rémy-de-Blot;7
63392;Saint-Rémy-de-Chargnat;22
63393;Saint-Rémy-sur-Durolle;54
63394;Saint-Romain;7
63395;Saint-Sandoux;13
63396;Saint-Saturnin;33
63397;Saint-Sauves-d'Auvergne;31
63398;Saint-Sauveur-la-Sagne;1
63399;Saint-Sulpice;3
63400;Saint-Sylvestre-Pragoulin;12
63401;Saint-Victor-la-Rivière;13
63402;Saint-Victor-Montvianeix;8
63403;Saint-Vincent;3
63404;Saint-Yvoine;5
63405;Sallèdes;5
63406;Sardon;5
63407;Saulzet-le-Froid;8
63408;Sauret-Besserve;2
63409;Saurier;5
63410;Sauvagnat;5
63411;Sauvagnat-Sainte-Marthe;14
63412;Sauvessanges;10
63413;La Sauvetat;11
63414;Sauviat;8
63415;Sauxillanges;45
63416;Savennes;3
63417;Sayat;39
63418;Sermentizon;8
63419;Servant;14
63420;Seychalles;9
63421;Singles;6
63422;Solignat;8
63423;Sugères;14
63424;Surat;8
63425;Tallende;31
63426;Tauves;44
63427;Teilhède;11
63428;Teilhet;4
63429;Ternant-les-Eaux;1
63430;Thiers;614
63431;Thiolières;2
63432;Thuret;13
63433;Tortebesse;2
63434;Tours-sur-Meymont;9
63435;Tourzel-Ronzières;3
63436;Tralaigues;3
63437;Trémouille-Saint-Loup;5
63438;Trézioux;11
63439;Usson;7
63440;Valbeleix;11
63441;Valcivières;6
63442;Valz-sous-Châteauneuf;3
63443;Varennes-sur-Morge;10
63444;Varennes-sur-Usson;6
63445;Vassel;5
63446;Vensat;17
63447;Vergheas;1
63448;Le Vernet-Chaméane;25
63449;Le Vernet-Sainte-Marguerite;18
63450;Verneugheol;6
63451;Vernines;17
63452;Verrières;3
63453;Vertaizon;72
63454;Vertolaye;27
63455;Veyre-Monton;116
63456;Vichel;2
63457;Vic-le-Comte;117
63458;Villeneuve;4
63459;Villeneuve-les-Cerfs;9
63460;Villossanges;17
63461;Vinzelles;8
63462;Virlet;6
63463;Viscomtat;18
63464;Vitrac;14
63465;Viverols;25
63466;Vodable;6
63467;Voingt;2
63468;Vollore-Montagne;9
63469;Vollore-Ville;20
63470;Volvic;105
63471;Youx;10
63472;Yronde-et-Buron;7
63473;Yssac-la-Tourette;5
64001;Aast;3
64002;Abère;2
64003;Abidos;17
64004;Abitain;6
64005;Abos;27
64006;Accous;22
64007;Agnos;15
64008;Ahaxe-Alciette-Bascassan;14
64009;Ahetze;43
64010;Aïcirits-Camou-Suhast;49
64011;Aincille;5
64012;Ainharp;3
64013;Ainhice-Mongelos;15
64014;Ainhoa;26
64015;Alçay-Alçabéhéty-Sunharette;5
64016;Aldudes;27
64017;Alos-Sibas-Abense;13
64018;Amendeuix-Oneix;28
64019;Amorots-Succos;7
64021;Andoins;16
64022;Andrein;3
64023;Angaïs;13
64024;Anglet;2080
64025;Angous;3
64026;Anhaux;6
64027;Anos;3
64028;Anoye;4
64029;Aramits;25
64031;Arancou;3
64032;Araujuzon;7
64033;Araux;3
64034;Arbérats-Sillègue;14
64035;Arbonne;92
64036;Arbouet-Sussaute;9
64037;Arbus;19
64038;Arcangues;117
64039;Aren;5
64040;Arette;53
64041;Aressy;23
64042;Argagnon;17
64043;Argelos;4
64044;Arget;1
64045;Arhansus;2
64046;Armendarits;14
64047;Arnéguy;5
64048;Arnos;4
64049;Aroue-Ithorots-Olhaïby;2
64050;Arrast-Larrebieu;2
64051;Arraute-Charritte;9
64052;Arricau-Bordes;3
64053;Arrien;5
64054;Arros-de-Nay;10
64056;Arrosès;10
64057;Arthez-de-Béarn;57
64058;Arthez-d'Asson;13
64059;Artigueloutan;25
64060;Artiguelouve;33
64061;Artix;164
64062;Arudy;103
64063;Arzacq-Arraziguet;87
64064;Asasp-Arros;16
64065;Ascain;159
64066;Ascarat;28
64067;Assat;76
64068;Asson;46
64069;Aste-Béon;10
64070;Astis;6
64071;Athos-Aspis;5
64072;Aubertin;14
64073;Aubin;11
64074;Aubous;1
64075;Audaux;12
64077;Auga;2
64078;Auriac;12
64079;Aurions-Idernes;10
64080;Aussevielle;7
64081;Aussurucq;5
64082;Auterrive;4
64083;Autevielle-Saint-Martin-Bideren;3
64084;Aydie;7
64085;Aydius;8
64086;Ayherre;44
64087;Baigts-de-Béarn;26
64088;Balansun;6
64089;Baleix;5
64090;Baliracq-Maumusson;1
64091;Baliros;8
64092;Banca;9
64093;Barcus;21
64094;Bardos;77
64095;Barinque;18
64096;Barraute-Camu;1
64097;Barzun;8
64098;Bassillon-Vauzé;3
64099;Bastanès;3
64100;Bassussarry;106
64101;Baudreix;10
64102;Bayonne;2740
64103;Bédeille;8
64104;Bedous;33
64105;Béguios;9
64106;Béhasque-Lapiste;16
64107;Béhorléguy;2
64108;Bellocq;19
64109;Bénéjacq;43
64110;Béost;8
64111;Bentayou-Sérée;3
64112;Bérenx;11
64113;Bergouey-Viellenave;6
64114;Bernadets;6
64115;Berrogain-Laruns;2
64116;Bescat;6
64117;Bésingrand;2
64118;Bétracq;2
64119;Beuste;7
64120;Beyrie-sur-Joyeuse;10
64121;Beyrie-en-Béarn;6
64122;Biarritz;2067
64123;Bidache;48
64124;Bidarray;33
64125;Bidart;525
64126;Bidos;33
64127;Bielle;17
64128;Bilhères;7
64129;Billère;324
64130;Biriatou;29
64131;Biron;23
64132;Bizanos;176
64133;Boeil-Bezing;29
64134;Bonloc;12
64135;Bonnut;13
64136;Borce;7
64137;Bordères;8
64138;Bordes;66
64139;Bosdarros;15
64140;Boucau;144
64141;Boueilh-Boueilho-Lasque;19
64142;Bougarber;22
64143;Bouillon;4
64144;Boumourt;3
64145;Bourdettes;13
64146;Bournos;10
64147;Briscous;71
64148;Bruges-Capbis-Mifaget;20
64149;Bugnein;7
64150;Bunus;6
64151;Burgaronne;2
64152;Buros;40
64153;Burosse-Mendousse;3
64154;Bussunarits-Sarrasquette;10
64155;Bustince-Iriberry;6
64156;Buziet;7
64157;Buzy;23
64158;Cabidos;5
64159;Cadillon;3
64160;Cambo-les-Bains;207
64161;Came;32
64162;Camou-Cihigue;4
64165;Cardesse;7
64166;Caro;4
64167;Carrère;4
64168;Carresse-Cassaber;22
64170;Castagnède;3
64171;Casteide-Cami;9
64172;Casteide-Candau;11
64173;Casteide-Doat;5
64174;Castéra-Loubix;1
64175;Castet;2
64176;Castetbon;2
64177;Castétis;18
64178;Castetnau-Camblong;23
64179;Castetner;4
64180;Castetpugon;9
64181;Castillon (Canton d'Arthez-de-Béarn);8
64182;Castillon (Canton de Lembeye);4
64183;Caubios-Loos;12
64184;Cescau;11
64185;Cette-Eygun;3
64186;Charre;7
64187;Charritte-de-Bas;5
64188;Chéraute;35
64189;Ciboure;258
64190;Claracq;4
64191;Coarraze;97
64192;Conchez-de-Béarn;2
64193;Corbère-Abères;7
64194;Coslédaà-Lube-Boast;17
64195;Coublucq;2
64196;Crouseilles;10
64197;Cuqueron;5
64198;Denguin;36
64199;Diusse;8
64200;Doazon;6
64201;Dognen;11
64202;Domezain-Berraute;12
64203;Doumy;8
64204;Eaux-Bonnes;78
64205;Escos;6
64206;Escot;3
64207;Escou;5
64208;Escoubès;16
64209;Escout;23
64210;Escurès;3
64211;Eslourenties-Daban;8
64212;Espéchède;6
64213;Espelette;125
64214;Espès-Undurein;9
64215;Espiute;3
64216;Espoey;33
64217;Esquiule;10
64218;Estérençuby;13
64219;Estialescq;4
64220;Estos;6
64221;Etcharry;8
64222;Etchebar;1
64223;Etsaut;5
64224;Eysus;5
64225;Ance Féas;11
64226;Fichous-Riumayou;5
64227;Gabaston;14
64228;Gabat;8
64229;Gamarthe;9
64230;Gan;122
64231;Garindein;4
64232;Garlède-Mondebat;8
64233;Garlin;81
64234;Garos;3
64235;Garris;7
64236;Gayon;5
64237;Gelos;73
64238;Ger;55
64239;Gerderest;4
64240;Gère-Bélesten;8
64241;Géronce;11
64242;Gestas;2
64243;Géus-d'Arzacq;4
64244;Geüs-d'Oloron;9
64245;Goès;13
64246;Gomer;9
64247;Gotein-Libarrenx;22
64249;Guéthary;75
64250;Guiche;30
64251;Guinarthe-Parenties;3
64252;Gurmençon;11
64253;Gurs;8
64254;Hagetaubin;11
64255;Halsou;7
64256;Hasparren;246
64257;Haut-de-Bosdarros;6
64258;Haux;2
64259;Hélette;40
64260;Hendaye;586
64261;Herrère;13
64262;Higuères-Souye;5
64263;L'Hôpital-d'Orion;2
64264;L'Hôpital-Saint-Blaise;3
64265;Hosta;1
64266;Hours;6
64267;Ibarrolle;2
64268;Idaux-Mendy;15
64269;Idron;158
64270;Igon;20
64271;Iholdy;20
64272;Ilharre;5
64273;Irissarry;30
64274;Irouléguy;21
64275;Ispoure;26
64276;Issor;6
64277;Isturits;8
64279;Itxassou;113
64280;Izeste;8
64281;Jasses;2
64282;Jatxou;24
64283;Jaxu;9
64284;Jurançon;203
64285;Juxue;6
64286;Laà-Mondrans;8
64287;Laàs;8
64288;Labastide-Cézéracq;21
64289;La Bastide-Clairence;42
64290;Labastide-Monréjeau;22
64291;Labastide-Villefranche;11
64292;Labatmale;9
64293;Labatut-Figuières;4
64294;Labets-Biscay;8
64295;Labeyrie;1
64296;Lacadée;3
64297;Lacarre;8
64298;Lacarry-Arhan-Charritte-de-Haut;4
64299;Lacommande;3
64300;Lacq;66
64301;Lagor;18
64302;Lagos;9
64303;Laguinge-Restoue;9
64304;Lahonce;113
64305;Lahontan;16
64306;Lahourcade;11
64307;Lalongue;5
64308;Lalonquette;6
64309;Lamayou;7
64310;Lanne-en-Barétous;18
64311;Lannecaube;5
64312;Lanneplaà;7
64313;Lantabat;8
64314;Larceveau-Arros-Cibits;26
64315;Laroin;30
64316;Larrau;9
64317;Larressore;63
64318;Larreule;5
64319;Larribar-Sorhapuru;4
64320;Laruns;98
64321;Lasclaveries;7
64322;Lasse;9
64323;Lasserre;3
64324;Lasseube;46
64325;Lasseubetat;5
64326;Lay-Lamidou;2
64327;Lecumberry;9
64328;Ledeuix;12
64329;Lée;22
64330;Lées-Athas;5
64331;Lembeye;45
64332;Lème;2
64334;Léren;4
64335;Lescar;548
64336;Lescun;12
64337;Lespielle;4
64338;Lespourcy;6
64339;Lestelle-Bétharram;24
64340;Lichans-Sunhar;4
64341;Lichos;6
64342;Licq-Athérey;9
64343;Limendous;6
64344;Livron;8
64345;Lohitzun-Oyhercq;8
64346;Lombia;6
64347;Lonçon;4
64348;Lons;702
64349;Loubieng;5
64350;Louhossoa;24
64351;Lourdios-Ichère;4
64352;Lourenties;6
64353;Louvie-Juzon;31
64354;Louvie-Soubiron;4
64355;Louvigny;3
64356;Luc-Armau;2
64357;Lucarré;2
64358;Lucgarier;12
64359;Lucq-de-Béarn;24
64360;Lurbe-Saint-Christau;6
64361;Lussagnet-Lusson;3
64362;Luxe-Sumberraute;9
64363;Lys;16
64364;Macaye;24
64365;Malaussanne;11
64366;Mascaraàs-Haron;3
64367;Maslacq;15
64368;Masparraute;4
64369;Maspie-Lalonquère-Juillacq;8
64370;Maucor;8
64371;Mauléon-Licharre;201
64372;Maure;3
64373;Mazères-Lezons;40
64374;Mazerolles;48
64375;Méharin;6
64376;Meillon;25
64377;Mendionde;31
64378;Menditte;4
64379;Mendive;5
64380;Méracq;7
64381;Méritein;7
64382;Mesplède;6
64383;Mialos;3
64385;Miossens-Lanusse;11
64386;Mirepeix;21
64387;Momas;11
64388;Momy;2
64389;Monassut-Audiracq;12
64390;Moncaup;4
64391;Moncayolle-Larrory-Mendibieu;6
64392;Moncla;3
64393;Monein;127
64394;Monpezat;3
64395;Monségur;4
64396;Mont;40
64397;Montagut;3
64398;Montaner;13
64399;Montardon;83
64400;Montaut;17
64401;Mont-Disse;5
64403;Montfort;4
64404;Montory;6
64405;Morlaàs;257
64406;Morlanne;21
64407;Mouguerre;186
64408;Mouhous;2
64409;Moumour;21
64410;Mourenx;181
64411;Musculdy;7
64412;Nabas;2
64413;Narcastet;18
64414;Narp;3
64415;Navailles-Angos;20
64416;Navarrenx;68
64417;Nay;154
64418;Noguères;7
64419;Nousty;71
64420;Ogenne-Camptort;8
64421;Ogeu-les-Bains;44
64422;Oloron-Sainte-Marie;537
64423;Oraàs;5
64424;Ordiarp;17
64425;Orègue;12
64426;Orin;20
64427;Orion;4
64428;Orriule;8
64429;Orsanco;1
64430;Orthez;524
64431;Os-Marsillon;17
64432;Ossas-Suhare;3
64433;Osse-en-Aspe;12
64434;Ossenx;1
64435;Osserain-Rivareyte;6
64436;Ossès;43
64437;Ostabat-Asme;18
64438;Ouillon;9
64439;Ousse;26
64440;Ozenx-Montestrucq;11
64441;Pagolle;6
64442;Parbayse;6
64443;Pardies;36
64444;Pardies-Piétat;5
64445;Pau;3369
64446;Peyrelongue-Abos;6
64447;Piets-Plasence-Moustrou;4
64448;Poey-de-Lescar;48
64449;Poey-d'Oloron;2
64450;Pomps;12
64451;Ponson-Debat-Pouts;2
64452;Ponson-Dessus;17
64453;Pontacq;67
64454;Pontiacq-Viellepinte;11
64455;Portet;2
64456;Pouliacq;4
64457;Poursiugues-Boucoue;10
64458;Préchacq-Josbaig;7
64459;Préchacq-Navarrenx;5
64460;Précilhon;9
64461;Puyoô;40
64462;Ramous;6
64463;Rébénacq;19
64464;Ribarrouy;4
64465;Riupeyrous;5
64466;Rivehaute;10
64467;Rontignon;11
64468;Roquiague;2
64469;Saint-Abit;7
64470;Saint-Armou;18
64471;Saint-Boès;8
64472;Saint-Castin;15
64473;Sainte-Colome;6
64474;Saint-Dos;4
64475;Sainte-Engrâce;6
64476;Saint-Esteben;12
64477;Saint-Étienne-de-Baïgorry;88
64478;Saint-Faust;18
64479;Saint-Girons-en-Béarn;5
64480;Saint-Gladie-Arrive-Munein;10
64481;Saint-Goin;5
64482;Saint-Jammes;9
64483;Saint-Jean-de-Luz;1115
64484;Saint-Jean-le-Vieux;46
64485;Saint-Jean-Pied-de-Port;167
64486;Saint-Jean-Poudge;4
64487;Saint-Just-Ibarre;10
64488;Saint-Laurent-Bretagne;11
64489;Saint-Martin-d'Arberoue;16
64490;Saint-Martin-d'Arrossa;19
64491;Saint-Médard;3
64492;Saint-Michel;9
64493;Saint-Palais;201
64494;Saint-Pé-de-Léren;7
64495;Saint-Pée-sur-Nivelle;217
64496;Saint-Pierre-d'Irube;242
64498;Saint-Vincent;10
64499;Salies-de-Béarn;183
64500;Salles-Mongiscard;11
64501;Sallespisse;10
64502;Sames;14
64503;Samsons-Lion;5
64504;Sare;94
64505;Sarpourenx;3
64506;Sarrance;9
64507;Saubole;1
64508;Saucède;9
64509;Sauguis-Saint-Étienne;3
64510;Sault-de-Navailles;28
64511;Sauvagnon;108
64512;Sauvelade;10
64513;Sauveterre-de-Béarn;64
64514;Séby;6
64515;Sedze-Maubecq;6
64516;Sedzère;9
64517;Séméacq-Blachon;4
64518;Sendets;18
64519;Serres-Castet;360
64520;Serres-Morlaàs;18
64521;Serres-Sainte-Marie;4
64522;Sévignacq-Meyracq;16
64523;Sévignacq;24
64524;Simacourbe;8
64525;Siros;5
64526;Soumoulou;73
64527;Souraïde;58
64528;Suhescun;7
64529;Sus;6
64530;Susmiou;24
64531;Tabaille-Usquain;1
64532;Tadousse-Ussau;1
64533;Tardets-Sorholus;42
64534;Taron-Sadirac-Viellenave;3
64535;Tarsacq;11
64536;Thèze;27
64537;Trois-Villes;4
64538;Uhart-Cize;41
64539;Uhart-Mixe;7
64540;Urcuit;50
64542;Urdos;5
64543;Urepel;15
64544;Urost;5
64545;Urrugne;388
64546;Urt;72
64547;Ustaritz;209
64548;Uzan;4
64549;Uzein;33
64550;Uzos;29
64551;Verdets;4
64552;Vialer;2
64554;Viellenave-d'Arthez;10
64555;Viellenave-de-Navarrenx;2
64556;Vielleségure;4
64557;Vignes;15
64558;Villefranque;100
64559;Viodos-Abense-de-Bas;27
64560;Viven;2
65001;Adast;5
65002;Adé;29
65003;Adervielle-Pouchergues;9
65004;Agos-Vidalos;22
65005;Allier;13
65006;Ancizan;17
65007;Andrest;31
65009;Anères;3
65010;Angos;9
65011;Les Angles;2
65012;Anla;4
65013;Ansost;2
65014;Antichan;1
65015;Antin;3
65016;Antist;4
65017;Aragnouet;36
65018;Arbéost;7
65019;Arcizac-Adour;14
65020;Arcizac-ez-Angles;5
65021;Arcizans-Avant;8
65022;Arcizans-Dessus;3
65023;Ardengost;1
65024;Argelès-Bagnères;2
65025;Argelès-Gazost;175
65026;Aries-Espénan;4
65028;Arné;5
65029;Arras-en-Lavedan;14
65031;Arreau;82
65032;Arrens-Marsous;48
65033;Arrodets-ez-Angles;1
65034;Arrodets;1
65035;Artagnan;8
65036;Artalens-Souin;2
65037;Artiguemy;3
65038;Artigues;1
65039;Aspin-Aure;1
65040;Aspin-en-Lavedan;3
65041;Asque;8
65042;Asté;11
65043;Astugue;2
65044;Aubarède;6
65045;Aucun;9
65046;Aulon;6
65047;Aureilhan;123
65048;Aurensan;10
65049;Auriébat;6
65050;Avajan;5
65051;Aventignan;6
65052;Averan;3
65053;Aveux;1
65054;Avezac-Prat-Lahitte;9
65055;Ayros-Arbouix;10
65056;Ayzac-Ost;22
65057;Azereix;18
65058;Azet;4
65059;Bagnères-de-Bigorre;400
65060;Banios;2
65061;Barbachen;2
65062;Barbazan-Debat;55
65063;Barbazan-Dessus;6
65064;Bareilles;3
65065;Barlest;6
65066;Barrancoueu;2
65067;Barry;1
65068;Barthe;1
65069;La Barthe-de-Neste;34
65070;Bartrès;9
65071;Batsère;2
65072;Bazet;49
65073;Bazillac;3
65074;Bazordan;2
65075;Bazus-Aure;4
65076;Bazus-Neste;2
65077;Beaucens;20
65078;Beaudéan;14
65079;Bégole;3
65080;Bénac;19
65081;Benqué-Molère;2
65082;Berbérust-Lias;2
65083;Bernac-Debat;9
65084;Bernac-Dessus;3
65085;Bernadets-Debat;3
65086;Bernadets-Dessus;3
65087;Bertren;4
65088;Betbèze;1
65089;Betpouey;2
65090;Betpouy;2
65091;Bettes;1
65092;Beyrède-Jumet-Camous;7
65093;Bize;3
65094;Bizous;4
65095;Bonnefont;8
65096;Bonnemazon;3
65097;Bonrepos;3
65098;Boô-Silhen;7
65099;Bordères-Louron;10
65100;Bordères-sur-l'Échez;128
65101;Bordes;17
65102;Bouilh-Devant;3
65103;Bouilh-Péreuilh;1
65104;Boulin;6
65105;Bourg-de-Bigorre;4
65106;Bourisp;9
65107;Bourréac;2
65108;Bours;18
65109;Bramevaque;1
65110;Bugard;3
65111;Bulan;0
65112;Bun;4
65113;Burg;5
65114;Buzon;6
65115;Cabanac;5
65116;Cadéac;10
65117;Cadeilhan-Trachère;2
65118;Caharet;1
65119;Caixon;5
65120;Calavanté;4
65121;Camalès;7
65123;Campan;52
65124;Camparan;2
65125;Campistrous;10
65126;Campuzan;6
65127;Capvern;62
65128;Castelbajac;3
65129;Castelnau-Magnoac;54
65130;Castelnau-Rivière-Basse;10
65131;Castelvieilh;5
65132;Castéra-Lanusse;1
65133;Castéra-Lou;3
65134;Casterets;0
65135;Castillon;1
65136;Caubous;1
65137;Caussade-Rivière;2
65138;Cauterets;148
65139;Cazarilh;2
65140;Cazaux-Debat;1
65141;Cazaux-Fréchet-Anéran-Camors;2
65142;Chelle-Debat;3
65143;Chelle-Spou;2
65144;Cheust;1
65145;Chèze;1
65146;Chis;8
65147;Cieutat;13
65148;Cizos;8
65149;Clarac;3
65150;Clarens;6
65151;Collongues;4
65153;Coussan;5
65154;Créchets;3
65155;Devèze;2
65156;Dours;3
65157;Ens;3
65158;Esbareich;1
65159;Escala;5
65160;Escaunets;7
65161;Escondeaux;5
65162;Esconnets;1
65163;Escots;3
65164;Escoubès-Pouts;2
65165;Esparros;4
65166;Espèche;1
65167;Espieilh;2
65168;Esquièze-Sère;35
65169;Estaing;8
65170;Estampures;2
65171;Estarvielle;2
65172;Estensan;2
65173;Esterre;8
65174;Estirac;2
65175;Ferrère;2
65176;Ferrières;3
65177;Fontrailles;4
65178;Fréchède;2
65179;Fréchendets;1
65180;Fréchet-Aure;0
65181;Fréchou-Fréchet;0
65182;Gaillagos;3
65183;Galan;23
65184;Galez;4
65185;Gardères;17
65186;Gaudent;3
65187;Gaussan;3
65189;Gayan;3
65190;Gazave;2
65191;Gazost;5
65192;Gavarnie-Gèdre;46
65193;Gembrie;2
65194;Générest;2
65195;Génos;20
65196;Gensac;1
65197;Ger;9
65198;Gerde;13
65199;Germ;33
65200;Germs-sur-l'Oussouet;2
65201;Geu;5
65202;Gez;7
65203;Gez-ez-Angles;0
65204;Gonez;0
65205;Gouaux;4
65206;Goudon;3
65207;Gourgue;1
65208;Grailhen;2
65209;Grézian;4
65210;Grust;1
65211;Guchan;4
65212;Guchen;12
65213;Guizerix;7
65214;Hachan;2
65215;Hagedet;2
65216;Hauban;1
65217;Hautaget;2
65218;Hèches;13
65219;Hères;3
65220;Hibarette;4
65221;Hiis;4
65222;Hitte;1
65223;Horgues;23
65224;Houeydets;5
65225;Hourc;4
65226;Ibos;314
65228;Ilhet;3
65229;Ilheu;1
65230;Izaourt;10
65231;Izaux;5
65232;Jacque;3
65233;Jarret;7
65234;Jézeau;9
65235;Juillan;144
65236;Julos;5
65237;Juncalas;4
65238;Labassère;3
65239;Labastide;1
65240;Labatut-Rivière;7
65241;Laborde;2
65242;Lacassagne;5
65243;Lafitole;11
65244;Lagarde;5
65245;Lagrange;4
65247;Arrayou-Lahitte;3
65248;Lahitte-Toupière;7
65249;Lalanne;1
65250;Lalanne-Trie;28
65251;Laloubère;68
65252;Lamarque-Pontacq;20
65253;Lamarque-Rustaing;1
65254;Laméac;6
65255;Lançon;2
65256;Lanespède;2
65257;Lanne;30
65258;Lannemezan;307
65259;Lansac;11
65260;Lapeyre;1
65261;Laran;2
65262;Larreule;9
65263;Larroque;3
65264;Lascazères;7
65265;Laslades;9
65266;Lassales;1
65267;Lau-Balagnas;16
65268;Layrisse;9
65269;Lescurry;5
65270;Lespouey;4
65271;Lézignan;8
65272;Lhez;1
65273;Liac;3
65274;Libaros;6
65275;Lies;2
65276;Lizos;1
65277;Lombrès;3
65278;Lomné;1
65279;Lortet;7
65280;Loubajac;11
65281;Loucrup;4
65282;Loudenvielle;44
65283;Loudervielle;6
65284;Louey;25
65285;Louit;2
65286;Lourdes;898
65287;Loures-Barousse;27
65288;Lubret-Saint-Luc;1
65289;Luby-Betmont;7
65290;Luc;6
65291;Lugagnan;6
65292;Luquet;7
65293;Lustar;4
65294;Lutilhous;5
65295;Luz-Saint-Sauveur;91
65296;Madiran;18
65297;Mansan;3
65298;Marquerie;0
65299;Marsac;5
65300;Marsas;1
65301;Marseillan;1
65303;Mascaras;8
65304;Maubourguet;99
65305;Mauléon-Barousse;7
65306;Mauvezin;5
65307;Mazères-de-Neste;5
65308;Mazerolles;3
65309;Mazouau;2
65310;Mérilheu;4
65311;Mingot;1
65313;Momères;20
65314;Monfaucon;4
65315;Monléon-Magnoac;19
65316;Monlong;3
65317;Mont;1
65318;Montastruc;8
65319;Montégut;5
65320;Montgaillard;14
65321;Montignac;1
65322;Montoussé;4
65323;Montsérié;2
65324;Moulédous;6
65325;Moumoulous;2
65326;Mun;2
65327;Nestier;3
65328;Neuilh;1
65329;Nistos;5
65330;Nouilhan;5
65331;Odos;98
65332;Oléac-Debat;4
65333;Oléac-Dessus;1
65334;Omex;4
65335;Ordizan;8
65336;Organ;0
65337;Orieux;3
65338;Orignac;4
65339;Orincles;6
65340;Orleix;56
65341;Oroix;11
65342;Osmets;1
65343;Ossen;4
65344;Ossun;31
65345;Ossun-ez-Angles;0
65346;Oueilloux;4
65347;Ourde;1
65348;Ourdis-Cotdoussan;1
65349;Ourdon;0
65350;Oursbelille;20
65351;Ousté;1
65352;Ouzous;5
65353;Ozon;6
65354;Pailhac;1
65355;Paréac;2
65356;Péré;2
65357;Peyraube;5
65358;Peyret-Saint-André;5
65359;Peyriguère;2
65360;Peyrouse;11
65361;Peyrun;4
65362;Pierrefitte-Nestalas;37
65363;Pinas;4
65364;Pintac;1
65366;Poueyferré;14
65367;Poumarous;2
65368;Pouy;0
65369;Pouyastruc;17
65370;Pouzac;39
65371;Préchac;8
65372;Pujo;10
65373;Puntous;3
65374;Puydarrieux;7
65375;Rabastens-de-Bigorre;58
65376;Recurt;4
65377;Réjaumont;2
65378;Ricaud;2
65379;Ris;0
65380;Sabalos;2
65381;Sabarros;2
65382;Sacoué;2
65383;Sadournin;5
65384;Sailhan;6
65385;Saint-Arroman;1
65386;Saint-Créac;3
65387;Saint-Lanne;5
65388;Saint-Lary-Soulan;178
65389;Saint-Laurent-de-Neste;36
65390;Saint-Lézer;6
65391;Sainte-Marie;2
65392;Saint-Martin;12
65393;Saint-Pastous;3
65394;Saint-Paul;3
65395;Saint-Pé-de-Bigorre;36
65396;Saint-Savin;9
65397;Saint-Sever-de-Rustan;10
65398;Saléchan;4
65399;Saligos;7
65400;Salles;6
65401;Salles-Adour;11
65402;Samuran;2
65403;Sanous;1
65404;Sariac-Magnoac;2
65405;Sarlabous;3
65406;Sarniguet;8
65407;Sarp;8
65408;Sarrancolin;22
65409;Sarriac-Bigorre;6
65410;Sarrouilles;9
65411;Sassis;7
65412;Sauveterre;6
65413;Sazos;6
65414;Ségalas;6
65415;Ségus;7
65416;Seich;1
65417;Séméac;182
65418;Sénac;13
65419;Sentous;2
65420;Sère-en-Lavedan;2
65421;Sère-Lanso;2
65422;Séron;9
65423;Sère-Rustaing;8
65424;Sers;3
65425;Siarrouy;6
65426;Sinzos;5
65427;Siradan;9
65428;Sireix;2
65429;Sombrun;5
65430;Soréac;1
65431;Sost;3
65432;Soublecause;6
65433;Soues;42
65435;Soulom;23
65436;Souyeaux;7
65437;Tajan;4
65438;Talazac;2
65439;Tarasteix;5
65440;Tarbes;1862
65441;Thèbe;1
65442;Thermes-Magnoac;6
65443;Thuy;1
65444;Tibiran-Jaunac;9
65445;Tilhouse;4
65446;Tostat;11
65447;Tournay;66
65448;Tournous-Darré;1
65449;Tournous-Devant;5
65450;Tramezaïgues;4
65451;Trébons;9
65452;Trie-sur-Baïse;73
65453;Troubat;4
65454;Trouley-Labarthe;5
65455;Tuzaguet;9
65456;Uglas;6
65457;Ugnouas;4
65458;Uz;2
65459;Uzer;1
65460;Vic-en-Bigorre;196
65461;Vidou;5
65462;Vidouze;5
65463;Viella;6
65464;Vielle-Adour;6
65465;Vielle-Aure;26
65466;Vielle-Louron;1
65467;Vier-Bordes;2
65468;Vieuzos;2
65469;Viey;1
65470;Viger;3
65471;Vignec;17
65472;Villefranque;3
65473;Villelongue;7
65474;Villembits;7
65475;Villemur;2
65476;Villenave-près-Béarn;1
65477;Villenave-près-Marsac;3
65478;Viscos;3
65479;Visker;3
65481;Barèges;47
65482;Cantaous;13
66001;L'Albère;3
66002;Alénya;90
66003;Amélie-les-Bains-Palalda;128
66004;Les Angles;100
66005;Angoustrine-Villeneuve-des-Escaldes;9
66006;Ansignan;3
66007;Arboussols;3
66008;Argelès-sur-Mer;900
66009;Arles-sur-Tech;63
66010;Ayguatébia-Talau;3
66011;Bages;87
66012;Baho;59
66013;Baillestavy;2
66014;Baixas;52
66015;Banyuls-dels-Aspres;38
66016;Banyuls-sur-Mer;190
66017;Le Barcarès;278
66018;La Bastide;3
66019;Bélesta;10
66020;Bolquère;64
66021;Bompas;136
66022;Boule-d'Amont;1
66023;Bouleternère;20
66024;Le Boulou;236
66025;Bourg-Madame;71
66026;Brouilla;29
66027;La Cabanasse;25
66028;Cabestany;526
66029;Caixas;5
66030;Calce;13
66032;Calmeilles;3
66033;Camélas;19
66034;Campôme;3
66035;Campoussy;2
66036;Canaveilles;3
66037;Canet-en-Roussillon;600
66038;Canohès;124
66039;Caramany;4
66040;Casefabre;2
66041;Cases-de-Pène;23
66042;Cassagnes;7
66043;Casteil;14
66044;Castelnou;14
66045;Catllar;11
66046;Caudiès-de-Fenouillèdes;16
66047;Caudiès-de-Conflent;1
66048;Cerbère;45
66049;Céret;328
66050;Claira;217
66051;Clara-Villerach;4
66052;Codalet;5
66053;Collioure;236
66054;Conat;1
66055;Corbère;26
66056;Corbère-les-Cabanes;20
66057;Corneilla-de-Conflent;13
66058;Corneilla-la-Rivière;41
66059;Corneilla-del-Vercol;50
66060;Corsavy;9
66061;Coustouges;3
66062;Dorres;7
66063;Les Cluses;4
66064;Égat;33
66065;Elne;379
66066;Enveitg;26
66067;Err;34
66068;Escaro;3
66069;Espira-de-l'Agly;56
66070;Espira-de-Conflent;5
66071;Estagel;63
66072;Estavar;16
66073;Estoher;3
66074;Eus;22
66075;Eyne;13
66076;Feilluns;2
66077;Fenouillet;3
66078;Fillols;5
66079;Finestret;6
66080;Fontpédrouse;6
66081;Fontrabiouse;8
66082;Formiguères;32
66083;Fosse;3
66084;Fourques;22
66085;Fuilla;5
66086;Glorianes;1
66088;Ille-sur-Têt;194
66089;Joch;7
66090;Jujols;1
66091;Lamanère;1
66092;Lansac;2
66093;Laroque-des-Albères;72
66094;Latour-Bas-Elne;80
66095;Latour-de-Carol;18
66096;Latour-de-France;25
66097;Lesquerde;2
66098;La Llagonne;25
66099;Llauro;3
66100;Llo;7
66101;Llupia;41
66102;Mantet;4
66103;Marquixanes;15
66104;Los Masos;20
66105;Matemale;27
66106;Maureillas-las-Illas;48
66107;Maury;40
66108;Millas;104
66109;Molitg-les-Bains;11
66111;Montalba-le-Château;3
66112;Montauriol;11
66113;Montbolo;7
66114;Montescot;27
66115;Montesquieu-des-Albères;17
66116;Montferrer;3
66117;Mont-Louis;18
66118;Montner;8
66119;Mosset;11
66120;Nahuja;2
66121;Néfiach;34
66122;Nohèdes;5
66123;Nyer;8
66124;Font-Romeu-Odeillo-Via;194
66125;Olette;17
66126;Oms;15
66127;Opoul-Périllos;15
66128;Oreilla;1
66129;Ortaffa;28
66130;Osséja;39
66132;Palau-de-Cerdagne;8
66133;Palau-del-Vidre;81
66134;Passa;16
66136;Perpignan;5723
66137;Le Perthus;23
66138;Peyrestortes;36
66139;Pézilla-de-Conflent;1
66140;Pézilla-la-Rivière;76
66141;Pia;279
66142;Planès;3
66143;Planèzes;2
66144;Pollestres;161
66145;Ponteilla;50
66146;Porta;9
66147;Porté-Puymorens;15
66148;Port-Vendres;140
66149;Prades;289
66150;Prats-de-Mollo-la-Preste;42
66151;Prats-de-Sournia;3
66152;Prugnanes;3
66153;Prunet-et-Belpuig;1
66154;Puyvalador;4
66155;Py;3
66156;Rabouillet;5
66157;Railleu;1
66158;Rasiguères;6
66159;Réal;3
66160;Reynès;24
66161;Ria-Sirach;22
66162;Rigarda;7
66164;Rivesaltes;532
66165;Rodès;12
66166;Sahorre;13
66167;Saillagouse;81
66168;Saint-André;80
66169;Saint-Arnac;2
66170;Sainte-Colombe-de-la-Commanderie;5
66171;Saint-Cyprien;476
66172;Saint-Estève;392
66173;Saint-Féliu-d'Amont;16
66174;Saint-Féliu-d'Avall;75
66175;Saint-Génis-des-Fontaines;95
66176;Saint-Hippolyte;55
66177;Saint-Jean-Lasseille;16
66178;Saint-Jean-Pla-de-Corts;53
66179;Saint-Laurent-de-Cerdans;28
66180;Saint-Laurent-de-la-Salanque;196
66181;Sainte-Léocadie;5
66182;Sainte-Marie-la-Mer;147
66183;Saint-Marsal;4
66184;Saint-Martin-de-Fenouillet;3
66185;Saint-Michel-de-Llotes;2
66186;Saint-Nazaire;70
66187;Saint-Paul-de-Fenouillet;76
66188;Saint-Pierre-dels-Forcats;17
66189;Saleilles;177
66190;Salses-le-Château;67
66191;Sansa;1
66192;Sauto;2
66193;Serdinya;9
66194;Serralongue;8
66195;Le Soler;236
66196;Sorède;70
66197;Souanyas;1
66198;Sournia;19
66199;Taillet;1
66201;Tarerach;6
66202;Targasonne;12
66203;Taulis;1
66204;Taurinya;8
66205;Tautavel;39
66206;Le Tech;4
66207;Terrats;11
66208;Théza;53
66209;Thuès-Entre-Valls;2
66210;Thuir;291
66211;Tordères;6
66212;Torreilles;138
66213;Toulouges;294
66214;Tresserre;14
66215;Trévillach;4
66216;Trilla;2
66217;Trouillas;59
66218;Ur;17
66219;Urbanya;1
66220;Valcebollère;3
66221;Valmanya;1
66222;Vernet-les-Bains;43
66223;Villefranche-de-Conflent;35
66224;Villelongue-de-la-Salanque;52
66225;Villelongue-dels-Monts;44
66226;Villemolaque;22
66227;Villeneuve-de-la-Raho;118
66228;Villeneuve-la-Rivière;15
66230;Vinça;58
66231;Vingrau;11
66232;Vira;1
66233;Vivès;4
66234;Le Vivier;5
67001;Achenheim;67
67002;Adamswiller;14
67003;Albé;13
67004;Sommerau;36
67005;Alteckendorf;16
67006;Altenheim;9
67008;Altorf;58
67009;Altwiller;11
67010;Andlau;64
67011;Artolsheim;16
67012;Aschbach;14
67013;Asswiller;5
67016;Avolsheim;17
67017;Baerendorf;14
67018;Balbronn;20
67019;Baldenheim;34
67020;Barembach;16
67021;Barr;256
67022;Bassemberg;8
67023;Batzendorf;27
67025;Beinheim;69
67026;Bellefosse;8
67027;Belmont;12
67028;Benfeld;226
67029;Berg;9
67030;Bergbieten;17
67031;Bernardswiller;53
67032;Bernardvillé;10
67033;Bernolsheim;70
67034;Berstett;52
67035;Berstheim;15
67036;Bettwiller;3
67037;Biblisheim;8
67038;Bietlenheim;7
67039;Bilwisheim;13
67040;Bindernheim;33
67043;Bischheim;455
67044;Bischholtz;4
67045;Bischoffsheim;121
67046;Bischwiller;313
67047;Bissert;3
67048;Bitschhoffen;17
67049;Blaesheim;33
67050;Blancherupt;1
67051;Blienschwiller;26
67052;Bœrsch;71
67053;Bœsenbiesen;9
67054;Bolsenheim;12
67055;Boofzheim;42
67056;Bootzheim;10
67057;Bosselshausen;7
67058;Bossendorf;8
67059;Bourg-Bruche;8
67060;Bourgheim;13
67061;Bouxwiller;147
67062;Breitenau;8
67063;Breitenbach;18
67065;Breuschwickersheim;41
67066;La Broque;64
67067;Brumath;385
67068;Buswiller;8
67069;Buhl;15
67070;Burbach;6
67071;Bust;10
67072;Butten;13
67073;Châtenois;132
67074;Cleebourg;9
67075;Climbach;9
67076;Colroy-la-Roche;12
67077;Cosswiller;17
67078;Crastatt;9
67079;Crœttwiller;3
67080;Dachstein;45
67081;Dahlenheim;15
67082;Dalhunden;13
67083;Dambach;10
67084;Dambach-la-Ville;99
67085;Dangolsheim;21
67086;Daubensand;6
67087;Dauendorf;32
67088;Dehlingen;7
67089;Dettwiller;70
67090;Diebolsheim;12
67091;Diedendorf;12
67092;Dieffenbach-au-Val;14
67093;Dieffenbach-lès-Wœrth;6
67094;Dieffenthal;4
67095;Diemeringen;99
67096;Dimbsthal;8
67097;Dingsheim;35
67098;Dinsheim-sur-Bruche;37
67099;Domfessel;8
67100;Donnenheim;9
67101;Dorlisheim;150
67102;Dossenheim-Kochersberg;7
67103;Dossenheim-sur-Zinsel;32
67104;Drachenbronn-Birlenbach;22
67105;Drulingen;81
67106;Drusenheim;117
67107;Duntzenheim;20
67108;Duppigheim;102
67109;Durningen;15
67110;Durrenbach;32
67111;Durstel;8
67112;Duttlenheim;122
67113;Eberbach-Seltz;4
67115;Ebersheim;52
67116;Ebersmunster;11
67117;Eckartswiller;12
67118;Eckbolsheim;344
67119;Eckwersheim;37
67120;Eichhoffen;16
67121;Elsenheim;12
67122;Wangenbourg-Engenthal;37
67123;Engwiller;11
67124;Entzheim;424
67125;Epfig;97
67126;Erckartswiller;7
67127;Ergersheim;31
67128;Ernolsheim-Bruche;58
67129;Ernolsheim-lès-Saverne;14
67130;Erstein;420
67131;Eschau;162
67132;Eschbach;37
67133;Eschbourg;10
67134;Eschwiller;4
67135;Ettendorf;16
67136;Eywiller;10
67137;Fegersheim;179
67138;Fessenheim-le-Bas;20
67139;Flexbourg;9
67140;Forstfeld;14
67141;Forstheim;15
67142;Fort-Louis;12
67143;Fouchy;17
67144;Fouday;5
67145;Friedolsheim;13
67146;Friesenheim;11
67147;Frœschwiller;8
67148;Frohmuhl;3
67149;Furchhausen;7
67150;Furdenheim;54
67151;Gambsheim;110
67152;Geispolsheim;516
67153;Geiswiller-Zœbersdorf;9
67154;Gerstheim;79
67155;Gertwiller;45
67156;Geudertheim;90
67159;Gœrlingen;4
67160;Gœrsdorf;14
67161;Gottenhouse;6
67162;Gottesheim;9
67163;Gougenheim;17
67164;Goxwiller;48
67165;Grandfontaine;10
67166;Grassendorf;3
67167;Grendelbruch;23
67168;Gresswiller;29
67169;Gries;80
67172;Griesheim-près-Molsheim;58
67173;Griesheim-sur-Souffel;32
67174;Gumbrechtshoffen;16
67176;Gundershoffen;117
67177;Gunstett;7
67178;Gungwiller;4
67179;Haegen;11
67180;Haguenau;1586
67181;Handschuheim;10
67182;Hangenbieten;64
67183;Harskirchen;16
67184;Hatten;62
67185;Hattmatt;17
67186;Hegeney;6
67187;Heidolsheim;13
67188;Heiligenberg;21
67189;Heiligenstein;28
67190;Hengwiller;8
67191;Herbitzheim;34
67192;Herbsheim;22
67194;Herrlisheim;127
67195;Hessenheim;9
67196;Hilsenheim;72
67197;Hindisheim;59
67198;Hinsbourg;3
67199;Hinsingen;8
67200;Hipsheim;14
67201;Hirschland;9
67202;Hochfelden;157
67203;Hochstett;6
67204;Hœnheim;293
67205;Hœrdt;380
67206;Hoffen;26
67208;Hohengœft;13
67209;Hohfrankenheim;10
67210;Le Hohwald;31
67212;Holtzheim;134
67213;Hunspach;21
67214;Hurtigheim;32
67215;Huttendorf;12
67216;Huttenheim;48
67217;Ichtratzheim;8
67218;Illkirch-Graffenstaden;1032
67220;Ingenheim;9
67221;Ingolsheim;10
67222;Ingwiller;215
67223;Innenheim;37
67225;Issenhausen;2
67226;Ittenheim;79
67227;Itterswiller;16
67228;Neugartheim-Ittlenheim;19
67229;Jetterswiller;12
67230;Kaltenhouse;52
67231;Kauffenheim;4
67232;Keffenach;3
67233;Kertzfeld;20
67234;Keskastel;49
67235;Kesseldorf;4
67236;Kienheim;19
67237;Kilstett;82
67238;Kindwiller;16
67239;Kintzheim;51
67240;Kirchheim;23
67241;Kirrberg;6
67242;Kirrwiller;13
67244;Kleingœft;6
67245;Knœrsheim;7
67246;Kogenheim;21
67247;Kolbsheim;14
67248;Krautergersheim;64
67249;Krautwiller;7
67250;Kriegsheim;26
67252;Kurtzenhouse;16
67253;Kuttolsheim;16
67254;Kutzenhausen;19
67255;Lalaye;9
67256;Lampertheim;103
67257;Lampertsloch;15
67258;Landersheim;14
67259;Langensoultzbach;10
67260;Laubach;7
67261;Lauterbourg;66
67263;Lembach;59
67264;Leutenheim;14
67265;Lichtenberg;15
67266;Limersheim;11
67267;Lingolsheim;381
67268;Lipsheim;45
67269;Littenheim;9
67270;Lixhausen;8
67271;Lobsann;8
67272;Lochwiller;5
67273;Lohr;11
67274;Lorentzen;8
67275;Lupstein;19
67276;Lutzelhouse;39
67277;Mackenheim;12
67278;Mackwiller;8
67279;Maennolsheim;14
67280;Maisonsgoutte;15
67281;Marckolsheim;165
67282;Marlenheim;203
67283;Marmoutier;94
67285;Matzenheim;37
67286;Meistratzheim;41
67287;Melsheim;13
67288;Memmelshoffen;4
67289;Menchhoffen;14
67290;Merkwiller-Pechelbronn;21
67291;Mertzwiller;82
67292;Mietesheim;19
67293;Minversheim;12
67295;Mittelbergheim;33
67296;Mittelhausbergen;52
67298;Mittelschaeffolsheim;23
67299;Mollkirch;18
67300;Molsheim;479
67301;Mommenheim;104
67302;Monswiller;124
67303;Morsbronn-les-Bains;20
67304;Morschwiller;25
67305;Mothern;37
67306;Muhlbach-sur-Bruche;23
67307;Mulhausen;9
67308;Munchhausen;11
67309;Mundolsheim;389
67310;Mussig;31
67311;Muttersholtz;54
67312;Mutzenhouse;5
67313;Mutzig;188
67314;Natzwiller;7
67315;Neewiller-près-Lauterbourg;9
67317;Neubois;7
67319;Neuhaeusel;6
67320;Neuve-Église;38
67321;Neuviller-la-Roche;13
67322;Neuwiller-lès-Saverne;32
67324;Niederbronn-les-Bains;154
67325;Niederhaslach;29
67326;Niederhausbergen;56
67327;Niederlauterbach;23
67328;Niedermodern;53
67329;Niedernai;25
67330;Niederrœdern;32
67331;Niederschaeffolsheim;30
67333;Niedersoultzbach;7
67334;Niedersteinbach;3
67335;Nordheim;24
67336;Nordhouse;52
67337;Nothalten;26
67338;Obenheim;43
67339;Betschdorf;103
67340;Oberbronn;26
67341;Oberdorf-Spachbach;6
67342;Oberhaslach;45
67343;Oberhausbergen;215
67344;Oberhoffen-lès-Wissembourg;6
67345;Oberhoffen-sur-Moder;114
67346;Oberlauterbach;10
67347;Obermodern-Zutzendorf;39
67348;Obernai;654
67349;Oberrœdern;6
67350;Oberschaeffolsheim;61
67351;Seebach;43
67352;Obersoultzbach;5
67353;Obersteinbach;7
67354;Odratzheim;14
67355;Oermingen;23
67356;Offendorf;49
67358;Offwiller;16
67359;Ohlungen;35
67360;Ohnenheim;22
67361;Olwisheim;5
67362;Orschwiller;25
67363;Osthoffen;14
67364;Osthouse;13
67365;Ostwald;316
67366;Ottersthal;12
67367;Otterswiller;42
67368;Ottrott;60
67369;Ottwiller;3
67370;Petersbach;18
67371;La Petite-Pierre;28
67372;Val-de-Moder;195
67373;Pfalzweyer;10
67375;Pfulgriesheim;36
67377;Plaine;13
67378;Plobsheim;100
67379;Preuschdorf;23
67380;Printzheim;7
67381;Puberg;8
67382;Quatzenheim;24
67383;Rangen;9
67384;Ranrupt;14
67385;Ratzwiller;4
67386;Rauwiller;8
67387;Reichsfeld;9
67388;Reichshoffen;158
67389;Reichstett;309
67391;Reinhardsmunster;8
67392;Reipertswiller;13
67394;Retschwiller;7
67395;Reutenbourg;14
67396;Rexingen;9
67397;Rhinau;59
67398;Richtolsheim;10
67400;Riedseltz;16
67401;Rimsdorf;9
67403;Ringendorf;15
67404;Rittershoffen;19
67405;Rœschwoog;73
67406;Rohr;12
67407;Rohrwiller;29
67408;Romanswiller;29
67409;Roppenheim;134
67410;Rosenwiller;18
67411;Rosheim;261
67412;Rossfeld;17
67413;Rosteig;5
67414;Rothau;34
67415;Rothbach;12
67416;Rott;7
67417;Rottelsheim;9
67418;Rountzenheim-Auenheim;49
67420;Russ;34
67421;Saales;30
67422;Saasenheim;12
67423;Saessolsheim;13
67424;Saint-Blaise-la-Roche;8
67425;Saint-Jean-Saverne;10
67426;Saint-Martin;12
67427;Saint-Maurice;11
67428;Saint-Nabor;7
67429;Saint-Pierre;23
67430;Saint-Pierre-Bois;16
67432;Salmbach;13
67433;Sand;38
67434;Sarre-Union;146
67435;Sarrewerden;11
67436;Saulxures;10
67437;Saverne;580
67438;Schaeffersheim;21
67440;Schaffhouse-près-Seltz;13
67441;Schalkendorf;5
67442;Scharrachbergheim-Irmstett;36
67443;Scheibenhard;14
67444;Scherlenheim;1
67445;Scherwiller;119
67446;Schillersdorf;13
67447;Schiltigheim;1590
67448;Schirmeck;106
67449;Schirrhein;41
67450;Schirrhoffen;12
67451;Schleithal;25
67452;Schnersheim;55
67453;Schœnau;13
67454;Schœnbourg;7
67455;Schœnenbourg;14
67456;Schopperten;3
67458;Schweighouse-sur-Moder;275
67459;Schwenheim;14
67460;Schwindratzheim;65
67461;Schwobsheim;7
67462;Sélestat;976
67463;Seltz;96
67464;Sermersheim;25
67465;Sessenheim;38
67466;Siegen;12
67467;Siewiller;13
67468;Siltzheim;7
67470;Solbach;1
67471;Souffelweyersheim;261
67472;Soufflenheim;129
67473;Soultz-les-Bains;21
67474;Soultz-sous-Forêts;151
67475;Sparsbach;4
67476;Stattmatten;17
67477;Steige;14
67478;Steinbourg;63
67479;Steinseltz;31
67480;Still;26
67481;Stotzheim;41
67482;Strasbourg;11376
67483;Struth;3
67484;Stundwiller;16
67485;Stutzheim-Offenheim;42
67486;Sundhouse;67
67487;Surbourg;42
67488;Thal-Drulingen;29
67489;Thal-Marmoutier;18
67490;Thanvillé;9
67491;Tieffenbach;5
67492;Traenheim;33
67493;Triembach-au-Val;19
67494;Trimbach;18
67495;Truchtersheim;167
67497;Uhlwiller;16
67498;Uhrwiller;32
67499;Urbeis;10
67500;Urmatt;40
67501;Uttenheim;6
67502;Uttenhoffen;6
67503;Uttwiller;3
67504;Valff;54
67505;La Vancelle;17
67506;Vendenheim;326
67507;Villé;86
67508;Vœllerdingen;8
67509;Volksberg;7
67510;Wahlenheim;12
67511;Walbourg;24
67513;Waldersbach;6
67514;Waldhambach;16
67515;Waldolwisheim;12
67516;Waltenheim-sur-Zorn;10
67517;Wangen;21
67519;La Wantzenau;215
67520;Wasselonne;228
67521;Weinbourg;10
67522;Weislingen;11
67523;Weitbruch;57
67524;Weiterswiller;11
67525;Westhoffen;57
67526;Westhouse;28
67527;Westhouse-Marmoutier;5
67528;Weyer;17
67529;Weyersheim;135
67530;Wickersheim-Wilshausen;19
67531;Wildersbach;4
67532;Willgottheim;50
67534;Wilwisheim;29
67535;Wimmenau;27
67536;Windstein;5
67537;Wingen;7
67538;Wingen-sur-Moder;49
67539;Wingersheim les Quatre Bans;83
67540;Wintershouse;25
67541;Wintzenbach;11
67542;Wintzenheim-Kochersberg;5
67543;Wisches;57
67544;Wissembourg;333
67545;Witternheim;22
67546;Wittersheim;24
67547;Wittisheim;40
67548;Wiwersheim;80
67550;Wœrth;85
67551;Wolfisheim;128
67552;Wolfskirchen;13
67553;Wolschheim;10
67554;Wolxheim;31
67555;Zehnacker;9
67556;Zeinheim;2
67557;Zellwiller;26
67558;Zinswiller;13
67559;Zittersheim;7
68001;Algolsheim;25
68002;Altenach;11
68004;Altkirch;294
68005;Ammerschwihr;74
68006;Bernwiller;19
68007;Andolsheim;40
68008;Appenwihr;6
68009;Artzenheim;15
68010;Aspach;20
68011;Aspach-le-Bas;35
68012;Aspach-Michelbach;64
68013;Attenschwiller;10
68014;Aubure;8
68015;Baldersheim;54
68016;Balgau;13
68017;Ballersdorf;10
68018;Balschwiller;21
68019;Baltzenheim;11
68020;Bantzenheim;36
68021;Bartenheim;124
68022;Battenheim;32
68023;Beblenheim;45
68024;Bellemagny;10
68025;Bendorf;4
68026;Bennwihr;96
68027;Berentzwiller;3
68028;Bergheim;93
68029;Bergholtz;40
68030;Bergholtzzell;8
68032;Berrwiller;30
68033;Bettendorf;7
68034;Bettlach;6
68035;Biederthal;5
68036;Biesheim;53
68037;Biltzheim;12
68038;Bischwihr;25
68039;Bisel;11
68040;Bitschwiller-lès-Thann;56
68041;Blodelsheim;42
68042;Blotzheim;120
68043;Bollwiller;75
68044;Le Bonhomme;27
68045;Bourbach-le-Bas;7
68046;Bourbach-le-Haut;7
68049;Bouxwiller;15
68050;Bréchaumont;15
68051;Breitenbach-Haut-Rhin;35
68052;Bretten;2
68054;Brinckheim;5
68055;Bruebach;11
68056;Brunstatt-Didenheim;374
68057;Buethwiller;6
68058;Buhl;60
68059;Burnhaupt-le-Bas;66
68060;Burnhaupt-le-Haut;128
68061;Buschwiller;7
68062;Carspach;46
68063;Cernay;485
68064;Chalampé;16
68065;Chavannes-sur-l'Étang;11
68066;Colmar;3029
68067;Courtavon;7
68068;Dannemarie;109
68069;Dessenheim;36
68071;Diefmatten;11
68072;Dietwiller;34
68073;Dolleren;7
68074;Durlinsdorf;15
68075;Durmenach;21
68076;Durrenentzen;12
68077;Eglingen;8
68078;Eguisheim;105
68079;Elbach;5
68080;Emlingen;7
68081;Saint-Bernard;15
68082;Ensisheim;201
68083;Eschbach-au-Val;9
68084;Eschentzwiller;20
68085;Eteimbes;7
68086;Falkwiller;2
68087;Feldbach;11
68088;Feldkirch;37
68089;Fellering;69
68090;Ferrette;44
68091;Fessenheim;63
68092;Fislis;9
68093;Flaxlanden;21
68094;Folgensbourg;14
68095;Fortschwihr;18
68096;Franken;9
68097;Fréland;27
68098;Friesen;17
68099;Frœningen;20
68100;Fulleren;5
68101;Galfingue;14
68102;Geishouse;4
68103;Geispitzen;13
68104;Geiswasser;4
68105;Gildwiller;3
68106;Goldbach-Altenbach;5
68107;Gommersdorf;15
68109;Griesbach-au-Val;10
68110;Grussenheim;18
68111;Gueberschwihr;36
68112;Guebwiller;388
68113;Guémar;51
68114;Guevenatten;4
68115;Guewenheim;36
68116;Gundolsheim;13
68117;Gunsbach;25
68118;Habsheim;145
68119;Hagenbach;17
68120;Hagenthal-le-Bas;28
68121;Hagenthal-le-Haut;9
68122;Hartmannswiller;11
68123;Hattstatt;29
68124;Hausgauen;5
68125;Hecken;13
68126;Hégenheim;75
68127;Heidwiller;18
68128;Heimersdorf;6
68129;Heimsbrunn;41
68130;Heiteren;18
68131;Heiwiller;2
68132;Helfrantzkirch;11
68134;Herrlisheim-près-Colmar;46
68135;Hésingue;141
68136;Hettenschlag;9
68137;Hindlingen;9
68138;Hirsingue;110
68139;Hirtzbach;24
68140;Hirtzfelden;23
68141;Hochstatt;34
68142;Hohrod;10
68143;Porte du Ried;50
68144;Hombourg;40
68145;Horbourg-Wihr;212
68146;Houssen;154
68147;Hunawihr;31
68148;Hundsbach;4
68149;Huningue;136
68150;Husseren-les-Châteaux;18
68151;Husseren-Wesserling;31
68152;Illfurth;72
68153;Illhaeusern;29
68154;Illzach;604
68155;Ingersheim;145
68156;Issenheim;107
68157;Jebsheim;30
68158;Jettingen;11
68159;Jungholtz;21
68160;Kappelen;17
68161;Katzenthal;28
68162;Kaysersberg Vignoble;239
68163;Kembs;82
68165;Kiffis;6
68166;Kingersheim;328
68167;Kirchberg;13
68168;Knœringue;9
68169;Kœstlach;11
68170;Kœtzingue;9
68171;Kruth;28
68172;Kunheim;27
68173;Labaroche;53
68174;Landser;33
68175;Lapoutroie;69
68176;Largitzen;8
68177;Lautenbach;24
68178;Lautenbachzell;15
68179;Lauw;14
68180;Leimbach;11
68181;Levoncourt;4
68182;Leymen;21
68183;Liebenswiller;3
68184;Liebsdorf;6
68185;Lièpvre;34
68186;Ligsdorf;4
68187;Linsdorf;7
68188;Linthal;13
68189;Logelheim;21
68190;Lucelle;7
68191;Luemschwiller;15
68192;Valdieu-Lutran;6
68193;Luttenbach-près-Munster;11
68194;Lutter;9
68195;Lutterbach;212
68196;Magny;6
68197;Magstatt-le-Bas;9
68198;Magstatt-le-Haut;8
68199;Malmerspach;8
68200;Manspach;10
68201;Masevaux-Niederbruck;117
68202;Mertzen;6
68203;Merxheim;29
68204;Metzeral;36
68205;Meyenheim;18
68207;Michelbach-le-Bas;6
68208;Michelbach-le-Haut;14
68209;Mittelwihr;43
68210;Mittlach;12
68211;Mitzach;7
68212;Mœrnach;16
68213;Mollau;8
68214;Montreux-Jeune;9
68215;Montreux-Vieux;17
68216;Mooslargue;14
68217;Moosch;38
68218;Morschwiller-le-Bas;114
68219;Le Haut Soultzbach;20
68221;Muespach;15
68222;Muespach-le-Haut;11
68223;Muhlbach-sur-Munster;24
68224;Mulhouse;3724
68225;Munchhouse;24
68226;Munster;222
68227;Muntzenheim;52
68228;Munwiller;7
68229;Murbach;3
68230;Nambsheim;5
68231;Neuf-Brisach;75
68232;Neuwiller;6
68234;Niederentzen;19
68235;Niederhergheim;46
68237;Niedermorschwihr;21
68238;Niffer;8
68239;Oberbruck;12
68240;Illtal;18
68241;Oberentzen;7
68242;Oberhergheim;39
68243;Oberlarg;9
68244;Obermorschwihr;14
68245;Obermorschwiller;9
68246;Obersaasheim;11
68247;Oderen;27
68248;Oltingue;21
68249;Orbey;117
68250;Orschwihr;32
68251;Osenbach;16
68252;Ostheim;49
68253;Ottmarsheim;55
68254;Petit-Landau;14
68255;Pfaffenheim;46
68256;Pfastatt;192
68257;Pfetterhouse;10
68258;Pulversheim;84
68259;Raedersdorf;4
68260;Raedersheim;32
68261;Rammersmatt;3
68262;Ranspach;21
68263;Ranspach-le-Bas;11
68264;Ranspach-le-Haut;8
68265;Rantzwiller;8
68266;Réguisheim;62
68267;Reiningue;45
68268;Retzwiller;20
68269;Ribeauvillé;232
68270;Richwiller;152
68271;Riedisheim;263
68273;Riespach;21
68274;Rimbach-près-Guebwiller;6
68275;Rimbach-près-Masevaux;3
68276;Rimbachzell;5
68277;Riquewihr;123
68278;Rixheim;401
68279;Roderen;8
68280;Rodern;14
68281;Roggenhouse;7
68282;Romagny;4
68283;Rombach-le-Franc;8
68284;Roppentzwiller;12
68285;Rorschwihr;13
68286;Rosenau;32
68287;Rouffach;185
68288;Ruederbach;5
68289;Ruelisheim;41
68290;Rustenhart;14
68291;Rumersheim-le-Haut;27
68292;Saint-Amarin;75
68293;Saint-Cosme;4
68294;Sainte-Croix-aux-Mines;42
68295;Sainte-Croix-en-Plaine;193
68296;Saint-Hippolyte;51
68297;Saint-Louis;637
68298;Sainte-Marie-aux-Mines;141
68299;Saint-Ulrich;5
68300;Sausheim;426
68301;Schlierbach;41
68302;Schweighouse-Thann;6
68303;Schwoben;3
68304;Sentheim;39
68305;Seppois-le-Bas;40
68306;Seppois-le-Haut;7
68307;Sewen;14
68308;Sickert;4
68309;Sierentz;177
68311;Sondernach;16
68312;Sondersdorf;4
68313;Soppe-le-Bas;26
68315;Soultz-Haut-Rhin;249
68316;Soultzbach-les-Bains;22
68317;Soultzeren;29
68318;Soultzmatt;81
68320;Spechbach;43
68321;Staffelfelden;64
68322;Steinbach;19
68323;Steinbrunn-le-Bas;15
68324;Steinbrunn-le-Haut;10
68325;Steinsoultz;11
68326;Sternenberg;3
68327;Stetten;7
68328;Storckensohn;6
68329;Stosswihr;40
68330;Strueth;9
68331;Sundhoffen;64
68332;Tagolsheim;28
68333;Tagsdorf;8
68334;Thann;244
68335;Thannenkirch;10
68336;Traubach-le-Bas;19
68337;Traubach-le-Haut;8
68338;Turckheim;111
68340;Ueberstrass;12
68341;Uffheim;4
68342;Uffholtz;37
68343;Ungersheim;60
68344;Urbès;12
68345;Urschenheim;15
68347;Vieux-Ferrette;25
68348;Vieux-Thann;107
68349;Village-Neuf;56
68350;Vœgtlinshoffen;18
68351;Vogelgrun;11
68352;Volgelsheim;75
68353;Wahlbach;10
68354;Walbach;12
68355;Waldighofen;60
68356;Walheim;11
68357;Waltenheim;2
68358;Wasserbourg;7
68359;Wattwiller;32
68360;Weckolsheim;13
68361;Wegscheid;6
68362;Wentzwiller;8
68363;Werentzhouse;9
68364;Westhalten;43
68365;Wettolsheim;135
68366;Wickerschwihr;15
68367;Widensolen;16
68368;Wihr-au-Val;37
68370;Wildenstein;5
68371;Willer;12
68372;Willer-sur-Thur;36
68373;Winkel;3
68374;Wintzenheim;214
68375;Wittelsheim;319
68376;Wittenheim;518
68377;Wittersdorf;19
68378;Wolfersdorf;4
68379;Wolfgantzen;41
68380;Wolschwiller;9
68381;Wuenheim;14
68382;Zaessingue;10
68383;Zellenberg;18
68384;Zillisheim;35
68385;Zimmerbach;20
68386;Zimmersheim;14
69001;Affoux;9
69002;Aigueperse;8
69003;Albigny-sur-Saône;60
69004;Alix;13
69005;Ambérieux;55
69006;Amplepuis;190
69007;Ampuis;149
69008;Ancy;15
69009;Anse;284
69010;L'Arbresle;269
69012;Les Ardillats;19
69013;Arnas;298
69014;Aveize;35
69016;Azolette;3
69017;Bagnols;28
69018;Beaujeu;76
69019;Belleville-en-Beaujolais;584
69020;Belmont-d'Azergues;14
69021;Bessenay;67
69022;Bibost;12
69023;Blacé;56
69024;Val d'Oingt;150
69026;Le Breuil;15
69027;Brignais;808
69028;Brindas;214
69029;Bron;1259
69030;Brullioles;19
69031;Brussieu;32
69032;Bully;79
69033;Cailloux-sur-Fontaines;130
69034;Caluire-et-Cuire;1239
69035;Cenves;12
69036;Cercié;50
69037;Chambost-Allières;21
69038;Chambost-Longessaigne;19
69039;Chamelet;14
69040;Champagne-au-Mont-d'Or;448
69042;La Chapelle-sur-Coise;12
69043;Chaponost;428
69044;Charbonnières-les-Bains;237
69045;Charentay;32
69046;Charly;114
69047;Charnay;35
69049;Chasselay;92
69050;Châtillon;79
69051;Chaussan;17
69052;Chazay-d'Azergues;128
69053;Chénas;19
69054;Chénelette;14
69055;Les Chères;49
69056;Chessy;63
69057;Chevinay;13
69058;Chiroubles;20
69059;Civrieux-d'Azergues;103
69060;Claveisolles;22
69061;Cogny;40
69062;Coise;14
69063;Collonges-au-Mont-d'Or;121
69064;Condrieu;155
69065;Corcelles-en-Beaujolais;38
69066;Cours;162
69067;Courzieu;20
69068;Couzon-au-Mont-d'Or;80
69069;Craponne;414
69070;Cublize;43
69071;Curis-au-Mont-d'Or;26
69072;Dardilly;827
69074;Denicé;44
69075;Dième;5
69076;Dommartin;98
69077;Dracé;33
69078;Duerne;32
69080;Échalas;37
69081;Écully;837
69082;Émeringes;10
69083;Éveux;20
69084;Fleurie;84
69085;Fleurieu-sur-Saône;64
69086;Fleurieux-sur-l'Arbresle;82
69087;Fontaines-Saint-Martin;55
69088;Fontaines-sur-Saône;188
69089;Francheville;378
69090;Frontenas;34
69091;Givors;559
69092;Gleizé;299
69093;Grandris;24
69094;Grézieu-la-Varenne;150
69095;Grézieu-le-Marché;19
69096;Grigny-sur-Rhône;241
69097;Les Haies;18
69098;Les Halles;13
69099;Haute-Rivoire;49
69100;Irigny;294
69102;Joux;13
69103;Juliénas;44
69104;Jullié;10
69105;Lacenas;30
69106;Lachassagne;30
69107;Lamure-sur-Azergues;59
69108;Lancié;33
69109;Lantignié;25
69110;Larajasse;44
69111;Légny;36
69112;Lentilly;220
69113;Létra;22
69114;Porte des Pierres Dorées;112
69115;Limas;331
69116;Limonest;628
69117;Lissieu;255
69118;Loire-sur-Rhône;65
69119;Longes;17
69120;Longessaigne;13
69121;Lozanne;136
69122;Lucenay;64
69123;Lyon;27316
69124;Marchampt;12
69125;Marcilly-d'Azergues;74
69126;Marcy;25
69127;Marcy-l'Étoile;106
69130;Meaux-la-Montagne;6
69131;Messimy;158
69132;Meys;24
69133;Millery;168
69134;Moiré;10
69135;Deux-Grosnes;73
69136;Montagny;104
69137;Montmelas-Saint-Sorlin;10
69138;Montromant;13
69139;Montrottier;47
69140;Morancé;59
69141;Mornant;295
69142;La Mulatière;142
69143;Neuville-sur-Saône;344
69145;Odenas;34
69148;Orliénas;65
69149;Oullins-Pierre-Bénite;1002
69151;Le Perréon;44
69153;Poleymieux-au-Mont-d'Or;28
69154;Pollionnay;59
69155;Pomeys;39
69156;Pommiers;82
69157;Vindry-sur-Turdine;187
69160;Poule-les-Écharmeaux;31
69161;Propières;14
69162;Quincié-en-Beaujolais;67
69163;Quincieux;120
69164;Ranchal;6
69165;Régnié-Durette;42
69166;Riverie;7
69167;Rivolet;17
69168;Rochetaillée-sur-Saône;47
69169;Ronno;26
69170;Rontalon;25
69171;Sain-Bel;79
69172;Salles-Arbuissonnas-en-Beaujolais;11
69173;Sarcey;43
69174;Les Sauvages;20
69175;Savigny;91
69176;Soucieu-en-Jarrest;102
69177;Sourcieux-les-Mines;36
69178;Souzy;34
69179;Beauvallon;103
69180;Saint-André-la-Côte;9
69181;Saint-Appolinaire;3
69182;Saint-Bonnet-des-Bruyères;12
69183;Saint-Bonnet-le-Troncy;6
69184;Sainte-Catherine;28
69186;Saint-Clément-de-Vers;8
69187;Saint-Clément-les-Places;19
69188;Saint-Clément-sur-Valsonne;15
69189;Sainte-Colombe;76
69190;Sainte-Consorce;88
69191;Saint-Cyr-au-Mont-d'Or;207
69192;Saint-Cyr-le-Chatoux;7
69193;Saint-Cyr-sur-le-Rhône;17
69194;Saint-Didier-au-Mont-d'Or;351
69196;Saint-Didier-sur-Beaujeu;18
69197;Saint-Étienne-des-Oullières;86
69198;Saint-Étienne-la-Varenne;18
69199;Saint-Fons;590
69200;Saint-Forgeux;47
69201;Sainte-Foy-l'Argentière;64
69202;Sainte-Foy-lès-Lyon;590
69203;Saint-Genis-l'Argentière;25
69204;Saint-Genis-Laval;759
69205;Saint-Genis-les-Ollières;125
69206;Saint-Georges-de-Reneins;202
69207;Saint-Germain-au-Mont-d'Or;64
69208;Saint-Germain-Nuelles;55
69209;Saint-Igny-de-Vers;28
69212;Saint-Jean-des-Vignes;11
69214;Saint-Jean-la-Bussière;27
69215;Saint-Julien;30
69216;Saint-Julien-sur-Bibost;14
69217;Saint-Just-d'Avray;16
69218;Saint-Lager;54
69219;Saint-Laurent-d'Agny;80
69220;Saint-Laurent-de-Chamousset;102
69225;Saint-Marcel-l'Éclairé;15
69227;Saint-Martin-en-Haut;182
69228;Chabanière;111
69229;Saint-Nizier-d'Azergues;18
69230;Sainte-Paule;8
69231;Saint-Pierre-la-Palud;42
69233;Saint-Romain-au-Mont-d'Or;35
69234;Saint-Romain-de-Popey;66
69235;Saint-Romain-en-Gal;84
69236;Saint-Romain-en-Gier;7
69238;Saint-Symphorien-sur-Coise;181
69239;Saint-Vérand;38
69240;Saint-Vincent-de-Reins;18
69241;Taluyers;129
69242;Taponas;25
69243;Tarare;395
69244;Tassin-la-Demi-Lune;805
69245;Ternand;27
69246;Theizé;60
69248;Thizy-les-Bourgs;168
69249;Thurins;101
69250;La Tour-de-Salvagny;177
69252;Trèves;9
69253;Tupin-et-Semons;26
69254;Valsonne;24
69255;Vaugneray;195
69256;Vaulx-en-Velin;1862
69257;Vaux-en-Beaujolais;23
69258;Vauxrenard;13
69259;Vénissieux;1868
69260;Vernaison;106
69261;Vernay;6
69263;Villechenève;23
69264;Villefranche-sur-Saône;1746
69265;Ville-sur-Jarnioux;20
69266;Villeurbanne;4602
69267;Villié-Morgon;139
69268;Vourles;211
69269;Yzeron;30
69270;Chaponnay;287
69271;Chassieu;832
69272;Communay;112
69273;Corbas;618
69275;Décines-Charpieu;1060
69276;Feyzin;314
69277;Genas;764
69278;Genay;315
69279;Jonage;227
69280;Jons;68
69281;Marennes;57
69282;Meyzieu;1024
69283;Mions;458
69284;Montanay;83
69285;Pusignan;270
69286;Rillieux-la-Pape;929
69287;Saint-Bonnet-de-Mure;398
69288;Saint-Laurent-de-Mure;248
69289;Saint-Pierre-de-Chandieu;192
69290;Saint-Priest;2414
69291;Saint-Symphorien-d'Ozon;225
69292;Sathonay-Camp;122
69293;Sathonay-Village;33
69294;Sérézin-du-Rhône;99
69295;Simandres;34
69296;Solaize;104
69297;Ternay;167
69298;Toussieu;115
69299;Colombier-Saugnieu;253
70001;Abelcourt;2
70002;Aboncourt-Gesincourt;17
70003;Achey;3
70004;Adelans-et-le-Val-de-Bithaine;5
70005;Aillevans;5
70006;Aillevillers-et-Lyaumont;27
70007;Ailloncourt;4
70008;Ainvelle;2
70009;Aisey-et-Richecourt;3
70010;Alaincourt;2
70011;Amage;6
70012;Amance;22
70013;Ambiévillers;3
70014;Amblans-et-Velotte;8
70015;Amoncourt;5
70016;Amont-et-Effreney;5
70017;Anchenoncourt-et-Chazel;5
70018;Ancier;17
70019;Andelarre;2
70020;Andelarrot;7
70021;Andornay;3
70022;Angirey;4
70023;Anjeux;3
70024;Apremont;9
70025;Arbecey;3
70026;Arc-lès-Gray;117
70027;Argillières;5
70028;Aroz;3
70029;Arpenans;5
70030;Arsans;1
70031;Athesans-Étroitefontaine;14
70032;Attricourt;3
70035;Augicourt;8
70036;Aulx-lès-Cromary;1
70037;Autet;9
70038;Authoison;7
70039;Autoreille;3
70040;Autrey-lès-Cerre;1
70041;Autrey-lès-Gray;23
70042;Autrey-le-Vay;3
70043;Auvet-et-la-Chapelotte;7
70044;Auxon;6
70045;Avrigney-Virey;2
70046;Les Aynans;9
70047;Baignes;2
70048;Bard-lès-Pesmes;1
70049;Barges;4
70050;La Barre;2
70051;La Basse-Vaivre;1
70052;Bassigney;1
70053;Les Bâties;5
70054;Battrans;3
70055;Baudoncourt;6
70056;Baulay;4
70057;Bay;4
70058;Beaujeu-Saint-Vallier-Pierrejux-et-Quitteur;13
70059;Beaumotte-Aubertans;20
70060;Beaumotte-lès-Pin;5
70061;Belfahy;6
70062;Belmont;5
70063;Belonchamp;3
70064;Belverne;2
70065;Besnans;3
70066;Betaucourt;4
70067;Betoncourt-lès-Brotte;3
70069;Betoncourt-Saint-Pancras;2
70070;Betoncourt-sur-Mance;1
70071;Beulotte-Saint-Laurent;2
70072;Beveuge;4
70074;Blondefontaine;3
70075;Bonboillon;4
70076;Bonnevent-Velloreille;6
70077;Borey;5
70078;Bougey;6
70079;Bougnon;9
70080;Bouhans-et-Feurg;6
70081;Bouhans-lès-Lure;6
70082;Bouhans-lès-Montbozon;4
70083;Bouligney;8
70084;Boulot;9
70085;Boult;11
70086;Bourbévelle;2
70087;Bourguignon-lès-Conflans;5
70088;Bourguignon-lès-la-Charité;4
70089;Bourguignon-lès-Morey;4
70090;Boursières;3
70091;Bousseraucourt;2
70092;Bresilley;4
70093;Breuches;17
70094;Breuchotte;4
70095;Breurey-lès-Faverney;7
70096;Brevilliers;13
70097;Briaucourt;7
70098;Brotte-lès-Luxeuil;2
70099;Brotte-lès-Ray;1
70100;Broye-les-Loups-et-Verfontaine;4
70101;Broye-Aubigney-Montseugny;5
70102;Brussey;7
70103;La Bruyère;3
70104;Bucey-lès-Gy;20
70105;Bucey-lès-Traves;1
70106;Buffignécourt;4
70107;Bussières;6
70109;Buthiers;2
70111;Calmoutier;5
70112;Cemboing;5
70113;Cenans;5
70114;Cendrecourt;5
70115;Cerre-lès-Noroy;5
70116;Chagey;8
70117;Châlonvillars;10
70118;Chambornay-lès-Bellevaux;1
70119;Chambornay-lès-Pin;3
70120;Champagney;62
70121;Champey;8
70122;Champlitte;54
70124;Champtonnay;2
70125;Champvans;4
70126;Chancey;3
70127;Chantes;4
70128;La Chapelle-lès-Luxeuil;9
70129;La Chapelle-Saint-Quillain;2
70130;Charcenne;14
70132;Chargey-lès-Gray;10
70133;Chargey-lès-Port;6
70134;Chariez;4
70135;Charmes-Saint-Valbert;2
70136;Charmoille;8
70137;Chassey-lès-Montbozon;7
70138;Chassey-lès-Scey;8
70140;Châteney;1
70141;Châtenois;2
70142;Chaumercenne;7
70143;Chauvirey-le-Châtel;6
70144;Chauvirey-le-Vieil;1
70145;Chaux-la-Lotière;11
70146;Chaux-lès-Port;1
70147;Chavanne;5
70148;Chemilly;4
70149;Chenebier;10
70150;Chenevrey-et-Morogne;3
70151;Chevigney;3
70152;Colombine;6
70153;Cintrey;4
70154;Cirey;10
70155;Citers;19
70156;Citey;3
70157;Clairegoutte;6
70158;Clans;2
70159;Cognières;3
70160;Coisevaux;4
70162;Colombe-lès-Vesoul;9
70163;Colombier;13
70164;Colombotte;3
70165;Combeaufontaine;26
70166;Comberjon;3
70167;Conflandey;4
70168;Conflans-sur-Lanterne;22
70169;Confracourt;5
70170;Contréglise;5
70171;Corbenay;36
70172;La Corbière;1
70174;Cordonnet;6
70175;Cornot;5
70176;Corravillers;6
70177;Corre;30
70178;La Côte;14
70179;Coulevon;3
70180;Belles-Fontaines;14
70181;Courcuire;3
70182;Courmont;3
70183;Courtesoult-et-Gatey;3
70184;Couthenans;11
70185;Cresancey;3
70186;La Creuse;2
70187;Crevans-et-la-Chapelle-lès-Granges;3
70188;Creveney;2
70189;Cromary;3
70190;Cubry-lès-Faverney;9
70192;Cugney;8
70193;Cult;3
70194;Cuve;1
70195;Dambenoît-lès-Colombe;4
70196;Dampierre-lès-Conflans;6
70197;Dampierre-sur-Linotte;23
70198;Dampierre-sur-Salon;67
70199;Dampvalley-lès-Colombe;4
70200;Dampvalley-Saint-Pancras;2
70201;Delain;4
70202;Demangevelle;3
70203;La Demie;4
70204;Denèvre;4
70205;Échavanne;6
70206;Échenans-sous-Mont-Vaudois;5
70207;Échenoz-la-Méline;34
70208;Échenoz-le-Sec;6
70210;Écromagny;4
70211;Écuelle;1
70213;Éhuns;9
70214;Équevilley;4
70215;Errevet;3
70216;Esboz-Brest;7
70217;Esmoulières;3
70218;Esmoulins;3
70219;Esprels;17
70220;Essertenne-et-Cecey;3
70221;Étobon;3
70222;Étrelles-et-la-Montbleuse;4
70224;Étuz;17
70225;Fahy-lès-Autrey;4
70226;Fallon;6
70227;Faucogney-et-la-Mer;12
70228;Faverney;31
70229;Faymont;1
70230;Fédry;1
70231;Ferrières-lès-Ray;2
70232;Ferrières-lès-Scey;6
70233;Les Fessey;3
70234;Filain;4
70235;Flagy;3
70236;Fleurey-lès-Faverney;9
70237;Fleurey-lès-Lavoncourt;4
70238;Fleurey-lès-Saint-Loup;3
70239;Fondremand;3
70240;Fontaine-lès-Luxeuil;16
70242;Fontenois-la-Ville;5
70243;Fontenois-lès-Montbozon;8
70244;Fouchécourt;3
70245;Fougerolles-Saint-Valbert;87
70247;Fouvent-Saint-Andoche;3
70248;Frahier-et-Chatebier;24
70249;Francalmont;3
70250;Franchevelle;13
70251;Francourt;4
70252;Framont;8
70253;Frasne-le-Château;8
70254;Frédéric-Fontaine;2
70255;Fresne-Saint-Mamès;17
70256;Fresse;15
70257;Fretigney-et-Velloreille;15
70258;Froideconche;62
70259;Froideterre;3
70260;Frotey-lès-Lure;13
70261;Frotey-lès-Vesoul;28
70262;Genevreuille;5
70263;Genevrey;8
70265;Germigney;3
70267;Gevigney-et-Mercey;26
70268;Gézier-et-Fontenelay;2
70269;Girefontaine;1
70271;Gouhenans;5
70272;Gourgeon;5
70273;Grammont;6
70274;Grandecourt;2
70275;Grandvelle-et-le-Perrenot;6
70276;Granges-la-Ville;3
70277;Granges-le-Bourg;6
70278;Grattery;1
70279;Gray;295
70280;Gray-la-Ville;15
70282;Gy;50
70283;Haut-du-Them-Château-Lambert;5
70284;Hautevelle;5
70285;Héricourt;278
70286;Hugier;2
70287;Hurecourt;2
70288;Hyet;3
70289;Igny;6
70290;Jasney;7
70291;Jonvelle;2
70292;Jussey;77
70293;Lambrey;1
70294;Lantenot;5
70295;La Lanterne-et-les-Armonts;8
70296;Larians-et-Munans;8
70297;Larret;4
70298;Lavigney;7
70299;Lavoncourt;14
70301;Lieffrans;2
70302;Lieucourt;4
70303;Liévans;6
70304;Linexert;3
70305;Lœuilley;4
70306;Lomont;5
70307;Longevelle;3
70308;La Longine;7
70309;Loulans-Verchamp;11
70310;Lure;380
70311;Luxeuil-les-Bains;311
70312;Luze;8
70313;Lyoffans;6
70314;Magnivray;2
70315;Magnoncourt;8
70316;Le Magnoray;1
70317;Les Magny;6
70318;Magny-Danigon;5
70319;Magny-Jobert;3
70320;Magny-lès-Jussey;2
70321;Magny-Vernois;16
70322;Mailleroncourt-Charette;6
70323;Mailleroncourt-Saint-Pancras;9
70324;Mailley-et-Chazelot;12
70325;Maizières;8
70326;La Malachère;4
70327;Malans;1
70328;Malbouhans;7
70329;Malvillers;3
70330;Mandrevillars;3
70331;Mantoche;10
70332;Marast;4
70334;Marnay;86
70335;Maussans;2
70336;Mélecey;3
70337;Melin;5
70338;Melincourt;3
70339;Mélisey;59
70340;Membrey;5
70341;Menoux;2
70342;Mercey-sur-Saône;5
70343;Mersuay;8
70344;Meurcourt;7
70347;Mignavillers;3
70348;Moffans-et-Vacheresse;8
70349;Moimay;4
70350;Molay;2
70351;Mollans;8
70352;La Montagne;2
70353;Montagney;14
70355;Montarlot-lès-Rioz;5
70356;Montboillon;5
70357;Montbozon;19
70358;Montcey;2
70359;Montcourt;3
70360;Montdoré;4
70361;Montessaux;3
70362;Montigny-lès-Cherlieu;2
70363;Montigny-lès-Vesoul;10
70364;Montjustin-et-Velotte;7
70366;Villers-Chemin-et-Mont-lès-Étrelles;5
70367;Mont-le-Vernois;5
70368;Montot;1
70369;Mont-Saint-Léger;2
70371;Montureux-et-Prantigny;4
70372;Montureux-lès-Baulay;6
70373;La Roche-Morey;8
70374;Motey-Besuche;3
70376;Nantilly;3
70378;Navenne;35
70380;Neurey-en-Vaux;5
70381;Neurey-lès-la-Demie;4
70383;Neuvelle-lès-Cromary;8
70384;Neuvelle-lès-la-Charité;7
70385;La Neuvelle-lès-Lure;5
70386;La Neuvelle-lès-Scey;2
70387;Noidans-le-Ferroux;25
70388;Noidans-lès-Vesoul;130
70389;Noiron;1
70390;Noroy-le-Bourg;11
70392;Oigney;1
70393;Oiselay-et-Grachaux;8
70394;Onay;5
70395;Oppenans;2
70396;Oricourt;1
70397;Ormenans;2
70398;Ormoiche;3
70399;Ormoy;3
70400;Ouge;1
70401;Ovanches;3
70402;Oyrières;9
70403;Palante;5
70404;Passavant-la-Rochère;8
70405;Pennesières;3
70406;Percey-le-Grand;2
70407;Perrouse;6
70408;Pesmes;50
70409;Pierrecourt;4
70410;Pin;13
70411;La Pisseure;1
70412;Plainemont;1
70413;Plancher-Bas;29
70414;Plancher-les-Mines;11
70415;Polaincourt-et-Clairefontaine;15
70416;Pomoy;3
70417;Pontcey;5
70418;La Romaine;9
70419;Pont-du-Bois;3
70420;Pont-sur-l'Ognon;5
70421;Port-sur-Saône;76
70422;Poyans;4
70423;Preigney;2
70425;La Proiselière-et-Langle;4
70426;Provenchère;6
70427;Purgerot;3
70428;Pusey;102
70429;Pusy-et-Épenoux;5
70430;La Quarte;4
70431;Quenoche;6
70432;Quers;4
70433;Quincey;22
70435;Raddon-et-Chapendu;17
70436;Raincourt;2
70437;Ranzevelle;2
70438;Ray-sur-Saône;7
70439;Raze;7
70440;Recologne;2
70441;Recologne-lès-Rioz;5
70442;Renaucourt;1
70443;La Grande-Résie;2
70444;La Résie-Saint-Martin;4
70445;Rignovelle;2
70446;Rigny;8
70447;Rioz;122
70448;Roche-et-Raucourt;5
70449;Roche-sur-Linotte-et-Sorans-les-Cordiers;3
70450;La Rochelle;3
70451;Ronchamp;67
70452;Rosey;6
70453;La Rosière;3
70454;Rosières-sur-Mance;2
70455;Roye;34
70456;Ruhans;5
70457;Rupt-sur-Saône;1
70459;Saint-Barthélemy;7
70460;Saint-Bresson;16
70461;Saint-Broing;2
70462;Saint-Ferjeux;3
70463;Saint-Gand;1
70464;Saint-Germain;22
70466;Saint-Loup-Nantouard;5
70467;Saint-Loup-sur-Semouse;92
70468;Saint-Marcel;6
70469;Sainte-Marie-en-Chanois;8
70470;Sainte-Marie-en-Chaux;9
70471;Sainte-Reine;3
70472;Saint-Rémy-en-Comté;12
70473;Saint-Sauveur;61
70474;Saint-Sulpice;4
70476;Saponcourt;3
70477;Saulnot;24
70478;Saulx;25
70479;Sauvigney-lès-Gray;2
70480;Sauvigney-lès-Pesmes;5
70481;Savoyeux;4
70482;Scey-sur-Saône-et-Saint-Albin;48
70483;Scye;3
70484;Secenans;4
70485;Selles;4
70486;Semmadon;3
70487;Senargent-Mignafans;9
70488;Senoncourt;5
70489;Servance-Miellin;21
70490;Servigney;1
70491;Seveux-Motey;20
70492;Soing-Cubry-Charentenay;20
70493;Sorans-lès-Breurey;7
70494;Sornay;10
70496;Tartécourt;1
70498;Ternuay-Melay-et-Saint-Hilaire;10
70499;Theuley;6
70500;Thieffrans;6
70501;Thiénans;2
70502;Tincey-et-Pontrebeau;1
70503;Traitiéfontaine;5
70504;Traves;10
70505;Le Tremblois;6
70506;Trémoins;4
70507;Trésilley;6
70509;Tromarey;4
70510;Vadans;3
70511;Vaite;8
70512;La Vaivre;2
70513;Vaivre-et-Montoille;61
70514;Valay;12
70515;Le Val-de-Gouhenans;1
70516;Vallerois-le-Bois;6
70517;Vallerois-Lorioz;7
70518;Le Val-Saint-Éloi;2
70519;Vandelans;1
70520;Vanne;2
70521;Vantoux-et-Longevelle;6
70522;Varogne;5
70523;Vars;5
70524;Vauchoux;3
70525;Vauconcourt-Nervezain;9
70526;Vauvillers;35
70527;Vaux-le-Moncelot;1
70528;Velesmes-Échevanne;16
70529;Velet;6
70531;Velleclaire;4
70532;Vellefaux;14
70533;Vellefrey-et-Vellefrange;1
70534;Vellefrie;4
70535;Velleguindry-et-Levrecey;2
70536;Velle-le-Châtel;4
70537;Velleminfroy;6
70538;Vellemoz;4
70539;Vellexon-Queutrey-et-Vaudey;9
70540;Velloreille-lès-Choye;1
70541;Velorcey;3
70542;Venère;6
70544;La Vergenne;1
70545;Venisey;4
70546;Vereux;6
70547;Verlans;2
70548;Vernois-sur-Mance;2
70549;La Vernotte;3
70550;Vesoul;964
70552;Villafans;4
70553;Villargent;1
70554;Villars-le-Pautel;4
70555;La Villedieu-en-Fontenette;4
70558;La Villeneuve-Bellenoye-et-la-Maize;2
70559;Villeparois;4
70560;Villers-Bouton;3
70561;Villersexel;72
70562;Villers-la-Ville;7
70563;Villers-le-Sec;8
70564;Villers-lès-Luxeuil;8
70565;Villers-Pater;3
70566;Villers-sur-Port;7
70567;Villers-sur-Saulnot;3
70568;Villers-Vaudey;1
70569;Vilory;2
70571;Visoncourt;2
70572;Vitrey-sur-Mance;12
70573;La Voivre;3
70574;Volon;5
70575;Voray-sur-l'Ognon;41
70576;Vougécourt;4
70577;Vouhenans;4
70578;Vregille;4
70579;Vyans-le-Val;3
70580;Vy-le-Ferroux;6
70581;Vy-lès-Lure;8
70582;Vy-lès-Rupt;4
70583;Vy-lès-Filain;6
71001;L'Abergement-de-Cuisery;13
71002;L'Abergement-Sainte-Colombe;27
71003;Allerey-sur-Saône;21
71004;Allériot;26
71005;Aluze;5
71006;Amanzé;4
71007;Ameugny;5
71008;Anglure-sous-Dun;4
71009;Anost;20
71010;Antully;16
71011;Anzy-le-Duc;9
71012;Artaix;7
71013;Authumes;5
71014;Autun;607
71015;Auxy;13
71016;Azé;39
71017;Ballore;2
71018;Bantanges;13
71019;Barizey;9
71020;Barnay;4
71021;Baron;9
71022;Baudemont;22
71023;Baudrières;27
71024;Baugy;15
71025;Beaubery;8
71026;Beaumont-sur-Grosne;6
71027;Beaurepaire-en-Bresse;31
71028;Beauvernois;4
71029;Bellevesvre;14
71030;Bergesserin;7
71031;Berzé-le-Châtel;2
71032;Berzé-la-Ville;13
71033;Bey;15
71034;Bissey-sous-Cruchaud;12
71035;Bissy-la-Mâconnaise;8
71036;Bissy-sous-Uxelles;1
71037;Bissy-sur-Fley;4
71038;Les Bizots;17
71039;Blanot;12
71040;Blanzy;113
71041;Bois-Sainte-Marie;3
71042;Bonnay-Saint-Ythaire;6
71043;Les Bordes;1
71044;Bosjean;14
71045;Bouhans;5
71046;La Boulaye;7
71047;Bourbon-Lancy;166
71048;Bourg-le-Comte;5
71050;Bourgvilain;12
71051;Bouzeron;8
71052;Boyer;17
71054;Bragny-sur-Saône;10
71056;Branges;95
71057;Bray;8
71058;Bresse-sur-Grosne;4
71059;Le Breuil;60
71060;Briant;8
71061;Brienne;18
71062;Brion;3
71063;Broye;7
71064;Bruailles;23
71065;Buffières;13
71066;Burgy;2
71067;Burnand;1
71068;Burzy;3
71069;Bussières;18
71070;Buxy;99
71071;Céron;4
71072;Cersot;4
71073;Chagny;220
71074;Chaintré;64
71075;Chalmoux;11
71076;Chalon-sur-Saône;1854
71077;Chambilly;12
71078;Chamilly;5
71079;Champagnat;13
71080;Champagny-sous-Uxelles;4
71081;Champforgeuil;96
71082;Champlecy;10
71084;Chânes;24
71085;Change;12
71086;Changy;16
71087;Chapaize;6
71088;La Chapelle-au-Mans;6
71089;La Chapelle-de-Bragny;5
71090;La Chapelle-de-Guinchay;114
71091;La Chapelle-du-Mont-de-France;6
71092;La Chapelle-Naude;14
71093;La Chapelle-Saint-Sauveur;24
71094;La Chapelle-sous-Brancion;2
71095;La Chapelle-sous-Dun;19
71096;La Chapelle-sous-Uchon;3
71097;La Chapelle-Thècle;19
71098;Charbonnat;10
71099;Charbonnières;10
71100;Chardonnay;16
71101;Charette-Varennes;12
71102;La Charmée;12
71103;Charmoy;9
71104;Charnay-lès-Chalon;7
71105;Charnay-lès-Mâcon;303
71106;Charolles;163
71107;Charrecey;3
71108;Chasselas;4
71109;Chassey-le-Camp;16
71110;Chassigny-sous-Dun;8
71111;Chassy;4
71112;Château;7
71113;Châteauneuf;4
71115;Châtel-Moron;2
71116;Châtenay;2
71117;Châtenoy-en-Bresse;44
71118;Châtenoy-le-Royal;249
71119;Chaudenay;7
71120;Chauffailles;178
71121;La Chaux;8
71122;Cheilly-lès-Maranges;15
71123;Chenay-le-Châtel;12
71124;Chenôves;13
71125;Chérizet;3
71126;Chevagny-les-Chevrières;11
71127;Chevagny-sur-Guye;5
71128;Chiddes;5
71129;Chissey-en-Morvan;7
71130;Chissey-lès-Mâcon;7
71132;Ciry-le-Noble;23
71133;La Clayette;110
71134;Navour-sur-Grosne;13
71135;Clessé;29
71136;Clessy;7
71137;Cluny;242
71139;Collonge-en-Charollais;4
71140;Collonge-la-Madeleine;2
71141;Colombier-en-Brionnais;10
71142;La Comelle;12
71143;Condal;9
71144;Cordesse;3
71145;Cormatin;30
71146;Cortambert;4
71147;Cortevaix;7
71148;Coublanc;13
71149;Couches;44
71150;Crêches-sur-Saône;188
71151;Créot;2
71152;Cressy-sur-Somme;8
71153;Le Creusot;631
71154;Crissey;148
71155;Cronat;16
71156;Cruzille;17
71157;Cuiseaux;61
71158;Cuisery;67
71159;Culles-les-Roches;6
71160;Curbigny;12
71161;Curdin;6
71162;Curgy;14
71163;Curtil-sous-Buffières;2
71164;Curtil-sous-Burnand;8
71165;Cussy-en-Morvan;10
71166;Cuzy;8
71167;Damerey;8
71168;Dampierre-en-Bresse;2
71169;Davayé;33
71170;Demigny;47
71171;Dennevy;8
71172;Dettey;6
71173;Devrouze;9
71174;Dezize-lès-Maranges;13
71175;Diconne;5
71176;Digoin;284
71177;Dommartin-lès-Cuiseaux;22
71178;Dompierre-les-Ormes;38
71179;Dompierre-sous-Sanvignes;3
71181;Donzy-le-Pertuis;1
71182;Dracy-le-Fort;79
71183;Dracy-lès-Couches;9
71184;Dracy-Saint-Loup;10
71185;Dyo;7
71186;Écuelles;2
71187;Écuisses;35
71188;Épertully;1
71189;Épervans;38
71190;Épinac;51
71191;Essertenne;6
71192;Étang-sur-Arroux;68
71193;Étrigny;12
71194;Farges-lès-Chalon;22
71195;Farges-lès-Mâcon;5
71196;Le Fay;7
71198;Flacey-en-Bresse;13
71199;Flagy;5
71200;Fleury-la-Montagne;9
71201;Fley;9
71202;Fontaines;56
71203;Fontenay;1
71204;Fragnes-La Loyère;105
71205;Frangy-en-Bresse;12
71206;La Frette;3
71207;Fretterans;4
71208;Frontenard;6
71209;Frontenaud;23
71210;Fuissé;42
71212;Génelard;51
71213;La Genête;9
71214;Genouilly;13
71215;Gergy;52
71216;Germagny;6
71217;Germolles-sur-Grosne;5
71218;Gibles;18
71219;Gigny-sur-Saône;15
71220;Gilly-sur-Loire;10
71221;Givry;127
71222;Gourdon;24
71223;La Grande-Verrière;8
71224;Grandvaux;4
71225;Granges;8
71226;Grevilly;3
71227;Grury;13
71228;Guerfand;1
71229;Les Guerreaux;5
71230;Gueugnon;204
71231;La Guiche;21
71232;Hautefond;12
71233;L'Hôpital-le-Mercier;6
71234;Huilly-sur-Seille;4
71235;Hurigny;47
71236;Igé;34
71237;Igornay;7
71238;Iguerande;28
71239;Issy-l'Évêque;35
71240;Jalogny;6
71241;Jambles;14
71242;Joncy;26
71243;Joudes;9
71244;Jouvençon;7
71245;Jugy;6
71246;Juif;5
71247;Jully-lès-Buxy;11
71248;Lacrost;13
71249;Laives;31
71250;Laizé;24
71251;Laizy;13
71252;Lalheue;8
71253;Lans;8
71254;Lays-sur-le-Doubs;5
71255;Lesme;6
71256;Lessard-en-Bresse;12
71257;Lessard-le-National;8
71258;Leynes;26
71259;Ligny-en-Brionnais;9
71261;Loisy;12
71262;Longepierre;5
71263;Louhans;398
71264;Lournand;7
71266;Lucenay-l'Évêque;14
71267;Lugny;54
71268;Lugny-lès-Charolles;13
71269;Lux;61
71270;Mâcon;1782
71271;Mailly;3
71272;Malay;7
71273;Maltat;4
71274;Mancey;15
71275;Marcigny;103
71276;Marcilly-la-Gueurce;3
71277;Marcilly-lès-Buxy;17
71278;Marigny;4
71279;Le Rousset-Marizy;20
71280;Marly-sous-Issy;3
71281;Marly-sur-Arroux;4
71282;Marmagne;28
71283;Marnay;11
71284;Martailly-lès-Brancion;11
71285;Martigny-le-Comte;12
71286;Mary;5
71287;Massilly;8
71289;Matour;40
71290;Mazille;16
71291;Melay;16
71292;Mellecey;34
71293;Ménetreuil;2
71294;Mercurey;70
71295;Mervans;47
71296;Messey-sur-Grosne;19
71297;Mesvres;21
71299;Milly-Lamartine;10
71300;Le Miroir;15
71301;Mont;2
71302;Montagny-lès-Buxy;18
71303;Montagny-près-Louhans;11
71305;Montbellet;32
71306;Montceau-les-Mines;655
71307;Montceaux-l'Étoile;4
71308;Montceaux-Ragny;2
71309;Montcenis;35
71310;Montchanin;148
71311;Montcony;5
71312;Montcoy;4
71313;Monthelon;6
71314;Montjay;3
71315;Mont-lès-Seurre;1
71316;Montmelard;12
71317;Montmort;6
71318;Montpont-en-Bresse;35
71319;Montret;18
71320;Mont-Saint-Vincent;11
71321;Morey;8
71322;Morlet;3
71323;Mornay;4
71324;Moroges;21
71325;La Motte-Saint-Jean;18
71326;Mouthier-en-Bresse;15
71327;Mussy-sous-Dun;3
71328;Nanton;14
71329;Navilly;8
71330;Neuvy-Grandchamp;29
71331;Nochize;3
71332;Ormes;5
71333;Oslon;19
71334;Oudry;13
71335;Ouroux-sous-le-Bois-Sainte-Marie;2
71336;Ouroux-sur-Saône;85
71337;Oyé;7
71338;Ozenay;12
71339;Ozolles;14
71340;Palinges;31
71341;Palleau;2
71342;Paray-le-Monial;453
71343;Paris-l'Hôpital;10
71344;Passy;2
71345;Péronne;33
71346;Perrecy-les-Forges;29
71347;Perreuil;10
71348;Perrigny-sur-Loire;5
71349;La Petite-Verrière;4
71350;Pierreclos;31
71351;Pierre-de-Bresse;101
71352;Le Planois;4
71353;Plottes;6
71354;Poisson;17
71355;Pontoux;6
71356;Pouilloux;10
71357;Pourlans;7
71358;Pressy-sous-Dondin;4
71359;Préty;10
71360;Prissé;70
71361;Prizy;1
71362;Pruzilly;7
71363;Le Puley;4
71364;La Racineuse;3
71365;Rancy;16
71366;Ratenelle;4
71367;Ratte;7
71368;Reclesne;8
71369;Remigny;8
71370;Rigny-sur-Arroux;13
71371;La Roche-Vineuse;80
71372;Romanèche-Thorins;77
71373;Romenay;44
71374;Rosey;4
71376;Roussillon-en-Morvan;6
71377;Royer;6
71378;Rully;51
71379;Sagy;33
71380;Saillenard;15
71381;Sailly;1
71382;Saint-Agnan;11
71383;Saint-Albain;19
71384;Saint-Ambreuil;12
71385;Saint-Amour-Bellevue;27
71386;Saint-André-en-Bresse;1
71387;Saint-André-le-Désert;9
71388;Saint-Aubin-en-Charollais;13
71389;Saint-Aubin-sur-Loire;8
71390;Saint-Berain-sous-Sanvignes;20
71391;Saint-Bérain-sur-Dheune;10
71392;Saint-Boil;25
71393;Saint-Bonnet-de-Cray;5
71394;Saint-Bonnet-de-Joux;34
71395;Saint-Bonnet-de-Vieille-Vigne;6
71396;Saint-Bonnet-en-Bresse;10
71397;Sainte-Cécile;11
71398;Saint-Christophe-en-Bresse;11
71399;Saint-Christophe-en-Brionnais;29
71400;Saint-Clément-sur-Guye;2
71401;Sainte-Croix-en-Bresse;15
71402;Saint-Cyr;12
71403;Saint-Denis-de-Vaux;10
71404;Saint-Désert;30
71405;Saint-Didier-en-Bresse;6
71406;Saint-Didier-en-Brionnais;5
71407;Saint-Didier-sur-Arroux;7
71408;Saint-Edmond;11
71409;Saint-Émiland;5
71410;Saint-Étienne-en-Bresse;10
71411;Saint-Eugène;6
71412;Saint-Eusèbe;37
71413;Saint-Firmin;9
71414;Saint-Forgeot;14
71415;Sainte-Foy;2
71416;Saint-Gengoux-de-Scissé;24
71417;Saint-Gengoux-le-National;63
71419;Saint-Germain-du-Bois;78
71420;Saint-Germain-du-Plain;64
71421;Saint-Germain-en-Brionnais;6
71422;Saint-Germain-lès-Buxy;8
71423;Saint-Gervais-en-Vallière;10
71424;Saint-Gervais-sur-Couches;5
71425;Saint-Gilles;8
71426;Sainte-Hélène;10
71427;Saint-Huruge;2
71428;Saint-Igny-de-Roche;17
71430;Saint-Jean-de-Vaux;9
71431;Saint-Jean-de-Trézy;8
71433;Saint-Julien-de-Civry;21
71434;Saint-Julien-de-Jonzy;7
71435;Saint-Julien-sur-Dheune;5
71436;Saint-Laurent-d'Andenay;18
71437;Saint-Laurent-en-Brionnais;15
71438;Saint-Léger-du-Bois;7
71439;Saint-Léger-lès-Paray;10
71440;Saint-Léger-sous-Beuvray;17
71441;Saint-Léger-sous-la-Bussière;9
71442;Saint-Léger-sur-Dheune;49
71443;Saint-Loup-Géanges;42
71444;Saint-Loup-de-Varennes;29
71445;Saint-Marcel;210
71446;Saint-Marcelin-de-Cray;5
71447;Saint-Mard-de-Vaux;8
71448;Saint-Martin-Belle-Roche;48
71449;Saint-Martin-d'Auxy;6
71450;Saint-Martin-de-Commune;3
71451;Saint-Martin-de-Lixy;1
71452;Saint-Martin-de-Salencey;6
71453;Saint-Martin-du-Lac;2
71454;Saint-Martin-du-Mont;2
71455;Saint-Martin-du-Tartre;7
71456;Saint-Martin-en-Bresse;47
71457;Saint-Martin-en-Gâtinois;5
71458;Saint-Martin-la-Patrouille;5
71459;Saint-Martin-sous-Montaigu;13
71460;Saint-Maurice-de-Satonnay;16
71461;Saint-Maurice-des-Champs;3
71462;Saint-Maurice-en-Rivière;5
71463;Saint-Maurice-lès-Châteauneuf;17
71464;Saint-Maurice-lès-Couches;8
71465;Saint-Micaud;9
71466;Saint-Nizier-sur-Arroux;4
71468;Saint-Pierre-de-Varennes;16
71469;Saint-Pierre-le-Vieux;4
71470;Saint-Point;13
71471;Saint-Privé;2
71472;Saint-Prix;8
71473;Saint-Racho;4
71474;Sainte-Radegonde;1
71475;Saint-Rémy;160
71477;Saint-Romain-sous-Gourdon;9
71478;Saint-Romain-sous-Versigny;4
71479;Saint-Sernin-du-Bois;20
71480;Saint-Sernin-du-Plain;18
71481;Saint-Symphorien-d'Ancelles;14
71482;Saint-Symphorien-de-Marmagne;17
71483;Saint-Symphorien-des-Bois;12
71484;Saint-Usuge;21
71485;Saint-Vallerin;13
71486;Saint-Vallier;115
71487;Saint-Vérand;11
71488;Saint-Vincent-des-Prés;6
71489;Saint-Vincent-en-Bresse;11
71490;Saint-Vincent-Bragny;9
71491;Saint-Yan;38
71493;Saisy;1
71494;La Salle;17
71495;Salornay-sur-Guye;23
71496;Sampigny-lès-Maranges;7
71497;Sancé;103
71498;Santilly;2
71499;Sanvignes-les-Mines;57
71500;Sarry;8
71501;Sassangy;7
71502;Sassenay;17
71503;Saules;4
71504;Saunières;2
71505;Savianges;1
71506;Savigny-en-Revermont;20
71507;Savigny-sur-Grosne;7
71508;Savigny-sur-Seille;5
71509;La Celle-en-Morvan;13
71510;Semur-en-Brionnais;14
71512;Sennecey-le-Grand;123
71513;Senozan;33
71514;Sens-sur-Seille;13
71515;Sercy;4
71516;Serley;15
71517;Sermesse;5
71518;Serrières;17
71519;Serrigny-en-Bresse;3
71520;Sevrey;70
71521;Sigy-le-Châtel;3
71522;Simandre;38
71523;Simard;35
71524;Sivignon;9
71525;Sologny;16
71526;Solutré-Pouilly;31
71527;Sommant;6
71528;Sornay;41
71529;Suin;4
71530;Sully;9
71531;La Tagnière;4
71532;Taizé;7
71533;Tancon;7
71534;Le Tartre;5
71535;Tavernay;9
71537;Thil-sur-Arroux;3
71538;Thurey;6
71539;Tintry;2
71540;Torcy;108
71541;Torpes;13
71542;Toulon-sur-Arroux;52
71543;Tournus;299
71544;Toutenant;5
71545;Tramayes;39
71546;Trambly;17
71547;Trivy;9
71548;Tronchy;7
71549;La Truchère;5
71550;Uchizy;26
71551;Uchon;3
71552;Uxeau;10
71553;Vareilles;6
71554;Varenne-l'Arconce;3
71555;Varennes-le-Grand;45
71556;Varennes-lès-Mâcon;61
71557;Varenne-Saint-Germain;6
71558;Varennes-Saint-Sauveur;47
71559;Varennes-sous-Dun;36
71561;Vauban;8
71562;Vaudebarrier;8
71563;Vaux-en-Pré;3
71564;Vendenesse-lès-Charolles;45
71565;Vendenesse-sur-Arroux;7
71566;Verdun-Ciel;90
71567;Vergisson;27
71568;Vérissey;3
71570;Verjux;5
71571;Verosvres;10
71572;Vers;4
71573;Versaugues;3
71574;Verzé;30
71576;Le Villars;6
71577;Villegaudin;2
71578;Clux-Villeneuve;5
71579;Villeneuve-en-Montagne;4
71580;Vincelles;8
71581;Vindecy;8
71582;La Vineuse sur Fregande;19
71583;Vinzelles;62
71584;Viré;59
71585;Virey-le-Grand;23
71586;Viry;2
71588;Vitry-en-Charollais;43
71589;Vitry-sur-Loire;9
71590;Volesvres;13
71591;Fleurville;22
72001;Aigné;26
72002;Aillières-Beauvoir;5
72003;Allonnes;239
72004;Amné;12
72005;Ancinnes;17
72006;Arçonnay;123
72007;Ardenay-sur-Mérize;10
72008;Arnage;235
72009;Arthezé;5
72010;Asnières-sur-Vègre;8
72011;Assé-le-Boisne;21
72012;Assé-le-Riboul;13
72013;Aubigné-Racan;42
72015;Les Aulneaux;3
72016;Auvers-le-Hamon;31
72017;Auvers-sous-Montfaucon;9
72018;Avesnes-en-Saosnois;2
72019;Avessé;14
72020;Avezé;15
72021;Avoise;13
72022;Le Bailleul;36
72023;Ballon-Saint Mars;51
72024;La Bazoge;82
72025;Bazouges Cré sur Loir;42
72026;Beaufay;24
72027;Beaumont-sur-Dême;6
72028;Beaumont-Pied-de-Bœuf;18
72029;Beaumont-sur-Sarthe;73
72031;Beillé;15
72032;Berfay;6
72034;Bérus;13
72035;Bessé-sur-Braye;58
72036;Béthon;6
72037;Blèves;1
72038;Boëssé-le-Sec;7
72039;Bonnétable;90
72040;La Bosse;5
72041;Bouër;11
72042;Bouloire;86
72043;Bourg-le-Roi;3
72044;Bousse;9
72045;Brains-sur-Gée;9
72046;Le Breil-sur-Mérize;23
72047;Brette-les-Pins;28
72048;Briosne-lès-Sables;8
72049;La Bruère-sur-Loir;13
72050;Brûlon;79
72051;Cérans-Foulletourte;83
72052;Chahaignes;14
72053;Challes;13
72054;Champagné;111
72056;Champfleur;15
72057;Champrond;0
72058;Changé;183
72059;Chantenay-Villedieu;36
72060;La Chapelle-aux-Choux;7
72061;La Chapelle-d'Aligné;24
72062;La Chapelle-du-Bois;22
72064;La Chapelle-Huon;16
72065;La Chapelle-Saint-Aubin;287
72066;La Chapelle-Saint-Fray;4
72067;La Chapelle-Saint-Rémy;15
72068;La Chartre-sur-le-Loir;78
72070;Chassillé;3
72071;Montval-sur-Loir;198
72072;Château-l'Hermitage;4
72073;Chaufour-Notre-Dame;23
72074;Chemiré-en-Charnie;4
72075;Chemiré-le-Gaudin;17
72076;Chenay;1
72077;Chenu;16
72078;Chérancé;15
72079;Chérisay;5
72080;Cherré-Au;101
72083;Chevillé;10
72084;Clermont-Créans;18
72085;Cogners;6
72086;Commerveil;3
72087;Conflans-sur-Anille;16
72088;Congé-sur-Orne;9
72089;Conlie;72
72090;Connerré;95
72091;Contilly;4
72093;Cormes;19
72094;Coudrecieux;14
72095;Coulaines;139
72096;Coulans-sur-Gée;45
72098;Coulongé;10
72099;Courcebœufs;10
72100;Courcelles-la-Forêt;13
72101;Courcemont;16
72102;Courcival;2
72103;Courdemanche;21
72104;Courgains;10
72105;Courgenard;7
72106;Courtillers;8
72107;Crannes-en-Champagne;8
72109;Crissé;12
72110;Crosmières;24
72111;Cures;12
72112;Dangeul;20
72113;Degré;15
72114;Dehault;12
72115;Dissay-sous-Courcillon;26
72118;Dollon;31
72119;Domfront-en-Champagne;14
72120;Doucelles;7
72121;Douillet;10
72122;Duneau;16
72123;Dureil;1
72124;Écommoy;143
72125;Écorpain;10
72126;Épineu-le-Chevreuil;11
72127;Étival-lès-le-Mans;16
72128;Val-d'Étangson;10
72129;Fatines;14
72130;Fay;13
72131;Fercé-sur-Sarthe;10
72132;La Ferté-Bernard;401
72133;Fillé;22
72134;Flée;12
72135;La Fontaine-Saint-Martin;6
72136;Fontenay-sur-Vègre;8
72137;Villeneuve-en-Perseigne;36
72138;Fresnay-sur-Sarthe;104
72139;Fyé;25
72141;Gesnes-le-Gandelin;16
72142;Grandchamp;6
72143;Le Grand-Lucé;64
72144;Gréez-sur-Roc;11
72145;Le Grez;10
72146;Guécélard;56
72147;La Guierche;24
72148;Jauzé;5
72149;Joué-en-Charnie;24
72150;Joué-l'Abbé;36
72151;Juigné-sur-Sarthe;21
72152;Juillé;5
72153;Jupilles;15
72154;La Flèche;555
72155;Laigné-Saint-Gervais;80
72156;Lamnay;14
72157;Lavardin;7
72158;Lavaré;19
72160;Lavernat;13
72161;Lhomme;16
72163;Ligron;9
72164;Livet-en-Saosnois;1
72165;Lombron;19
72166;Longnes;10
72167;Louailles;20
72168;Loué;74
72169;Louplande;30
72170;Louvigny;8
72171;Louzes;4
72172;Le Luart;30
72173;Luceau;42
72174;Lucé-sous-Ballon;7
72175;Luché-Pringé;48
72176;Le Lude;157
72177;Maigné;8
72178;Maisoncelles;7
72179;Malicorne-sur-Sarthe;40
72180;Mamers;199
72181;Le Mans;4806
72182;Mansigné;36
72183;Marçon;34
72184;Mareil-en-Champagne;21
72185;Mareil-sur-Loir;8
72186;Maresché;32
72187;Marigné-Laillé;22
72188;Marollette;3
72189;Marolles-les-Braults;80
72190;Marolles-lès-Saint-Calais;9
72191;Mayet;67
72192;Les Mées;2
72193;Melleray;14
72194;Meurcé;7
72195;Mézeray;27
72196;Mézières-sur-Ponthouin;13
72197;Mézières-sous-Lavardin;11
72198;La Milesse;65
72199;Moitron-sur-Sarthe;14
72200;Moncé-en-Belin;79
72201;Moncé-en-Saosnois;5
72202;Monhoudou;7
72204;Montaillé;21
72205;Montbizot;33
72208;Montmirail;28
72209;Montreuil-le-Chétif;8
72210;Montreuil-le-Henri;8
72211;Mont-Saint-Jean;22
72212;Moulins-le-Carbonnel;15
72213;Mulsanne;112
72214;Nauvay;1
72215;Neufchâtel-en-Saosnois;22
72216;Neuvillalais;12
72217;Neuville-sur-Sarthe;70
72218;Neuvillette-en-Charnie;5
72219;Bernay-Neuvy-en-Champagne;29
72220;Nogent-le-Bernard;12
72221;Nogent-sur-Loir;7
72222;Nouans;7
72223;Noyen-sur-Sarthe;78
72224;Nuillé-le-Jalais;6
72225;Oisseau-le-Petit;16
72226;Oizé;22
72227;Panon;4
72228;Parcé-sur-Sarthe;45
72229;Parennes;8
72230;Parigné-le-Pôlin;16
72231;Parigné-l'Évêque;101
72232;Notre-Dame-du-Pé;5
72233;Peray;1
72234;Pezé-le-Robert;7
72235;Piacé;17
72236;Pincé;5
72237;Pirmil;7
72238;Pizieux;1
72239;Poillé-sur-Vègre;20
72241;Montfort-le-Gesnois;87
72243;Pontvallain;34
72244;Précigné;53
72245;Préval;7
72246;Prévelles;3
72247;Pruillé-le-Chétif;27
72248;Pruillé-l'Éguillé;16
72249;La Quinte;13
72250;Rahay;7
72251;René;8
72252;Requeil;28
72253;Roëzé-sur-Sarthe;74
72254;Rouessé-Fontaine;9
72255;Rouessé-Vassé;16
72256;Rouez;20
72257;Rouillon;72
72259;Rouperroux-le-Coquet;14
72260;Ruaudin;181
72261;Ruillé-en-Champagne;9
72262;Loir en Vallée;70
72264;Sablé-sur-Sarthe;441
72265;Saint-Aignan;9
72266;Saint-Aubin-de-Locquenay;14
72267;Saint-Aubin-des-Coudrais;18
72268;Saint-Biez-en-Belin;3
72269;Saint-Calais;129
72270;Saint-Calez-en-Saosnois;4
72271;Saint-Célerin;10
72272;Sainte-Cérotte;5
72273;Saint-Christophe-du-Jambet;4
72274;Saint-Christophe-en-Champagne;8
72275;Saint-Corneille;24
72276;Saint-Cosme-en-Vairais;47
72277;Saint-Denis-des-Coudrais;1
72278;Saint-Denis-d'Orques;24
72279;Saint-Georges-de-la-Couée;5
72280;Saint-Georges-du-Bois;24
72281;Saint-Georges-du-Rosay;10
72282;Saint-Georges-le-Gaultier;17
72283;Saint-Germain-d'Arcé;16
72286;Saint-Gervais-de-Vic;5
72289;Sainte-Jamme-sur-Sarthe;52
72290;Saint-Jean-d'Assé;23
72291;Saint-Jean-de-la-Motte;20
72292;Saint-Jean-des-Échelles;4
72293;Saint-Jean-du-Bois;5
72294;Saint-Léonard-des-Bois;24
72295;Saint-Longis;15
72296;Saint-Maixent;9
72297;Saint-Marceau;8
72299;Saint-Mars-d'Outillé;33
72300;Saint-Mars-la-Brière;63
72302;Saint-Martin-des-Monts;3
72303;Saint-Michel-de-Chavaignes;17
72305;Saint-Ouen-de-Mimbré;21
72306;Saint-Ouen-en-Belin;18
72307;Saint-Ouen-en-Champagne;3
72308;Saint-Paterne - Le Chevain;41
72309;Saint-Paul-le-Gaultier;4
72310;Saint-Pavace;67
72311;Saint-Pierre-de-Chevillé;6
72312;Saint-Pierre-des-Bois;7
72313;Saint-Pierre-des-Ormes;2
72314;Saint-Pierre-du-Lorouër;11
72315;Saint-Rémy-de-Sillé;15
72316;Saint-Rémy-des-Monts;17
72317;Saint-Rémy-du-Val;14
72319;Sainte-Sabine-sur-Longève;13
72320;Saint-Saturnin;175
72321;Saint-Symphorien;10
72322;Saint-Ulphace;10
72323;Saint-Victeur;12
72324;Saint-Vincent-des-Prés;9
72325;Saint-Vincent-du-Lorouër;24
72326;Saosnes;6
72327;Sarcé;8
72328;Sargé-lès-le-Mans;126
72329;Savigné-l'Évêque;98
72330;Savigné-sous-le-Lude;14
72331;Sceaux-sur-Huisne;11
72332;Ségrie;16
72333;Semur-en-Vallon;7
72334;Sillé-le-Guillaume;112
72335;Sillé-le-Philippe;23
72336;Solesmes;108
72337;Sougé-le-Ganelon;18
72338;Souillé;8
72339;Souligné-Flacé;8
72340;Souligné-sous-Ballon;13
72341;Soulitré;18
72342;Souvigné-sur-Même;6
72343;Souvigné-sur-Sarthe;16
72344;Spay;74
72345;Surfonds;3
72346;La Suze-sur-Sarthe;111
72347;Tassé;8
72348;Tassillé;2
72349;Teillé;9
72350;Teloché;69
72351;Tennie;34
72352;Terrehault;3
72353;Théligny;5
72354;Thoigné;9
72355;Thoiré-sous-Contensor;1
72356;Thoiré-sur-Dinan;9
72357;Thorée-les-Pins;23
72358;Thorigné-sur-Dué;43
72359;Torcé-en-Vallée;20
72360;Trangé;42
72361;Tresson;15
72362;Le Tronchet;3
72363;Tuffé Val de la Chéronne;53
72364;Vaas;42
72366;Valennes;13
72367;Vallon-sur-Gée;13
72368;Vancé;9
72369;Verneil-le-Chétif;15
72370;Vernie;8
72372;Vezot;3
72373;Vibraye;101
72374;Villaines-la-Carelle;4
72375;Villaines-la-Gonais;16
72376;Villaines-sous-Lucé;19
72377;Villaines-sous-Malicorne;37
72378;Vion;33
72379;Viré-en-Champagne;10
72380;Vivoin;23
72381;Voivres-lès-le-Mans;33
72382;Val-de-la-Hune;30
72383;Vouvray-sur-Huisne;2
72385;Yvré-le-Pôlin;23
72386;Yvré-l'Évêque;92
73001;Aiguebelette-le-Lac;9
73003;Grand-Aigueblanche;140
73004;Aillon-le-Jeune;36
73005;Aillon-le-Vieux;6
73006;Aime-la-Plagne;282
73007;Aiton;43
73008;Aix-les-Bains;1177
73010;Entrelacs;212
73011;Albertville;1032
73012;Albiez-le-Jeune;5
73013;Albiez-Montrond;37
73014;Allondaz;3
73015;Les Allues;371
73017;Apremont;48
73018;Arbin;51
73019;Argentine;10
73020;Arith;10
73021;Arvillard;15
73022;Attignat-Oncin;11
73023;Aussois;61
73024;Les Avanchers-Valmorel;94
73025;Avressieux;15
73026;Avrieux;14
73027;Ayn;8
73028;La Balme;7
73029;Barberaz;158
73030;Barby;80
73031;Bassens;152
73032;La Bâthie;111
73033;La Bauche;7
73034;Beaufort;154
73036;Bellecombe-en-Bauges;18
73039;Belmont-Tramonet;41
73040;Bessans;35
73041;Betton-Bettonet;9
73042;Billième;5
73043;La Biolle;59
73047;Bonneval-sur-Arc;35
73048;Bonvillard;8
73049;Bonvillaret;1
73050;Bourdeau;24
73051;Le Bourget-du-Lac;319
73052;Bourget-en-Huile;4
73053;Bourgneuf;21
73054;Bourg-Saint-Maurice;721
73055;Bozel;120
73057;Brides-les-Bains;85
73058;La Bridoire;30
73059;Brison-Saint-Innocent;49
73061;Césarches;8
73063;Cevins;25
73064;Challes-les-Eaux;340
73065;Chambéry;2774
73067;La Chambre;68
73068;Chamousset;20
73069;Chamoux-sur-Gelon;30
73070;Champagneux;15
73071;Champagny-en-Vanoise;65
73072;Champ-Laurent;2
73073;Chanaz;30
73074;La Chapelle;4
73075;La Chapelle-Blanche;14
73076;La Chapelle-du-Mont-du-Chat;8
73077;Les Chapelles;13
73078;La Chapelle-Saint-Martin;2
73079;Châteauneuf;26
73081;Le Châtelard;34
73082;La Chavanne;14
73083;Les Chavannes-en-Maurienne;8
73084;Chignin;43
73085;Chindrieux;48
73086;Cléry;6
73087;Cognin;141
73088;Cohennoz;12
73089;Coise-Saint-Jean-Pied-Gauthier;37
73090;La Compôte;9
73091;Conjux;4
73092;Corbel;6
73094;Crest-Voland;38
73095;La Croix-de-la-Rochette;18
73096;Cruet;28
73097;Curienne;10
73098;Les Déserts;54
73099;Détrier;13
73100;Domessin;65
73101;Doucy-en-Bauges;3
73103;Drumettaz-Clarafond;188
73104;Dullin;10
73105;Les Échelles;56
73106;École;11
73107;Entremont-le-Vieux;22
73109;Épierre;21
73110;Esserts-Blay;18
73113;Feissons-sur-Salins;7
73114;Flumet;54
73116;Fontcouverte-la-Toussuire;90
73117;Fourneaux;32
73119;Freney;8
73120;Fréterive;21
73121;Frontenex;91
73122;Gerbaix;8
73123;La Giettaz;28
73124;Gilly-sur-Isère;166
73128;Grésy-sur-Aix;250
73129;Grésy-sur-Isère;25
73130;Grignon;43
73131;Hautecour;6
73132;Hauteluce;138
73133;Hauteville;5
73135;La Tour-en-Maurienne;54
73137;Jacob-Bellecombette;38
73138;Jarrier;9
73139;Jarsy;5
73140;Jongieux;18
73141;Laissaud;25
73142;Landry;80
73145;Lépin-le-Lac;19
73146;Lescheraines;46
73147;Loisieux;4
73149;Lucey;6
73150;La Plagne Tarentaise;427
73151;Porte-de-Savoie;208
73152;Marcieux;3
73153;Marthod;32
73154;Mercury;50
73155;Méry;166
73156;Meyrieux-Trouet;7
73157;Modane;186
73159;Les Mollettes;11
73160;Montagnole;19
73161;Montagny;21
73162;Montailleur;14
73164;Montcel;22
73166;Montendry;2
73168;Montgilbert;3
73170;Monthion;9
73171;Montmélian;195
73173;Montricher-Albanne;22
73175;Montsapey;2
73176;Montvalezan;133
73177;Montvernier;3
73178;La Motte-en-Bauges;13
73179;La Motte-Servolex;576
73180;Motz;14
73181;Moûtiers;331
73182;Mouxy;26
73183;Myans;33
73184;Nances;24
73186;Notre-Dame-de-Bellecombe;53
73187;La Léchère;96
73188;Notre-Dame-des-Millières;37
73189;Notre-Dame-du-Cruet;7
73190;Notre-Dame-du-Pré;11
73191;Novalaise;87
73192;Le Noyer;7
73193;Ontex;3
73194;Orelle;14
73196;Pallud;7
73197;Peisey-Nancroix;86
73200;Planaise;11
73201;Planay;15
73202;Plancherine;12
73204;Le Pont-de-Beauvoisin;155
73205;Le Pontet;5
73206;Pralognan-la-Vanoise;86
73207;Presle;10
73208;Pugny-Chatenod;31
73210;Puygros;10
73211;Queige;20
73212;Val-d'Arc;71
73213;La Ravoire;386
73214;Rochefort;7
73215;Valgelon-La Rochette;130
73216;Rognaix;10
73217;Rotherens;14
73218;Ruffieux;36
73219;Saint-Alban-de-Montbel;33
73220;Saint-Alban-d'Hurtières;3
73221;Saint-Alban-des-Villards;1
73222;Saint-Alban-Leysse;243
73223;Saint-André;9
73224;Saint-Avre;27
73225;Saint-Baldoph;162
73226;Saint-Béron;46
73227;Courchevel;574
73228;Saint-Cassin;23
73229;Saint-Christophe;12
73230;Saint-Colomban-des-Villards;21
73231;Saint-Étienne-de-Cuines;29
73232;Sainte-Foy-Tarentaise;69
73233;Saint-Franc;2
73234;Saint-François-de-Sales;4
73235;Saint François Longchamp;95
73236;Saint-Genix-les-Villages;99
73237;Saint-Georges-d'Hurtières;13
73240;Sainte-Hélène-du-Lac;119
73241;Sainte-Hélène-sur-Isère;79
73242;Saint-Jean-d'Arves;42
73243;Saint-Jean-d'Arvey;28
73245;Saint-Jean-de-Chevelu;17
73246;Saint-Jean-de-Couz;8
73247;Saint-Jean-de-la-Porte;22
73248;Saint-Jean-de-Maurienne;447
73249;Saint-Jeoire-Prieuré;57
73250;Saint-Julien-Mont-Denis;42
73252;Saint-Léger;4
73253;Saint-Marcel;24
73254;Sainte-Marie-d'Alvey;4
73255;Sainte-Marie-de-Cuines;12
73256;Saint-Martin-d'Arc;4
73257;Les Belleville;567
73258;Saint-Martin-de-la-Porte;10
73259;Saint-Martin-sur-la-Chambre;11
73261;Saint-Michel-de-Maurienne;77
73262;Saint-Nicolas-la-Chapelle;27
73263;Saint-Offenge;19
73265;Saint-Ours;14
73267;Saint-Pancrace;10
73268;Saint-Paul-sur-Isère;11
73269;Saint-Paul-sur-Yenne;19
73270;Saint-Pierre-d'Albigny;143
73271;Saint-Pierre-d'Alvey;6
73272;Saint-Pierre-de-Belleville;9
73273;Saint-Pierre-de-Curtille;17
73274;Saint-Pierre-d'Entremont;26
73275;Saint-Pierre-de-Genebroz;8
73276;Saint-Pierre-de-Soucy;11
73277;Sainte-Reine;3
73278;Saint-Rémy-de-Maurienne;25
73280;Saint-Sorlin-d'Arves;83
73281;Saint-Sulpice;15
73282;Saint-Thibaud-de-Couz;18
73283;Saint-Vital;10
73284;Salins-Fontaine;51
73285;Séez;115
73286;Serrières-en-Chautagne;35
73288;Sonnaz;41
73289;La Table;4
73290;Val-Cenis;217
73292;Thénésol;7
73293;Thoiry;7
73294;La Thuile;8
73296;Tignes;332
73297;Tournon;65
73298;Tours-en-Savoie;42
73299;Traize;8
73300;Tresserve;68
73301;Trévignin;19
73302;La Trinité;2
73303;Ugine;207
73304;Val-d'Isère;394
73306;Valloire;163
73307;Valmeinier;79
73308;Venthon;10
73309;Verel-de-Montbel;9
73310;Verel-Pragondran;13
73311;Le Verneil;1
73312;Verrens-Arvey;13
73313;Verthemex;9
73314;Villard-d'Héry;2
73315;Villard-Léger;10
73316;Villard-Sallet;6
73317;Villard-sur-Doron;36
73318;Villarembert;70
73320;Villargondran;20
73322;Villarodin-Bourget;47
73323;Villaroger;18
73324;Villaroux;3
73326;Vimines;38
73327;Vions;6
73328;Viviers-du-Lac;120
73329;Voglans;193
73330;Yenne;140
74001;Abondance;84
74002;Alby-sur-Chéran;122
74003;Alex;56
74004;Allèves;7
74005;Allinges;130
74006;Allonzier-la-Caille;132
74007;Amancy;99
74008;Ambilly;88
74009;Andilly;17
74010;Annecy;6111
74012;Annemasse;1285
74013;Anthy-sur-Léman;178
74014;Arâches-la-Frasse;211
74015;Arbusigny;19
74016;Archamps;178
74018;Arenthon;46
74019;Argonay;224
74020;Armoy;18
74021;Arthaz-Pont-Notre-Dame;34
74024;Ayse;69
74025;Ballaison;22
74026;La Balme-de-Sillingy;131
74027;La Balme-de-Thuy;26
74029;Bassy;12
74030;La Baume;9
74031;Beaumont;48
74032;Bellevaux;58
74033;Bernex;51
74034;Le Biot;33
74035;Bloye;6
74036;Bluffy;18
74037;Boëge;54
74038;Bogève;18
74040;Bonne;92
74041;Bonnevaux;10
74042;Bonneville;431
74043;Bons-en-Chablais;178
74044;Bossey;12
74045;Le Bouchet-Mont-Charvin;11
74046;Boussy;9
74048;Brenthonne;19
74049;Brizon;9
74050;Burdignin;16
74051;Cercier;13
74052;Cernex;13
74053;Cervens;27
74054;Chainaz-les-Frasses;12
74055;Challonges;13
74056;Chamonix-Mont-Blanc;910
74057;Champanges;35
74058;La Chapelle-d'Abondance;60
74059;La Chapelle-Rambaud;4
74060;La Chapelle-Saint-Maurice;7
74061;Chapeiry;24
74062;Charvonnex;42
74063;Châtel;224
74064;Châtillon-sur-Cluses;21
74065;Chaumont;7
74066;Chavannaz;2
74067;Chavanod;297
74068;Chêne-en-Semine;51
74069;Chênex;14
74070;Chens-sur-Léman;24
74071;Chessenaz;6
74072;Chevaline;3
74073;Chevenoz;9
74074;Chevrier;8
74075;Chilly;23
74076;Choisy;30
74077;Clarafond-Arcine;13
74078;Clermont;7
74079;Les Clefs;14
74080;La Clusaz;291
74081;Cluses;696
74082;Collonges-sous-Salève;82
74083;Combloux;149
74085;Les Contamines-Montjoie;119
74086;Contamine-Sarzin;7
74087;Contamine-sur-Arve;77
74088;Copponex;18
74089;Cordon;54
74090;Cornier;44
74091;La Côte-d'Arbroz;15
74094;Cranves-Sales;124
74095;Crempigny-Bonneguête;7
74096;Cruseilles;147
74097;Cusy;48
74098;Cuvat;21
74099;Demi-Quartier;40
74100;Desingy;18
74101;Dingy-en-Vuache;6
74102;Dingy-Saint-Clair;37
74103;Domancy;94
74104;Doussard;160
74105;Douvaine;221
74106;Draillant;11
74107;Droisy;6
74108;Duingt;32
74109;Éloise;11
74111;Entrevernes;5
74112;Epagny Metz-Tessy;640
74114;Essert-Romand;27
74116;Etaux;56
74117;Étercy;8
74118;Étrembières;102
74119;Évian-les-Bains;372
74121;Excenevex;33
74122;Faucigny;13
74123;Faverges-Seythenex;219
74124;Feigères;20
74126;Fessy;19
74127;Féternes;23
74128;Fillinges;124
74129;La Forclaz;7
74130;Franclens;6
74131;Frangy;65
74133;Gaillard;206
74134;Les Gets;237
74135;Giez;26
74136;Le Grand-Bornand;315
74137;Groisy;120
74138;Gruffy;35
74139;Habère-Lullin;14
74140;Habère-Poche;30
74141;Hauteville-sur-Fier;21
74142;Héry-sur-Alby;22
74143;Les Houches;166
74144;Jonzier-Épagny;11
74145;Juvigny;43
74146;Larringes;36
74147;Lathuile;31
74148;Leschaux;10
74150;Loisin;29
74151;Lornay;11
74152;Lovagny;24
74153;Lucinges;24
74154;Lugrin;52
74155;Lullin;29
74156;Lully;15
74157;Lyaud;25
74158;Machilly;17
74159;Magland;144
74160;Manigod;69
74161;Marcellaz-Albanais;35
74162;Marcellaz;13
74163;Margencel;76
74164;Marignier;197
74165;Marigny-Saint-Marcel;43
74166;Marin;63
74167;Val de Chaise;36
74168;Marlioz;12
74169;Marnaz;229
74170;Massingy;19
74171;Massongy;21
74172;Maxilly-sur-Léman;27
74173;Megève;596
74174;Mégevette;9
74175;Meillerie;6
74176;Menthon-Saint-Bernard;80
74177;Menthonnex-en-Bornes;24
74178;Menthonnex-sous-Clermont;11
74179;Mésigny;20
74180;Messery;36
74183;Mieussy;64
74184;Minzier;15
74185;Monnetier-Mornex;37
74186;Montagny-les-Lanches;22
74188;Montriond;87
74189;Mont-Saxonnex;34
74190;Morillon;70
74191;Morzine;547
74192;Moye;13
74193;La Muraz;19
74194;Mûres;15
74195;Musièges;43
74196;Nancy-sur-Cluses;11
74197;Nangy;44
74198;Nâves-Parmelan;14
74199;Nernier;6
74200;Neuvecelle;52
74201;Neydens;85
74202;Nonglard;8
74203;Novel;3
74205;Onnion;22
74206;Orcier;37
74208;Passy;320
74209;Peillonnex;21
74210;Perrignier;93
74211;Pers-Jussy;59
74212;Glières-Val-de-Borne;52
74213;Poisy;288
74215;Praz-sur-Arly;97
74216;Présilly;26
74218;Publier;250
74219;Quintal;16
74220;Reignier-Ésery;165
74221;Le Reposoir;20
74222;Reyvroz;5
74223;La Rivière-Enverse;12
74224;La Roche-sur-Foron;402
74225;Rumilly;536
74226;Saint-André-de-Boëge;19
74228;Saint-Blaise;11
74229;Saint-Cergues;79
74231;Saint-Eusèbe;14
74232;Saint-Eustache;13
74233;Saint-Félix;74
74234;Saint-Ferréol;33
74235;Saint-Germain-sur-Rhône;9
74236;Saint-Gervais-les-Bains;345
74237;Saint-Gingolph;27
74238;Saint-Jean-d'Aulps;100
74239;Saint-Jean-de-Sixt;106
74240;Saint-Jean-de-Tholome;22
74241;Saint-Jeoire;93
74242;Saint-Jorioz;227
74243;Saint-Julien-en-Genevois;344
74244;Saint-Laurent;12
74249;Saint-Paul-en-Chablais;70
74250;Saint-Pierre-en-Faucigny;242
74252;Saint-Sigismond;14
74253;Saint-Sixt;16
74254;Saint-Sylvestre;12
74255;Sales;31
74256;Sallanches;862
74257;Sallenôves;20
74258;Samoëns;238
74259;Le Sappey;7
74260;Savigny;10
74261;Saxel;4
74262;Scientrier;48
74263;Sciez;149
74264;Scionzier;351
74265;Serraval;21
74266;Servoz;33
74267;Sevrier;194
74269;Seyssel;99
74271;Seytroux;17
74272;Sillingy;229
74273;Sixt-Fer-à-Cheval;61
74275;Talloires-Montmin;108
74276;Taninges;174
74278;Thyez;244
74279;Thollon-les-Mémises;35
74280;Thônes;315
74281;Thonon-les-Bains;1406
74282;Fillière;254
74283;Thusy;17
74284;La Tour;38
74285;Usinens;14
74286;Vacheresse;22
74287;Vailly;27
74288;Valleiry;66
74289;Vallières-sur-Fier;92
74290;Vallorcine;31
74291;Vanzy;5
74292;Vaulx;26
74293;Veigy-Foncenex;69
74294;Verchaix;46
74295;La Vernaz;7
74296;Vers;15
74297;Versonnex;11
74298;Vétraz-Monthoux;167
74299;Veyrier-du-Lac;99
74301;Villard;22
74302;Les Villards-sur-Thônes;32
74303;Villaz;136
74304;Ville-en-Sallaz;16
74305;Ville-la-Grand;346
74306;Villy-le-Bouveret;7
74307;Villy-le-Pelloux;21
74308;Vinzier;24
74309;Viry;97
74310;Viuz-la-Chiésaz;28
74311;Viuz-en-Sallaz;141
74312;Vougy;57
74313;Vovray-en-Bornes;9
74314;Vulbens;43
74315;Yvoire;67
75056;Paris;188002
76001;Allouville-Bellefosse;34
76002;Alvimare;22
76004;Ambrumesnil;11
76005;Amfreville-la-Mi-Voie;57
76006;Amfreville-les-Champs;6
76007;Anceaumeville;22
76008;Ancourt;11
76009;Ancourteville-sur-Héricourt;5
76010;Ancretiéville-Saint-Victor;11
76011;Ancretteville-sur-Mer;6
76012;Angerville-Bailleul;12
76013;Angerville-la-Martel;13
76014;Angerville-l'Orcher;40
76015;Angiens;16
76016;Anglesqueville-la-Bras-Long;6
76017;Anglesqueville-l'Esneval;7
76018;Val-de-Saâne;42
76019;Anneville-sur-Scie;13
76020;Anneville-Ambourville;19
76021;Annouville-Vilmesnil;11
76022;Anquetierville;3
76023;Anvéville;6
76024;Ardouval;3
76025;Argueil;17
76026;Arques-la-Bataille;58
76028;Aubéguimont;3
76029;Aubermesnil-aux-Érables;5
76030;Aubermesnil-Beaumais;11
76032;Auberville-la-Manuel;4
76033;Auberville-la-Renault;4
76034;Val-de-Scie;83
76035;Aumale;134
76036;Auppegard;19
76038;Authieux-Ratiéville;7
76039;Les Authieux-sur-le-Port-Saint-Ouen;26
76040;Autigny;10
76041;Les Hauts-de-Caux;24
76042;Auvilliers;3
76043;Auzebosc;34
76045;Auzouville-l'Esneval;9
76046;Auzouville-sur-Ry;14
76047;Auzouville-sur-Saâne;3
76048;Avesnes-en-Bray;9
76049;Avesnes-en-Val;14
76050;Avremesnil;12
76051;Bacqueville-en-Caux;87
76052;Bailleul-Neuville;12
76053;Baillolet;4
76054;Bailly-en-Rivière;10
76055;Baons-le-Comte;12
76056;Bardouville;11
76057;Barentin;409
76058;Baromesnil;11
76059;Bazinval;6
76060;Beaubec-la-Rosière;9
76062;Beaumont-le-Hareng;9
76063;Beauval-en-Caux;17
76064;Beaurepaire;9
76065;Beaussault;14
76066;Beautot;7
76067;Beauvoir-en-Lyons;17
76068;Bec-de-Mortagne;10
76069;Belbeuf;72
76070;Bellencombre;15
76071;Bellengreville;9
76072;Belleville-en-Caux;13
76074;La Bellière;3
76075;Belmesnil;16
76076;Bénarville;7
76077;Bénesville;4
76079;Bénouville;7
76082;Bernières;11
76083;Bertheauville;4
76084;Bertreville;3
76085;Bertreville-Saint-Ouen;12
76086;Bertrimont;3
76087;Berville-en-Caux;14
76088;Berville-sur-Seine;8
76090;Beuzeville-la-Grenier;15
76091;Beuzeville-la-Guérard;6
76092;Beuzevillette;10
76093;Bézancourt;15
76094;Bierville;13
76095;Bihorel;237
76096;Biville-la-Baignarde;13
76097;Biville-la-Rivière;3
76099;Blacqueville;23
76100;Blainville-Crevon;30
76101;Blangy-sur-Bresle;147
76103;Bonsecours;84
76104;Blosseville;5
76105;Le Bocasse;13
76106;Bois-d'Ennebourg;14
76107;Bois-Guilbert;8
76108;Bois-Guillaume;599
76109;Bois-Héroult;4
76110;Bois-Himont;10
76111;Bois-l'Évêque;8
76112;Le Bois-Robert;8
76113;Boissay;11
76114;Bolbec;255
76115;Bolleville;12
76116;Boos;127
76117;Bordeaux-Saint-Clair;14
76118;Bornambusc;3
76119;Bosc-Bérenger;5
76120;Bosc-Bordel;12
76121;Bosc-Édeline;6
76122;Callengeville;21
76123;Bosc-Guérard-Saint-Adrien;24
76124;Bosc-Hyons;10
76125;Bosc-le-Hard;67
76126;Bosc-Mesnil;9
76128;Bosville;10
76129;Boudeville;8
76130;Bouelles;11
76131;La Bouille;16
76132;Bourdainville;9
76133;Le Bourg-Dun;18
76134;Bourville;6
76135;Bouville;20
76136;Brachy;8
76138;Bracquetuit;13
76139;Bradiancourt;6
76140;Brametot;4
76141;Bréauté;57
76142;Brémontier-Merval;13
76143;Bretteville-du-Grand-Caux;52
76144;Bretteville-Saint-Laurent;10
76146;Buchy;119
76147;Bully;19
76148;Bures-en-Bray;8
76149;Butot;6
76151;Cailleville;4
76152;Cailly;27
76153;Calleville-les-Deux-Églises;7
76154;Campneuseville;9
76155;Canehan;9
76156;Canouville;7
76157;Canteleu;279
76158;Canville-les-Deux-Églises;7
76159;Cany-Barville;148
76160;Carville-la-Folletière;6
76161;Carville-Pot-de-Fer;5
76162;Le Catelier;4
76163;Catenay;9
76164;Rives-en-Seine;140
76165;Caudebec-lès-Elbeuf;182
76166;Le Caule-Sainte-Beuve;12
76167;Cauville-sur-Mer;26
76168;Les Cent-Acres;2
76169;La Cerlangue;23
76170;La Chapelle-du-Bourgay;2
76171;La Chapelle-Saint-Ouen;6
76172;La Chapelle-sur-Dun;3
76173;La Chaussée;13
76174;Cideville;8
76175;Clais;11
76176;Clasville;4
76177;Claville-Motteville;8
76178;Cléon;112
76179;Clères;37
76180;Cleuville;6
76181;Cléville;6
76182;Cliponville;8
76183;Colleville;12
76184;Colmesnil-Manneville;3
76185;Compainville;3
76186;Conteville;17
76187;Contremoulins;8
76188;Cottévrard;10
76189;Crasville-la-Mallet;9
76190;Crasville-la-Rocquefort;6
76192;Criel-sur-Mer;60
76193;La Crique;6
76194;Criquebeuf-en-Caux;3
76195;Criquetot-le-Mauconduit;2
76196;Criquetot-l'Esneval;82
76197;Criquetot-sur-Longueville;20
76198;Criquetot-sur-Ouville;14
76199;Criquiers;12
76200;Critot;15
76201;Croisy-sur-Andelle;17
76202;Croixdalle;2
76203;Croix-Mare;21
76204;Cropus;2
76205;Crosville-sur-Scie;4
76206;Cuverville;3
76207;Cuverville-sur-Yères;6
76208;Cuy-Saint-Fiacre;15
76209;Dampierre-en-Bray;15
76210;Dampierre-Saint-Nicolas;4
76211;Dancourt;5
76212;Darnétal;240
76213;Daubeuf-Serville;7
76214;Dénestanville;8
76216;Déville-lès-Rouen;166
76217;Dieppe;1118
76218;Doudeauville;5
76219;Doudeville;91
76220;Douvrend;15
76221;Drosay;6
76222;Duclair;114
76223;Écalles-Alix;17
76224;Écrainville;23
76225;Écretteville-lès-Baons;13
76226;Écretteville-sur-Mer;2
76227;Ectot-l'Auber;14
76228;Ectot-lès-Baons;6
76229;Elbeuf-en-Bray;7
76230;Elbeuf-sur-Andelle;6
76231;Elbeuf;496
76232;Életot;6
76233;Ellecourt;3
76234;Émanville;11
76235;Envermeu;63
76236;Envronville;6
76237;Épinay-sur-Duclair;9
76238;Épouville;69
76239;Épretot;16
76240;Épreville;48
76241;Ermenouville;8
76242;Ernemont-la-Villette;7
76243;Ernemont-sur-Buchy;10
76244;Esclavelles;15
76245;Eslettes;66
76247;Esteville;17
76249;Étaimpuis;9
76250;Étainhus;24
76251;Étalleville;7
76252;Étalondes;53
76253;Étoutteville;16
76254;Étretat;114
76255;Eu;295
76257;Fallencourt;5
76258;Terres-de-Caux;135
76259;Fécamp;558
76260;Ferrières-en-Bray;48
76261;La Ferté-Saint-Samson;9
76262;Fesques;7
76263;La Feuillie;43
76264;Flamanville;11
76265;Flamets-Frétils;12
76266;Flocques;14
76268;Fongueusemare;8
76269;Fontaine-en-Bray;1
76270;Fontaine-la-Mallet;42
76271;Fontaine-le-Bourg;28
76272;Fontaine-le-Dun;25
76273;Fontaine-sous-Préaux;8
76274;La Fontelaye;3
76275;Fontenay;15
76276;Forges-les-Eaux;150
76278;Foucarmont;41
76279;Foucart;7
76280;Fréauville;5
76281;La Frénaye;39
76282;Freneuse;16
76283;Fresles;6
76284;Fresnay-le-Long;9
76285;Fresne-le-Plan;13
76286;Fresnoy-Folny;18
76287;Fresquiennes;17
76288;Freulleville;5
76289;Saint Martin de l'If;39
76290;Frichemesnil;9
76291;Froberville;12
76292;Fry;3
76293;Fultot;4
76294;La Gaillarde;9
76295;Gaillefontaine;33
76296;Gainneville;51
76297;Gancourt-Saint-Étienne;6
76298;Ganzeville;9
76299;Gerponville;9
76300;Gerville;7
76302;Goderville;113
76303;Gommerville;11
76304;Gonfreville-Caillot;3
76305;Gonfreville-l'Orcher;344
76306;Gonnetot;1
76307;Gonneville-la-Mallet;53
76308;Gonneville-sur-Scie;6
76309;Gonzeville;4
76311;Goupillières;9
76312;Gournay-en-Bray;249
76313;Gouy;8
76314;Graimbouville;13
76315;Grainville-la-Teinturière;19
76316;Grainville-sur-Ry;3
76317;Grainville-Ymauville;13
76318;Grand-Camp;12
76319;Grand-Couronne;262
76320;Grandcourt;11
76321;Les Grandes-Ventes;62
76322;Le Grand-Quevilly;553
76323;Graval;5
76324;Grèges;12
76325;Grémonville;18
76327;Greuville;9
76328;Grigneuseville;15
76329;Gruchet-le-Valasse;116
76330;Gruchet-Saint-Siméon;12
76331;Grugny;9
76332;Grumesnil;7
76333;Guerville;10
76334;Gueures;9
76335;Gueutteville;4
76336;Gueutteville-les-Grès;8
76338;La Hallotière;9
76339;Le Hanouard;6
76340;Harcanville;10
76341;Harfleur;220
76342;Hattenville;23
76343;Haucourt;7
76344;Haudricourt;15
76345;Haussez;8
76346;Hautot-l'Auvray;4
76347;Hautot-le-Vatois;9
76348;Hautot-Saint-Sulpice;10
76349;Hautot-sur-Mer;43
76350;Hautot-sur-Seine;7
76351;Le Havre;4739
76352;La Haye;6
76353;Héberville;7
76354;Hénouville;15
76355;Héricourt-en-Caux;31
76356;Hermanville;4
76357;Hermeville;10
76359;Héronchelles;6
76360;Heugleville-sur-Scie;13
76361;Heuqueville;17
76362;Heurteauville;4
76363;Hodeng-au-Bosc;11
76364;Hodeng-Hodenger;7
76365;Houdetot;7
76366;Le Houlme;90
76367;Houppeville;24
76368;Houquetot;8
76369;La Houssaye-Béranger;8
76370;Hugleville-en-Caux;9
76371;Les Ifs;3
76372;Illois;23
76373;Imbleville;6
76374;Incheville;19
76375;Ingouville;7
76377;Isneauville;244
76378;Jumièges;34
76379;Lamberville;2
76380;Lammerville;13
76381;Landes-Vieilles-et-Neuves;2
76382;Lanquetot;24
76383;Lestanville;2
76384;Lillebonne;298
76385;Limésy;32
76386;Limpiville;11
76387;Lindebeuf;6
76388;Lintot;12
76389;Lintot-les-Bois;4
76390;Les Loges;39
76391;La Londe;29
76392;Londinières;65
76393;Longmesnil;4
76394;Longroy;18
76395;Longueil;25
76396;Longuerue;9
76397;Longueville-sur-Scie;40
76398;Louvetot;21
76399;Lucy;7
76400;Luneray;107
76401;Arelaune-en-Seine;41
76402;Malaunay;102
76403;Malleville-les-Grès;3
76404;Manéglise;21
76405;Manéhouville;13
76406;Maniquerville;7
76407;Manneville-ès-Plains;9
76408;Manneville-la-Goupil;17
76409;Mannevillette;13
76410;Maromme;247
76411;Marques;7
76412;Martainville-Épreville;30
76413;Martigny;7
76414;Martin-Église;97
76415;Massy;10
76416;Mathonville;5
76417;Maucomble;12
76418;Maulévrier-Sainte-Gertrude;10
76419;Mauny;2
76420;Mauquenchy;12
76421;Mélamare;19
76422;Melleville;4
76423;Ménerval;11
76424;Ménonval;5
76425;Mentheville;5
76426;Mésangueville;7
76427;Mesnières-en-Bray;26
76428;Le Mesnil-Durdent;1
76429;Le Mesnil-Esnard;219
76430;Mesnil-Follemprise;6
76431;Le Mesnil-Lieubray;3
76432;Mesnil-Mauger;10
76433;Mesnil-Panneville;10
76434;Mesnil-Raoul;23
76435;Le Mesnil-Réaume;17
76436;Le Mesnil-sous-Jumièges;21
76437;Meulers;7
76438;Millebosc;3
76439;Mirville;7
76440;Molagnies;4
76441;Monchaux-Soreng;13
76442;Monchy-sur-Eu;11
76443;Mont-Cauvaire;17
76445;Montérolier;15
76446;Montigny;23
76447;Montivilliers;471
76448;Montmain;26
76449;Montreuil-en-Caux;7
76450;Montroty;9
76451;Mont-Saint-Aignan;710
76452;Montville;149
76453;Morgny-la-Pommeraye;13
76454;Mortemer;2
76455;Morville-le-Héron;14
76456;Motteville;21
76457;Moulineaux;12
76458;Muchedent;5
76459;Nesle-Hodeng;13
76460;Nesle-Normandeuse;11
76461;Neufbosc;5
76462;Neufchâtel-en-Bray;279
76463;Neuf-Marché;18
76464;La Neuville-Chant-d'Oisel;31
76465;Neuville-Ferrières;15
76467;Néville;19
76468;Nointot;21
76469;Nolléval;11
76470;Normanville;18
76471;Norville;9
76472;Notre-Dame-d'Aliermont;21
76473;Notre-Dame-de-Bliquetuit;11
76474;Notre-Dame-de-Bondeville;105
76475;Franqueville-Saint-Pierre;174
76476;Port-Jérôme-sur-Seine;249
76477;Notre-Dame-du-Bec;5
76478;Notre-Dame-du-Parc;3
76479;Nullemont;2
76480;Ocqueville;7
76481;Octeville-sur-Mer;142
76482;Offranville;94
76483;Oherville;4
76484;Oissel;212
76485;Omonville;8
76486;Orival;11
76487;Osmoy-Saint-Valery;11
76488;Ouainville;12
76489;Oudalle;54
76490;Ourville-en-Caux;29
76491;Ouville-l'Abbaye;10
76492;Ouville-la-Rivière;23
76493;Paluel;21
76494;Parc-d'Anxtot;9
76495;Pavilly;176
76497;Petit-Couronne;238
76498;Le Petit-Quevilly;577
76499;Petiville;23
76500;Pierrecourt;11
76501;Pierrefiques;3
76502;Pierreval;7
76503;Pissy-Pôville;51
76504;Pleine-Sève;4
76505;Pommereux;4
76506;Pommeréval;7
76507;Ponts-et-Marais;25
76508;La Poterie-Cap-d'Antifer;8
76509;Préaux;55
76510;Prétot-Vicquemare;5
76511;Preuseville;7
76512;Puisenval;5
76513;Quevillon;6
76514;Quévreville-la-Poterie;15
76515;Quiberville-sur-Mer;17
76516;Quièvrecourt;9
76517;Quincampoix;93
76518;Raffetot;11
76519;Rainfreville;1
76520;Réalcamp;16
76521;Rebets;4
76522;La Remuée;13
76523;Rétonval;5
76524;Reuville;3
76526;Ricarville-du-Val;5
76527;Richemont;9
76528;Rieux;5
76529;Riville;8
76530;Robertot;4
76531;Rocquefort;5
76532;Rocquemont;9
76533;Rogerville;46
76534;Rolleville;20
76535;Roncherolles-en-Bray;15
76536;Roncherolles-sur-le-Vivier;17
76537;Ronchois;9
76538;Rosay;8
76540;Rouen;5541
76541;Roumare;40
76542;Routes;1
76543;Rouville;12
76544;Rouvray-Catillon;6
76545;Rouxmesnil-Bouteilles;112
76546;Royville;4
76547;La Rue-Saint-Pierre;34
76548;Ry;39
76549;Saâne-Saint-Just;4
76550;Sahurs;28
76551;Sainneville;20
76552;Sainte-Adresse;118
76553;Sainte-Agathe-d'Aliermont;7
76554;Saint-Aignan-sur-Ry;8
76555;Saint-André-sur-Cailly;19
76556;Saint-Antoine-la-Forêt;17
76557;Saint-Arnoult;24
76558;Saint-Aubin-Celloville;28
76559;Saint-Aubin-de-Crétot;13
76560;Saint-Aubin-Épinay;20
76561;Saint-Aubin-lès-Elbeuf;154
76562;Saint-Aubin-le-Cauf;22
76563;Saint-Aubin-Routot;21
76564;Saint-Aubin-sur-Mer;6
76565;Saint-Aubin-sur-Scie;112
76566;Sainte-Austreberthe;13
76567;Sainte-Beuve-en-Rivière;12
76568;Saint-Clair-sur-les-Monts;9
76569;Sainte-Colombe;11
76570;Saint-Crespin;9
76571;Sainte-Croix-sur-Buchy;14
76572;Saint-Denis-d'Aclon;5
76573;Saint-Denis-le-Thiboult;13
76574;Saint-Denis-sur-Scie;15
76575;Saint-Étienne-du-Rouvray;777
76576;Saint-Eustache-la-Forêt;12
76577;Sainte-Foy;12
76578;Sainte-Geneviève;6
76580;Saint-Georges-sur-Fontaine;18
76581;Saint-Germain-des-Essourts;11
76582;Saint-Germain-d'Étables;5
76583;Saint-Germain-sous-Cailly;6
76584;Saint-Germain-sur-Eaulne;8
76585;Saint-Gilles-de-Crétot;4
76586;Saint-Gilles-de-la-Neuville;4
76587;Sainte-Hélène-Bondeville;12
76588;Saint-Hellier;14
76589;Saint-Honoré;5
76590;Saint-Jacques-d'Aliermont;5
76591;Saint-Jacques-sur-Darnétal;112
76592;Saint-Jean-de-Folleville;24
76593;Saint-Jean-de-la-Neuville;49
76594;Saint-Jean-du-Cardonnay;134
76595;Saint-Jouin-Bruneval;41
76596;Saint-Laurent-de-Brèvedent;16
76597;Saint-Laurent-en-Caux;22
76598;Saint-Léger-aux-Bois;11
76599;Saint-Léger-du-Bourg-Denis;56
76600;Saint-Léonard;117
76601;Saint-Lucien;7
76602;Saint-Maclou-de-Folleville;14
76603;Saint-Maclou-la-Brière;8
76604;Saint-Mards;6
76605;Sainte-Marguerite-sur-Mer;14
76606;Morienne;4
76608;Sainte-Marguerite-sur-Duclair;22
76609;Sainte-Marie-au-Bosc;9
76610;Sainte-Marie-des-Champs;147
76611;Saint-Martin-aux-Arbres;9
76612;Saint-Martin-au-Bosc;5
76613;Saint-Martin-aux-Buneaux;15
76614;Saint-Martin-de-Boscherville;40
76615;Saint-Martin-du-Bec;7
76616;Saint-Martin-du-Manoir;39
76617;Saint-Martin-du-Vivier;60
76618;Petit-Caux;175
76619;Saint-Martin-le-Gaillard;11
76620;Saint-Martin-l'Hortier;8
76621;Saint-Martin-Osmonville;26
76622;Saint-Maurice-d'Ételan;6
76623;Saint-Michel-d'Halescourt;8
76624;Saint-Nicolas-d'Aliermont;104
76626;Saint-Nicolas-de-la-Haie;3
76627;Saint-Nicolas-de-la-Taille;19
76628;Saint-Ouen-du-Breuil;13
76629;Saint-Ouen-le-Mauger;5
76630;Saint-Ouen-sous-Bailly;3
76631;Saint-Paër;23
76632;Saint-Pierre-Bénouville;12
76634;Saint-Pierre-de-Manneville;8
76635;Saint-Pierre-des-Jonquières;5
76636;Saint-Pierre-de-Varengeville;46
76637;Saint-Pierre-en-Port;12
76638;Saint-Pierre-en-Val;9
76640;Saint-Pierre-lès-Elbeuf;130
76641;Saint-Pierre-le-Vieux;10
76642;Saint-Pierre-le-Viger;13
76644;Saint-Rémy-Boscrocourt;15
76645;Saint-Riquier-en-Rivière;4
76646;Saint-Riquier-ès-Plains;12
76647;Saint-Romain-de-Colbosc;214
76648;Saint-Saëns;100
76649;Saint-Saire;17
76650;Saint-Sauveur-d'Émalleville;18
76651;Saint-Sylvain;7
76652;Saint-Vaast-d'Équiqueville;13
76653;Saint-Vaast-Dieppedalle;11
76654;Saint-Vaast-du-Val;7
76655;Saint-Valery-en-Caux;181
76656;Saint-Victor-l'Abbaye;17
76657;Saint-Vigor-d'Ymonville;77
76658;Saint-Vincent-Cramesnil;8
76660;Sandouville;107
76662;Sassetot-le-Malgardé;3
76663;Sassetot-le-Mauconduit;25
76664;Sasseville;27
76665;Sauchay;7
76666;Saumont-la-Poterie;14
76667;Sauqueville;9
76668;Saussay;8
76669;Sausseuzemare-en-Caux;8
76670;Senneville-sur-Fécamp;13
76671;Sept-Meules;2
76672;Serqueux;24
76673;Servaville-Salmonville;7
76675;Sierville;24
76676;Sigy-en-Bray;11
76677;Smermesnil;11
76678;Sommery;19
76679;Sommesnil;7
76680;Sorquainville;7
76681;Sotteville-lès-Rouen;645
76682;Sotteville-sous-le-Val;12
76683;Sotteville-sur-Mer;18
76684;Tancarville;20
76685;Thérouldeville;12
76686;Theuville-aux-Maillots;14
76688;Thiergeville;8
76689;Thiétreville;17
76690;Thil-Manneville;9
76691;Le Thil-Riberpré;9
76692;Thiouville;6
76693;Le Tilleul;24
76694;Tocqueville-en-Caux;7
76695;Tocqueville-les-Murs;8
76697;Torcy-le-Grand;12
76698;Torcy-le-Petit;12
76699;Le Torp-Mesnil;5
76700;Tôtes;81
76702;Touffreville-la-Corbeline;14
76703;Touffreville-sur-Eu;5
76705;Tourville-la-Rivière;202
76706;Tourville-les-Ifs;22
76707;Tourville-sur-Arques;14
76708;Toussaint;22
76709;Le Trait;123
76710;Trémauville;6
76711;Le Tréport;166
76712;La Trinité-du-Mont;8
76714;Les Trois-Pierres;21
76715;Trouville;23
76716;Turretot;18
76717;Val-de-la-Haye;14
76718;Valliquerville;56
76719;Valmont;51
76720;Varengeville-sur-Mer;35
76721;Varneville-Bretteville;8
76723;Vassonville;4
76724;Vatierville;4
76725;Vattetot-sous-Beaumont;9
76726;Vattetot-sur-Mer;9
76727;Vatteville-la-Rue;16
76728;La Vaupalière;45
76730;Veauville-lès-Quelles;4
76731;Vénestanville;5
76732;Butot-Vénesville;6
76733;Ventes-Saint-Rémy;3
76734;Vergetot;13
76735;Veules-les-Roses;34
76736;Veulettes-sur-Mer;21
76737;Vibeuf;12
76738;Vieux-Manoir;19
76739;Vieux-Rouen-sur-Bresle;15
76740;La Vieux-Rue;11
76741;Villainville;12
76743;Villers-Écalles;22
76744;Villers-sous-Foucarmont;4
76745;Villy-sur-Yères;4
76746;Vinnemerville;5
76747;Virville;4
76748;Vittefleur;19
76749;Wanchy-Capval;7
76750;Yainville;50
76751;Yébleron;30
76752;Yerville;134
76753;Ymare;16
76754;Yport;22
76755;Ypreville-Biville;12
76756;Yquebeuf;8
76757;Yvecrique;7
76758;Yvetot;481
76759;Yville-sur-Seine;10
77001;Achères-la-Forêt;35
77002;Amillis;39
77003;Amponville;12
77004;Andrezel;13
77005;Annet-sur-Marne;73
77006;Arbonne-la-Forêt;39
77007;Argentières;9
77008;Armentières-en-Brie;7
77009;Arville;11
77010;Aubepierre-Ozouer-le-Repos;44
77011;Aufferville;23
77012;Augers-en-Brie;11
77013;Aulnoy;15
77014;Avon;322
77015;Baby;3
77016;Bagneaux-sur-Loing;27
77018;Bailly-Romainvilliers;301
77019;Balloy;11
77020;Bannost-Villegagnon;17
77021;Barbey;5
77022;Barbizon;91
77023;Barcy;8
77024;Bassevelle;13
77025;Bazoches-lès-Bray;16
77026;Beauchery-Saint-Martin;16
77027;Beaumont-du-Gâtinais;28
77029;Beauvoir;6
77030;Bellot;16
77031;Bernay-Vilbert;26
77032;Beton-Bazoches;30
77033;Bezalles;8
77034;Blandy;23
77035;Blennes;15
77036;Boisdon;3
77037;Bois-le-Roi;141
77038;Boissettes;5
77039;Boissise-la-Bertrand;16
77040;Boissise-le-Roi;65
77041;Boissy-aux-Cailles;15
77042;Boissy-le-Châtel;71
77043;Boitron;8
77044;Bombon;10
77045;Bougligny;16
77046;Boulancourt;8
77047;Bouleurs;32
77048;Bourron-Marlotte;89
77049;Boutigny;31
77050;Bransles;11
77051;Bray-sur-Seine;112
77052;Bréau;8
77053;Brie-Comte-Robert;796
77054;La Brosse-Montceaux;15
77055;Brou-sur-Chantereine;102
77056;Burcy;4
77057;Bussières;12
77058;Bussy-Saint-Georges;740
77059;Bussy-Saint-Martin;97
77060;Buthiers;14
77061;Cannes-Écluse;36
77062;Carnetin;10
77063;La Celle-sur-Morin;20
77065;Cély;35
77066;Cerneux;15
77067;Cesson;276
77068;Cessoy-en-Montois;7
77069;Chailly-en-Bière;85
77070;Chailly-en-Brie;23
77071;Chaintreaux;24
77072;Chalautre-la-Grande;13
77073;Chalautre-la-Petite;10
77075;Chalifert;32
77076;Chalmaison;11
77077;Chambry;17
77078;Chamigny;20
77079;Champagne-sur-Seine;106
77080;Champcenest;10
77081;Champdeuil;13
77082;Champeaux;26
77083;Champs-sur-Marne;675
77084;Changis-sur-Marne;16
77085;Chanteloup-en-Brie;212
77086;La Chapelle-Gauthier;25
77087;La Chapelle-Iger;8
77088;La Chapelle-la-Reine;72
77089;La Chapelle-Rablais;11
77090;La Chapelle-Saint-Sulpice;4
77091;Les Chapelles-Bourbon;15
77093;La Chapelle-Moutils;10
77094;Charmentray;15
77095;Charny;48
77096;Chartrettes;75
77097;Chartronges;10
77098;Châteaubleau;8
77099;Château-Landon;83
77100;Le Châtelet-en-Brie;133
77101;Châtenay-sur-Seine;18
77102;Châtenoy;5
77103;Châtillon-la-Borde;5
77104;Châtres;26
77106;Chauffry;13
77107;Chaumes-en-Brie;83
77108;Chelles;1439
77109;Chenoise-Cucharmoy;40
77110;Chenou;11
77111;Chessy;318
77112;Chevrainvilliers;7
77113;Chevru;22
77114;Chevry-Cossigny;116
77115;Chevry-en-Sereine;14
77116;Choisy-en-Brie;34
77117;Citry;9
77118;Claye-Souilly;568
77119;Clos-Fontaine;7
77120;Cocherel;11
77121;Collégien;368
77122;Combs-la-Ville;513
77123;Compans;107
77124;Conches-sur-Gondoire;29
77125;Condé-Sainte-Libiaire;21
77126;Congis-sur-Thérouanne;25
77127;Coubert;60
77128;Couilly-Pont-aux-Dames;72
77129;Coulombs-en-Valois;16
77130;Coulommes;8
77131;Coulommiers;629
77132;Coupvray;69
77133;Courcelles-en-Bassée;2
77134;Courchamp;6
77135;Courpalay;31
77136;Courquetaine;4
77137;Courtacon;8
77138;Courtomer;18
77139;Courtry;221
77140;Coutençon;5
77141;Coutevroult;20
77142;Crécy-la-Chapelle;171
77143;Crégy-lès-Meaux;51
77144;Crèvecœur-en-Brie;11
77145;Crisenoy;14
77146;Croissy-Beaubourg;480
77147;La Croix-en-Brie;16
77148;Crouy-sur-Ourcq;35
77150;Cuisy;14
77151;Dagny;7
77152;Dammarie-les-Lys;509
77153;Dammartin-en-Goële;225
77154;Dammartin-sur-Tigeaux;27
77155;Dampmart;49
77156;Darvault;23
77157;Dhuisy;13
77158;Diant;2
77159;Donnemarie-Dontilly;68
77161;Dormelles;14
77162;Doue;21
77163;Douy-la-Ramée;5
77164;Échouboulains;15
77165;Les Écrennes;18
77167;Égligny;13
77168;Égreville;68
77169;Émerainville;313
77171;Esbly;148
77172;Esmans;26
77173;Étrépilly;13
77174;Everly;7
77175;Évry-Grégy-sur-Yerre;66
77176;Faremoutiers;92
77177;Favières;25
77178;Faÿ-lès-Nemours;9
77179;Féricy;12
77180;Férolles-Attilly;43
77181;Ferrières-en-Brie;164
77182;La Ferté-Gaucher;159
77183;La Ferté-sous-Jouarre;283
77184;Flagy;12
77185;Fleury-en-Bière;30
77186;Fontainebleau;912
77187;Fontaine-Fourches;12
77188;Fontaine-le-Port;18
77190;Fontains;12
77191;Fontenailles;20
77192;Fontenay-Trésigny;227
77193;Forfry;8
77194;Forges;14
77195;Fouju;14
77196;Fresnes-sur-Marne;21
77197;Frétoy;8
77198;Fromont;9
77199;Fublaines;13
77200;Garentreville;5
77201;Gastins;19
77202;La Genevraye;26
77203;Germigny-l'Évêque;25
77204;Germigny-sous-Coulombs;4
77205;Gesvres-le-Chapitre;6
77206;Giremoutiers;8
77207;Gironville;6
77208;Gouaix;25
77209;Gouvernes;23
77210;La Grande-Paroisse;55
77211;Grandpuits-Bailly-Carrois;29
77212;Gravon;5
77214;Gressy;24
77215;Gretz-Armainvilliers;308
77216;Grez-sur-Loing;43
77217;Grisy-Suisnes;105
77218;Grisy-sur-Seine;5
77219;Guérard;53
77220;Guercheville;4
77221;Guermantes;37
77222;Guignes;102
77223;Gurcy-le-Châtel;7
77224;Hautefeuille;14
77225;La Haute-Maison;16
77226;Héricy;42
77227;Hermé;24
77228;Hondevilliers;4
77229;La Houssaye-en-Brie;72
77230;Ichy;4
77231;Isles-les-Meldeuses;14
77232;Isles-lès-Villenoy;24
77233;Iverny;9
77234;Jablines;19
77235;Jaignes;7
77236;Jaulnes;6
77237;Jossigny;82
77238;Jouarre;71
77239;Jouy-le-Châtel;53
77240;Jouy-sur-Morin;34
77241;Juilly;46
77242;Jutigny;8
77243;Lagny-sur-Marne;774
77244;Larchant;27
77245;Laval-en-Brie;7
77246;Léchelle;6
77247;Lescherolles;9
77248;Lesches;11
77249;Lésigny;160
77250;Leudon-en-Brie;8
77251;Lieusaint;753
77252;Limoges-Fourches;63
77253;Lissy;9
77254;Liverdy-en-Brie;31
77255;Livry-sur-Seine;31
77256;Lizines;3
77257;Lizy-sur-Ourcq;121
77258;Lognes;475
77259;Longperrier;50
77260;Longueville;31
77261;Lorrez-le-Bocage-Préaux;34
77262;Louan-Villegruis-Fontaine;14
77263;Luisetaines;6
77264;Lumigny-Nesles-Ormeaux;39
77265;Luzancy;19
77266;Machault;23
77267;La Madeleine-sur-Loing;7
77268;Magny-le-Hongre;179
77269;Maincy;41
77270;Maisoncelles-en-Brie;30
77271;Maisoncelles-en-Gâtinais;2
77272;Maison-Rouge;21
77273;Marchémoret;12
77274;Marcilly;11
77275;Les Marêts;5
77276;Mareuil-lès-Meaux;204
77277;Marles-en-Brie;41
77278;Marolles-en-Brie;9
77279;Marolles-sur-Seine;47
77280;Mary-sur-Marne;22
77281;Mauperthuis;16
77282;Mauregard;65
77283;May-en-Multien;15
77284;Meaux;1614
77285;Le Mée-sur-Seine;326
77286;Meigneux;8
77287;Meilleray;9
77288;Melun;1443
77289;Melz-sur-Seine;10
77290;Méry-sur-Marne;16
77291;Le Mesnil-Amelot;152
77292;Messy;20
77293;Misy-sur-Yonne;21
77294;Mitry-Mory;699
77295;Moisenay;23
77296;Moissy-Cramayel;477
77297;Mondreville;12
77298;Mons-en-Montois;9
77300;Montceaux-lès-Meaux;14
77301;Montceaux-lès-Provins;13
77302;Moncourt-Fromonville;32
77303;Montdauphin;7
77304;Montenils;2
77305;Montereau-Fault-Yonne;606
77306;Montereau-sur-le-Jard;51
77307;Montévrain;430
77308;Montgé-en-Goële;16
77309;Monthyon;39
77310;Montigny-le-Guesdier;4
77311;Montigny-Lencoup;22
77312;Montigny-sur-Loing;68
77313;Montmachoux;2
77314;Montolivet;11
77315;Montry;83
77316;Moret-Loing-et-Orvanne;341
77317;Mormant;123
77318;Mortcerf;26
77319;Mortery;4
77320;Mouroux;132
77321;Mousseaux-lès-Bray;18
77322;Moussy-le-Neuf;101
77323;Moussy-le-Vieux;24
77325;Mouy-sur-Seine;16
77326;Nandy;52
77327;Nangis;257
77328;Nanteau-sur-Essonne;8
77329;Nanteau-sur-Lunain;9
77330;Nanteuil-lès-Meaux;179
77331;Nanteuil-sur-Marne;6
77332;Nantouillet;5
77333;Nemours;474
77335;Chauconin-Neufmontiers;107
77336;Neufmoutiers-en-Brie;19
77337;Noisiel;351
77338;Noisy-Rudignon;5
77339;Noisy-sur-École;43
77340;Nonville;19
77341;Noyen-sur-Seine;4
77342;Obsonville;3
77343;Ocquerre;25
77344;Oissery;41
77345;Orly-sur-Morin;13
77347;Les Ormes-sur-Voulzie;22
77348;Ormesson;3
77349;Othis;76
77350;Ozoir-la-Ferrière;637
77352;Ozouer-le-Voulgis;38
77353;Paley;9
77354;Pamfou;34
77355;Paroy;10
77356;Passy-sur-Seine;2
77357;Pécy;29
77358;Penchard;22
77359;Perthes;54
77360;Pézarches;18
77361;Pierre-Levée;18
77363;Le Pin;66
77364;Le Plessis-aux-Bois;6
77365;Le Plessis-Feu-Aussoux;14
77366;Le Plessis-l'Évêque;10
77367;Le Plessis-Placy;9
77368;Poigny;32
77369;Poincy;66
77370;Poligny;19
77371;Pommeuse;61
77372;Pomponne;61
77373;Pontault-Combault;1161
77374;Pontcarré;52
77376;Précy-sur-Marne;19
77377;Presles-en-Brie;57
77378;Pringy;110
77379;Provins;505
77380;Puisieux;10
77381;Quiers;19
77382;Quincy-Voisins;157
77383;Rampillon;20
77384;Réau;71
77385;Rebais;93
77386;Recloses;15
77387;Remauville;13
77388;Reuil-en-Brie;10
77389;La Rochette;125
77390;Roissy-en-Brie;431
77391;Rouilly;7
77392;Rouvres;15
77393;Rozay-en-Brie;95
77394;Rubelles;81
77395;Rumont;3
77396;Rupéreux;2
77397;Saâcy-sur-Marne;55
77398;Sablonnières;15
77400;Saint-Augustin;49
77401;Sainte-Aulde;7
77402;Saint-Barthélemy;17
77403;Saint-Brice;21
77404;Sainte-Colombe;25
77405;Saint-Cyr-sur-Morin;41
77406;Saint-Denis-lès-Rebais;16
77407;Saint-Fargeau-Ponthierry;328
77408;Saint-Fiacre;6
77409;Saint-Germain-Laval;44
77410;Saint-Germain-Laxis;35
77411;Saint-Germain-sous-Doue;12
77412;Saint-Germain-sur-École;8
77413;Saint-Germain-sur-Morin;86
77414;Saint-Hilliers;12
77415;Saint-Jean-les-Deux-Jumeaux;38
77416;Saint-Just-en-Brie;6
77417;Saint-Léger;4
77418;Saint-Loup-de-Naud;7
77419;Saint-Mammès;61
77420;Saint-Mard;152
77421;Saint-Mars-Vieux-Maisons;7
77423;Saint-Martin-des-Champs;11
77424;Saint-Martin-du-Boschet;4
77425;Saint-Martin-en-Bière;25
77426;Saint-Méry;9
77427;Saint-Mesmes;28
77428;Saint-Ouen-en-Brie;9
77429;Saint-Ouen-sur-Morin;5
77430;Saint-Pathus;87
77431;Saint-Pierre-lès-Nemours;156
77432;Saint-Rémy-de-la-Vanne;17
77433;Beautheil-Saints;47
77434;Saint-Sauveur-lès-Bray;10
77435;Saint-Sauveur-sur-École;30
77436;Saint-Siméon;15
77437;Saint-Soupplets;187
77438;Saint-Thibault-des-Vignes;326
77439;Salins;13
77440;Sammeron;25
77441;Samois-sur-Seine;62
77442;Samoreau;78
77443;Sancy;9
77444;Sancy-lès-Provins;12
77445;Savigny-le-Temple;510
77446;Savins;6
77447;Seine-Port;48
77448;Sept-Sorts;57
77449;Serris;836
77450;Servon;264
77451;Signy-Signets;14
77452;Sigy;6
77453;Sivry-Courtry;33
77454;Sognolles-en-Montois;5
77455;Soignolles-en-Brie;48
77456;Soisy-Bouy;10
77457;Solers;23
77458;Souppes-sur-Loing;137
77459;Sourdun;34
77460;Tancrou;9
77461;Thénisy;5
77462;Thieux;33
77463;Thomery;72
77464;Thorigny-sur-Marne;224
77465;Thoury-Férottes;11
77466;Tigeaux;4
77467;La Tombe;8
77468;Torcy;611
77469;Touquin;22
77470;Tournan-en-Brie;273
77471;Tousson;16
77472;La Trétoire;10
77473;Treuzy-Levelay;14
77474;Trilbardou;16
77475;Trilport;129
77476;Trocy-en-Multien;6
77477;Ury;33
77478;Ussy-sur-Marne;18
77479;Vaires-sur-Marne;264
77480;Valence-en-Brie;25
77481;Vanvillé;6
77482;Varennes-sur-Seine;164
77483;Varreddes;43
77484;Vaucourtois;5
77485;Le Vaudoué;17
77486;Vaudoy-en-Brie;23
77487;Vaux-le-Pénil;461
77489;Vaux-sur-Lunain;5
77490;Vendrest;10
77492;Verdelot;23
77493;Verneuil-l'Étang;73
77494;Vernou-la-Celle-sur-Seine;52
77495;Vert-Saint-Denis;267
77496;Vieux-Champagne;11
77498;Vignely;6
77500;Villebéon;8
77501;Villecerf;10
77504;Villemaréchal;19
77505;Villemareuil;9
77506;Villemer;24
77507;Villenauxe-la-Petite;17
77508;Villeneuve-le-Comte;78
77509;Villeneuve-les-Bordes;11
77510;Villeneuve-Saint-Denis;22
77511;Villeneuve-sous-Dammartin;34
77512;Villeneuve-sur-Bellot;24
77513;Villenoy;147
77514;Villeparisis;579
77515;Villeroy;18
77516;Ville-Saint-Jacques;23
77517;Villevaudé;84
77518;Villiers-en-Bière;86
77519;Villiers-Saint-Georges;26
77520;Villiers-sous-Grez;16
77521;Villiers-sur-Morin;28
77522;Villiers-sur-Seine;3
77523;Villuis;5
77524;Vimpelles;12
77525;Vinantes;14
77526;Vincy-Manœuvre;10
77527;Voinsles;18
77528;Voisenon;35
77529;Voulangis;34
77530;Voulton;15
77531;Voulx;40
77532;Vulaines-lès-Provins;10
77533;Vulaines-sur-Seine;96
77534;Yèbles;37
78003;Ablis;113
78005;Achères;410
78006;Adainville;11
78007;Aigremont;37
78009;Allainville;11
78010;Les Alluets-le-Roi;70
78013;Andelu;10
78015;Andrésy;221
78020;Arnouville-lès-Mantes;20
78029;Aubergenville;351
78030;Auffargis;51
78031;Auffreville-Brasseuil;11
78033;Aulnay-sur-Mauldre;26
78034;Auteuil;17
78036;Autouillet;6
78043;Bailly;122
78048;Bazainville;72
78049;Bazemont;31
78050;Bazoches-sur-Guyonne;24
78053;Béhoust;18
78057;Bennecourt;26
78062;Beynes;151
78068;Blaru;13
78070;Boinville-en-Mantois;14
78071;Boinville-le-Gaillard;19
78072;Boinvilliers;12
78073;Bois-d'Arcy;363
78076;Boissets;9
78077;La Boissière-École;33
78082;Boissy-Mauvoisin;11
78084;Boissy-sans-Avoir;20
78087;Bonnelles;61
78089;Bonnières-sur-Seine;133
78090;Bouafle;97
78092;Bougival;227
78096;Bourdonné;20
78104;Breuil-Bois-Robert;12
78107;Bréval;66
78108;Les Bréviaires;24
78113;Brueil-en-Vexin;20
78117;Buc;322
78118;Buchelay;348
78120;Bullion;25
78123;Carrières-sous-Poissy;275
78124;Carrières-sur-Seine;371
78125;La Celle-les-Bordes;23
78126;La Celle-Saint-Cloud;412
78128;Cernay-la-Ville;38
78133;Chambourcy;281
78138;Chanteloup-les-Vignes;241
78140;Chapet;25
78143;Châteaufort;63
78146;Chatou;743
78147;Chaufour-lès-Bonnières;11
78152;Chavenay;84
78158;Le Chesnay-Rocquencourt;875
78160;Chevreuse;154
78162;Choisel;15
78163;Civry-la-Forêt;13
78164;Clairefontaine-en-Yvelines;36
78165;Les Clayes-sous-Bois;457
78168;Coignières;640
78171;Condé-sur-Vesgre;29
78172;Conflans-Sainte-Honorine;891
78185;Courgent;9
78188;Cravent;11
78189;Crespières;50
78190;Croissy-sur-Seine;353
78192;Dammartin-en-Serve;33
78193;Dampierre-en-Yvelines;42
78194;Dannemarie;2
78196;Davron;13
78202;Drocourt;13
78206;Ecquevilly;176
78208;Élancourt;517
78209;Émancé;14
78217;Épône;258
78220;Les Essarts-le-Roi;185
78224;L'Étang-la-Ville;76
78227;Évecquemont;16
78230;La Falaise;13
78231;Favrieux;3
78233;Feucherolles;117
78234;Flacourt;3
78236;Flexanville;13
78237;Flins-Neuve-Église;3
78238;Flins-sur-Seine;160
78239;Follainville-Dennemont;37
78242;Fontenay-le-Fleury;203
78245;Fontenay-Mauvoisin;7
78246;Fontenay-Saint-Père;23
78255;Freneuse;134
78261;Gaillon-sur-Montcient;15
78262;Galluis;34
78263;Gambais;90
78264;Gambaiseuil;5
78265;Garancières;58
78267;Gargenville;183
78269;Gazeran;137
78276;Gommecourt;12
78278;Goupillières;15
78281;Goussonville;17
78283;Grandchamp;4
78285;Gressey;12
78289;Grosrouvre;33
78290;Guernes;19
78291;Guerville;69
78296;Guitrancourt;33
78297;Guyancourt;722
78299;Hardricourt;117
78300;Hargeville;12
78302;La Hauteville;7
78305;Herbeville;12
78307;Hermeray;26
78310;Houdan;301
78311;Houilles;781
78314;Issou;59
78317;Jambville;13
78320;Notre-Dame-de-la-Mer;13
78321;Jouars-Pontchartrain;167
78322;Jouy-en-Josas;212
78324;Jouy-Mauvoisin;9
78325;Jumeauville;21
78327;Juziers;63
78329;Lainville-en-Vexin;27
78334;Lévis-Saint-Nom;26
78335;Limay;365
78337;Limetz-Villez;22
78343;Les Loges-en-Josas;72
78344;Lommoye;18
78346;Longnes;51
78349;Longvilliers;21
78350;Louveciennes;235
78354;Magnanville;137
78356;Magny-les-Hameaux;218
78358;Maisons-Laffitte;680
78361;Mantes-la-Jolie;1104
78362;Mantes-la-Ville;463
78364;Marcq;21
78366;Mareil-le-Guyon;16
78367;Mareil-Marly;85
78368;Mareil-sur-Mauldre;48
78372;Marly-le-Roi;337
78380;Maule;211
78381;Maulette;62
78382;Maurecourt;77
78383;Maurepas;466
78384;Médan;36
78385;Ménerville;9
78389;Méré;119
78391;Méricourt;4
78396;Le Mesnil-le-Roi;152
78397;Le Mesnil-Saint-Denis;149
78398;Les Mesnuls;30
78401;Meulan-en-Yvelines;219
78402;Mézières-sur-Seine;68
78403;Mézy-sur-Seine;42
78404;Millemont;6
78406;Milon-la-Chapelle;8
78407;Mittainville;8
78410;Moisson;24
78413;Mondreville;11
78415;Montainville;16
78416;Montalet-le-Bois;9
78417;Montchauvet;12
78418;Montesson;457
78420;Montfort-l'Amaury;148
78423;Montigny-le-Bretonneux;1296
78431;Morainvilliers;80
78437;Mousseaux-sur-Seine;9
78439;Mulcent;7
78440;Les Mureaux;801
78442;Neauphle-le-Château;91
78443;Neauphle-le-Vieux;23
78444;Neauphlette;23
78451;Nézel;21
78455;Noisy-le-Roi;209
78460;Oinville-sur-Montcient;21
78464;Orcemont;19
78465;Orgerus;81
78466;Orgeval;435
78470;Orphin;18
78472;Orsonville;13
78474;Orvilliers;14
78475;Osmoy;9
78478;Paray-Douaville;13
78481;Le Pecq;348
78484;Perdreauville;11
78486;Le Perray-en-Yvelines;234
78490;Plaisir;858
78497;Poigny-la-Forêt;24
78498;Poissy;1137
78499;Ponthévrard;13
78501;Porcheville;67
78502;Le Port-Marly;141
78505;Prunay-le-Temple;10
78506;Prunay-en-Yvelines;26
78513;La Queue-les-Yvelines;94
78516;Raizeux;13
78517;Rambouillet;895
78518;Rennemoulin;10
78520;Richebourg;32
78522;Rochefort-en-Yvelines;31
78528;Rolleboise;10
78530;Rosay;15
78531;Rosny-sur-Seine;153
78536;Sailly;11
78537;Saint-Arnoult-en-Yvelines;172
78545;Saint-Cyr-l'École;390
78548;Saint-Forget;6
78550;Saint-Germain-de-la-Grange;77
78551;Saint-Germain-en-Laye;1945
78557;Saint-Hilarion;21
78558;Saint-Illiers-la-Ville;8
78559;Saint-Illiers-le-Bois;9
78561;Saint-Lambert;18
78562;Saint-Léger-en-Yvelines;45
78564;Saint-Martin-de-Bréthencourt;16
78565;Saint-Martin-des-Champs;10
78567;Saint-Martin-la-Garenne;19
78569;Sainte-Mesme;23
78571;Saint-Nom-la-Bretèche;177
78575;Saint-Rémy-lès-Chevreuse;204
78576;Saint-Rémy-l'Honoré;43
78586;Sartrouville;1264
78588;Saulx-Marchais;16
78590;Senlisse;13
78591;Septeuil;51
78597;Soindres;26
78601;Sonchamp;36
78605;Tacoignières;11
78606;Le Tartre-Gaudran;4
78608;Le Tertre-Saint-Denis;7
78609;Tessancourt-sur-Aubette;22
78615;Thiverval-Grignon;36
78616;Thoiry;75
78618;Tilly;7
78620;Toussus-le-Noble;47
78621;Trappes;990
78623;Le Tremblay-sur-Mauldre;20
78624;Triel-sur-Seine;239
78638;Vaux-sur-Seine;84
78640;Vélizy-Villacoublay;974
78642;Verneuil-sur-Seine;254
78643;Vernouillet;187
78644;La Verrière;90
78646;Versailles;3672
78647;Vert;18
78650;Le Vésinet;594
78653;Vicq;20
78655;Vieille-Église-en-Yvelines;16
78668;La Villeneuve-en-Chevrie;16
78672;Villennes-sur-Seine;176
78674;Villepreux;164
78677;Villette;15
78681;Villiers-le-Mahieu;12
78683;Villiers-Saint-Frédéric;94
78686;Viroflay;402
78688;Voisins-le-Bretonneux;384
79001;L'Absie;36
79002;Adilly;2
79003;Aiffres;98
79005;Airvault;132
79007;Allonne;19
79008;Amailloux;17
79009;Amuré;9
79010;Arçais;20
79012;Ardin;22
79013;Argentonnay;110
79014;Loretz-d'Argenton;61
79015;Asnières-en-Poitou;5
79016;Assais-les-Jumeaux;43
79018;Aubigné;8
79019;Aubigny;1
79020;Augé;23
79022;Availles-Thouarsais;6
79023;Avon;5
79024;Azay-le-Brûlé;86
79025;Azay-sur-Thouet;20
79029;Beaulieu-sous-Parthenay;13
79030;Beaussais-Vitré;12
79031;Beauvoir-sur-Niort;49
79032;Béceleuf;12
79034;Bessines;155
79038;Boismé;20
79040;La Boissière-en-Gâtine;10
79042;Bougon;7
79046;Le Bourdet;13
79047;Boussais;5
79048;La Crèche;227
79049;Bressuire;816
79050;Bretignolles;18
79055;Brieuil-sur-Chizé;3
79056;Brion-près-Thouet;9
79057;Brioux-sur-Boutonne;64
79058;Brûlain;13
79059;Le Busseau;21
79061;Celles-sur-Belle;126
79062;Cerizay;146
79063;Val en Vignes;51
79064;Fontivillié;14
79066;Champdeniers;66
79069;Chanteloup;21
79070;La Chapelle-Bâton;10
79071;La Chapelle-Bertrand;16
79074;La Chapelle-Pouilloux;4
79076;La Chapelle-Saint-Laurent;56
79077;Beugnon-Thireuil;21
79078;Plaine-d'Argenson;21
79079;Mauléon;249
79080;Châtillon-sur-Thouet;99
79081;Chauray;327
79083;Chef-Boutonne;99
79084;Chenay;9
79085;Chérigné;2
79086;Cherveux;32
79087;Chey;11
79088;Chiché;55
79089;Le Chillou;4
79090;Chizé;18
79091;Cirières;29
79092;Clavé;7
79094;Clessé;31
79095;Clussais-la-Pommeraie;12
79096;Combrand;27
79100;Coulon;67
79101;Coulonges-sur-l'Autize;100
79102;Coulonges-Thouarsais;12
79103;Courlay;45
79104;Cours;11
79105;Les Châteliers;10
79106;Couture-d'Argenson;14
79108;Doux;6
79109;Échiré;124
79111;Ensigné;1
79112;Épannes;20
79114;Exireuil;19
79115;Exoudun;9
79116;Faye-l'Abbesse;29
79117;Faye-sur-Ardin;13
79118;Fénery;12
79119;Fenioux;14
79120;La Ferrière-en-Parthenay;25
79121;Fomperron;11
79122;Fontenille-Saint-Martin-d'Entraigues;8
79123;La Forêt-sur-Sèvre;64
79124;Les Forges;9
79125;Fors;23
79126;Les Fosses;4
79127;La Foye-Monjault;8
79128;François;24
79129;Fressines;18
79130;Frontenay-Rohan-Rohan;66
79131;Geay;6
79132;Genneton;5
79133;Germond-Rouvre;15
79134;Glénay;14
79135;Gourgé;34
79136;Alloinay;18
79137;Granzay-Gript;25
79139;Les Groseillers;4
79140;Valdelaume;14
79141;Irais;11
79142;Juillé;2
79144;Juscorps;5
79145;Lageon;6
79147;Largeasse;29
79148;Lezay;99
79149;Lhoumois;9
79150;Limalonges;24
79152;Lorigné;5
79153;Loubigné;4
79154;Loubillé;6
79156;Louin;15
79157;Louzy;53
79158;Luché-sur-Brioux;4
79159;Luché-Thouarsais;12
79160;Lusseray;5
79161;Luzay;8
79162;Magné;61
79163;Mairé-Levescault;8
79164;Maisonnay;8
79165;Maisontiers;9
79166;Marigny;19
79167;Marnes;4
79170;Mauzé-sur-le-Mignon;91
79172;Mazières-en-Gâtine;47
79174;Melle;246
79175;Melleran;10
79176;Ménigoute;27
79177;Messé;6
79179;Moncoutant-sur-Sèvre;186
79183;Montravers;6
79184;La Mothe-Saint-Héray;61
79185;Aigondigné;82
79189;Nanteuil;24
79190;Neuvy-Bouin;17
79191;Niort;2401
79195;Nueil-les-Aubiers;153
79196;Plaine-et-Vallées;49
79197;Oroux;3
79198;Paizay-le-Chapt;5
79200;Pamplie;14
79201;Pamproux;43
79202;Parthenay;487
79203;Pas-de-Jeu;7
79204;Périgné;29
79207;La Petite-Boissière;31
79208;La Peyratte;41
79209;Pierrefitte;7
79210;Le Pin;32
79213;Pompaire;53
79215;Pougne-Hérisson;11
79216;Prahecq;79
79217;Prailles-La Couarde;18
79218;Pressigny;5
79220;Prin-Deyrançon;23
79223;Puihardy;1
79225;Reffannes;9
79226;Le Retail;8
79229;La Rochénard;4
79230;Rom;30
79231;Romans;5
79235;Saint-Amand-sur-Sèvre;41
79236;Saint-André-sur-Sèvre;9
79238;Saint-Aubin-du-Plain;20
79239;Saint-Aubin-le-Cloud;39
79241;Saint-Christophe-sur-Roc;12
79242;Voulmentin;22
79243;Saint-Coutant;7
79244;Saint-Cyr-la-Lande;7
79246;Sainte-Eanne;16
79249;Saint-Gelais;34
79250;Sainte-Gemme;7
79251;Marcillé;13
79252;Saint-Généroux;7
79253;Saint-Georges-de-Noisné;18
79254;Saint-Georges-de-Rex;15
79255;Saint-Germain-de-Longue-Chaume;9
79256;Saint-Germier;5
79257;Saint-Hilaire-la-Palud;40
79258;Saint-Jacques-de-Thouars;3
79259;Saint-Jean-de-Thouars;56
79263;Saint-Laurs;5
79265;Saint-Léger-de-Montbrun;18
79267;Saint-Lin;11
79268;Saint-Loup-Lamairé;27
79269;Saint-Maixent-de-Beugné;9
79270;Saint-Maixent-l'École;207
79271;Saint-Marc-la-Lande;10
79273;Saint-Martin-de-Bernegoue;11
79274;Saint-Martin-de-Mâcon;8
79276;Saint-Martin-de-Saint-Maixent;17
79277;Saint-Martin-de-Sanzay;20
79278;Saint-Martin-du-Fouilloux;4
79280;Saint Maurice Étusson;35
79281;Saint-Maxire;16
79283;Sainte-Néomaye;14
79284;Sainte-Ouenne;15
79285;Saint-Pardoux-Soutiers;45
79286;Saint-Paul-en-Gâtine;19
79289;Saint-Pierre-des-Échaubrognes;27
79290;Saint-Pompain;19
79293;Saint-Rémy;14
79294;Saint-Romans-des-Champs;9
79295;Saint-Romans-lès-Melle;12
79297;Sainte-Soline;11
79298;Saint-Symphorien;41
79299;Saint-Varent;87
79300;Sainte-Verge;65
79301;Saint-Vincent-la-Châtre;10
79302;Saivres;18
79303;Salles;7
79304;Sansais;13
79306;Saurais;6
79307;Sauzé-entre-Bois;75
79308;Sciecq;7
79309;Scillé;7
79310;Secondigné-sur-Belle;16
79311;Secondigny;78
79312;Séligné;4
79313;Sepvret;9
79316;Soudan;12
79319;Souvigné;11
79320;Surin;15
79322;Le Tallud;47
79326;Thénezay;41
79329;Thouars;490
79331;Tourtenay;4
79332;Trayes;4
79334;Val-du-Mignon;19
79335;Vallans;15
79336;Vançais;7
79337;Le Vanneau-Irleau;18
79338;Vanzay;6
79339;Vasles;60
79340;Vausseroux;6
79341;Vautebis;4
79342;Vernoux-en-Gâtine;23
79343;Vernoux-sur-Boutonne;6
79345;Verruyes;34
79346;Le Vert;2
79347;Viennay;15
79348;Villefollet;8
79349;Villemain;9
79350;Villiers-en-Bois;6
79351;Villiers-en-Plaine;30
79352;Villiers-sur-Chizé;4
79354;Vouhé;4
79355;Vouillé;50
79357;Xaintray;6
80001;Abbeville;953
80002;Ablaincourt-Pressoir;11
80003;Acheux-en-Amiénois;24
80004;Acheux-en-Vimeu;16
80005;Agenville;2
80006;Agenvillers;7
80008;Aigneville;9
80009;Ailly-le-Haut-Clocher;40
80010;Ailly-sur-Noye;77
80011;Ailly-sur-Somme;55
80013;Airaines;77
80014;Aizecourt-le-Bas;1
80015;Aizecourt-le-Haut;4
80016;Albert;368
80017;Allaines;7
80018;Allenay;7
80019;Allery;8
80020;Allonville;14
80021;Amiens;4149
80022;Andainville;3
80023;Andechy;2
80024;Argœuves;19
80025;Argoules;13
80026;Arguel;1
80027;Armancourt;3
80028;Arquèves;4
80029;Arrest;14
80030;Arry;11
80031;Arvillers;21
80032;Assainvillers;5
80033;Assevillers;16
80034;Athies;14
80035;Aubercourt;1
80036;Aubigny;14
80037;Aubvillers;4
80038;Auchonvillers;9
80039;Ault;50
80040;Aumâtre;3
80041;Aumont;4
80042;Autheux;3
80043;Authie;5
80044;Authieule;4
80045;Authuille;5
80046;Avelesges;3
80047;Aveluy;4
80048;Avesnes-Chaussoy;2
80049;Ayencourt;3
80050;Bacouel-sur-Selle;15
80051;Bailleul;8
80052;Baizieux;7
80053;Balâtre;3
80054;Barleux;13
80055;Barly;5
80056;Bavelincourt;1
80057;Bayencourt;2
80058;Bayonvillers;8
80059;Bazentin;4
80060;Béalcourt;3
80061;Beaucamps-le-Jeune;1
80062;Beaucamps-le-Vieux;33
80063;Beauchamps;31
80064;Beaucourt-en-Santerre;7
80065;Beaucourt-sur-l'Ancre;6
80066;Beaucourt-sur-l'Hallue;3
80067;Beaufort-en-Santerre;6
80068;Beaumetz;3
80069;Beaumont-Hamel;5
80070;Beauquesne;30
80071;Beauval;30
80073;Bécordel-Bécourt;3
80074;Becquigny;4
80076;Béhen;10
80077;Béhencourt;10
80078;Bellancourt;9
80079;Belleuse;7
80080;Belloy-en-Santerre;9
80081;Belloy-Saint-Léonard;4
80082;Belloy-sur-Somme;14
80083;Bergicourt;5
80084;Bermesnil;2
80085;Bernâtre;1
80086;Bernaville;38
80087;Bernay-en-Ponthieu;7
80088;Bernes;5
80089;Berneuil;3
80090;Berny-en-Santerre;8
80092;Bertangles;15
80093;Berteaucourt-les-Dames;11
80094;Berteaucourt-lès-Thennes;5
80095;Bertrancourt;3
80096;Béthencourt-sur-Mer;21
80097;Béthencourt-sur-Somme;5
80098;Bettembos;1
80099;Bettencourt-Rivière;4
80100;Bettencourt-Saint-Ouen;8
80101;Beuvraignes;11
80102;Biaches;5
80103;Biarre;7
80104;Biencourt;4
80105;Billancourt;6
80106;Blangy-sous-Poix;4
80107;Blangy-Tronville;16
80108;Boisbergues;2
80109;Le Boisle;15
80110;Boismont;10
80112;Bonnay;9
80113;Bonneville;7
80114;Bosquel;8
80115;Bouchavesnes-Bergen;6
80116;Bouchoir;10
80117;Bouchon;3
80118;Boufflers;2
80119;Bougainville;3
80120;Bouillancourt-en-Séry;24
80121;Bouillancourt-la-Bataille;1
80122;Bouquemaison;9
80123;Bourdon;4
80124;Bourseville;10
80125;Boussicourt;1
80126;Bouttencourt;31
80127;Bouvaincourt-sur-Bresle;5
80128;Bouvincourt-en-Vermandois;4
80129;Bouzincourt;14
80130;Bovelles;6
80131;Boves;246
80132;Braches;4
80133;Brailly-Cornehotte;6
80134;Brassy;3
80135;Bray-lès-Mareuil;2
80136;Bray-sur-Somme;50
80137;Breilly;3
80138;Bresle;3
80139;Breuil;2
80140;Brévillers;1
80141;Brie;15
80142;Briquemesnil-Floxicourt;6
80143;Brocourt;6
80144;Brouchy;13
80145;Brucamps;3
80146;Brutelles;6
80147;Buigny-l'Abbé;10
80148;Buigny-lès-Gamaches;9
80149;Buigny-Saint-Maclou;16
80150;Buire-Courcelles;7
80151;Buire-sur-l'Ancre;8
80152;Bus-la-Mésière;5
80153;Bus-lès-Artois;4
80154;Bussu;2
80155;Bussus-lès-Yaucourt;8
80156;Bussy-lès-Daours;8
80157;Bussy-lès-Poix;2
80158;Buverchy;3
80159;Cachy;5
80160;Cagny;30
80161;Cahon;15
80162;Caix;13
80163;Cambron;3
80164;Camon;224
80165;Camps-en-Amiénois;8
80166;Canaples;13
80167;Canchy;9
80168;Candas;16
80169;Cannessières;2
80170;Cantigny;3
80171;Caours;7
80172;Cappy;7
80173;Cardonnette;6
80174;Le Cardonnois;3
80176;Carrépuis;6
80177;Cartigny;8
80179;Caulières;7
80180;Cavillon;4
80181;Cayeux-en-Santerre;7
80182;Cayeux-sur-Mer;92
80183;Cerisy-Buleux;7
80184;Cerisy;14
80185;Champien;9
80186;Chaulnes;73
80187;La Chaussée-Tirancourt;14
80188;Chaussoy-Epagny;9
80189;La Chavatte;1
80190;Chépy;23
80191;Chilly;2
80192;Chipilly;6
80193;Chirmont;5
80194;Chuignes;3
80195;Chuignolles;7
80196;Citerne;3
80197;Cizancourt;2
80198;Clairy-Saulchoix;7
80199;Cléry-sur-Somme;8
80200;Cocquerel;6
80201;Coigneux;2
80202;Coisy;3
80203;Colincamps;5
80204;Combles;24
80205;Condé-Folie;19
80206;Contalmaison;5
80207;Contay;7
80208;Conteville;6
80210;Contre;3
80211;Conty;65
80212;Corbie;143
80213;Cottenchy;8
80214;Coullemelle;6
80215;Coulonvillers;6
80216;Courcelette;3
80217;Courcelles-au-Bois;2
80218;Courcelles-sous-Moyencourt;8
80219;Courcelles-sous-Thoix;3
80220;Courtemanche;2
80221;Cramont;10
80222;Crécy-en-Ponthieu;47
80223;Crémery;4
80224;Cressy-Omencourt;3
80225;Creuse;3
80226;Croix-Moligneaux;12
80227;Croixrault;15
80228;Le Crotoy;151
80229;Crouy-Saint-Pierre;3
80230;Curchy;9
80231;Curlu;8
80232;Damery;4
80233;Dancourt-Popincourt;5
80234;Daours;27
80235;Dargnies;16
80236;Davenescourt;15
80237;Démuin;13
80238;Dernancourt;6
80239;Devise;4
80240;Doingt;25
80241;Domart-en-Ponthieu;21
80242;Domart-sur-la-Luce;10
80243;Domesmont;3
80244;Dominois;3
80245;Domléger-Longvillers;6
80246;Dommartin;10
80247;Dompierre-Becquincourt;19
80248;Dompierre-sur-Authie;6
80249;Domqueur;9
80250;Domvast;8
80251;Doudelainville;6
80252;Douilly;8
80253;Doullens;239
80256;Dreuil-lès-Amiens;21
80258;Driencourt;3
80259;Dromesnil;1
80260;Drucat;18
80261;Dury;253
80262;Eaucourt-sur-Somme;7
80263;L'Échelle-Saint-Aurin;2
80264;Éclusier-Vaux;3
80265;Embreville;13
80266;Englebelmer;8
80267;Ennemain;3
80268;Épagne-Épagnette;9
80269;Épaumesnil;5
80270;Épécamps;2
80271;Épehy;20
80272;Épénancourt;3
80273;Éplessier;9
80274;Eppeville;34
80275;Équancourt;7
80276;Équennes-Éramecourt;8
80278;Erches;6
80279;Ercheu;19
80280;Ercourt;3
80281;Ergnies;4
80282;Érondelle;5
80283;Esclainvillers;2
80284;Esmery-Hallon;19
80285;Essertaux;11
80287;Estrébœuf;9
80288;Estrées-Deniécourt;28
80290;Estrées-lès-Crécy;14
80291;Estrées-sur-Noye;4
80292;Étalon;3
80293;Ételfay;7
80294;Éterpigny;1
80295;Étinehem-Méricourt;12
80296;L'Étoile;12
80297;Étréjust;2
80298;Étricourt-Manancourt;11
80299;La Faloise;6
80300;Falvy;5
80301;Famechon;5
80302;Faverolles;7
80303;Favières;21
80304;Fay;4
80305;Ferrières;6
80306;Fescamps;4
80307;Feuillères;6
80308;Feuquières-en-Vimeu;95
80310;Fienvillers;12
80311;Fignières;3
80312;Fins;11
80313;Flaucourt;11
80314;Flers;3
80315;Flers-sur-Noye;12
80316;Flesselles;31
80317;Fleury;4
80318;Flixecourt;114
80319;Fluy;5
80320;Folies;3
80321;Folleville;2
80322;Fonches-Fonchette;6
80324;Fontaine-le-Sec;6
80325;Fontaine-lès-Cappy;2
80326;Fontaine-sous-Montdidier;3
80327;Fontaine-sur-Maye;10
80328;Fontaine-sur-Somme;8
80329;Forceville;3
80330;Forceville-en-Vimeu;3
80331;Forest-l'Abbaye;5
80332;Forest-Montiers;15
80333;Fort-Mahon-Plage;104
80334;Fossemanant;2
80335;Foucaucourt-en-Santerre;9
80336;Foucaucourt-Hors-Nesle;4
80337;Fouencamps;5
80338;Fouilloy;39
80339;Fouquescourt;2
80340;Fourcigny;2
80341;Fourdrinoy;8
80342;Framerville-Rainecourt;5
80343;Framicourt;3
80344;Francières;3
80345;Franleu;11
80346;Franqueville;3
80347;Fransart;2
80348;Fransu;2
80349;Fransures;4
80350;Franvillers;6
80351;Fréchencourt;5
80352;Frémontiers;2
80353;Fresnes-Mazancourt;4
80354;Fresnes-Tilloloy;4
80355;Fresneville;4
80356;Fresnoy-Andainville;1
80357;Fresnoy-au-Val;4
80358;Fresnoy-en-Chaussée;3
80359;Fresnoy-lès-Roye;12
80360;Fressenneville;56
80361;Frettecuisse;3
80362;Frettemeule;6
80364;Friaucourt;13
80365;Fricamps;5
80366;Fricourt;9
80367;Frise;6
80368;Friville-Escarbotin;170
80369;Frohen-sur-Authie;3
80371;Froyelles;5
80372;Frucourt;7
80373;Gamaches;80
80374;Gapennes;10
80375;Gauville;15
80376;Gentelles;9
80377;Gézaincourt;9
80378;Ginchy;2
80379;Glisy;181
80380;Gorenflos;11
80381;Gorges;3
80383;Goyencourt;4
80384;Grandcourt;5
80385;Grand-Laviers;12
80386;Gratibus;7
80387;Grattepanche;5
80388;Grébault-Mesnil;4
80390;Grivesnes;10
80391;Grivillers;4
80392;Grouches-Luchuel;4
80393;Gruny;11
80395;Guerbigny;11
80396;Gueschart;13
80397;Gueudecourt;3
80399;Guignemicourt;3
80400;Guillaucourt;7
80401;Guillemont;3
80402;Guizancourt;2
80403;Guyencourt-sur-Noye;3
80404;Guyencourt-Saulcourt;6
80405;Hailles;7
80406;Hallencourt;23
80407;Hallivillers;7
80408;Halloy-lès-Pernois;2
80409;Hallu;4
80410;Ham;135
80411;Le Hamel;6
80412;Hamelet;6
80413;Hancourt;3
80414;Hangard;1
80415;Hangest-en-Santerre;41
80416;Hangest-sur-Somme;12
80417;Harbonnières;32
80418;Hardecourt-aux-Bois;2
80420;Harponville;2
80421;Hattencourt;7
80422;Hautvillers-Ouville;14
80423;Havernas;6
80424;Hébécourt;9
80425;Hédauville;4
80426;Heilly;12
80427;Hem-Hardinval;7
80428;Hem-Monacu;3
80429;Hénencourt;6
80430;Herbécourt;4
80431;Hérissart;13
80432;Herleville;7
80433;Herly;1
80434;Hervilly;5
80435;Hesbécourt;1
80436;Hescamps;9
80437;Heucourt-Croquoison;2
80438;Heudicourt;18
80439;Heuzecourt;6
80440;Hiermont;3
80442;Hombleux;27
80443;Hornoy-le-Bourg;59
80444;Huchenneville;16
80445;Humbercourt;3
80446;Huppy;14
80449;Ignaucourt;2
80450;Inval-Boiron;4
80451;Irles;2
80452;Jumel;11
80453;Laboissière-en-Santerre;5
80455;Lachapelle;1
80456;Lafresguimont-Saint-Martin;16
80458;Lahoussoye;5
80459;Laleu;2
80460;Lamaronde;6
80461;Lamotte-Brebière;9
80462;Lamotte-Buleux;10
80463;Lamotte-Warfusée;16
80464;Lanchères;17
80465;Languevoisin-Quiquery;6
80466;Lanches-Saint-Hilaire;2
80467;Laucourt;6
80468;Laviéville;3
80469;Lawarde-Mauger-l'Hortoy;3
80470;Léalvillers;5
80472;Lesbœufs;11
80473;Liancourt-Fosse;4
80474;Licourt;9
80475;Liéramont;4
80476;Liercourt;3
80477;Ligescourt;3
80478;Lignières;2
80479;Lignières-Châtelain;16
80480;Lignières-en-Vimeu;5
80481;Lihons;10
80482;Limeux;1
80484;Liomer;9
80485;Ô-de-Selle;23
80486;Long;10
80487;Longavesnes;3
80488;Longpré-les-Corps-Saints;35
80489;Longueau;191
80490;Longueval;6
80491;Longuevillette;1
80493;Louvencourt;13
80494;Louvrechy;7
80495;Lucheux;15
80496;Machiel;6
80497;Machy;2
80498;Mailly-Maillet;14
80499;Mailly-Raineval;7
80500;Maisnières;15
80501;Maison-Ponthieu;7
80502;Maison-Roland;4
80503;Maizicourt;7
80504;Malpart;2
80505;Carnoy-Mametz;13
80507;Marcelcave;19
80508;Marché-Allouarde;2
80509;Marchélepot-Misery;13
80511;Marestmontiers;1
80512;Mareuil-Caubert;12
80513;Maricourt;3
80514;Marieux;3
80515;Marlers;3
80516;Marquaix;5
80517;Marquivillers;7
80518;Martainneville;11
80519;Matigny;15
80520;Maucourt;4
80521;Maurepas;9
80522;Le Mazis;4
80523;Méaulte;47
80524;Méharicourt;6
80525;Meigneux;6
80526;Le Meillard;7
80527;Méneslies;8
80528;Méréaucourt;1
80529;Mérélessart;6
80530;Méricourt-l'Abbé;7
80531;Méricourt-en-Vimeu;3
80533;Mers-les-Bains;134
80535;Le Mesge;1
80536;Mesnil-Bruntel;5
80537;Mesnil-Domqueur;4
80538;Mesnil-en-Arrouaise;4
80540;Mesnil-Martinsart;5
80541;Mesnil-Saint-Georges;5
80542;Mesnil-Saint-Nicaise;18
80543;Métigny;4
80544;Mézerolles;3
80545;Mézières-en-Santerre;11
80546;Miannay;12
80547;Millencourt;5
80548;Millencourt-en-Ponthieu;6
80549;Miraumont;16
80550;Mirvaux;1
80552;Moislains;11
80553;Molliens-au-Bois;1
80554;Molliens-Dreuil;27
80555;Monchy-Lagache;13
80556;Mons-Boubert;12
80557;Estrées-Mons;37
80558;Monsures;7
80559;Montagne-Fayel;7
80560;Montauban-de-Picardie;3
80561;Montdidier;209
80562;Montigny-sur-l'Hallue;3
80563;Montigny-les-Jongleurs;3
80565;Montonvillers;3
80566;Fieffes-Montrelet;5
80568;Morchain;8
80569;Morcourt;7
80570;Moreuil;122
80571;Morisel;4
80572;Morlancourt;8
80573;Morvillers-Saint-Saturnin;10
80574;Mouflers;6
80575;Mouflières;4
80576;Moyencourt;7
80577;Moyencourt-lès-Poix;3
80578;Moyenneville;17
80579;Muille-Villette;35
80580;Nampont;14
80582;Namps-Maisnil;16
80583;Nampty;3
80584;Naours;15
80585;Nesle;87
80586;Nesle-l'Hôpital;1
80587;Neslette;1
80588;Neufmoulin;5
80589;Neuilly-le-Dien;3
80590;Neuilly-l'Hôpital;6
80591;Neuville-au-Bois;4
80592;Neuville-Coppegueule;5
80593;La Neuville-lès-Bray;5
80595;La Neuville-Sire-Bernard;4
80596;Neuvillette;6
80597;Nibas;13
80598;Nouvion;38
80599;Noyelles-en-Chaussée;5
80600;Noyelles-sur-Mer;14
80601;Nurlu;8
80602;Occoches;7
80603;Ochancourt;4
80604;Offignies;3
80605;Offoy;11
80606;Oisemont;57
80607;Oissy;2
80609;Oneux;7
80611;Oresmaux;7
80613;Oust-Marest;16
80614;Outrebois;4
80615;Ovillers-la-Boisselle;11
80616;Pargny;5
80617;Parvillers-le-Quesnoy;3
80618;Pendé;18
80619;Pernois;6
80620;Péronne;433
80621;Hypercourt;16
80622;Picquigny;40
80623;Piennes-Onvillers;12
80624;Pierregot;6
80625;Trois-Rivières;20
80626;Pissy;7
80627;Plachy-Buyon;19
80628;Le Plessier-Rozainvillers;13
80629;Pœuilly;2
80630;Poix-de-Picardie;97
80631;Ponches-Estruval;6
80632;Pont-de-Metz;45
80633;Ponthoile;17
80634;Pont-Noyelles;12
80635;Pont-Remy;33
80637;Port-le-Grand;4
80638;Potte;1
80639;Poulainville;64
80640;Pozières;7
80642;Prouville;9
80643;Prouzel;9
80644;Proyart;15
80645;Puchevillers;10
80646;Punchy;1
80647;Puzeaux;7
80648;Pys;4
80649;Quend;82
80650;Querrieu;32
80651;Le Quesne;2
80652;Le Quesnel;16
80654;Quesnoy-le-Montant;13
80655;Quesnoy-sur-Airaines;12
80656;Quevauvillers;35
80657;Quiry-le-Sec;9
80658;Quivières;6
80659;Raincheval;9
80661;Rainneville;24
80662;Ramburelles;5
80663;Rambures;11
80664;Rancourt;9
80665;Regnière-Écluse;7
80666;Remaisnil;1
80667;Remaugies;3
80668;Remiencourt;4
80669;Rethonvillers;10
80670;Revelles;10
80671;Ribeaucourt;4
80672;Ribemont-sur-Ancre;8
80673;Riencourt;3
80674;Rivery;147
80675;Rogy;4
80676;Roiglise;9
80677;Roisel;48
80678;Rollot;13
80679;Ronssoy;8
80680;Rosières-en-Santerre;114
80681;Rouvrel;10
80682;Rouvroy-en-Santerre;5
80683;Rouy-le-Grand;1
80684;Rouy-le-Petit;3
80685;Roye;279
80686;Rubempré;19
80687;Rubescourt;1
80688;Rue;128
80690;Rumigny;12
80691;Saigneville;9
80692;Sailly-Flibeaucourt;22
80693;Sailly-Laurette;9
80694;Sailly-le-Sec;8
80695;Sailly-Saillisel;8
80696;Sains-en-Amiénois;38
80697;Saint-Acheul;2
80698;Saint-Aubin-Montenoy;4
80699;Saint-Aubin-Rivière;3
80700;Saint-Blimont;13
80701;Saint-Christ-Briost;14
80702;Saint-Fuscien;36
80703;Saint-Germain-sur-Bresle;3
80704;Saint-Gratien;13
80705;Saint-Léger-lès-Authie;3
80706;Saint-Léger-lès-Domart;9
80707;Saint-Léger-sur-Bresle;1
80708;Saint-Mard;6
80709;Saint-Maulvis;6
80710;Saint-Maxent;7
80711;Saint-Ouen;23
80713;Saint-Quentin-en-Tourmont;22
80714;Saint-Quentin-la-Motte-Croix-au-Bailly;21
80716;Saint-Riquier;42
80717;Saint-Sauflieu;15
80718;Saint-Sauveur;62
80719;Sainte-Segrée;1
80721;Saint-Valery-sur-Somme;175
80722;Saint-Vaast-en-Chaussée;8
80723;Saisseval;9
80724;Saleux;59
80725;Salouël;70
80726;Sancourt;10
80728;Saulchoy-sous-Poix;2
80729;Sauvillers-Mongival;4
80730;Saveuse;10
80732;Senarpont;15
80733;Senlis-le-Sec;5
80734;Sentelie;6
80735;Seux;8
80736;Sorel-en-Vimeu;2
80737;Sorel;2
80738;Soues;2
80740;Sourdon;5
80741;Soyécourt;18
80742;Surcamps;2
80743;Suzanne;5
80744;Tailly;3
80746;Talmas;30
80747;Templeux-la-Fosse;5
80748;Templeux-le-Guérard;6
80749;Terramesnil;10
80750;Tertry;4
80751;Thennes;9
80752;Thézy-Glimont;8
80753;Thiepval;5
80754;Thieulloy-l'Abbaye;14
80755;Thieulloy-la-Ville;2
80756;Thièvres;2
80757;Thoix;4
80758;Thory;2
80759;Tilloloy;12
80760;Tilloy-Floriville;6
80762;Tincourt-Boucly;13
80763;Le Titre;10
80764;Tœufles;5
80765;Tours-en-Vimeu;12
80766;Toutencourt;10
80767;Le Translay;7
80769;Treux;6
80770;Tully;10
80771;Ugny-l'Équipée;1
80773;Vadencourt;2
80774;Vaire-sous-Corbie;4
80775;Valines;7
80776;Varennes;7
80777;Vauchelles-lès-Authie;4
80778;Vauchelles-lès-Domart;5
80779;Vauchelles-les-Quesnoy;52
80780;Vaudricourt;12
80781;Vauvillers;6
80782;Vaux-en-Amiénois;9
80783;Vaux-Marquenneville;6
80784;Vaux-sur-Somme;6
80785;Vecquemont;5
80786;Velennes;5
80787;Vercourt;2
80788;Vergies;4
80789;Vermandovillers;2
80790;Verpillières;8
80791;Vers-sur-Selle;11
80792;La Vicogne;8
80793;Vignacourt;46
80794;Villecourt;1
80795;Ville-le-Marclet;10
80796;Villeroy;2
80797;Villers-aux-Érables;3
80798;Villers-Bocage;68
80799;Villers-Bretonneux;130
80800;Villers-Campsart;3
80801;Villers-Carbonnel;14
80802;Villers-Faucon;14
80803;Villers-lès-Roye;3
80804;Villers-sous-Ailly;1
80805;Villers-Tournelle;6
80806;Villers-sur-Authie;7
80807;Ville-sur-Ancre;7
80808;Vironchaux;19
80809;Vismes;16
80810;Vitz-sur-Authie;3
80811;Voyennes;9
80812;Vraignes-en-Vermandois;8
80813;Vraignes-lès-Hornoy;2
80814;Vrély;13
80815;Vron;37
80819;Wargnies;1
80820;Warloy-Baillon;16
80821;Warlus;5
80822;Warsy;4
80823;Warvillers;4
80824;Wiencourt-l'Équipée;5
80825;Wiry-au-Mont;3
80826;Woignarue;17
80827;Woincourt;37
80828;Woirel;2
80829;Y;4
80832;Yvrench;7
80833;Yvrencheux;4
80834;Yzengremer;10
80835;Yzeux;3
80836;Yonval;3
81001;Aguts;9
81002;Aiguefonde;51
81003;Alban;72
81004;Albi;2330
81005;Albine;19
81006;Algans;6
81007;Alos;3
81008;Almayrac;7
81009;Amarens;3
81010;Ambialet;14
81011;Ambres;28
81012;Andillac;2
81013;Andouque;13
81014;Anglès;20
81015;Appelle;4
81016;Arfons;3
81017;Arifat;8
81018;Arthès;30
81019;Assac;4
81020;Aussac;4
81021;Aussillon;174
81022;Bannières;6
81023;Barre;5
81024;Beauvais-sur-Tescou;10
81025;Belcastel;5
81026;Bellegarde-Marsal;10
81027;Belleserre;3
81028;Berlats;3
81029;Bernac;7
81030;Bertre;5
81031;Le Bez;28
81032;Blan;27
81033;Blaye-les-Mines;64
81034;Boissezon;9
81035;Bournazel;4
81036;Bout-du-Pont-de-Larn;72
81037;Brassac;78
81038;Brens;97
81039;Briatexte;40
81040;Brousse;7
81041;Broze;7
81042;Burlats;53
81043;Busque;10
81044;Cabanès;7
81045;Les Cabannes;17
81046;Cadalen;37
81047;Cadix;9
81048;Cagnac-les-Mines;35
81049;Cahuzac;9
81050;Cambon-lès-Lavaur;12
81051;Cahuzac-sur-Vère;50
81052;Cambon;65
81053;Cambounès;5
81054;Cambounet-sur-le-Sor;26
81055;Les Cammazes;8
81056;Campagnac;5
81058;Carbes;7
81059;Carlus;14
81060;Carmaux;248
81061;Castanet;10
81062;Fontrieu;24
81063;Castelnau-de-Lévis;28
81064;Castelnau-de-Montmiral;37
81065;Castres;1629
81066;Caucalières;6
81067;Cestayrols;12
81068;Combefa;2
81069;Cordes-sur-Ciel;83
81070;Coufouleux;99
81071;Courris;4
81072;Crespin;4
81073;Crespinet;3
81074;Cunac;25
81075;Cuq;11
81076;Cuq-Toulza;29
81077;Curvalle;11
81078;Damiatte;35
81079;Dénat;22
81080;Donnazac;4
81081;Dourgne;33
81082;Le Dourn;3
81083;Durfort;8
81084;Escoussens;12
81085;Lacapelle-Escroux;1
81086;Espérausses;3
81087;Fayssac;6
81088;Fauch;9
81089;Faussergues;3
81090;Fénols;6
81092;Fiac;26
81093;Florentin;15
81094;Fraissines;3
81095;Frausseilles;6
81096;Le Fraysse;15
81097;Fréjairolles;31
81098;Fréjeville;21
81099;Gaillac;670
81100;Garrevaques;11
81101;Le Garric;30
81102;Garrigues;12
81103;Gijounet;5
81104;Giroussens;64
81105;Graulhet;415
81106;Grazac;20
81108;Itzac;6
81109;Jonquières;7
81110;Jouqueviel;1
81111;Labarthe-Bleys;1
81112;Labastide-de-Lévis;34
81114;Labastide-Gabausse;12
81115;Labastide-Rouairoux;47
81116;Labastide-Saint-Georges;27
81117;Labessière-Candeil;19
81118;Laboulbène;6
81119;Laboutarie;20
81120;Labruguière;217
81121;Lacabarède;9
81122;Lacapelle-Pinet;2
81123;Lacapelle-Ségalar;3
81124;Lacaune;135
81125;Lacaze;8
81126;Lacougotte-Cadoul;5
81127;Lacroisille;3
81128;Lacrouzette;105
81129;Lagardiolle;8
81130;Lagarrigue;36
81131;Lagrave;73
81132;Guitalens-L'Albarède;25
81133;Lamillarié;16
81134;Lamontélarié;2
81135;Laparrouquial;4
81136;Larroque;4
81137;Lasfaillades;5
81138;Lasgraisses;10
81139;Lautrec;70
81140;Lavaur;517
81141;Lédas-et-Penthiès;3
81142;Lempaut;17
81143;Lescout;17
81144;Lescure-d'Albigeois;172
81145;Lisle-sur-Tarn;138
81146;Livers-Cazelles;7
81147;Lombers;43
81148;Loubers;3
81149;Loupiac;3
81150;Lugan;8
81151;Magrin;2
81152;Mailhoc;5
81154;Marnaves;1
81156;Marssac-sur-Tarn;112
81157;Marzens;7
81158;Le Masnau-Massuguiès;14
81159;Massac-Séran;11
81160;Massaguel;7
81161;Massals;5
81162;Maurens-Scopont;13
81163;Mazamet;422
81164;Mézens;6
81165;Milhars;7
81166;Milhavet;5
81167;Miolles;5
81168;Mirandol-Bourgnounac;35
81169;Missècle;3
81170;Monestiés;20
81171;Montans;68
81172;Montauriol;4
81173;Montcabrier;7
81174;Montdragon;16
81175;Montdurausse;8
81176;Montels;1
81177;Montfa;13
81178;Montgaillard;11
81179;Montgey;6
81180;Montirat;8
81181;Montpinier;4
81182;Montredon-Labessonnié;54
81183;Mont-Roc;5
81184;Montrosier;2
81185;Montvalen;9
81186;Moularès;10
81187;Moulayrès;3
81188;Moulin-Mage;15
81189;Mouzens;8
81190;Mouzieys-Teulet;6
81191;Mouzieys-Panens;5
81192;Murat-sur-Vèbre;30
81193;Nages;15
81195;Navès;12
81196;Noailhac;14
81197;Noailles;3
81198;Orban;9
81199;Padiès;5
81200;Palleville;11
81201;Pampelonne;35
81202;Parisot;20
81203;Paulinet;21
81204;Payrin-Augmontel;38
81205;Péchaudier;6
81206;Penne;17
81207;Peyregoux;4
81208;Peyrole;14
81209;Pont-de-Larn;67
81210;Poudis;6
81211;Poulan-Pouzols;8
81212;Prades;1
81213;Pratviel;1
81214;Puéchoursi;4
81215;Puybegon;12
81216;Puycalvel;8
81217;Puycelsi;24
81218;Puygouzon;164
81219;Puylaurens;110
81220;Rabastens;159
81221;Rayssac;11
81222;Réalmont;129
81223;Le Rialet;5
81224;Le Riols;3
81225;Rivières;29
81227;Roquecourbe;50
81228;Roquemaure;8
81229;Roquevidal;5
81230;Rosières;16
81231;Rouairoux;12
81232;Rouffiac;11
81233;Terre-de-Bancalié;32
81234;Roussayrolles;6
81235;Saint-Affrique-les-Montagnes;12
81236;Saint-Agnan;14
81237;Saint-Amancet;3
81238;Saint-Amans-Soult;48
81239;Saint-Amans-Valtoret;22
81240;Saint-André;1
81242;Saint-Avit;9
81243;Saint-Beauzile;7
81244;Saint-Benoît-de-Carmaux;28
81245;Saint-Christophe;2
81246;Sainte-Cécile-du-Cayrou;5
81247;Saint-Cirgue;9
81248;Saint-Gauzens;19
81249;Sainte-Gemme;19
81250;Saint-Genest-de-Contest;6
81251;Saint-Germain-des-Prés;21
81252;Saint-Germier;10
81253;Saint-Grégoire;12
81254;Saint-Jean-de-Marcel;6
81255;Saint-Jean-de-Rives;11
81256;Saint-Jean-de-Vals;1
81257;Saint-Juéry;161
81258;Saint-Julien-du-Puy;9
81259;Saint-Julien-Gaulène;7
81261;Saint-Lieux-lès-Lavaur;26
81262;Saint-Marcel-Campes;2
81263;Saint-Martin-Laguépie;10
81264;Saint-Michel-Labadié;3
81265;Saint-Michel-de-Vax;2
81266;Saint-Paul-Cap-de-Joux;33
81267;Saint-Pierre-de-Trivisy;28
81268;Saint-Salvi-de-Carcavès;4
81269;Saint-Salvy-de-la-Balme;26
81270;Saint-Sernin-lès-Lavaur;3
81271;Saint-Sulpice-la-Pointe;346
81272;Saint-Urcisse;6
81273;Saïx;101
81274;Saliès;9
81275;Salles;7
81276;Salvagnac;43
81277;Saussenac;13
81278;Sauveterre;4
81279;La Sauzière-Saint-Jean;3
81280;Le Ségur;9
81281;Sémalens;44
81282;Senaux;2
81283;Senouillac;26
81284;Le Sequestre;148
81285;Sérénac;9
81286;Serviès;12
81287;Sieurac;3
81288;Sorèze;77
81289;Soual;109
81290;Souel;6
81291;Taïx;4
81292;Tanus;19
81293;Tauriac;4
81294;Técou;25
81295;Teillet;11
81297;Terssac;95
81298;Teulat;15
81299;Teyssode;14
81300;Tonnac;5
81302;Tréban;2
81303;Trébas;13
81304;Trévien;5
81305;Vabre;25
81306;Valderiès;26
81307;Valdurenque;22
81308;Valence-d'Albigeois;62
81309;Vaour;13
81310;Veilhes;3
81311;Vénès;26
81312;Verdalle;23
81313;Le Verdier;7
81314;Viane;24
81315;Vielmur-sur-Agout;50
81316;Vieux;8
81317;Villefranche-d'Albigeois;38
81318;Villeneuve-lès-Lavaur;8
81319;Villeneuve-sur-Vère;16
81320;Vindrac-Alayrac;5
81321;Le Vintrou;3
81322;Virac;7
81323;Viterbe;8
81324;Viviers-lès-Lavaur;14
81325;Viviers-lès-Montagnes;38
81326;Sainte-Croix;14
82001;Albefeuille-Lagarde;15
82002;Albias;85
82003;Angeville;9
82004;Asques;11
82005;Aucamville;41
82006;Auterive;4
82007;Auty;4
82008;Auvillar;31
82009;Balignac;3
82010;Bardigues;5
82011;Barry-d'Islemade;13
82012;Les Barthes;13
82013;Beaumont-de-Lomagne;163
82014;Beaupuy;8
82015;Belbèze-en-Lomagne;3
82016;Belvèze;7
82017;Bessens;36
82018;Bioule;23
82019;Boudou;11
82020;Bouillac;18
82021;Bouloc-en-Quercy;6
82022;Bourg-de-Visa;13
82023;Bourret;20
82024;Brassac;7
82025;Bressols;175
82026;Bruniquel;23
82027;Campsas;46
82028;Canals;50
82029;Castanet;9
82030;Castelferrus;3
82031;Castelmayran;16
82032;Castelsagrat;22
82033;Castelsarrasin;438
82034;Castéra-Bouzet;4
82035;Caumont;18
82036;Le Causé;7
82037;Caussade;291
82038;Caylus;75
82039;Cayrac;13
82040;Cayriech;3
82041;Cazals;6
82042;Cazes-Mondenard;53
82043;Comberouger;8
82044;Corbarieu;21
82045;Cordes-Tolosannes;9
82046;Coutures;4
82047;Cumont;5
82048;Dieupentale;43
82049;Donzac;19
82050;Dunes;26
82051;Durfort-Lacapelette;33
82052;Escatalens;22
82053;Escazeaux;5
82054;Espalais;7
82055;Esparsac;6
82056;Espinas;5
82057;Fabas;12
82058;Fajolles;1
82059;Faudoas;9
82060;Fauroux;8
82061;Féneyrols;3
82062;Finhan;17
82063;Garganvillar;7
82064;Gariès;4
82065;Gasques;6
82066;Génébrières;21
82067;Gensac;5
82068;Gimat;8
82069;Ginals;9
82070;Glatens;5
82071;Goas;1
82072;Golfech;57
82073;Goudourville;13
82074;Gramont;7
82075;Grisolles;109
82076;L'Honor-de-Cos;40
82077;Labarthe;11
82078;Labastide-de-Penne;4
82079;Labastide-Saint-Pierre;110
82080;Labastide-du-Temple;18
82081;Labourgade;3
82082;Lacapelle-Livron;4
82083;Lachapelle;5
82084;Lacour;3
82085;Lacourt-Saint-Pierre;23
82086;Lafitte;3
82087;Lafrançaise;106
82088;Laguépie;38
82089;Lamagistère;25
82090;Lamothe-Capdeville;17
82091;Lamothe-Cumont;4
82092;Lapenche;8
82093;Larrazet;11
82094;Lauzerte;74
82095;Lavaurette;4
82096;La Ville-Dieu-du-Temple;41
82097;Lavit;52
82098;Léojac;19
82099;Lizac;22
82100;Loze;4
82101;Malause;21
82102;Mansonville;16
82103;Marignac;4
82104;Marsac;5
82105;Mas-Grenier;33
82106;Maubec;7
82107;Maumusson;2
82108;Meauzac;25
82109;Merles;4
82110;Mirabel;35
82111;Miramont-de-Quercy;6
82112;Moissac;463
82113;Molières;44
82114;Monbéqui;12
82115;Monclar-de-Quercy;49
82116;Montagudet;8
82117;Montaigu-de-Quercy;58
82118;Montaïn;2
82119;Montalzat;16
82120;Montastruc;6
82121;Montauban;3051
82122;Montbarla;5
82123;Montbartier;54
82124;Montbeton;63
82125;Montech;180
82126;Monteils;40
82127;Montesquieu;20
82128;Montfermier;5
82129;Montgaillard;4
82130;Montjoi;9
82131;Montpezat-de-Quercy;51
82132;Montricoux;29
82133;Mouillac;2
82134;Nègrepelisse;165
82135;Nohic;25
82136;Orgueil;24
82137;Parisot;28
82138;Perville;3
82139;Le Pin;7
82140;Piquecos;9
82141;Pommevic;16
82142;Pompignan;36
82143;Poupas;4
82144;Puycornet;21
82145;Puygaillard-de-Quercy;8
82146;Puygaillard-de-Lomagne;2
82147;Puylagarde;8
82148;Puylaroque;20
82149;Réalville;54
82150;Reyniès;24
82151;Roquecor;11
82152;Saint-Aignan;7
82153;Saint-Amans-du-Pech;5
82154;Saint-Amans-de-Pellagal;6
82155;Saint-Antonin-Noble-Val;99
82156;Saint-Arroumex;3
82157;Saint-Beauzeil;7
82158;Saint-Cirice;1
82159;Saint-Cirq;8
82160;Saint-Clair;3
82161;Saint-Étienne-de-Tulmont;67
82162;Saint-Georges;7
82163;Saint-Jean-du-Bouzet;1
82164;Sainte-Juliette;9
82165;Saint-Loup;13
82166;Saint-Michel;7
82167;Saint-Nauphary;41
82168;Saint-Nazaire-de-Valentane;12
82169;Saint-Nicolas-de-la-Grave;70
82170;Saint-Paul-d'Espis;19
82171;Saint-Porquier;21
82172;Saint-Projet;2
82173;Saint-Sardos;13
82174;Saint-Vincent-d'Autéjac;11
82175;Saint-Vincent-Lespinasse;6
82176;La Salvetat-Belmontet;17
82177;Sauveterre;5
82178;Savenès;15
82179;Septfonds;57
82180;Sérignac;21
82181;Sistels;5
82182;Touffailles;12
82183;Tréjouls;8
82184;Vaïssac;23
82185;Valeilles;13
82186;Valence;185
82187;Varen;19
82188;Varennes;10
82189;Vazerac;28
82190;Verdun-sur-Garonne;123
82191;Verfeil;14
82192;Verlhac-Tescou;9
82193;Vigueron;5
82194;Villebrumier;27
82195;Villemade;20
83001;Les Adrets-de-l'Estérel;73
83002;Aiguines;27
83003;Ampus;15
83004;Les Arcs;334
83005;Artignosc-sur-Verdon;7
83006;Artigues;6
83007;Aups;119
83008;Bagnols-en-Forêt;80
83009;Bandol;523
83010;Bargème;12
83011;Bargemon;45
83012;Barjols;120
83013;La Bastide;9
83014;Baudinard-sur-Verdon;6
83015;Bauduen;33
83016;Le Beausset;333
83017;Belgentier;42
83018;Besse-sur-Issole;76
83019;Bormes-les-Mimosas;443
83020;Le Bourguet;2
83021;Bras;45
83022;Brenon;2
83023;Brignoles;1041
83025;Brue-Auriac;29
83026;Cabasse;35
83027;La Cadière-d'Azur;207
83028;Callas;50
83029;Callian;154
83030;Camps-la-Source;38
83031;Le Cannet-des-Maures;251
83032;Carcès;135
83033;Carnoules;121
83034;Carqueiranne;328
83035;Le Castellet;207
83036;Cavalaire-sur-Mer;453
83037;La Celle;47
83038;Châteaudouble;8
83039;Châteauvert;15
83040;Châteauvieux;5
83041;Claviers;12
83042;Cogolin;695
83043;Collobrières;57
83044;Comps-sur-Artuby;18
83045;Correns;30
83046;Cotignac;108
83047;La Crau;587
83048;La Croix-Valmer;264
83049;Cuers;451
83050;Draguignan;1421
83051;Entrecasteaux;35
83052;Esparron;12
83053;Évenos;69
83054;La Farlède;605
83055;Fayence;199
83056;Figanières;80
83057;Flassans-sur-Issole;120
83058;Flayosc;120
83059;Forcalqueiret;71
83060;Fox-Amphoux;14
83061;Fréjus;2544
83062;La Garde;1218
83063;La Garde-Freinet;83
83064;Garéoult;166
83065;Gassin;302
83066;Ginasservis;46
83067;Gonfaron;101
83068;Grimaud;608
83069;Hyères;2363
83070;Le Lavandou;604
83071;La Londe-les-Maures;453
83072;Lorgues;358
83073;Le Luc;313
83074;La Martre;14
83075;Les Mayons;11
83076;Mazaugues;26
83077;Méounes-lès-Montrieux;42
83078;Moissac-Bellevue;12
83079;La Môle;94
83080;Mons;28
83081;Montauroux;339
83082;Montferrat;19
83083;Montfort-sur-Argens;40
83084;Montmeyan;25
83085;La Motte;96
83086;Le Muy;476
83087;Nans-les-Pins;101
83088;Néoules;63
83089;Ollières;15
83090;Ollioules;671
83091;Pierrefeu-du-Var;161
83092;Pignans;123
83093;Plan-d'Aups-Sainte-Baume;47
83094;Le Plan-de-la-Tour;135
83095;Pontevès;24
83096;Pourcieux;25
83097;Pourrières;129
83098;Le Pradet;343
83099;Puget-sur-Argens;715
83100;Puget-Ville;96
83101;Ramatuelle;268
83102;Régusse;43
83103;Le Revest-les-Eaux;78
83104;Rians;120
83105;Riboux;2
83106;Rocbaron;180
83107;Roquebrune-sur-Argens;714
83108;La Roquebrussanne;56
83109;La Roque-Esclapon;10
83110;Rougiers;29
83111;Sainte-Anastasie-sur-Issole;41
83112;Saint-Cyr-sur-Mer;582
83113;Saint-Julien;41
83114;Saint-Martin-de-Pallières;9
83115;Sainte-Maxime;1155
83116;Saint-Maximin-la-Sainte-Baume;785
83117;Saint-Paul-en-Forêt;35
83118;Saint-Raphaël;1805
83119;Saint-Tropez;978
83120;Saint-Zacharie;119
83121;Salernes;169
83122;Les Salles-sur-Verdon;28
83123;Sanary-sur-Mer;844
83124;Seillans;72
83125;Seillons-Source-d'Argens;50
83126;La Seyne-sur-Mer;2013
83127;Signes;237
83128;Sillans-la-Cascade;20
83129;Six-Fours-les-Plages;1362
83130;Solliès-Pont;393
83131;Solliès-Toucas;104
83132;Solliès-Ville;85
83133;Tanneron;51
83134;Taradeau;61
83135;Tavernes;44
83136;Le Thoronet;83
83137;Toulon;4947
83138;Tourrettes;192
83139;Tourtour;30
83140;Tourves;124
83141;Trans-en-Provence;222
83142;Trigance;13
83143;Le Val;100
83144;La Valette-du-Var;1090
83145;Varages;29
83146;La Verdière;35
83147;Vérignon;2
83148;Vidauban;336
83149;Villecroze;67
83150;Vinon-sur-Verdon;139
83151;Vins-sur-Caramy;15
83152;Rayol-Canadel-sur-Mer;53
83153;Saint-Mandrier-sur-Mer;163
83154;Saint-Antonin-du-Var;37
84001;Althen-des-Paluds;99
84002;Ansouis;64
84003;Apt;649
84004;Aubignan;152
84005;Aurel;6
84006;Auribeau;3
84007;Avignon;4970
84008;Le Barroux;33
84009;La Bastide-des-Jourdans;44
84010;La Bastidonne;21
84011;Le Beaucet;9
84012;Beaumes-de-Venise;126
84013;Beaumettes;31
84014;Beaumont-de-Pertuis;25
84015;Beaumont-du-Ventoux;20
84016;Bédarrides;162
84017;Bédoin;149
84018;Blauvac;15
84019;Bollène;547
84020;Bonnieux;94
84021;Brantes;9
84022;Buisson;9
84023;Buoux;5
84024;Cabrières-d'Aigues;36
84025;Cabrières-d'Avignon;80
84026;Cadenet;162
84027;Caderousse;74
84028;Cairanne;65
84029;Camaret-sur-Aigues;156
84030;Caromb;107
84031;Carpentras;1347
84032;Caseneuve;23
84033;Castellet-en-Luberon;4
84034;Caumont-sur-Durance;133
84035;Cavaillon;1294
84036;Châteauneuf-de-Gadagne;117
84037;Châteauneuf-du-Pape;214
84038;Cheval-Blanc;150
84039;Courthézon;203
84040;Crestet;25
84041;Crillon-le-Brave;22
84042;Cucuron;83
84043;Entraigues-sur-la-Sorgue;344
84044;Entrechaux;34
84045;Faucon;20
84046;Flassan;20
84047;Gargas;80
84048;Gignac;1
84049;Gigondas;85
84050;Gordes;135
84051;Goult;71
84052;Grambois;37
84053;Grillon;69
84054;L'Isle-sur-la-Sorgue;902
84055;Jonquerettes;45
84056;Jonquières;164
84057;Joucas;20
84058;Lacoste;19
84059;Lafare;6
84060;Lagarde-d'Apt;7
84061;Lagarde-Paréol;16
84062;Lagnes;67
84063;Lamotte-du-Rhône;33
84064;Lapalud;65
84065;Lauris;102
84066;Lioux;11
84067;Loriol-du-Comtat;84
84068;Lourmarin;114
84069;Malaucène;125
84070;Malemort-du-Comtat;53
84071;Maubec;144
84072;Mazan;221
84073;Ménerbes;73
84074;Mérindol;66
84075;Méthamis;19
84076;Mirabeau;31
84077;Modène;15
84078;Mondragon;108
84079;Monieux;13
84080;Monteux;457
84081;Morières-lès-Avignon;274
84082;Mormoiron;59
84083;Mornas;65
84084;La Motte-d'Aigues;33
84085;Murs;15
84086;Oppède;67
84087;Orange;1313
84088;Pernes-les-Fontaines;490
84089;Pertuis;885
84090;Peypin-d'Aigues;17
84091;Piolenc;194
84092;Le Pontet;836
84093;Puget;26
84094;Puyméras;38
84095;Puyvert;37
84096;Rasteau;48
84097;Richerenches;34
84098;Roaix;36
84099;Robion;158
84100;La Roque-Alric;4
84101;La Roque-sur-Pernes;10
84102;Roussillon;82
84103;Rustrel;30
84104;Sablet;76
84105;Saignon;32
84106;Sainte-Cécile-les-Vignes;126
84107;Saint-Christol;19
84108;Saint-Didier;74
84109;Saint-Hippolyte-le-Graveyron;12
84110;Saint-Léger-du-Ventoux;3
84111;Saint-Marcellin-lès-Vaison;17
84112;Saint-Martin-de-Castillon;25
84113;Saint-Martin-de-la-Brasque;20
84114;Saint-Pantaléon;9
84115;Saint-Pierre-de-Vassols;25
84116;Saint-Romain-en-Viennois;45
84117;Saint-Roman-de-Malegarde;10
84118;Saint-Saturnin-lès-Apt;103
84119;Saint-Saturnin-lès-Avignon;131
84120;Saint-Trinit;10
84121;Sannes;12
84122;Sarrians;263
84123;Sault;92
84124;Saumane-de-Vaucluse;25
84125;Savoillan;3
84126;Séguret;44
84127;Sérignan-du-Comtat;91
84128;Sivergues;3
84129;Sorgues;840
84130;Suzette;17
84131;Taillades;77
84132;Le Thor;381
84133;La Tour-d'Aigues;189
84134;Travaillan;26
84135;Uchaux;54
84136;Vacqueyras;62
84137;Vaison-la-Romaine;448
84138;Valréas;381
84139;Fontaine-de-Vaucluse;43
84140;Vaugines;17
84141;Vedène;472
84142;Velleron;86
84143;Venasque;50
84144;Viens;23
84145;Villars;29
84146;Villedieu;26
84147;Villelaure;80
84148;Villes-sur-Auzon;43
84149;Violès;67
84150;Visan;66
84151;Vitrolles-en-Lubéron;6
85001;L'Aiguillon-la-Presqu'île;165
85002;L'Aiguillon-sur-Vie;66
85003;Aizenay;392
85004;Angles;76
85005;Antigny;47
85006;Apremont;55
85008;Aubigny-Les Clouzeaux;164
85009;Auchay-sur-Vendée;17
85010;Avrillé;36
85011;Barbâtre;58
85012;La Barre-de-Monts;112
85013;Bazoges-en-Paillers;26
85014;Bazoges-en-Pareds;29
85015;Beaufou;35
85016;Beaulieu-sous-la-Roche;66
85017;Beaurepaire;58
85018;Beauvoir-sur-Mer;149
85019;Bellevigny;193
85020;Benet;91
85022;Le Bernard;28
85023;Bessay;12
85024;Bois-de-Céné;39
85025;La Boissière-de-Montaigu;70
85026;La Boissière-des-Landes;53
85028;Bouillé-Courdault;11
85029;Bouin;138
85031;Le Boupère;83
85033;Bourneau;16
85034;Bournezeau;105
85035;Bretignolles-sur-Mer;204
85036;La Bretonnière-la-Claye;12
85038;Les Brouzils;62
85039;La Bruffière;70
85040;La Caillère-Saint-Hilaire;21
85042;Chaillé-les-Marais;54
85045;La Chaize-Giraud;29
85046;La Chaize-le-Vicomte;125
85047;Challans;1078
85049;Champagné-les-Marais;33
85050;Le Champ-Saint-Père;32
85051;Chantonnay;346
85054;La Chapelle-Hermier;14
85055;La Chapelle-Palluau;10
85056;La Chapelle-Thémer;11
85058;Chasnais;20
85059;La Châtaigneraie;124
85061;Château-Guibert;23
85062;Châteauneuf;27
85064;Chauché;71
85065;Chavagnes-en-Paillers;104
85066;Chavagnes-les-Redoux;10
85067;Cheffois;46
85070;Coëx;116
85071;Commequiers;83
85072;La Copechagnière;21
85073;Corpe;26
85074;La Couture;3
85076;Cugand-la-Bernardière;144
85077;Curzon;8
85078;Damvix;24
85080;Doix lès Fontaines;36
85081;Dompierre-sur-Yon;163
85082;Les Epesses;95
85083;L'Épine;66
85084;Essarts-en-Bocage;377
85086;Falleron;42
85087;Faymoreau;5
85088;Le Fenouiller;78
85089;La Ferrière;132
85090;Sèvremont;194
85092;Fontenay-le-Comte;674
85093;Fougeré;28
85094;Foussais-Payré;41
85095;Froidfond;44
85096;La Garnache;161
85097;La Gaubretière;78
85098;La Genétouze;29
85099;Le Girouard;15
85100;Givrand;62
85101;Le Givre;8
85102;Grand'Landes;6
85103;Grosbreuil;39
85104;Grues;26
85105;Le Gué-de-Velluire;9
85106;La Guérinière;111
85108;L'Herbergement;87
85109;Les Herbiers;837
85110;L'Hermenault;27
85111;L'Île-d'Elle;34
85112;L'Île-d'Olonne;80
85113;L'Île-d'Yeu;308
85114;Jard-sur-Mer;146
85115;La Jaudonnière;21
85116;La Jonchère;15
85117;Lairoux;17
85118;Landeronde;44
85119;Les Landes-Genusson;68
85120;Landevieille;36
85121;Le Langon;25
85123;Liez;4
85125;Loge-Fougereuse;10
85126;Longèves;27
85127;Longeville-sur-Mer;118
85128;Luçon;424
85129;Les Lucs-sur-Boulogne;88
85130;Maché;47
85131;Les Magnils-Reigniers;26
85132;Maillé;21
85133;Maillezais;48
85134;Mallièvre;3
85135;Mareuil-sur-Lay-Dissais;99
85136;Marillet;2
85137;Marsais-Sainte-Radégonde;11
85138;Martinet;14
85139;Le Mazeau;13
85140;La Meilleraie-Tillay;37
85141;Menomblet;13
85142;La Merlatière;16
85143;Mervent;28
85144;Mesnard-la-Barotière;26
85145;Monsireigne;20
85146;Montaigu-Vendée;908
85147;Montournais;31
85148;Montreuil;11
85149;Moreilles;10
85151;Mortagne-sur-Sèvre;191
85152;Les Achards;251
85153;Mouchamps;94
85154;Mouilleron-Saint-Germain;52
85155;Mouilleron-le-Captif;200
85156;Moutiers-les-Mauxfaits;92
85157;Moutiers-sur-le-Lay;20
85158;Mouzeuil-Saint-Martin;22
85159;Nalliers;70
85160;Nesmy;78
85161;Nieul-le-Dolent;61
85162;Rives-d'Autise;68
85163;Noirmoutier-en-l'Île;413
85164;Notre-Dame-de-Monts;104
85165;L'Oie;0
85167;L'Orbrie;9
85169;Palluau;32
85171;Péault;15
85172;Le Perrier;63
85174;Petosse;14
85175;Les Pineaux;9
85176;Pissotte;23
85177;Les Velluire-sur-Vendée;28
85178;Le Poiré-sur-Vie;290
85179;Poiroux;30
85181;Pouillé;10
85182;Pouzauges;235
85184;Puy-de-Serre;7
85185;Puyravault;12
85186;La Rabatelière;22
85187;Réaumur;21
85188;La Réorthe;23
85189;Notre-Dame-de-Riez;51
85190;Rocheservière;99
85191;La Roche-sur-Yon;2633
85192;Rochetrejoux;18
85193;Rosnay;14
85194;Les Sables-d'Olonne;2168
85196;Saint-André-Goule-d'Oie;34
85197;Montréverd;84
85198;Saint-Aubin-des-Ormeaux;27
85199;Saint-Aubin-la-Plaine;12
85200;Saint-Avaugourd-des-Landes;17
85201;Saint-Benoist-sur-Mer;13
85202;Sainte-Cécile;43
85204;Saint-Christophe-du-Ligneron;82
85205;Saint-Cyr-des-Gâts;8
85206;Saint-Cyr-en-Talmondais;9
85207;Saint-Denis-du-Payré;4
85208;Saint-Denis-la-Chevasse;63
85209;Saint-Étienne-de-Brillouet;19
85210;Saint-Étienne-du-Bois;52
85211;Sainte-Flaive-des-Loups;51
85212;Sainte-Florence;0
85213;Rives de l'Yon;125
85214;Sainte-Foy;71
85215;Saint-Fulgent;127
85216;Sainte-Gemme-la-Plaine;90
85218;Saint-Georges-de-Pointindoux;29
85220;Saint-Germain-de-Prinçay;32
85221;Saint-Gervais;58
85222;Saint-Gilles-Croix-de-Vie;621
85223;Saint-Jean-d'Hermine;182
85226;Saint-Hilaire-de-Riez;427
85227;Saint-Hilaire-des-Loges;44
85229;Saint-Hilaire-de-Voust;18
85231;Saint-Hilaire-la-Forêt;18
85232;Saint-Hilaire-le-Vouhis;27
85234;Saint-Jean-de-Monts;588
85235;Saint-Juire-Champgillon;10
85236;Saint-Julien-des-Landes;48
85237;Saint-Laurent-de-la-Salle;11
85238;Saint-Laurent-sur-Sèvre;106
85239;Saint-Maixent-sur-Vie;20
85240;Saint-Malô-du-Bois;53
85242;Saint-Mars-la-Réorthe;29
85243;Brem-sur-Mer;61
85244;Saint-Martin-de-Fraigneau;17
85245;Saint-Martin-des-Fontaines;7
85246;Saint-Martin-des-Noyers;69
85247;Saint-Martin-des-Tilleuls;27
85248;Saint-Martin-Lars-en-Sainte-Hermine;13
85250;Saint-Mathurin;43
85251;Saint-Maurice-des-Noues;24
85252;Saint-Maurice-le-Girard;17
85254;Saint-Mesmin;41
85255;Saint-Michel-en-l'Herm;58
85256;Saint-Michel-le-Cloucq;16
85259;Saint-Paul-en-Pareds;34
85260;Saint-Paul-Mont-Penit;15
85261;Sainte-Pexine;10
85262;Saint-Philbert-de-Bouaine;73
85264;Saint-Pierre-du-Chemin;36
85265;Saint-Pierre-le-Vieux;17
85266;Saint-Prouant;45
85267;Sainte-Radégonde-des-Noyers;18
85268;Saint-Révérend;45
85269;Saint-Sigismond;6
85273;Saint-Urbain;41
85274;Saint-Valérien;11
85276;Saint-Vincent-Sterlanges;10
85277;Saint-Vincent-sur-Graon;34
85278;Saint-Vincent-sur-Jard;38
85280;Sallertaine;124
85281;Sérigné;16
85282;Sigournais;23
85284;Soullans;120
85285;Le Tablier;16
85286;La Taillée;17
85287;Tallud-Sainte-Gemme;11
85288;Talmont-Saint-Hilaire;354
85289;Terval;73
85290;Thiré;15
85291;Thorigny;23
85292;Rives-du-Fougerais;37
85293;Tiffauges;39
85294;La Tranche-sur-Mer;294
85295;Treize-Septiers;86
85296;Treize-Vents;31
85297;Triaize;29
85298;Vairé;48
85300;Venansault;127
85301;Vendrennes;43
85302;Chanverrie;208
85303;Vix;52
85304;Vouillé-les-Marais;17
85305;Vouvant;25
85306;Xanton-Chassenon;9
86001;Adriers;23
86002;Amberre;11
86003;Anché;9
86004;Angles-sur-l'Anglin;13
86005;Angliers;17
86006;Antigny;17
86007;Antran;41
86008;Arçay;10
86009;Archigny;24
86010;Aslonnes;17
86011;Asnières-sur-Blour;4
86012;Asnois;7
86013;Aulnay;4
86014;Availles-en-Châtellerault;34
86015;Availles-Limouzine;45
86016;Avanton;43
86017;Ayron;33
86018;Basses;9
86019;Beaumont Saint-Cyr;54
86020;Bellefonds;7
86022;Berrie;9
86023;Berthegon;9
86024;Béruges;24
86025;Béthines;18
86026;Beuxes;8
86027;Biard;134
86028;Bignoux;11
86029;Blanzay;17
86031;Bonnes;26
86032;Bonneuil-Matours;51
86034;Bouresse;19
86035;Bourg-Archambault;6
86036;Bournand;14
86037;Brigueil-le-Chantre;16
86038;Brion;8
86039;Brux;15
86040;La Bussière;6
86041;Buxerolles;154
86042;Buxeuil;13
86044;Ceaux-en-Loudun;15
86045;Celle-Lévescault;28
86046;Cenon-sur-Vienne;22
86047;Cernay;8
86048;Chabournay;15
86049;Chalais;7
86050;Chalandray;20
86051;Champagné-le-Sec;6
86052;Champagné-Saint-Hilaire;26
86053;Champigny en Rochereau;40
86054;Champniers;11
86055;La Chapelle-Bâton;17
86058;La Chapelle-Moulière;12
86059;Chapelle-Viviers;15
86061;Charroux;39
86062;Chasseneuil-du-Poitou;532
86063;Chatain;5
86064;Château-Garnier;18
86065;Château-Larcher;17
86066;Châtellerault;1028
86068;Chaunay;36
86069;La Chaussée;3
86070;Chauvigny;241
86072;Chenevelles;14
86073;Cherves;16
86074;Chiré-en-Montreuil;17
86075;Chouppes;20
86076;Cissé;64
86077;Civaux;43
86078;Civray;105
86079;La Roche-Rigault;19
86080;Cloué;9
86081;Colombiers;13
86082;Valence-en-Poitou;139
86083;Coulombiers;40
86084;Coulonges-les-Hérolles;12
86085;Coussay;4
86086;Coussay-les-Bois;14
86087;Craon;9
86088;Croutelle;14
86089;Cuhon;14
86090;Curçay-sur-Dive;8
86091;Curzay-sur-Vonne;9
86092;Dangé-Saint-Romain;78
86093;Dercé;4
86094;Dienné;17
86095;Dissay;95
86096;Doussay;11
86097;La Ferrière-Airoux;8
86098;Fleix;4
86099;Fleuré;43
86100;Fontaine-le-Comte;108
86102;Frozes;7
86103;Gençay;68
86104;Genouillé;5
86105;Gizay;9
86106;Glénouze;1
86107;Gouex;8
86108;La Grimaudière;10
86109;Guesnes;7
86110;Haims;11
86111;Ingrandes;65
86112;L'Isle-Jourdain;54
86113;Iteuil;63
86114;Jardres;45
86115;Jaunay-Marigny;212
86116;Jazeneuil;22
86117;Jouhet;11
86118;Journet;13
86119;Joussé;11
86120;Lathus-Saint-Rémy;38
86121;Latillé;44
86122;Lauthiers;3
86123;Boivre-la-Vallée;64
86124;Lavoux;23
86125;Leigné-les-Bois;12
86126;Leignes-sur-Fontaine;16
86127;Leigné-sur-Usseau;7
86128;Lencloître;69
86129;Lésigny;12
86130;Leugny;6
86131;Lhommaizé;15
86132;Liglet;10
86133;Ligugé;68
86134;Linazay;8
86135;Liniers;11
86136;Lizant;10
86137;Loudun;286
86138;Luchapt;4
86139;Lusignan;113
86140;Lussac-les-Châteaux;80
86141;Magné;9
86142;Maillé;6
86143;Mairé;5
86144;Maisonneuve;9
86145;Marçay;13
86147;Marigny-Chemereau;7
86148;Marnay;22
86149;Martaizé;10
86150;Massognes;5
86151;Maulay;9
86152;Mauprévoir;19
86153;Mazerolles;16
86154;Mazeuil;7
86156;Messemé;9
86157;Mignaloux-Beauvoir;132
86158;Migné-Auxances;211
86159;Millac;20
86160;Mirebeau;83
86161;Moncontour;32
86162;Mondion;7
86163;Montamisé;77
86164;Monthoiron;11
86165;Montmorillon;251
86167;Monts-sur-Guesnes;20
86169;Morton;12
86170;Moulismes;12
86171;Moussac;6
86172;Mouterre-sur-Blourde;4
86173;Mouterre-Silly;17
86174;Naintré;149
86175;Nalliers;7
86176;Nérignac;3
86177;Neuville-de-Poitou;199
86178;Nieuil-l'Espoir;50
86180;Nouaillé-Maupertuis;41
86181;Nueil-sous-Faye;9
86182;Orches;6
86183;Les Ormes;35
86184;Ouzilly;17
86186;Oyré;13
86187;Paizay-le-Sec;12
86189;Payroux;14
86190;Persac;20
86191;Pindray;5
86192;Plaisance;1
86193;Pleumartin;35
86194;Poitiers;3177
86195;Port-de-Piles;8
86196;Pouançay;9
86197;Pouant;12
86198;Pouillé;11
86200;Pressac;24
86201;Prinçay;8
86202;La Puye;17
86203;Queaux;18
86204;Quinçay;35
86205;Ranton;7
86206;Raslay;3
86207;La Roche-Posay;93
86209;Roches-Prémarie-Andillé;36
86210;Roiffé;17
86211;Romagne;18
86213;Rouillé;63
86214;Saint-Benoît;330
86217;Saint-Christophe;3
86218;Saint-Clair;4
86220;Saint-Gaudent;6
86221;Saint-Genest-d'Ambière;34
86222;Saint-Georges-lès-Baillargeaux;99
86223;Saint-Germain;25
86224;Saint-Gervais-les-Trois-Clochers;37
86225;Saint-Jean-de-Sauves;41
86226;Saint-Julien-l'Ars;78
86227;Saint-Laon;3
86228;Saint-Laurent-de-Jourdes;4
86229;Saint-Léger-de-Montbrillais;12
86230;Saint-Léomer;4
86233;Valdivienne;36
86234;Saint-Martin-l'Ars;7
86235;Saint-Maurice-la-Clouère;41
86236;Saint-Pierre-de-Maillé;28
86237;Saint-Pierre-d'Exideuil;29
86239;Sainte-Radégonde;4
86241;Saint-Rémy-sur-Creuse;13
86242;Saint-Romain;6
86244;Saint-Sauvant;33
86245;Senillé-Saint-Sauveur;35
86246;Saint-Savin;50
86247;Val-de-Comporté;23
86248;Saint-Secondin;15
86249;Saires;4
86250;Saix;8
86252;Sammarçolles;10
86253;Sanxay;18
86254;Saulgé;17
86255;Savigné;64
86256;Savigny-Lévescault;14
86257;Savigny-sous-Faye;8
86258;Scorbé-Clairvaux;30
86260;Sérigny;12
86261;Sèvres-Anxaumont;48
86262;Sillars;22
86263;Smarves;54
86264;Sommières-du-Clain;23
86265;Sossais;5
86266;Surin;7
86268;Tercé;20
86269;Ternay;3
86270;Thollet;5
86271;Thurageau;16
86272;Thuré;29
86273;La Trimouille;37
86274;Les Trois-Moutiers;40
86275;Usseau;13
86276;Usson-du-Poitou;49
86279;Vaux-sur-Vienne;8
86280;Vellèches;11
86281;Saint-Martin-la-Pallu;95
86284;Vernon;16
86285;Verrières;25
86286;Verrue;11
86287;Vézières;5
86288;Vicq-sur-Gartempe;19
86289;Le Vigeant;39
86290;La Villedieu-du-Clain;31
86291;Villemort;3
86292;Villiers;20
86293;Vivonne;161
86294;Vouillé;108
86295;Voulême;7
86296;Voulon;6
86297;Vouneuil-sous-Biard;97
86298;Vouneuil-sur-Vienne;42
86299;Vouzailles;13
86300;Yversay;4
87001;Aixe-sur-Vienne;160
87002;Ambazac;127
87003;Arnac-la-Poste;27
87004;Augne;3
87005;Aureil;12
87006;Azat-le-Ris;11
87007;Balledent;4
87008;La Bazeuge;3
87009;Beaumont-du-Lac;5
87011;Bellac;167
87012;Berneuil;12
87013;Bersac-sur-Rivalier;13
87014;Bessines-sur-Gartempe;84
87015;Beynac;9
87016;Les Billanges;3
87017;Blanzac;20
87018;Blond;17
87019;Boisseuil;131
87020;Bonnac-la-Côte;36
87021;Bosmie-l'Aiguille;36
87022;Breuilaufa;3
87023;Le Buis;1
87024;Bujaleuf;25
87025;Burgnac;11
87027;Bussière-Galant;35
87028;Val-d'Oire-et-Gartempe;39
87029;Les Cars;14
87030;Chaillac-sur-Vienne;11
87031;Le Chalard;6
87032;Châlus;68
87033;Chamboret;23
87034;Champagnac-la-Rivière;8
87035;Champnétery;8
87036;Champsac;19
87037;La Chapelle-Montbrandeix;4
87038;Chaptelat;28
87039;Château-Chervix;15
87040;Châteauneuf-la-Forêt;46
87041;Châteauponsac;64
87042;Le Châtenet-en-Dognon;10
87043;Cheissoux;8
87044;Chéronnac;3
87045;Cieux;16
87046;Cognac-la-Forêt;21
87047;Compreignac;33
87048;Condat-sur-Vienne;78
87049;Coussac-Bonneval;29
87050;Couzeix;248
87051;La Croisille-sur-Briance;17
87052;La Croix-sur-Gartempe;5
87053;Cromac;8
87054;Cussac;30
87056;Dinsac;7
87057;Dompierre-les-Églises;13
87058;Domps;8
87059;Le Dorat;69
87060;Dournazac;18
87061;Droux;6
87062;Eybouleuf;7
87063;Eyjeaux;24
87064;Eymoutiers;106
87065;Feytiat;258
87066;Flavignac;26
87067;Folles;8
87068;Fromental;10
87069;Gajoubert;4
87070;La Geneytouse;15
87071;Glandon;40
87072;Glanges;9
87073;Gorre;9
87074;Les Grands-Chézeaux;8
87075;Isle;160
87076;Jabreilles-les-Bordes;4
87077;Janailhac;12
87078;Javerdat;18
87079;La Jonchère-Saint-Maurice;20
87080;Jouac;5
87081;Jourgnac;8
87082;Ladignac-le-Long;17
87083;Laurière;15
87084;Lavignac;4
87085;Limoges;4970
87086;Linards;35
87087;Lussac-les-Églises;16
87088;Magnac-Bourg;39
87089;Magnac-Laval;65
87090;Mailhac-sur-Benaize;6
87091;Maisonnais-sur-Tardoire;12
87092;Marval;8
87093;Masléon;4
87094;Meilhac;8
87095;Meuzac;18
87096;La Meyze;16
87097;Val d'Issoire;28
87099;Moissannes;19
87100;Montrol-Sénard;8
87101;Mortemart;4
87103;Nantiat;45
87104;Nedde;14
87105;Neuvic-Entier;21
87106;Nexon;76
87107;Nieul;40
87108;Nouic;11
87109;Oradour-Saint-Genest;9
87110;Oradour-sur-Glane;70
87111;Oradour-sur-Vayres;46
87112;Pageas;11
87113;Le Palais-sur-Vienne;102
87114;Panazol;221
87115;Pensol;7
87116;Peyrat-de-Bellac;30
87117;Peyrat-le-Château;34
87118;Peyrilhac;21
87119;Pierre-Buffière;41
87120;La Porcherie;11
87121;Rancon;17
87122;Razès;25
87123;Rempnat;5
87124;Rilhac-Lastours;4
87125;Rilhac-Rancon;81
87126;Rochechouart;118
87127;La Roche-l'Abeille;13
87128;Saint-Pardoux-le-Lac;30
87129;Royères;20
87130;Roziers-Saint-Georges;2
87131;Saillat-sur-Vienne;13
87132;Saint-Amand-le-Petit;1
87133;Saint-Amand-Magnazeix;10
87134;Sainte-Anne-Saint-Priest;3
87135;Saint-Auvent;25
87137;Saint-Bazile;5
87138;Saint-Bonnet-Briance;11
87139;Saint-Bonnet-de-Bellac;12
87140;Saint-Brice-sur-Vienne;27
87141;Saint-Cyr;7
87142;Saint-Denis-des-Murs;7
87143;Saint-Gence;30
87144;Saint-Genest-sur-Roselle;8
87145;Saint-Georges-les-Landes;5
87146;Saint-Germain-les-Belles;51
87147;Saint-Gilles-les-Forêts;3
87148;Saint-Hilaire-Bonneval;27
87149;Saint-Hilaire-la-Treille;10
87150;Saint-Hilaire-les-Places;14
87151;Saint-Jean-Ligoure;9
87152;Saint-Jouvent;24
87153;Saint-Julien-le-Petit;8
87154;Saint-Junien;485
87155;Saint-Junien-les-Combes;5
87156;Saint-Just-le-Martel;54
87157;Saint-Laurent-les-Églises;21
87158;Saint-Laurent-sur-Gorre;48
87159;Saint-Léger-la-Montagne;7
87160;Saint-Léger-Magnazeix;17
87161;Saint-Léonard-de-Noblat;164
87162;Sainte-Marie-de-Vaux;1
87163;Saint-Martial-sur-Isop;9
87164;Saint-Martin-de-Jussac;4
87165;Saint-Martin-le-Mault;5
87166;Saint-Martin-le-Vieux;13
87167;Saint-Martin-Terressus;6
87168;Saint-Mathieu;39
87169;Saint-Maurice-les-Brousses;27
87170;Saint-Méard;8
87172;Saint-Ouen-sur-Gartempe;11
87174;Saint-Paul;32
87176;Saint-Priest-Ligoure;14
87177;Saint-Priest-sous-Aixe;23
87178;Saint-Priest-Taurion;36
87179;Saint-Sornin-la-Marche;5
87180;Saint-Sornin-Leulac;15
87181;Saint-Sulpice-Laurière;21
87182;Saint-Sulpice-les-Feuilles;54
87183;Saint-Sylvestre;11
87185;Saint-Victurnien;44
87186;Saint-Vitte-sur-Briance;6
87187;Saint-Yrieix-la-Perche;326
87188;Saint-Yrieix-sous-Aixe;4
87189;Les Salles-Lavauguyon;6
87190;Sauviat-sur-Vige;26
87191;Séreilhac;37
87192;Solignac;32
87193;Surdoux;2
87194;Sussac;6
87195;Tersannes;8
87197;Thouron;7
87198;Vaulry;8
87199;Vayres;21
87200;Verneuil-Moustiers;6
87201;Verneuil-sur-Vienne;124
87202;Veyrac;27
87203;Vicq-sur-Breuilh;42
87204;Videix;5
87205;Le Vigen;105
87206;Villefavard;4
88001;Les Ableuvenettes;3
88002;Ahéville;3
88003;Aingeville;3
88004;Ainvelle;4
88005;Allarmont;9
88006;Ambacourt;7
88007;Ameuvelle;6
88008;Anglemont;10
88009;Anould;98
88010;Aouze;4
88011;Arches;50
88012;Archettes;14
88013;Aroffe;3
88014;Arrentès-de-Corcieux;4
88015;Attignéville;9
88016;Attigny;3
88017;Aulnois;3
88019;Autigny-la-Tour;2
88020;Autreville;2
88021;Autrey;7
88022;Auzainvilliers;12
88023;Avillers;3
88024;Avrainville;3
88025;Avranville;4
88026;Aydoilles;17
88027;Badménil-aux-Bois;3
88028;La Baffe;10
88029;La Vôge-les-Bains;53
88030;Bainville-aux-Saules;9
88031;Balléville;2
88032;Ban-de-Laveline;33
88033;Ban-de-Sapt;11
88035;Barbey-Seroux;4
88036;Barville;5
88037;Basse-sur-le-Rupt;11
88038;Battexey;1
88039;Baudricourt;14
88040;Bayecourt;4
88041;Bazegney;1
88042;Bazien;1
88043;Bazoilles-et-Ménil;3
88044;Bazoilles-sur-Meuse;14
88045;Beaufremont;2
88046;Beauménil;5
88047;Begnécourt;8
88048;Bellefontaine;23
88049;Belmont-lès-Darney;2
88050;Belmont-sur-Buttant;7
88051;Belmont-sur-Vair;5
88052;Belrupt;2
88053;Belval;5
88054;Bertrimoutier;9
88055;Bettegney-Saint-Brice;6
88056;Bettoncourt;4
88057;Le Beulay;2
88058;Biécourt;5
88059;Biffontaine;6
88060;Blémerey;2
88061;Bleurville;8
88062;Blevaincourt;7
88063;Bocquegney;1
88064;Bois-de-Champ;1
88065;Bonvillet;3
88066;Boulaincourt;3
88068;La Bourgonce;15
88069;Bouxières-aux-Bois;2
88070;Bouxurulles;4
88071;Bouzemont;2
88073;Brantigny;5
88074;Brechainville;3
88075;La Bresse;201
88076;Brouvelieures;14
88077;Brû;9
88078;Bruyères;131
88079;Bulgnéville;52
88080;Bult;6
88081;Bussang;36
88082;Celles-sur-Plaine;17
88083;Certilleux;4
88084;Chamagne;10
88085;Champdray;5
88086;Champ-le-Duc;14
88087;Chantraine;40
88088;La Chapelle-aux-Bois;22
88089;La Chapelle-devant-Bruyères;13
88090;Charmes;197
88091;Charmois-devant-Bruyères;10
88092;Charmois-l'Orgueilleux;14
88093;Châtas;2
88094;Châtel-sur-Moselle;22
88095;Châtenois;69
88096;Châtillon-sur-Saône;9
88097;Chauffecourt;1
88098;Chaumousey;18
88099;Chavelot;148
88100;Chef-Haut;1
88101;Cheniménil;22
88102;Chermisey;3
88103;Circourt;2
88104;Circourt-sur-Mouzon;3
88105;Claudon;4
88106;Ban-sur-Meurthe-Clefcy;15
88107;Clérey-la-Côte;3
88108;Le Clerjus;4
88109;Cleurie;12
88110;Clézentaine;6
88111;Coinches;7
88113;Combrimont;5
88114;Contrexéville;127
88115;Corcieux;57
88116;Cornimont;93
88117;Courcelles-sous-Châtenois;2
88118;Coussey;31
88119;Crainvilliers;5
88120;La Croix-aux-Mines;9
88121;Damas-aux-Bois;8
88122;Damas-et-Bettegney;14
88123;Damblain;12
88124;Darney;48
88125;Darney-aux-Chênes;3
88126;Darnieulles;15
88127;Deinvillers;1
88128;Denipaire;11
88129;Derbamont;3
88130;Destord;6
88131;Deycimont;10
88132;Deyvillers;36
88133;Dignonville;4
88134;Dinozé;20
88135;Docelles;26
88136;Dogneville;35
88137;Dolaincourt;1
88138;Dombasle-devant-Darney;3
88139;Dombasle-en-Xaintois;4
88140;Dombrot-le-Sec;11
88141;Dombrot-sur-Vair;10
88142;Domèvre-sur-Avière;6
88143;Domèvre-sur-Durbion;6
88144;Domèvre-sous-Montfort;4
88145;Domfaing;9
88146;Domjulien;7
88147;Dommartin-aux-Bois;9
88148;Dommartin-lès-Remiremont;35
88149;Dommartin-lès-Vallois;2
88150;Dommartin-sur-Vraine;6
88151;Dompaire;31
88152;Dompierre;9
88153;Domptail;9
88154;Domrémy-la-Pucelle;4
88155;Domvallier;6
88156;Doncières;3
88157;Dounoux;20
88158;Éloyes;101
88159;Entre-deux-Eaux;9
88160;Épinal;1571
88161;Escles;18
88162;Esley;6
88163;Essegney;16
88164;Estrennes;3
88165;Étival-Clairefontaine;58
88166;Évaux-et-Ménil;10
88167;Faucompierre;3
88168;Fauconcourt;7
88169;Fays;2
88170;Ferdrupt;18
88171;Fignévelle;3
88172;Fiménil;5
88173;Florémont;8
88174;Fomerey;5
88175;Fontenay;4
88176;Fontenoy-le-Château;13
88177;La Forge;9
88178;Les Forges;36
88179;Fouchécourt;2
88180;Frain;8
88181;Fraize;80
88182;Frapelle;2
88183;Frebécourt;4
88184;Fremifontaine;6
88185;Frenelle-la-Grande;2
88186;Frenelle-la-Petite;3
88187;Frénois;5
88188;Fresse-sur-Moselle;52
88189;Fréville;6
88190;Frizon;5
88192;Gelvécourt-et-Adompt;3
88193;Gemaingoutte;4
88194;Gemmelaincourt;4
88195;Gendreville;5
88196;Gérardmer;495
88197;Gerbamont;14
88198;Gerbépal;12
88199;Gignéville;4
88200;Gigney;7
88201;Girancourt;22
88202;Gircourt-lès-Viéville;7
88203;Girecourt-sur-Durbion;9
88205;Girmont-Val-d'Ajol;12
88206;Gironcourt-sur-Vraine;18
88208;Godoncourt;6
88209;Golbey;323
88210;Gorhey;3
88212;Grand;12
88213;La Grande-Fosse;6
88214;Grandrupt-de-Bains;3
88215;Grandrupt;4
88216;Grandvillers;17
88218;Granges-Aumontzey;66
88219;Greux;5
88220;Grignoncourt;2
88221;Gruey-lès-Surance;7
88222;Gugnécourt;7
88223;Gugney-aux-Aulx;8
88224;Hadigny-les-Verrières;9
88225;Hadol;51
88226;Hagécourt;2
88227;Hagnéville-et-Roncourt;5
88228;Haillainville;4
88229;Harchéchamp;4
88230;Hardancourt;5
88231;Haréville;12
88232;Harmonville;9
88233;Harol;29
88236;La Haye;2
88237;Hennecourt;10
88238;Hennezel;11
88239;Hergugney;4
88240;Herpelmont;7
88241;Houécourt;15
88242;Houéville;2
88243;Housseras;6
88244;La Houssière;15
88245;Hurbache;10
88246;Hymont;9
88247;Igney;25
88248;Isches;11
88249;Jainvillotte;2
88250;Jarménil;8
88251;Jeanménil;43
88252;Jésonville;4
88253;Jeuxey;72
88254;Jorxey;3
88255;Jubainville;3
88256;Jussarupt;5
88257;Juvaincourt;16
88258;Lamarche;26
88259;Landaville;13
88260;Langley;4
88261;Laval-sur-Vologne;22
88262;Laveline-devant-Bruyères;23
88263;Laveline-du-Houx;9
88264;Légéville-et-Bonfays;4
88265;Lemmecourt;2
88266;Lépanges-sur-Vologne;20
88267;Lerrain;22
88268;Lesseux;1
88269;Liézey;9
88270;Liffol-le-Grand;63
88271;Lignéville;9
88272;Lironcourt;5
88273;Longchamp;5
88274;Longchamp-sous-Châtenois;3
88275;Lubine;3
88276;Lusse;15
88277;Luvigny;4
88278;Maconcourt;2
88279;Madecourt;2
88280;Madegney;5
88281;Madonne-et-Lamerey;13
88283;Malaincourt;3
88284;Mandray;9
88285;Mandres-sur-Vair;8
88286;Marainville-sur-Madon;3
88287;Marey;1
88288;Maroncourt;1
88289;Martigny-les-Bains;18
88290;Martigny-les-Gerbonvaux;7
88291;Martinvelle;4
88292;Mattaincourt;18
88293;Maxey-sur-Meuse;4
88294;Mazeley;4
88295;Mazirot;4
88296;Médonville;1
88297;Méménil;2
88298;Ménarmont;2
88299;Ménil-en-Xaintois;6
88300;Ménil-de-Senones;3
88301;Ménil-sur-Belvitte;9
88302;Le Ménil;20
88303;Midrevaux;4
88304;Mirecourt;168
88305;Moncel-sur-Vair;2
88306;Le Mont;1
88307;Mont-lès-Lamarche;3
88308;Mont-lès-Neufchâteau;4
88309;Monthureux-le-Sec;6
88310;Monthureux-sur-Saône;32
88311;Montmotier;1
88312;Morelmaison;6
88313;Moriville;7
88314;Morizécourt;3
88315;Mortagne;3
88316;Morville;4
88317;Moussey;13
88318;Moyemont;9
88319;Moyenmoutier;69
88320;Nayemont-les-Fosses;10
88321;Neufchâteau;358
88322;La Neuveville-devant-Lépanges;12
88324;La Neuveville-sous-Châtenois;4
88325;La Neuveville-sous-Montfort;5
88326;Neuvillers-sur-Fave;9
88327;Nomexy;56
88328;Nompatelize;11
88330;Nonville;6
88331;Nonzeville;3
88332;Norroy;9
88333;Nossoncourt;5
88334;Oëlleville;14
88335;Offroicourt;2
88336;Ollainville;2
88338;Ortoncourt;4
88340;Padoux;8
88341;Pair-et-Grandrupt;8
88342;Pallegney;4
88343;Parey-sous-Montfort;6
88344;Pargny-sous-Mureau;4
88345;La Petite-Fosse;2
88346;La Petite-Raon;10
88347;Pierrefitte;4
88348;Pierrepont-sur-l'Arentèle;3
88349;Plainfaing;36
88350;Pleuvezain;4
88351;Plombières-les-Bains;51
88352;Pompierre;4
88353;Pont-lès-Bonfays;3
88354;Pont-sur-Madon;3
88355;Portieux;10
88356;Les Poulières;4
88357;Poussay;24
88358;Pouxeux;46
88359;Prey;2
88360;Provenchères-lès-Darney;4
88361;Provenchères-et-Colroy;33
88362;Le Puid;4
88363;Punerot;7
88364;Puzieux;6
88365;Racécourt;2
88366;Rainville;12
88367;Rambervillers;190
88368;Ramecourt;2
88369;Ramonchamp;39
88370;Rancourt;5
88371;Raon-aux-Bois;17
88372;Raon-l'Étape;172
88373;Raon-sur-Plaine;3
88374;Rapey;4
88375;Raves;17
88376;Rebeuville;11
88377;Regnévelle;3
88378;Regney;1
88379;Rehaincourt;7
88380;Rehaupal;7
88381;Relanges;11
88382;Remicourt;2
88383;Remiremont;447
88385;Remoncourt;14
88386;Remomeix;27
88387;Removille;9
88388;Renauvoid;3
88389;Repel;2
88390;Robécourt;7
88391;Rochesson;15
88394;Romain-aux-Bois;4
88395;Romont;13
88398;Les Rouges-Eaux;5
88399;Le Roulier;4
88400;Rouvres-en-Xaintois;8
88401;Rouvres-la-Chétive;11
88402;Roville-aux-Chênes;11
88403;Rozerotte;3
88404;Rozières-sur-Mouzon;3
88406;Rugney;5
88407;Ruppes;5
88408;Rupt-sur-Moselle;84
88409;Saint-Amé;67
88410;Sainte-Barbe;9
88411;Saint-Baslemont;4
88412;Saint-Benoît-la-Chipotte;7
88413;Saint-Dié-des-Vosges;822
88415;Saint-Étienne-lès-Remiremont;146
88416;Saint-Genest;3
88417;Saint-Gorgon;11
88418;Sainte-Hélène;7
88419;Saint-Jean-d'Ormont;4
88421;Saint-Julien;5
88423;Saint-Léonard;37
88424;Sainte-Marguerite;170
88425;Saint-Maurice-sur-Mortagne;5
88426;Saint-Maurice-sur-Moselle;46
88427;Saint-Menge;4
88428;Saint-Michel-sur-Meurthe;51
88429;Saint-Nabord;173
88430;Saint-Ouen-lès-Parey;9
88431;Saint-Paul;8
88432;Saint-Pierremont;9
88433;Saint-Prancher;3
88434;Saint-Remimont;4
88435;Saint-Remy;10
88436;Saint-Stail;3
88437;Saint-Vallier;4
88438;La Salle;9
88439;Sanchey;16
88440;Sandaucourt;10
88441;Sans-Vallois;12
88442;Sapois;22
88443;Sartes;3
88444;Le Saulcy;8
88445;Saulcy-sur-Meurthe;70
88446;Saulxures-lès-Bulgnéville;7
88447;Saulxures-sur-Moselotte;68
88448;Sauville;9
88449;Savigny;4
88450;Senaide;5
88451;Senones;64
88452;Senonges;4
88453;Seraumont;1
88454;Sercœur;4
88455;Serécourt;5
88456;Serocourt;1
88457;Sionne;2
88458;Socourt;3
88459;Soncourt;4
88460;Soulosse-sous-Saint-Élophe;15
88461;Suriauville;8
88462;Le Syndicat;52
88463;Taintrux;16
88464;Tendon;10
88465;Thaon-les-Vosges;246
88466;They-sous-Montfort;6
88467;Thiéfosse;14
88468;Le Thillot;114
88469;Thiraucourt;3
88470;Le Tholy;44
88471;Les Thons;2
88472;Thuillières;1
88473;Tignécourt;4
88474;Tilleux;1
88475;Tollaincourt;6
88476;Totainville;2
88477;Trampot;6
88478;Tranqueville-Graux;2
88479;Trémonzey;4
88480;Ubexy;5
88481;Uriménil;18
88482;Urville;4
88483;Uxegney;40
88484;Uzemain;23
88485;La Vacheresse-et-la-Rouillie;7
88486;Vagney;123
88487;Le Val-d'Ajol;111
88488;Valfroicourt;14
88489;Valleroy-aux-Saules;6
88490;Valleroy-le-Sec;7
88491;Les Vallois;6
88492;Le Valtin;14
88493;Varmonzey;2
88494;Vaubexy;1
88495;Vaudéville;5
88496;Vaudoncourt;5
88497;Vaxoncourt;7
88498;Vecoux;14
88499;Velotte-et-Tatignécourt;5
88500;Ventron;25
88501;Le Vermont;1
88502;Vervezelle;3
88503;Vexaincourt;5
88504;Vicherey;13
88505;Vienville;4
88506;Vieux-Moulin;6
88507;Villers;3
88508;Ville-sur-Illon;14
88509;Villoncourt;3
88510;Villotte;3
88511;Villouxel;1
88512;Viménil;5
88513;Vincey;43
88514;Viocourt;6
88515;Vioménil;3
88516;Vittel;263
88517;Viviers-le-Gras;7
88518;Viviers-lès-Offroicourt;2
88519;La Voivre;18
88520;Les Voivres;6
88521;Vomécourt;7
88522;Vomécourt-sur-Madon;2
88523;Vouxey;3
88524;Vrécourt;12
88525;Vroville;2
88526;Wisembach;13
88527;Xaffévillers;2
88528;Xamontarupt;2
88529;Xaronval;3
88530;Xertigny;88
88531;Xonrupt-Longemer;69
88532;Zincourt;7
89002;Aigremont;2
89003;Montholon;90
89004;Aisy-sur-Armançon;4
89005;Ancy-le-Franc;35
89006;Ancy-le-Libre;2
89007;Andryes;9
89008;Angely;3
89009;Annay-la-Côte;3
89010;Annay-sur-Serein;10
89011;Annéot;3
89012;Annoux;2
89013;Appoigny;140
89014;Arces-Dilo;15
89015;Arcy-sur-Cure;16
89016;Argentenay;3
89017;Argenteuil-sur-Armançon;9
89018;Armeau;8
89019;Arthonnay;5
89020;Asnières-sous-Bois;4
89021;Asquins;8
89022;Athie;3
89023;Augy;21
89024;Auxerre;1667
89025;Avallon;396
89027;Bagneaux;4
89028;Baon;2
89029;Bassou;14
89030;Bazarnes;18
89031;Beaumont;6
89032;Beauvilliers;1
89033;Beauvoir;8
89034;Beine;34
89035;Bellechaume;8
89036;La Belliole;4
89037;Béon;9
89038;Bernouil;6
89039;Béru;12
89040;Bessy-sur-Cure;2
89041;Beugnon;4
89042;Bierry-les-Belles-Fontaines;5
89043;Blacy;2
89044;Blannay;3
89045;Bleigny-le-Carreau;4
89046;Bléneau;49
89048;Bœurs-en-Othe;9
89049;Bois-d'Arcy;2
89050;Bonnard;7
89051;Les Bordes;9
89053;Branches;7
89054;Brannay;9
89055;Brienon-sur-Armançon;66
89056;Brion;8
89057;Brosses;5
89058;Bussières;4
89059;Bussy-en-Othe;19
89060;Bussy-le-Repos;7
89061;Butteaux;10
89062;Carisey;6
89063;La Celle-Saint-Cyr;20
89064;Censy;4
89065;Cérilly;3
89066;Cerisiers;27
89067;Cézy;16
89068;Chablis;231
89069;Chailley;18
89071;Chamoux;2
89072;Champcevrais;8
89073;Champignelles;41
89074;Champigny;43
89075;Champlay;11
89076;Champlost;15
89077;Champs-sur-Yonne;41
89079;Chamvres;11
89080;La Chapelle-sur-Oreuse;13
89081;La Chapelle-Vaupelteigne;10
89083;Charbuy;24
89084;Charentenay;6
89085;Charmoy;10
89086;Charny Orée de Puisaye;178
89087;Chassignelles;5
89088;Chassy;11
89089;Chastellux-sur-Cure;3
89091;Châtel-Censoir;13
89092;Châtel-Gérard;3
89093;Chaumont;9
89094;Chaumot;13
89095;Chemilly-sur-Serein;16
89096;Chemilly-sur-Yonne;19
89098;Cheney;7
89099;Cheny;33
89100;Chéroy;37
89101;Chéu;15
89102;Chevannes;30
89104;Chichée;32
89105;Chichery;5
89108;Chitry;25
89111;Les Clérimois;3
89112;Collan;9
89113;Collemiers;11
89115;Compigny;4
89116;Cornant;8
89117;Coulangeron;2
89118;Coulanges-la-Vineuse;21
89119;Coulanges-sur-Yonne;20
89120;Coulours;2
89122;Courgenay;10
89123;Courgis;24
89124;Courlon-sur-Yonne;24
89125;Courson-les-Carrières;35
89126;Courtoin;4
89127;Courtois-sur-Yonne;18
89128;Coutarnoux;5
89129;Crain;6
89130;Deux Rivières;26
89131;Cruzy-le-Châtel;10
89132;Cry;5
89133;Cudot;9
89134;Cussy-les-Forges;12
89136;Cuy;19
89137;Dannemoine;10
89139;Diges;16
89141;Dissangis;2
89142;Dixmont;13
89143;Dollot;7
89144;Domats;16
89145;Domecy-sur-Cure;12
89146;Domecy-sur-le-Vault;2
89147;Dracy;3
89148;Druyes-les-Belles-Fontaines;14
89149;Dyé;2
89150;Égleny;8
89151;Égriselles-le-Bocage;22
89152;Épineau-les-Voves;11
89153;Épineuil;12
89154;Escamps;12
89155;Escolives-Sainte-Camille;17
89156;Esnon;5
89158;Étais-la-Sauvin;16
89159;Étaule;17
89160;Étigny;18
89161;Étivey;5
89162;Évry;9
89163;La Ferté-Loupière;18
89164;Festigny;1
89165;Flacy;2
89167;Fleury-la-Vallée;16
89168;Fleys;14
89169;Flogny-la-Chapelle;20
89170;Foissy-lès-Vézelay;2
89171;Foissy-sur-Vanne;10
89172;Fontaine-la-Gaillarde;5
89173;Fontaines;11
89175;Fontenay-près-Chablis;18
89176;Fontenay-près-Vézelay;6
89177;Fontenay-sous-Fouronnes;2
89179;Fontenoy;11
89180;Fouchères;12
89181;Fournaudin;4
89182;Fouronnes;6
89183;Fresnes;3
89184;Fulvy;5
89186;Germigny;14
89187;Gigny;4
89188;Girolles;2
89189;Gisy-les-Nobles;11
89190;Givry;8
89191;Gland;1
89194;Grimault;6
89195;Gron;37
89196;Valravillon;40
89197;Guillon-Terre-Plaine;20
89198;Gurgy;36
89199;Gy-l'Évêque;8
89200;Hauterive;11
89201;Héry;35
89202;Irancy;15
89203;Island;3
89204;L'Isle-sur-Serein;28
89205;Jaulges;5
89206;Joigny;376
89207;Jouancy;2
89208;Joux-la-Ville;21
89209;Jouy;13
89210;Jully;5
89211;Junay;1
89212;Jussy;5
89214;Lailly;5
89215;Lain;3
89216;Lainsecq;12
89217;Lalande;3
89218;Laroche-Saint-Cydroine;11
89219;Lasson;7
89220;Lavau;9
89221;Leugny;15
89222;Levis;4
89223;Lézinnes;28
89224;Lichères-près-Aigremont;2
89225;Lichères-sur-Yonne;3
89226;Lignorelles;26
89227;Ligny-le-Châtel;36
89228;Lindry;18
89229;Lixy;7
89230;Looze;8
89232;Lucy-le-Bois;9
89233;Lucy-sur-Cure;2
89234;Lucy-sur-Yonne;7
89235;Magny;23
89236;Maillot;66
89237;Mailly-la-Ville;10
89238;Mailly-le-Château;9
89239;Malay-le-Grand;78
89240;Malay-le-Petit;6
89242;Maligny;34
89244;Marmeaux;1
89245;Marsangy;9
89246;Massangis;14
89247;Mélisey;8
89248;Menades;1
89249;Mercy;1
89250;Méré;3
89251;Merry-la-Vallée;5
89252;Merry-Sec;5
89253;Merry-sur-Yonne;6
89254;Mézilles;27
89255;Michery;13
89256;Migé;10
89257;Migennes;218
89259;Môlay;4
89261;Molinons;10
89262;Molosmes;8
89263;Monéteau;264
89264;Montacher-Villegardin;15
89265;Montigny-la-Resle;18
89266;Montillot;10
89267;Montréal;7
89268;Mont-Saint-Sulpice;12
89270;Mouffy;4
89271;Moulins-en-Tonnerrois;4
89272;Moulins-sur-Ouanne;11
89273;Moutiers-en-Puisaye;10
89274;Nailly;23
89276;Neuvy-Sautour;19
89277;Nitry;22
89278;Noé;5
89279;Noyers;46
89280;Nuits;9
89281;Les Ormes;9
89282;Ormoy;12
89283;Ouanne;18
89284;Pacy-sur-Armançon;5
89285;Pailly;8
89286;Parly;17
89287;Paron;73
89288;Paroy-en-Othe;1
89289;Paroy-sur-Tholon;6
89290;Pasilly;2
89291;Passy;7
89292;Percey;5
89295;Perrigny;59
89296;Perrigny-sur-Armançon;4
89297;Pierre-Perthuis;6
89298;Piffonds;21
89299;Pimelles;5
89300;Pisy;4
89302;Plessis-Saint-Jean;3
89303;Poilly-sur-Serein;11
89304;Poilly-sur-Tholon;19
89306;Pontaubert;7
89307;Pontigny;19
89308;Pont-sur-Vanne;9
89309;Pont-sur-Yonne;109
89310;La Postolle;1
89311;Pourrain;28
89312;Précy-le-Sec;6
89313;Précy-sur-Vrin;9
89314;Prégilbert;7
89315;Préhy;22
89316;Provency;6
89318;Quarré-les-Tombes;22
89319;Quenne;5
89320;Quincerot;1
89321;Ravières;22
89323;Roffey;5
89324;Rogny-les-Sept-Écluses;15
89325;Ronchères;3
89326;Rosoy;17
89327;Rousson;9
89328;Rouvray;8
89329;Rugny;4
89331;Sainpuits;12
89332;Saint-Agnan;10
89333;Saint-André-en-Terre-Plaine;5
89334;Le Val d'Ocre;15
89335;Saint-Aubin-sur-Yonne;8
89336;Saint-Brancher;3
89337;Saint-Bris-le-Vineux;55
89338;Saint-Clément;110
89339;Sainte-Colombe;5
89341;Saint-Cyr-les-Colons;18
89342;Saint-Denis-lès-Sens;88
89344;Saint-Fargeau;86
89345;Saint-Florentin;168
89346;Saint-Georges-sur-Baulche;79
89347;Saint-Germain-des-Champs;15
89348;Saint-Julien-du-Sault;66
89349;Saint-Léger-Vauban;17
89350;Saint-Loup-d'Ordon;11
89351;Sainte-Magnance;8
89352;Saint-Martin-des-Champs;5
89353;Saint-Martin-d'Ordon;8
89354;Saint-Martin-du-Tertre;18
89355;Saint-Martin-sur-Armançon;1
89359;Saint-Maurice-aux-Riches-Hommes;14
89360;Saint-Maurice-le-Vieil;5
89361;Saint-Maurice-Thizouaille;11
89362;Saint-Moré;6
89363;Sainte-Pallaye;3
89364;Saint-Père;22
89365;Saint-Privé;16
89367;Saints-en-Puisaye;14
89368;Saint-Sauveur-en-Puisaye;51
89369;Saint-Sérotin;12
89370;Saint-Valérien;55
89371;Sainte-Vertu;4
89373;Saligny;14
89374;Sambourg;3
89375;Santigny;3
89376;Sarry;5
89377;Sauvigny-le-Beuréal;2
89378;Sauvigny-le-Bois;24
89379;Savigny-en-Terre-Plaine;5
89380;Savigny-sur-Clairis;29
89382;Seignelay;25
89383;Sementron;2
89384;Senan;17
89385;Sennevoy-le-Bas;2
89386;Sennevoy-le-Haut;2
89387;Sens;1175
89388;Sépeaux-Saint Romain;16
89390;Serbonnes;11
89391;Sergines;27
89392;Sermizelles;7
89393;Serrigny;8
89394;Sery;1
89395;Les Sièges;10
89397;Sommecaise;9
89398;Sormery;9
89399;Soucy;35
89400;Sougères-en-Puisaye;3
89402;Soumaintrain;7
89403;Stigny;3
89404;Subligny;9
89405;Les Hauts de Forterre;12
89406;Talcy;3
89407;Tanlay;32
89408;Tannerre-en-Puisaye;13
89409;Tharoiseau;6
89410;Tharot;1
89411;Les Vallées de la Vanne;13
89412;Thizy;7
89413;Thorey;2
89414;Thorigny-sur-Oreuse;23
89415;Thory;4
89416;Thury;10
89417;Tissey;3
89418;Tonnerre;214
89419;Toucy;142
89420;Treigny-Perreuse-Sainte-Colombe;36
89422;Trichey;2
89423;Tronchoy;5
89424;Trucy-sur-Yonne;3
89425;Turny;16
89426;Val-de-Mercy;11
89427;Vallan;10
89428;Vallery;12
89430;Varennes;8
89431;Vassy-sous-Pisy;1
89432;Vaudeurs;9
89433;Vault-de-Lugny;12
89434;Vaumort;13
89436;Venizy;12
89437;Venouse;11
89438;Venoy;52
89439;Vergigny;29
89440;Verlin;4
89441;Vermenton;61
89442;Vernoy;5
89443;Véron;37
89445;Vézannes;3
89446;Vézelay;53
89447;Vézinnes;3
89449;Villeblevin;27
89450;Villebougis;10
89451;Villechétive;9
89452;Villecien;6
89453;Villefargeau;20
89456;Villemanoche;6
89458;Villenavotte;1
89459;Villeneuve-la-Dondagre;8
89460;Villeneuve-la-Guyard;87
89461;Villeneuve-l'Archevêque;43
89462;Villeneuve-les-Genêts;12
89463;Villeneuve-Saint-Salves;3
89464;Villeneuve-sur-Yonne;152
89465;Villeperrot;4
89466;Villeroy;18
89467;Villethierry;14
89468;Villevallier;4
89469;Perceneige;14
89470;Villiers-les-Hauts;2
89471;Villiers-Louis;19
89472;Villiers-Saint-Benoît;13
89474;Villiers-Vineux;5
89475;Villon;1
89477;Villy;5
89478;Vincelles;28
89479;Vincelottes;7
89480;Vinneuf;19
89481;Vireaux;1
89482;Viviers;7
89483;Voisines;11
89485;Voutenay-sur-Cure;4
89486;Yrouerre;5
90001;Andelnans;84
90002;Angeot;7
90003;Anjoutey;25
90004;Argiésans;42
90005;Auxelles-Bas;12
90006;Auxelles-Haut;5
90007;Banvillars;7
90008;Bavilliers;108
90009;Beaucourt;66
90010;Belfort;1618
90011;Bermont;5
90012;Bessoncourt;93
90013;Bethonvilliers;6
90014;Boron;9
90015;Botans;24
90016;Bourg-sous-Châtelet;2
90017;Bourogne;25
90018;Brebotte;13
90019;Bretagne;5
90020;Buc;4
90021;Charmois;6
90022;Châtenois-les-Forges;46
90023;Chaux;16
90024;Chavanatte;3
90025;Chavannes-les-Grands;10
90026;Chèvremont;24
90027;Courcelles;1
90028;Courtelevant;4
90029;Cravanche;23
90030;Croix;6
90031;Cunelières;3
90032;Danjoutin;142
90033;Delle;153
90034;Denney;25
90035;Dorans;7
90036;Eguenigue;6
90037;Éloie;8
90039;Essert;54
90041;Étueffont;22
90042;Évette-Salbert;25
90043;Faverois;7
90044;Felon;2
90045;Fêche-l'Église;11
90046;Florimont;9
90047;Fontaine;21
90048;Fontenelle;5
90049;Foussemagne;22
90050;Frais;4
90051;Froidefontaine;7
90052;Giromagny;77
90053;Grandvillars;89
90054;Grosmagny;9
90055;Grosne;4
90056;Joncherey;20
90057;Lachapelle-sous-Chaux;8
90058;Lachapelle-sous-Rougemont;22
90059;Lacollonge;7
90060;Lagrange;5
90061;Lamadeleine-Val-des-Anges;2
90062;Larivière;6
90063;Lebetain;4
90064;Lepuix-Neuf;5
90065;Lepuix;16
90066;Leval;7
90067;Menoncourt;19
90068;Meroux-Moval;69
90069;Méziré;17
90070;Montbouton;5
90071;Montreux-Château;30
90072;Morvillars;41
90074;Novillard;5
90075;Offemont;74
90076;Pérouse;28
90077;Petit-Croix;3
90078;Petitefontaine;4
90079;Petitmagny;4
90080;Phaffans;9
90081;Réchésy;14
90082;Autrechêne;5
90083;Recouvrance;3
90084;Reppe;9
90085;Riervescemont;2
90086;Romagny-sous-Rougemont;6
90087;Roppe;27
90088;Rougegoutte;21
90089;Rougemont-le-Château;39
90090;Saint-Dizier-l'Évêque;10
90091;Saint-Germain-le-Châtelet;9
90093;Sermamagny;23
90094;Sevenans;23
90095;Suarce;9
90096;Thiancourt;4
90097;Trévenans;42
90098;Urcerey;3
90099;Valdoie;89
90100;Vauthiermont;4
90101;Vellescot;3
90102;Vescemont;15
90103;Vétrigne;7
90104;Vézelois;19
90105;Villars-le-Sec;8
91001;Abbéville-la-Rivière;10
91016;Angerville;152
91017;Angervilliers;36
91021;Arpajon;442
91022;Arrancourt;5
91027;Athis-Mons;772
91035;Authon-la-Plaine;9
91037;Auvernaux;12
91038;Auvers-Saint-Georges;32
91041;Avrainville;97
91044;Ballainvilliers;147
91045;Ballancourt-sur-Essonne;177
91047;Baulne;21
91064;Bièvres;215
91067;Blandy;8
91069;Boigneville;6
91075;Bois-Herpin;6
91079;Boissy-la-Rivière;8
91080;Boissy-le-Cutté;21
91081;Boissy-le-Sec;15
91085;Boissy-sous-Saint-Yon;91
91086;Bondoufle;390
91093;Boullay-les-Troux;8
91095;Bouray-sur-Juine;37
91097;Boussy-Saint-Antoine;131
91098;Boutervilliers;11
91099;Boutigny-sur-Essonne;53
91100;Bouville;18
91103;Brétigny-sur-Orge;744
91105;Breuillet;170
91106;Breux-Jouy;15
91109;Brières-les-Scellés;45
91111;Briis-sous-Forges;81
91112;Brouy;4
91114;Brunoy;518
91115;Bruyères-le-Châtel;79
91121;Buno-Bonnevaux;13
91122;Bures-sur-Yvette;140
91129;Cerny;80
91130;Chalo-Saint-Mars;33
91131;Chalou-Moulineux;9
91132;Chamarande;21
91135;Champcueil;50
91136;Champlan;205
91137;Champmotteux;5
91145;Chatignonville;7
91148;Chauffour-lès-Étréchy;4
91156;Cheptainville;45
91159;Chevannes;35
91161;Chilly-Mazarin;612
91174;Corbeil-Essonnes;1422
91175;Corbreuse;36
91179;Le Coudray-Montceaux;135
91180;Courances;17
91184;Courdimanche-sur-Essonne;7
91186;Courson-Monteloup;8
91191;Crosne;237
91195;Dannemois;16
91198;D'Huison-Longueville;25
91200;Dourdan;377
91201;Draveil;650
91204;Écharcon;25
91207;Égly;158
91215;Épinay-sous-Sénart;189
91216;Épinay-sur-Orge;224
91223;Étampes;794
91225;Étiolles;65
91226;Étréchy;190
91228;Évry-Courcouronnes;2332
91232;La Ferté-Alais;110
91235;Fleury-Mérogis;197
91240;Fontaine-la-Rivière;3
91243;Fontenay-lès-Briis;68
91244;Fontenay-le-Vicomte;53
91247;La Forêt-le-Roi;13
91248;La Forêt-Sainte-Croix;7
91249;Forges-les-Bains;85
91272;Gif-sur-Yvette;464
91273;Gironville-sur-Essonne;14
91274;Gometz-la-Ville;61
91275;Gometz-le-Châtel;70
91284;Les Granges-le-Roi;14
91286;Grigny;628
91292;Guibeville;56
91293;Guigneville-sur-Essonne;15
91294;Guillerval;41
91312;Igny;259
91315;Itteville;130
91318;Janville-sur-Juine;38
91319;Janvry;22
91326;Juvisy-sur-Orge;559
91330;Lardy;100
91332;Leudeville;25
91333;Leuville-sur-Orge;77
91338;Limours;206
91339;Linas;219
91340;Lisses;533
91345;Longjumeau;522
91347;Longpont-sur-Orge;151
91359;Maisse;73
91363;Marcoussis;266
91374;Marolles-en-Beauce;7
91376;Marolles-en-Hurepoix;110
91377;Massy;1558
91378;Mauchamps;5
91386;Mennecy;422
91390;Le Mérévillois;87
91393;Mérobert;13
91399;Mespuits;3
91405;Milly-la-Forêt;292
91408;Moigny-sur-École;43
91411;Les Molières;50
91412;Mondeville;14
91414;Monnerville;11
91421;Montgeron;577
91425;Montlhéry;338
91432;Morangis;501
91433;Morigny-Champigny;129
91434;Morsang-sur-Orge;427
91435;Morsang-sur-Seine;22
91441;Nainville-les-Roches;13
91457;La Norville;82
91458;Nozay;118
91461;Ollainville;96
91463;Oncy-sur-École;29
91468;Ormoy;87
91469;Ormoy-la-Rivière;26
91471;Orsay;551
91473;Orveau;7
91477;Palaiseau;1046
91479;Paray-Vieille-Poste;285
91482;Pecqueuse;27
91494;Le Plessis-Pâté;152
91495;Plessis-Saint-Benoist;7
91507;Prunay-sur-Essonne;19
91508;Puiselet-le-Marais;10
91511;Pussay;45
91514;Quincy-sous-Sénart;292
91519;Richarville;7
91521;Ris-Orangis;965
91525;Roinville;39
91526;Roinvilliers;2
91533;Saclas;41
91534;Saclay;147
91538;Saint-Aubin;69
91540;Saint-Chéron;99
91544;Saint-Cyr-la-Rivière;16
91546;Saint-Cyr-sous-Dourdan;28
91547;Saint-Escobille;7
91549;Sainte-Geneviève-des-Bois;1066
91552;Saint-Germain-lès-Arpajon;198
91553;Saint-Germain-lès-Corbeil;154
91556;Saint-Hilaire;4
91560;Saint-Jean-de-Beauregard;16
91568;Saint-Maurice-Montcouronne;25
91570;Saint-Michel-sur-Orge;454
91573;Saint-Pierre-du-Perray;356
91577;Saintry-sur-Seine;86
91578;Saint-Sulpice-de-Favières;7
91579;Saint-Vrain;51
91581;Saint-Yon;19
91587;Saulx-les-Chartreux;197
91589;Savigny-sur-Orge;832
91593;Sermaise;25
91599;Soisy-sur-École;37
91600;Soisy-sur-Seine;158
91602;Souzy-la-Briche;6
91613;Congerville-Thionville;3
91617;Tigery;145
91619;Torfou;10
91629;Valpuiseaux;16
91630;Le Val-Saint-Germain;38
91631;Varennes-Jarcy;106
91634;Vaugrigneuse;38
91635;Vauhallan;42
91639;Vayres-sur-Essonne;12
91645;Verrières-le-Buisson;417
91648;Vert-le-Grand;69
91649;Vert-le-Petit;44
91654;Videlles;14
91657;Vigneux-sur-Seine;552
91659;Villabé;184
91661;Villebon-sur-Yvette;652
91662;Villeconin;13
91665;La Ville-du-Bois;233
91666;Villejust;230
91667;Villemoisson-sur-Orge;149
91671;Villeneuve-sur-Auvers;22
91679;Villiers-le-Bâcle;31
91685;Villiers-sur-Orge;83
91687;Viry-Châtillon;783
91689;Wissous;421
91691;Yerres;571
91692;Les Ulis;759
92002;Antony;1556
92004;Asnières-sur-Seine;2983
92007;Bagneux;821
92009;Bois-Colombes;772
92012;Boulogne-Billancourt;6773
92014;Bourg-la-Reine;560
92019;Châtenay-Malabry;588
92020;Châtillon;778
92022;Chaville;432
92023;Clamart;1424
92024;Clichy;2613
92025;Colombes;2183
92026;Courbevoie;3698
92032;Fontenay-aux-Roses;403
92033;Garches;494
92035;La Garenne-Colombes;998
92036;Gennevilliers;1821
92040;Issy-les-Moulineaux;2589
92044;Levallois-Perret;3974
92046;Malakoff;931
92047;Marnes-la-Coquette;60
92048;Meudon;1193
92049;Montrouge;1649
92050;Nanterre;3285
92051;Neuilly-sur-Seine;4941
92060;Le Plessis-Robinson;522
92062;Puteaux;2976
92063;Rueil-Malmaison;2597
92064;Saint-Cloud;1132
92071;Sceaux;532
92072;Sèvres;698
92073;Suresnes;1652
92075;Vanves;642
92076;Vaucresson;272
92077;Ville-d'Avray;222
92078;Villeneuve-la-Garenne;782
93001;Aubervilliers;3835
93005;Aulnay-sous-Bois;2713
93006;Bagnolet;1196
93007;Le Blanc-Mesnil;1368
93008;Bobigny;1820
93010;Bondy;1171
93013;Le Bourget;604
93014;Clichy-sous-Bois;537
93015;Coubron;108
93027;La Courneuve;1507
93029;Drancy;2250
93030;Dugny;161
93031;Épinay-sur-Seine;1247
93032;Gagny;848
93033;Gournay-sur-Marne;179
93039;L'Île-Saint-Denis;221
93045;Les Lilas;865
93046;Livry-Gargan;1168
93047;Montfermeil;813
93048;Montreuil;4861
93049;Neuilly-Plaisance;540
93050;Neuilly-sur-Marne;858
93051;Noisy-le-Grand;1945
93053;Noisy-le-Sec;1261
93055;Pantin;2545
93057;Les Pavillons-sous-Bois;891
93061;Le Pré-Saint-Gervais;489
93062;Le Raincy;788
93063;Romainville;776
93064;Rosny-sous-Bois;1511
93066;Saint-Denis;4912
93070;Saint-Ouen-sur-Seine;2239
93071;Sevran;898
93072;Stains;921
93073;Tremblay-en-France;1752
93074;Vaujours;206
93077;Villemomble;843
93078;Villepinte;1177
93079;Villetaneuse;276
94001;Ablon-sur-Seine;118
94002;Alfortville;1350
94003;Arcueil;718
94004;Boissy-Saint-Léger;547
94011;Bonneuil-sur-Marne;639
94015;Bry-sur-Marne;481
94016;Cachan;649
94017;Champigny-sur-Marne;1932
94018;Charenton-le-Pont;1150
94019;Chennevières-sur-Marne;630
94021;Chevilly-Larue;895
94022;Choisy-le-Roi;1201
94028;Créteil;2503
94033;Fontenay-sous-Bois;1514
94034;Fresnes;591
94037;Gentilly;488
94038;L'Haÿ-les-Roses;546
94041;Ivry-sur-Seine;2292
94042;Joinville-le-Pont;556
94043;Le Kremlin-Bicêtre;744
94044;Limeil-Brévannes;491
94046;Maisons-Alfort;1429
94047;Mandres-les-Roses;180
94048;Marolles-en-Brie;130
94052;Nogent-sur-Marne;1094
94053;Noiseau;125
94054;Orly;768
94055;Ormesson-sur-Marne;329
94056;Périgny;70
94058;Le Perreux-sur-Marne;864
94059;Le Plessis-Trévise;498
94060;La Queue-en-Brie;238
94065;Rungis;835
94067;Saint-Mandé;1033
94068;Saint-Maur-des-Fossés;3159
94069;Saint-Maurice;457
94070;Santeny;170
94071;Sucy-en-Brie;656
94073;Thiais;977
94074;Valenton;385
94075;Villecresnes;289
94076;Villejuif;1217
94077;Villeneuve-le-Roi;641
94078;Villeneuve-Saint-Georges;833
94079;Villiers-sur-Marne;660
94080;Vincennes;2307
94081;Vitry-sur-Seine;2137
95002;Ableiges;28
95008;Aincourt;18
95011;Ambleville;17
95012;Amenucourt;3
95014;Andilly;100
95018;Argenteuil;3126
95019;Arnouville;537
95023;Arronville;16
95024;Arthies;7
95026;Asnières-sur-Oise;70
95028;Attainville;36
95039;Auvers-sur-Oise;161
95040;Avernes;16
95042;Baillet-en-France;84
95046;Banthelu;6
95051;Beauchamp;342
95052;Beaumont-sur-Oise;238
95054;Le Bellay-en-Vexin;3
95055;Bellefontaine;12
95056;Belloy-en-France;90
95058;Bernes-sur-Oise;70
95059;Berville;15
95060;Bessancourt;149
95061;Béthemont-la-Forêt;9
95063;Bezons;923
95074;Boisemont;26
95078;Boissy-l'Aillerie;119
95088;Bonneuil-en-France;79
95091;Bouffémont;99
95094;Bouqueval;10
95101;Bray-et-Lû;26
95102;Bréançon;5
95110;Brignancourt;9
95116;Bruyères-sur-Oise;79
95119;Buhy;7
95120;Butry-sur-Oise;34
95127;Cergy;2079
95134;Champagne-sur-Oise;120
95139;La Chapelle-en-Vexin;6
95141;Charmont;4
95142;Chars;43
95144;Châtenay-en-France;3
95149;Chaumontel;95
95150;Chaussy;19
95151;Chauvry;10
95154;Chennevières-lès-Louvres;17
95157;Chérence;4
95166;Cléry-en-Vexin;7
95169;Commeny;15
95170;Condécourt;14
95176;Cormeilles-en-Parisis;663
95177;Cormeilles-en-Vexin;38
95181;Courcelles-sur-Viosne;8
95183;Courdimanche;96
95197;Deuil-la-Barre;542
95199;Domont;566
95203;Eaubonne;671
95205;Écouen;142
95210;Enghien-les-Bains;696
95211;Ennery;243
95212;Épiais-lès-Louvres;8
95213;Épiais-Rhus;14
95214;Épinay-Champlâtreux;6
95218;Éragny;462
95219;Ermont;616
95229;Ézanville;202
95241;Fontenay-en-Parisis;72
95250;Fosses;195
95252;Franconville;820
95253;Frémainville;9
95254;Frémécourt;19
95256;Frépillon;155
95257;La Frette-sur-Seine;79
95258;Frouville;11
95268;Garges-lès-Gonesse;937
95270;Genainville;17
95271;Génicourt;29
95277;Gonesse;1056
95280;Goussainville;999
95287;Grisy-les-Plâtres;18
95288;Groslay;296
95295;Guiry-en-Vexin;3
95298;Haravilliers;18
95301;Haute-Isle;2
95303;Le Heaulme;6
95304;Hédouville;10
95306;Herblay-sur-Seine;872
95308;Hérouville-en-Vexin;22
95309;Hodent;11
95313;L'Isle-Adam;591
95316;Jagny-sous-Bois;5
95323;Jouy-le-Moutier;269
95328;Labbeville;12
95331;Lassy;5
95341;Livilliers;13
95348;Longuesse;9
95351;Louvres;294
95352;Luzarches;116
95353;Maffliers;35
95355;Magny-en-Vexin;240
95365;Mareil-en-France;17
95369;Margency;40
95370;Marines;166
95371;Marly-la-Ville;124
95379;Maudétour-en-Vexin;4
95387;Menouville;2
95388;Menucourt;59
95392;Mériel;93
95394;Méry-sur-Oise;269
95395;Le Mesnil-Aubry;37
95409;Moisselles;98
95422;Montgeroult;6
95424;Montigny-lès-Cormeilles;452
95426;Montlignon;79
95427;Montmagny;323
95428;Montmorency;509
95429;Montreuil-sur-Epte;16
95430;Montsoult;118
95436;Mours;23
95438;Moussy;3
95445;Nerville-la-Forêt;15
95446;Nesles-la-Vallée;56
95447;Neuilly-en-Vexin;7
95450;Neuville-sur-Oise;67
95452;Nointel;8
95456;Noisy-sur-Oise;12
95459;Nucourt;21
95462;Omerville;10
95476;Osny;574
95480;Parmain;78
95483;Le Perchay;11
95487;Persan;334
95488;Pierrelaye;363
95489;Piscop;51
95491;Le Plessis-Bouchard;219
95492;Le Plessis-Gassot;8
95493;Le Plessis-Luzarches;5
95500;Pontoise;1129
95504;Presles;89
95509;Puiseux-en-France;39
95510;Puiseux-Pontoise;74
95523;La Roche-Guyon;21
95527;Roissy-en-France;768
95529;Ronquerolles;17
95535;Sagy;23
95539;Saint-Brice-sous-Forêt;432
95541;Saint-Clair-sur-Epte;15
95543;Saint-Cyr-en-Arthies;5
95554;Saint-Gervais;19
95555;Saint-Gratien;509
95563;Saint-Leu-la-Forêt;424
95566;Saint-Martin-du-Tertre;32
95572;Saint-Ouen-l'Aumône;1312
95574;Saint-Prix;145
95580;Saint-Witz;105
95582;Sannois;702
95584;Santeuil;16
95585;Sarcelles;1852
95592;Seraincourt;42
95594;Seugy;15
95598;Soisy-sous-Montmorency;375
95604;Survilliers;73
95607;Taverny;741
95610;Théméricourt;10
95611;Theuville;3
95612;Le Thillay;278
95625;Us;31
95627;Vallangoujard;17
95628;Valmondois;34
95633;Vaudherland;14
95637;Vauréal;243
95641;Vémars;62
95651;Vétheuil;23
95652;Viarmes;148
95656;Vienne-en-Arthies;12
95658;Vigny;85
95660;Villaines-sous-Bois;29
95675;Villeron;58
95676;Villers-en-Arthies;13
95678;Villiers-Adam;26
95680;Villiers-le-Bel;638
95682;Villiers-le-Sec;9
95690;Wy-dit-Joli-Village;11
97101;Les Abymes;1970
97102;Anse-Bertrand;96
97103;Baie-Mahault;3558
97104;Baillif;139
97105;Basse-Terre;627
97106;Bouillante;181
97107;Capesterre-Belle-Eau;468
97108;Capesterre-de-Marie-Galante;70
97109;Gourbeyre;153
97110;La Désirade;77
97111;Deshaies;139
97112;Grand-Bourg;248
97113;Le Gosier;791
97114;Goyave;136
97115;Lamentin;339
97116;Morne-à-l'Eau;315
97117;Le Moule;607
97118;Petit-Bourg;663
97119;Petit-Canal;213
97120;Pointe-à-Pitre;1172
97121;Pointe-Noire;137
97122;Port-Louis;102
97124;Saint-Claude;156
97125;Saint-François;737
97126;Saint-Louis;60
97128;Sainte-Anne;540
97129;Sainte-Rose;445
97130;Terre-de-Bas;29
97131;Terre-de-Haut;103
97132;Trois-Rivières;156
97133;Vieux-Fort;21
97134;Vieux-Habitants;134
97201;L'Ajoupa-Bouillon;29
97202;Les Anses-d'Arlet;88
97203;Basse-Pointe;90
97204;Le Carbet;104
97205;Case-Pilote;106
97206;Le Diamant;163
97207;Ducos;872
97208;Fonds-Saint-Denis;16
97209;Fort-de-France;3629
97210;Le François;485
97211;Grand'Rivière;11
97212;Gros-Morne;175
97213;Le Lamentin;2542
97214;Le Lorrain;209
97215;Macouba;22
97216;Le Marigot;67
97217;Le Marin;373
97218;Le Morne-Rouge;106
97219;Le Prêcheur;28
97220;Rivière-Pilote;212
97221;Rivière-Salée;428
97222;Le Robert;583
97223;Saint-Esprit;168
97224;Saint-Joseph;290
97225;Saint-Pierre;150
97226;Sainte-Anne;134
97227;Sainte-Luce;295
97228;Sainte-Marie;303
97229;Schœlcher;562
97230;La Trinité;354
97231;Les Trois-Îlets;347
97232;Le Vauclin;197
97233;Le Morne-Vert;45
97234;Bellefontaine;34
97301;Régina;14
97302;Cayenne;2661
97303;Iracoubo;25
97304;Kourou;721
97305;Macouria;340
97306;Mana;78
97307;Matoury;879
97308;Saint-Georges;58
97309;Remire-Montjoly;1047
97310;Roura;57
97311;Saint-Laurent-du-Maroni;611
97312;Sinnamary;57
97313;Montsinéry-Tonnegrande;48
97314;Ouanary;3
97352;Saül;6
97353;Maripasoula;36
97356;Camopi;11
97357;Grand-Santi;14
97358;Saint-Élie;6
97360;Apatou;24
97361;Awala-Yalimapo;8
97362;Papaichton;12
97401;Les Avirons;239
97402;Bras-Panon;347
97403;Entre-Deux;149
97404;L'Étang-Salé;634
97405;Petite-Île;308
97406;La Plaine-des-Palmistes;143
97407;Le Port;1594
97408;La Possession;912
97409;Saint-André;1767
97410;Saint-Benoît;995
97411;Saint-Denis;5685
97412;Saint-Joseph;976
97413;Saint-Leu;1205
97414;Saint-Louis;1476
97415;Saint-Paul;3889
97416;Saint-Pierre;3834
97417;Saint-Philippe;131
97418;Sainte-Marie;1308
97419;Sainte-Rose;160
97420;Sainte-Suzanne;624
97421;Salazie;219
97422;Le Tampon;2192
97423;Les Trois-Bassins;148
97424;Cilaos;128
97601;Acoua;34
97602;Bandraboua;100
97603;Bandrele;76
97604;Bouéni;76
97605;Chiconi;63
97606;Chirongui;101
97607;Dembeni;108
97608;Dzaoudzi;173
97609;Kani-Kéli;35
97610;Koungou;273
97611;Mamoudzou;1505
97612;Mtsamboro;90
97613;M'Tsangamouji;40
97614;Ouangani;95
97615;Pamandzi;116
97616;Sada;128
97617;Tsingoni;209