{
  "type": "FeatureCollection",
  "generator": "overpass-turbo",
  "copyright": "The data included in this document is from www.openstreetmap.org. The data is made available under ODbL.",
  "timestamp": "2026-05-06T09:16:00Z",
  "features": [
    {
      "type": "Feature",
      "properties": {
        "@id": "node/633529142",
        "amenity": "waste_basket"
      },
      "geometry": {
        "type": "Point",
        "coordinates": [
          2.3410227,
          48.9106646
        ]
      },
      "id": "node/633529142"
    },
    {
      "type": "Feature",
      "properties": {
        "@id": "node/1249907284",
        "amenity": "waste_basket",
        "level": "-1"
      },
      "geometry": {
        "type": "Point",
        "coordinates": [
          2.4004151,
          48.8979463
        ]
      },
      "id": "node/1249907284"
    },
    {
      "type": "Feature",
      "properties": {
        "@id": "node/1422426970",
        "amenity": "waste_basket"
      },
      "geometry": {
        "type": "Point",
        "coordinates": [
          2.5149224,
          48.957943
        ]
      },
      "id": "node/1422426970"
    },
    {
      "type": "Feature",
      "properties": {
        "@id": "node/1763950623",
        "amenity": "waste_basket",
        "source": "cadastre-dgi-fr source : Direction Générale des Impôts - Cadastre. Mise à jour : 2012"
      },
      "geometry": {
        "type": "Point",
        "coordinates": [
          2.5250292,
          48.8781691
        ]
      },
      "id": "node/1763950623"
    },
    {
      "type": "Feature",
      "properties": {
        "@id": "node/1763950638",
        "amenity": "waste_basket",
        "check_date": "2024-05-10",
        "source": "cadastre-dgi-fr source : Direction Générale des Impôts - Cadastre. Mise à jour : 2012"
      },
      "geometry": {
        "type": "Point",
        "coordinates": [
          2.5226809,
          48.8820582
        ]
      },
      "id": "node/1763950638"
    },
    {
      "type": "Feature",
      "properties": {
        "@id": "node/1763955368",
        "amenity": "waste_basket",
        "check_date": "2023-04-03",
        "clothes": "yes",
        "source": "cadastre-dgi-fr source : Direction Générale des Impôts - Cadastre. Mise à jour : 2012"
      },
      "geometry": {
        "type": "Point",
        "coordinates": [
          2.5106551,
          48.88982
        ]
      },
      "id": "node/1763955368"
    },
    {
      "type": "Feature",
      "properties": {
        "@id": "node/1792383165",
        "amenity": "waste_basket"
      },
      "geometry": {
        "type": "Point",
        "coordinates": [
          2.3719448,
          48.9243975
        ]
      },
      "id": "node/1792383165"
    },
    {
      "type": "Feature",
      "properties": {
        "@id": "node/1792383199",
        "amenity": "waste_basket"
      },
      "geometry": {
        "type": "Point",
        "coordinates": [
          2.3725669,
          48.9246318
        ]
      },
      "id": "node/1792383199"
    },
    {
      "type": "Feature",
      "properties": {
        "@id": "node/1792383211",
        "amenity": "waste_basket"
      },
      "geometry": {
        "type": "Point",
        "coordinates": [
          2.372992,
          48.9248198
        ]
      },
      "id": "node/1792383211"
    },
    {
      "type": "Feature",
      "properties": {
        "@id": "node/1792383220",
        "amenity": "waste_basket"
      },
      "geometry": {
        "type": "Point",
        "coordinates": [
          2.3715757,
          48.9248594
        ]
      },
      "id": "node/1792383220"
    },
    {
      "type": "Feature",
      "properties": {
        "@id": "node/1792383256",
        "amenity": "waste_basket"
      },
      "geometry": {
        "type": "Point",
        "coordinates": [
          2.372424,
          48.9251653
        ]
      },
      "id": "node/1792383256"
    },
    {
      "type": "Feature",
      "properties": {
        "@id": "node/1792383887",
        "amenity": "waste_basket"
      },
      "geometry": {
        "type": "Point",
        "coordinates": [
          2.3734844,
          48.9260451
        ]
      },
      "id": "node/1792383887"
    },
    {
      "type": "Feature",
      "properties": {
        "@id": "node/1792383904",
        "amenity": "waste_basket"
      },
      "geometry": {
        "type": "Point",
        "coordinates": [
          2.3718287,
          48.9272198
        ]
      },
      "id": "node/1792383904"
    },
    {
      "type": "Feature",
      "properties": {
        "@id": "node/1923481523",
        "amenity": "waste_basket"
      },
      "geometry": {
        "type": "Point",
        "coordinates": [
          2.3615088,
          48.9468087
        ]
      },
      "id": "node/1923481523"
    },
    {
      "type": "Feature",
      "properties": {
        "@id": "node/1924964663",
        "amenity": "waste_basket"
      },
      "geometry": {
        "type": "Point",
        "coordinates": [
          2.3654621,
          48.9436734
        ]
      },
      "id": "node/1924964663"
    },
    {
      "type": "Feature",
      "properties": {
        "@id": "node/1996824662",
        "amenity": "waste_basket",
        "source": "cadastre-dgi-fr source : Direction Générale des Impôts - Cadastre. Mise à jour : 2012"
      },
      "geometry": {
        "type": "Point",
        "coordinates": [
          2.5250272,
          48.8796853
        ]
      },
      "id": "node/1996824662"
    },
    {
      "type": "Feature",
      "properties": {
        "@id": "node/1999250007",
        "amenity": "waste_basket",
        "source": "cadastre-dgi-fr source : Direction Générale des Impôts - Cadastre. Mise à jour : 2012"
      },
      "geometry": {
        "type": "Point",
        "coordinates": [
          2.5019995,
          48.8846997
        ]
      },
      "id": "node/1999250007"
    },
    {
      "type": "Feature",
      "properties": {
        "@id": "node/1999263312",
        "amenity": "waste_basket",
        "source": "cadastre-dgi-fr source : Direction Générale des Impôts - Cadastre. Mise à jour : 2012"
      },
      "geometry": {
        "type": "Point",
        "coordinates": [
          2.5006196,
          48.8885987
        ]
      },
      "id": "node/1999263312"
    },
    {
      "type": "Feature",
      "properties": {
        "@id": "node/1999289966",
        "amenity": "waste_basket"
      },
      "geometry": {
        "type": "Point",
        "coordinates": [
          2.5047508,
          48.8876794
        ]
      },
      "id": "node/1999289966"
    },
    {
      "type": "Feature",
      "properties": {
        "@id": "node/1999302867",
        "amenity": "waste_basket",
        "source": "cadastre-dgi-fr source : Direction Générale des Impôts - Cadastre. Mise à jour : 2012"
      },
      "geometry": {
        "type": "Point",
        "coordinates": [
          2.504598,
          48.8872982
        ]
      },
      "id": "node/1999302867"
    },
    {
      "type": "Feature",
      "properties": {
        "@id": "node/1999306383",
        "amenity": "waste_basket",
        "source": "cadastre-dgi-fr source : Direction Générale des Impôts - Cadastre. Mise à jour : 2012"
      },
      "geometry": {
        "type": "Point",
        "coordinates": [
          2.5050797,
          48.8875035
        ]
      },
      "id": "node/1999306383"
    },
    {
      "type": "Feature",
      "properties": {
        "@id": "node/2000180451",
        "amenity": "waste_basket",
        "source": "cadastre-dgi-fr source : Direction Générale des Impôts - Cadastre. Mise à jour : 2012"
      },
      "geometry": {
        "type": "Point",
        "coordinates": [
          2.4957795,
          48.889119
        ]
      },
      "id": "node/2000180451"
    },
    {
      "type": "Feature",
      "properties": {
        "@id": "node/2000194155",
        "amenity": "waste_basket",
        "source": "cadastre-dgi-fr source : Direction Générale des Impôts - Cadastre. Mise à jour : 2012"
      },
      "geometry": {
        "type": "Point",
        "coordinates": [
          2.5107548,
          48.8797466
        ]
      },
      "id": "node/2000194155"
    },
    {
      "type": "Feature",
      "properties": {
        "@id": "node/2000200389",
        "amenity": "waste_basket",
        "source": "cadastre-dgi-fr source : Direction Générale des Impôts - Cadastre. Mise à jour : 2012"
      },
      "geometry": {
        "type": "Point",
        "coordinates": [
          2.5055369,
          48.8960575
        ]
      },
      "id": "node/2000200389"
    },
    {
      "type": "Feature",
      "properties": {
        "@id": "node/2000212096",
        "amenity": "waste_basket",
        "source": "cadastre-dgi-fr source : Direction Générale des Impôts - Cadastre. Mise à jour : 2012"
      },
      "geometry": {
        "type": "Point",
        "coordinates": [
          2.4983978,
          48.8928847
        ]
      },
      "id": "node/2000212096"
    },
    {
      "type": "Feature",
      "properties": {
        "@id": "node/2000233681",
        "amenity": "waste_basket",
        "check_date": "2023-03-30",
        "source": "cadastre-dgi-fr source : Direction Générale des Impôts - Cadastre. Mise à jour : 2012"
      },
      "geometry": {
        "type": "Point",
        "coordinates": [
          2.5062674,
          48.8916683
        ]
      },
      "id": "node/2000233681"
    },
    {
      "type": "Feature",
      "properties": {
        "@id": "node/2000465424",
        "amenity": "waste_basket",
        "source": "cadastre-dgi-fr source : Direction Générale des Impôts - Cadastre. Mise à jour : 2012"
      },
      "geometry": {
        "type": "Point",
        "coordinates": [
          2.497856,
          48.8834056
        ]
      },
      "id": "node/2000465424"
    },
    {
      "type": "Feature",
      "properties": {
        "@id": "node/2000482544",
        "amenity": "waste_basket",
        "check_date": "2023-04-08",
        "source": "cadastre-dgi-fr source : Direction Générale des Impôts - Cadastre. Mise à jour : 2012"
      },
      "geometry": {
        "type": "Point",
        "coordinates": [
          2.5213141,
          48.8818515
        ]
      },
      "id": "node/2000482544"
    },
    {
      "type": "Feature",
      "properties": {
        "@id": "node/2000482545",
        "amenity": "waste_basket",
        "check_date": "2023-04-08",
        "source": "cadastre-dgi-fr source : Direction Générale des Impôts - Cadastre. Mise à jour : 2012"
      },
      "geometry": {
        "type": "Point",
        "coordinates": [
          2.5212016,
          48.8819478
        ]
      },
      "id": "node/2000482545"
    },
    {
      "type": "Feature",
      "properties": {
        "@id": "node/2000559965",
        "amenity": "waste_basket",
        "check_date": "2023-04-12",
        "source": "cadastre-dgi-fr source : Direction Générale des Impôts - Cadastre. Mise à jour : 2012"
      },
      "geometry": {
        "type": "Point",
        "coordinates": [
          2.5245994,
          48.8823985
        ]
      },
      "id": "node/2000559965"
    },
    {
      "type": "Feature",
      "properties": {
        "@id": "node/2000562745",
        "amenity": "waste_basket",
        "check_date": "2023-04-12",
        "source": "cadastre-dgi-fr source : Direction Générale des Impôts - Cadastre. Mise à jour : 2012"
      },
      "geometry": {
        "type": "Point",
        "coordinates": [
          2.5257388,
          48.8826568
        ]
      },
      "id": "node/2000562745"
    },
    {
      "type": "Feature",
      "properties": {
        "@id": "node/2000568423",
        "amenity": "waste_basket",
        "check_date": "2023-04-12",
        "source": "cadastre-dgi-fr source : Direction Générale des Impôts - Cadastre. Mise à jour : 2012"
      },
      "geometry": {
        "type": "Point",
        "coordinates": [
          2.5253002,
          48.882655
        ]
      },
      "id": "node/2000568423"
    },
    {
      "type": "Feature",
      "properties": {
        "@id": "node/2001542473",
        "amenity": "waste_basket",
        "source": "cadastre-dgi-fr source : Direction Générale des Impôts - Cadastre. Mise à jour : 2012"
      },
      "geometry": {
        "type": "Point",
        "coordinates": [
          2.5157502,
          48.8777215
        ]
      },
      "id": "node/2001542473"
    },
    {
      "type": "Feature",
      "properties": {
        "@id": "node/2001550921",
        "amenity": "waste_basket",
        "source": "cadastre-dgi-fr source : Direction Générale des Impôts - Cadastre. Mise à jour : 2012"
      },
      "geometry": {
        "type": "Point",
        "coordinates": [
          2.5294056,
          48.8740213
        ]
      },
      "id": "node/2001550921"
    },
    {
      "type": "Feature",
      "properties": {
        "@id": "node/2001556709",
        "amenity": "waste_basket",
        "source": "cadastre-dgi-fr source : Direction Générale des Impôts - Cadastre. Mise à jour : 2012"
      },
      "geometry": {
        "type": "Point",
        "coordinates": [
          2.5256168,
          48.8763881
        ]
      },
      "id": "node/2001556709"
    },
    {
      "type": "Feature",
      "properties": {
        "@id": "node/2001583458",
        "amenity": "waste_basket",
        "source": "cadastre-dgi-fr source : Direction Générale des Impôts - Cadastre. Mise à jour : 2012"
      },
      "geometry": {
        "type": "Point",
        "coordinates": [
          2.514616,
          48.8827566
        ]
      },
      "id": "node/2001583458"
    },
    {
      "type": "Feature",
      "properties": {
        "@id": "node/2001585123",
        "amenity": "waste_basket",
        "check_date": "2024-05-09",
        "source": "cadastre-dgi-fr source : Direction Générale des Impôts - Cadastre. Mise à jour : 2012"
      },
      "geometry": {
        "type": "Point",
        "coordinates": [
          2.515169,
          48.8828177
        ]
      },
      "id": "node/2001585123"
    },
    {
      "type": "Feature",
      "properties": {
        "@id": "node/2001787542",
        "amenity": "waste_basket",
        "source": "cadastre-dgi-fr source : Direction Générale des Impôts - Cadastre. Mise à jour : 2012"
      },
      "geometry": {
        "type": "Point",
        "coordinates": [
          2.5249979,
          48.8820971
        ]
      },
      "id": "node/2001787542"
    },
    {
      "type": "Feature",
      "properties": {
        "@id": "node/2006212407",
        "amenity": "waste_basket",
        "source": "cadastre-dgi-fr source : Direction Générale des Impôts - Cadastre. Mise à jour : 2012"
      },
      "geometry": {
        "type": "Point",
        "coordinates": [
          2.5104457,
          48.8839042
        ]
      },
      "id": "node/2006212407"
    },
    {
      "type": "Feature",
      "properties": {
        "@id": "node/2006212408",
        "amenity": "waste_basket",
        "source": "cadastre-dgi-fr source : Direction Générale des Impôts - Cadastre. Mise à jour : 2012"
      },
      "geometry": {
        "type": "Point",
        "coordinates": [
          2.5103705,
          48.8839091
        ]
      },
      "id": "node/2006212408"
    },
    {
      "type": "Feature",
      "properties": {
        "@id": "node/2007772516",
        "amenity": "waste_basket",
        "source": "cadastre-dgi-fr source : Direction Générale des Impôts - Cadastre. Mise à jour : 2012"
      },
      "geometry": {
        "type": "Point",
        "coordinates": [
          2.5120326,
          48.8856305
        ]
      },
      "id": "node/2007772516"
    },
    {
      "type": "Feature",
      "properties": {
        "@id": "node/2008372354",
        "amenity": "waste_basket",
        "source": "cadastre-dgi-fr source : Direction Générale des Impôts - Cadastre. Mise à jour : 2012"
      },
      "geometry": {
        "type": "Point",
        "coordinates": [
          2.4987666,
          48.8829047
        ]
      },
      "id": "node/2008372354"
    },
    {
      "type": "Feature",
      "properties": {
        "@id": "node/2008398036",
        "amenity": "waste_basket",
        "source": "cadastre-dgi-fr source : Direction Générale des Impôts - Cadastre. Mise à jour : 2012"
      },
      "geometry": {
        "type": "Point",
        "coordinates": [
          2.5076097,
          48.8844765
        ]
      },
      "id": "node/2008398036"
    },
    {
      "type": "Feature",
      "properties": {
        "@id": "node/2008419867",
        "amenity": "waste_basket",
        "source": "cadastre-dgi-fr source : Direction Générale des Impôts - Cadastre. Mise à jour : 2012"
      },
      "geometry": {
        "type": "Point",
        "coordinates": [
          2.5108484,
          48.8839629
        ]
      },
      "id": "node/2008419867"
    },
    {
      "type": "Feature",
      "properties": {
        "@id": "node/2008419871",
        "amenity": "waste_basket",
        "source": "cadastre-dgi-fr source : Direction Générale des Impôts - Cadastre. Mise à jour : 2012"
      },
      "geometry": {
        "type": "Point",
        "coordinates": [
          2.5105374,
          48.8840951
        ]
      },
      "id": "node/2008419871"
    },
    {
      "type": "Feature",
      "properties": {
        "@id": "node/2051793591",
        "amenity": "waste_basket"
      },
      "geometry": {
        "type": "Point",
        "coordinates": [
          2.5405855,
          48.939916
        ]
      },
      "id": "node/2051793591"
    },
    {
      "type": "Feature",
      "properties": {
        "@id": "node/2266760997",
        "amenity": "waste_basket"
      },
      "geometry": {
        "type": "Point",
        "coordinates": [
          2.4417692,
          48.862051
        ]
      },
      "id": "node/2266760997"
    },
    {
      "type": "Feature",
      "properties": {
        "@id": "node/2266769030",
        "amenity": "waste_basket",
        "check_date": "2023-04-19"
      },
      "geometry": {
        "type": "Point",
        "coordinates": [
          2.4553445,
          48.8621636
        ]
      },
      "id": "node/2266769030"
    },
    {
      "type": "Feature",
      "properties": {
        "@id": "node/2266769042",
        "amenity": "waste_basket"
      },
      "geometry": {
        "type": "Point",
        "coordinates": [
          2.4562994,
          48.8624618
        ]
      },
      "id": "node/2266769042"
    },
    {
      "type": "Feature",
      "properties": {
        "@id": "node/2711584479",
        "amenity": "waste_basket"
      },
      "geometry": {
        "type": "Point",
        "coordinates": [
          2.4241142,
          48.930627
        ]
      },
      "id": "node/2711584479"
    },
    {
      "type": "Feature",
      "properties": {
        "@id": "node/2711584536",
        "amenity": "waste_basket",
        "check_date": "2021-05-10"
      },
      "geometry": {
        "type": "Point",
        "coordinates": [
          2.425895,
          48.9307597
        ]
      },
      "id": "node/2711584536"
    },
    {
      "type": "Feature",
      "properties": {
        "@id": "node/2725621021",
        "amenity": "waste_basket",
        "level": "2"
      },
      "geometry": {
        "type": "Point",
        "coordinates": [
          2.3852533,
          48.9240195
        ]
      },
      "id": "node/2725621021"
    },
    {
      "type": "Feature",
      "properties": {
        "@id": "node/2725621039",
        "amenity": "waste_basket",
        "level": "2"
      },
      "geometry": {
        "type": "Point",
        "coordinates": [
          2.3855125,
          48.9240779
        ]
      },
      "id": "node/2725621039"
    },
    {
      "type": "Feature",
      "properties": {
        "@id": "node/2725621057",
        "amenity": "waste_basket",
        "level": "2"
      },
      "geometry": {
        "type": "Point",
        "coordinates": [
          2.3849204,
          48.9240996
        ]
      },
      "id": "node/2725621057"
    },
    {
      "type": "Feature",
      "properties": {
        "@id": "node/2725621061",
        "amenity": "waste_basket",
        "level": "2"
      },
      "geometry": {
        "type": "Point",
        "coordinates": [
          2.3849851,
          48.9241026
        ]
      },
      "id": "node/2725621061"
    },
    {
      "type": "Feature",
      "properties": {
        "@id": "node/2725621109",
        "amenity": "waste_basket",
        "level": "2"
      },
      "geometry": {
        "type": "Point",
        "coordinates": [
          2.3853363,
          48.9241512
        ]
      },
      "id": "node/2725621109"
    },
    {
      "type": "Feature",
      "properties": {
        "@id": "node/2725621114",
        "amenity": "waste_basket",
        "level": "2"
      },
      "geometry": {
        "type": "Point",
        "coordinates": [
          2.3852392,
          48.9241542
        ]
      },
      "id": "node/2725621114"
    },
    {
      "type": "Feature",
      "properties": {
        "@id": "node/2725655906",
        "amenity": "waste_basket",
        "level": "2"
      },
      "geometry": {
        "type": "Point",
        "coordinates": [
          2.3869579,
          48.9243121
        ]
      },
      "id": "node/2725655906"
    },
    {
      "type": "Feature",
      "properties": {
        "@id": "node/2725655909",
        "amenity": "waste_basket",
        "level": "2"
      },
      "geometry": {
        "type": "Point",
        "coordinates": [
          2.3870734,
          48.9243303
        ]
      },
      "id": "node/2725655909"
    },
    {
      "type": "Feature",
      "properties": {
        "@id": "node/2725655911",
        "amenity": "waste_basket",
        "level": "2"
      },
      "geometry": {
        "type": "Point",
        "coordinates": [
          2.3863435,
          48.9243364
        ]
      },
      "id": "node/2725655911"
    },
    {
      "type": "Feature",
      "properties": {
        "@id": "node/2725655921",
        "amenity": "waste_basket",
        "level": "2"
      },
      "geometry": {
        "type": "Point",
        "coordinates": [
          2.3864035,
          48.9243515
        ]
      },
      "id": "node/2725655921"
    },
    {
      "type": "Feature",
      "properties": {
        "@id": "node/2725655933",
        "amenity": "waste_basket",
        "level": "2"
      },
      "geometry": {
        "type": "Point",
        "coordinates": [
          2.3868563,
          48.9244274
        ]
      },
      "id": "node/2725655933"
    },
    {
      "type": "Feature",
      "properties": {
        "@id": "node/2725655935",
        "amenity": "waste_basket",
        "level": "2"
      },
      "geometry": {
        "type": "Point",
        "coordinates": [
          2.3870088,
          48.9244487
        ]
      },
      "id": "node/2725655935"
    },
    {
      "type": "Feature",
      "properties": {
        "@id": "node/2779015937",
        "amenity": "waste_basket"
      },
      "geometry": {
        "type": "Point",
        "coordinates": [
          2.5150012,
          48.9160235
        ]
      },
      "id": "node/2779015937"
    },
    {
      "type": "Feature",
      "properties": {
        "@id": "node/2779015939",
        "amenity": "waste_basket"
      },
      "geometry": {
        "type": "Point",
        "coordinates": [
          2.5151552,
          48.9160342
        ]
      },
      "id": "node/2779015939"
    },
    {
      "type": "Feature",
      "properties": {
        "@id": "node/2779015942",
        "amenity": "waste_basket"
      },
      "geometry": {
        "type": "Point",
        "coordinates": [
          2.5149904,
          48.9160485
        ]
      },
      "id": "node/2779015942"
    },
    {
      "type": "Feature",
      "properties": {
        "@id": "node/2779015949",
        "amenity": "waste_basket"
      },
      "geometry": {
        "type": "Point",
        "coordinates": [
          2.5151501,
          48.91607
        ]
      },
      "id": "node/2779015949"
    },
    {
      "type": "Feature",
      "properties": {
        "@id": "node/2779015971",
        "amenity": "waste_basket"
      },
      "geometry": {
        "type": "Point",
        "coordinates": [
          2.5148888,
          48.9163565
        ]
      },
      "id": "node/2779015971"
    },
    {
      "type": "Feature",
      "properties": {
        "@id": "node/2779015973",
        "amenity": "waste_basket"
      },
      "geometry": {
        "type": "Point",
        "coordinates": [
          2.5150817,
          48.9162797
        ]
      },
      "id": "node/2779015973"
    },
    {
      "type": "Feature",
      "properties": {
        "@id": "node/2779266955",
        "amenity": "waste_basket"
      },
      "geometry": {
        "type": "Point",
        "coordinates": [
          2.5161132,
          48.9213831
        ]
      },
      "id": "node/2779266955"
    },
    {
      "type": "Feature",
      "properties": {
        "@id": "node/2779266972",
        "amenity": "waste_basket"
      },
      "geometry": {
        "type": "Point",
        "coordinates": [
          2.5164464,
          48.9218265
        ]
      },
      "id": "node/2779266972"
    },
    {
      "type": "Feature",
      "properties": {
        "@id": "node/2779266976",
        "amenity": "waste_basket",
        "check_date": "2023-11-25"
      },
      "geometry": {
        "type": "Point",
        "coordinates": [
          2.5164602,
          48.9218641
        ]
      },
      "id": "node/2779266976"
    },
    {
      "type": "Feature",
      "properties": {
        "@id": "node/2779266977",
        "amenity": "waste_basket",
        "check_date": "2023-11-27"
      },
      "geometry": {
        "type": "Point",
        "coordinates": [
          2.5163146,
          48.9218745
        ]
      },
      "id": "node/2779266977"
    },
    {
      "type": "Feature",
      "properties": {
        "@id": "node/2779266986",
        "amenity": "waste_basket",
        "check_date": "2023-11-27"
      },
      "geometry": {
        "type": "Point",
        "coordinates": [
          2.5163428,
          48.9219107
        ]
      },
      "id": "node/2779266986"
    },
    {
      "type": "Feature",
      "properties": {
        "@id": "node/2779267009",
        "amenity": "waste_basket",
        "check_date": "2024-03-25"
      },
      "geometry": {
        "type": "Point",
        "coordinates": [
          2.5166989,
          48.9221294
        ]
      },
      "id": "node/2779267009"
    },
    {
      "type": "Feature",
      "properties": {
        "@id": "node/2779267011",
        "amenity": "waste_basket"
      },
      "geometry": {
        "type": "Point",
        "coordinates": [
          2.5168322,
          48.9221441
        ]
      },
      "id": "node/2779267011"
    },
    {
      "type": "Feature",
      "properties": {
        "@id": "node/2779267016",
        "amenity": "waste_basket",
        "check_date": "2024-03-25"
      },
      "geometry": {
        "type": "Point",
        "coordinates": [
          2.5165679,
          48.922164
        ]
      },
      "id": "node/2779267016"
    },
    {
      "type": "Feature",
      "properties": {
        "@id": "node/2779311122",
        "amenity": "waste_basket"
      },
      "geometry": {
        "type": "Point",
        "coordinates": [
          2.5192167,
          48.9259592
        ]
      },
      "id": "node/2779311122"
    },
    {
      "type": "Feature",
      "properties": {
        "@id": "node/2779311162",
        "amenity": "waste_basket"
      },
      "geometry": {
        "type": "Point",
        "coordinates": [
          2.5192014,
          48.9265439
        ]
      },
      "id": "node/2779311162"
    },
    {
      "type": "Feature",
      "properties": {
        "@id": "node/2779311200",
        "amenity": "waste_basket"
      },
      "geometry": {
        "type": "Point",
        "coordinates": [
          2.5190203,
          48.9265956
        ]
      },
      "id": "node/2779311200"
    },
    {
      "type": "Feature",
      "properties": {
        "@id": "node/2779311204",
        "amenity": "waste_basket"
      },
      "geometry": {
        "type": "Point",
        "coordinates": [
          2.5191947,
          48.9265989
        ]
      },
      "id": "node/2779311204"
    },
    {
      "type": "Feature",
      "properties": {
        "@id": "node/2779381008",
        "amenity": "waste_basket"
      },
      "geometry": {
        "type": "Point",
        "coordinates": [
          2.5155713,
          48.9307779
        ]
      },
      "id": "node/2779381008"
    },
    {
      "type": "Feature",
      "properties": {
        "@id": "node/2779381014",
        "amenity": "waste_basket"
      },
      "geometry": {
        "type": "Point",
        "coordinates": [
          2.515214,
          48.9307968
        ]
      },
      "id": "node/2779381014"
    },
    {
      "type": "Feature",
      "properties": {
        "@id": "node/2779381054",
        "amenity": "waste_basket"
      },
      "geometry": {
        "type": "Point",
        "coordinates": [
          2.5153034,
          48.9308903
        ]
      },
      "id": "node/2779381054"
    },
    {
      "type": "Feature",
      "properties": {
        "@id": "node/2779381079",
        "amenity": "waste_basket"
      },
      "geometry": {
        "type": "Point",
        "coordinates": [
          2.5149521,
          48.9309067
        ]
      },
      "id": "node/2779381079"
    },
    {
      "type": "Feature",
      "properties": {
        "@id": "node/2779381102",
        "amenity": "waste_basket"
      },
      "geometry": {
        "type": "Point",
        "coordinates": [
          2.5148842,
          48.930938
        ]
      },
      "id": "node/2779381102"
    },
    {
      "type": "Feature",
      "properties": {
        "@id": "node/2779381135",
        "amenity": "waste_basket"
      },
      "geometry": {
        "type": "Point",
        "coordinates": [
          2.5150465,
          48.9309984
        ]
      },
      "id": "node/2779381135"
    },
    {
      "type": "Feature",
      "properties": {
        "@id": "node/2779381148",
        "amenity": "waste_basket"
      },
      "geometry": {
        "type": "Point",
        "coordinates": [
          2.5149618,
          48.9310239
        ]
      },
      "id": "node/2779381148"
    },
    {
      "type": "Feature",
      "properties": {
        "@id": "node/2779381168",
        "amenity": "waste_basket"
      },
      "geometry": {
        "type": "Point",
        "coordinates": [
          2.5142311,
          48.9310932
        ]
      },
      "id": "node/2779381168"
    },
    {
      "type": "Feature",
      "properties": {
        "@id": "node/2781166279",
        "amenity": "waste_basket"
      },
      "geometry": {
        "type": "Point",
        "coordinates": [
          2.5652024,
          48.9438381
        ]
      },
      "id": "node/2781166279"
    },
    {
      "type": "Feature",
      "properties": {
        "@id": "node/2781166284",
        "amenity": "waste_basket"
      },
      "geometry": {
        "type": "Point",
        "coordinates": [
          2.5648556,
          48.9438529
        ]
      },
      "id": "node/2781166284"
    },
    {
      "type": "Feature",
      "properties": {
        "@id": "node/2781166299",
        "amenity": "waste_basket"
      },
      "geometry": {
        "type": "Point",
        "coordinates": [
          2.5650822,
          48.9439184
        ]
      },
      "id": "node/2781166299"
    },
    {
      "type": "Feature",
      "properties": {
        "@id": "node/2781166304",
        "amenity": "waste_basket"
      },
      "geometry": {
        "type": "Point",
        "coordinates": [
          2.5657522,
          48.9439906
        ]
      },
      "id": "node/2781166304"
    },
    {
      "type": "Feature",
      "properties": {
        "@id": "node/2781166311",
        "amenity": "waste_basket"
      },
      "geometry": {
        "type": "Point",
        "coordinates": [
          2.5654336,
          48.944018
        ]
      },
      "id": "node/2781166311"
    },
    {
      "type": "Feature",
      "properties": {
        "@id": "node/2781166336",
        "amenity": "waste_basket"
      },
      "geometry": {
        "type": "Point",
        "coordinates": [
          2.5661269,
          48.9440963
        ]
      },
      "id": "node/2781166336"
    },
    {
      "type": "Feature",
      "properties": {
        "@id": "node/2781166353",
        "amenity": "waste_basket"
      },
      "geometry": {
        "type": "Point",
        "coordinates": [
          2.5658448,
          48.9441387
        ]
      },
      "id": "node/2781166353"
    },
    {
      "type": "Feature",
      "properties": {
        "@id": "node/2781166377",
        "amenity": "waste_basket"
      },
      "geometry": {
        "type": "Point",
        "coordinates": [
          2.5662883,
          48.9442543
        ]
      },
      "id": "node/2781166377"
    },
    {
      "type": "Feature",
      "properties": {
        "@id": "node/2781166384",
        "amenity": "waste_basket"
      },
      "geometry": {
        "type": "Point",
        "coordinates": [
          2.5668486,
          48.9442819
        ]
      },
      "id": "node/2781166384"
    },
    {
      "type": "Feature",
      "properties": {
        "@id": "node/2781166405",
        "amenity": "waste_basket"
      },
      "geometry": {
        "type": "Point",
        "coordinates": [
          2.5671668,
          48.9443679
        ]
      },
      "id": "node/2781166405"
    },
    {
      "type": "Feature",
      "properties": {
        "@id": "node/2781166409",
        "amenity": "waste_basket"
      },
      "geometry": {
        "type": "Point",
        "coordinates": [
          2.5666975,
          48.9443942
        ]
      },
      "id": "node/2781166409"
    },
    {
      "type": "Feature",
      "properties": {
        "@id": "node/2781166458",
        "amenity": "waste_basket"
      },
      "geometry": {
        "type": "Point",
        "coordinates": [
          2.5673713,
          48.9445584
        ]
      },
      "id": "node/2781166458"
    },
    {
      "type": "Feature",
      "properties": {
        "@id": "node/2781166504",
        "amenity": "waste_basket"
      },
      "geometry": {
        "type": "Point",
        "coordinates": [
          2.5664739,
          48.9446715
        ]
      },
      "id": "node/2781166504"
    },
    {
      "type": "Feature",
      "properties": {
        "@id": "node/2783190459",
        "amenity": "waste_basket",
        "level": "0"
      },
      "geometry": {
        "type": "Point",
        "coordinates": [
          2.5347728,
          48.9360173
        ]
      },
      "id": "node/2783190459"
    },
    {
      "type": "Feature",
      "properties": {
        "@id": "node/2783190499",
        "amenity": "waste_basket"
      },
      "geometry": {
        "type": "Point",
        "coordinates": [
          2.5339999,
          48.9360893
        ]
      },
      "id": "node/2783190499"
    },
    {
      "type": "Feature",
      "properties": {
        "@id": "node/2783190543",
        "amenity": "waste_basket"
      },
      "geometry": {
        "type": "Point",
        "coordinates": [
          2.5346008,
          48.9362326
        ]
      },
      "id": "node/2783190543"
    },
    {
      "type": "Feature",
      "properties": {
        "@id": "node/2783190560",
        "amenity": "waste_basket"
      },
      "geometry": {
        "type": "Point",
        "coordinates": [
          2.5354515,
          48.9362592
        ]
      },
      "id": "node/2783190560"
    },
    {
      "type": "Feature",
      "properties": {
        "@id": "node/2783190567",
        "amenity": "waste_basket"
      },
      "geometry": {
        "type": "Point",
        "coordinates": [
          2.5339243,
          48.9362307
        ]
      },
      "id": "node/2783190567"
    },
    {
      "type": "Feature",
      "properties": {
        "@id": "node/2783190575",
        "amenity": "waste_basket"
      },
      "geometry": {
        "type": "Point",
        "coordinates": [
          2.5344594,
          48.936196
        ]
      },
      "id": "node/2783190575"
    },
    {
      "type": "Feature",
      "properties": {
        "@id": "node/2783190586",
        "amenity": "waste_basket"
      },
      "geometry": {
        "type": "Point",
        "coordinates": [
          2.5349993,
          48.9363348
        ]
      },
      "id": "node/2783190586"
    },
    {
      "type": "Feature",
      "properties": {
        "@id": "node/2783190594",
        "amenity": "waste_basket",
        "level": "0"
      },
      "geometry": {
        "type": "Point",
        "coordinates": [
          2.5354306,
          48.9364364
        ]
      },
      "id": "node/2783190594"
    },
    {
      "type": "Feature",
      "properties": {
        "@id": "node/2783190648",
        "amenity": "waste_basket"
      },
      "geometry": {
        "type": "Point",
        "coordinates": [
          2.5359666,
          48.9365532
        ]
      },
      "id": "node/2783190648"
    },
    {
      "type": "Feature",
      "properties": {
        "@id": "node/2783190657",
        "amenity": "waste_basket"
      },
      "geometry": {
        "type": "Point",
        "coordinates": [
          2.5361303,
          48.9365901
        ]
      },
      "id": "node/2783190657"
    },
    {
      "type": "Feature",
      "properties": {
        "@id": "node/2783190671",
        "amenity": "waste_basket"
      },
      "geometry": {
        "type": "Point",
        "coordinates": [
          2.535971,
          48.9366921
        ]
      },
      "id": "node/2783190671"
    },
    {
      "type": "Feature",
      "properties": {
        "@id": "node/2783190685",
        "amenity": "waste_basket"
      },
      "geometry": {
        "type": "Point",
        "coordinates": [
          2.5361791,
          48.9367421
        ]
      },
      "id": "node/2783190685"
    },
    {
      "type": "Feature",
      "properties": {
        "@id": "node/2789445567",
        "amenity": "waste_basket",
        "layer": "-1",
        "level": "0"
      },
      "geometry": {
        "type": "Point",
        "coordinates": [
          2.3845097,
          48.9240762
        ]
      },
      "id": "node/2789445567"
    },
    {
      "type": "Feature",
      "properties": {
        "@id": "node/2789445594",
        "amenity": "waste_basket",
        "layer": "-1",
        "level": "0"
      },
      "geometry": {
        "type": "Point",
        "coordinates": [
          2.3845555,
          48.9241579
        ]
      },
      "id": "node/2789445594"
    },
    {
      "type": "Feature",
      "properties": {
        "@id": "node/2792187273",
        "amenity": "waste_basket",
        "level": "2"
      },
      "geometry": {
        "type": "Point",
        "coordinates": [
          2.3846747,
          48.9242317
        ]
      },
      "id": "node/2792187273"
    },
    {
      "type": "Feature",
      "properties": {
        "@id": "node/2792187293",
        "amenity": "waste_basket",
        "level": "2"
      },
      "geometry": {
        "type": "Point",
        "coordinates": [
          2.3848368,
          48.9242225
        ]
      },
      "id": "node/2792187293"
    },
    {
      "type": "Feature",
      "properties": {
        "@id": "node/2792187341",
        "amenity": "waste_basket",
        "level": "2"
      },
      "geometry": {
        "type": "Point",
        "coordinates": [
          2.3852324,
          48.9242943
        ]
      },
      "id": "node/2792187341"
    },
    {
      "type": "Feature",
      "properties": {
        "@id": "node/2792187432",
        "amenity": "waste_basket",
        "level": "2"
      },
      "geometry": {
        "type": "Point",
        "coordinates": [
          2.3856878,
          48.9243542
        ]
      },
      "id": "node/2792187432"
    },
    {
      "type": "Feature",
      "properties": {
        "@id": "node/2792187470",
        "amenity": "waste_basket",
        "level": "2"
      },
      "geometry": {
        "type": "Point",
        "coordinates": [
          2.3863118,
          48.9244575
        ]
      },
      "id": "node/2792187470"
    },
    {
      "type": "Feature",
      "properties": {
        "@id": "node/2792251632",
        "amenity": "waste_basket",
        "level": "2"
      },
      "geometry": {
        "type": "Point",
        "coordinates": [
          2.3618356,
          48.9177614
        ]
      },
      "id": "node/2792251632"
    },
    {
      "type": "Feature",
      "properties": {
        "@id": "node/2792251634",
        "amenity": "waste_basket",
        "level": "2"
      },
      "geometry": {
        "type": "Point",
        "coordinates": [
          2.3617548,
          48.9178021
        ]
      },
      "id": "node/2792251634"
    },
    {
      "type": "Feature",
      "properties": {
        "@id": "node/2792251647",
        "amenity": "waste_basket",
        "level": "2"
      },
      "geometry": {
        "type": "Point",
        "coordinates": [
          2.3620695,
          48.9178959
        ]
      },
      "id": "node/2792251647"
    },
    {
      "type": "Feature",
      "properties": {
        "@id": "node/2792251650",
        "amenity": "waste_basket",
        "level": "2"
      },
      "geometry": {
        "type": "Point",
        "coordinates": [
          2.3619904,
          48.9179456
        ]
      },
      "id": "node/2792251650"
    },
    {
      "type": "Feature",
      "properties": {
        "@id": "node/2792251659",
        "amenity": "waste_basket",
        "level": "2"
      },
      "geometry": {
        "type": "Point",
        "coordinates": [
          2.3622312,
          48.9180281
        ]
      },
      "id": "node/2792251659"
    },
    {
      "type": "Feature",
      "properties": {
        "@id": "node/2792251706",
        "amenity": "waste_basket",
        "level": "2"
      },
      "geometry": {
        "type": "Point",
        "coordinates": [
          2.362734,
          48.9182771
        ]
      },
      "id": "node/2792251706"
    },
    {
      "type": "Feature",
      "properties": {
        "@id": "node/2792251712",
        "amenity": "waste_basket",
        "level": "2"
      },
      "geometry": {
        "type": "Point",
        "coordinates": [
          2.3626865,
          48.9183122
        ]
      },
      "id": "node/2792251712"
    },
    {
      "type": "Feature",
      "properties": {
        "@id": "node/2792251744",
        "amenity": "waste_basket",
        "level": "2"
      },
      "geometry": {
        "type": "Point",
        "coordinates": [
          2.3631164,
          48.9184867
        ]
      },
      "id": "node/2792251744"
    },
    {
      "type": "Feature",
      "properties": {
        "@id": "node/2792251746",
        "amenity": "waste_basket",
        "level": "2"
      },
      "geometry": {
        "type": "Point",
        "coordinates": [
          2.363071,
          48.9185149
        ]
      },
      "id": "node/2792251746"
    },
    {
      "type": "Feature",
      "properties": {
        "@id": "node/2792251767",
        "amenity": "waste_basket",
        "level": "2"
      },
      "geometry": {
        "type": "Point",
        "coordinates": [
          2.3633686,
          48.9186094
        ]
      },
      "id": "node/2792251767"
    },
    {
      "type": "Feature",
      "properties": {
        "@id": "node/2793803289",
        "amenity": "waste_basket",
        "level": "1"
      },
      "geometry": {
        "type": "Point",
        "coordinates": [
          2.3618801,
          48.9175254
        ]
      },
      "id": "node/2793803289"
    },
    {
      "type": "Feature",
      "properties": {
        "@id": "node/2793803292",
        "amenity": "waste_basket",
        "level": "1"
      },
      "geometry": {
        "type": "Point",
        "coordinates": [
          2.3618286,
          48.9175654
        ]
      },
      "id": "node/2793803292"
    },
    {
      "type": "Feature",
      "properties": {
        "@id": "node/2793858072",
        "amenity": "waste_basket",
        "level": "1"
      },
      "geometry": {
        "type": "Point",
        "coordinates": [
          2.3620392,
          48.9176607
        ]
      },
      "id": "node/2793858072"
    },
    {
      "type": "Feature",
      "properties": {
        "@id": "node/2793858073",
        "amenity": "waste_basket",
        "level": "1"
      },
      "geometry": {
        "type": "Point",
        "coordinates": [
          2.3621374,
          48.9176607
        ]
      },
      "id": "node/2793858073"
    },
    {
      "type": "Feature",
      "properties": {
        "@id": "node/2793858078",
        "amenity": "waste_basket",
        "level": "1"
      },
      "geometry": {
        "type": "Point",
        "coordinates": [
          2.3620625,
          48.9177038
        ]
      },
      "id": "node/2793858078"
    },
    {
      "type": "Feature",
      "properties": {
        "@id": "node/2793858087",
        "amenity": "waste_basket",
        "level": "1"
      },
      "geometry": {
        "type": "Point",
        "coordinates": [
          2.3624135,
          48.9178022
        ]
      },
      "id": "node/2793858087"
    },
    {
      "type": "Feature",
      "properties": {
        "@id": "node/2793858089",
        "amenity": "waste_basket",
        "level": "1"
      },
      "geometry": {
        "type": "Point",
        "coordinates": [
          2.362348,
          48.9178514
        ]
      },
      "id": "node/2793858089"
    },
    {
      "type": "Feature",
      "properties": {
        "@id": "node/2793858115",
        "amenity": "waste_basket",
        "check_date": "2024-01-10",
        "level": "1"
      },
      "geometry": {
        "type": "Point",
        "coordinates": [
          2.36312,
          48.9182388
        ]
      },
      "id": "node/2793858115"
    },
    {
      "type": "Feature",
      "properties": {
        "@id": "node/2806563870",
        "amenity": "waste_basket",
        "level": "1"
      },
      "geometry": {
        "type": "Point",
        "coordinates": [
          2.4818359,
          48.8817337
        ]
      },
      "id": "node/2806563870"
    },
    {
      "type": "Feature",
      "properties": {
        "@id": "node/2806563873",
        "amenity": "waste_basket",
        "level": "1"
      },
      "geometry": {
        "type": "Point",
        "coordinates": [
          2.4819755,
          48.8817825
        ]
      },
      "id": "node/2806563873"
    },
    {
      "type": "Feature",
      "properties": {
        "@id": "node/2806563878",
        "amenity": "waste_basket",
        "level": "1"
      },
      "geometry": {
        "type": "Point",
        "coordinates": [
          2.4817372,
          48.8820693
        ]
      },
      "id": "node/2806563878"
    },
    {
      "type": "Feature",
      "properties": {
        "@id": "node/2806563881",
        "amenity": "waste_basket",
        "level": "1"
      },
      "geometry": {
        "type": "Point",
        "coordinates": [
          2.4814555,
          48.8821509
        ]
      },
      "id": "node/2806563881"
    },
    {
      "type": "Feature",
      "properties": {
        "@id": "node/2806563883",
        "amenity": "waste_basket",
        "level": "1"
      },
      "geometry": {
        "type": "Point",
        "coordinates": [
          2.4816524,
          48.8821553
        ]
      },
      "id": "node/2806563883"
    },
    {
      "type": "Feature",
      "properties": {
        "@id": "node/2806563889",
        "amenity": "waste_basket",
        "level": "1"
      },
      "geometry": {
        "type": "Point",
        "coordinates": [
          2.4814874,
          48.8823352
        ]
      },
      "id": "node/2806563889"
    },
    {
      "type": "Feature",
      "properties": {
        "@id": "node/2806563930",
        "amenity": "waste_basket",
        "level": "1"
      },
      "geometry": {
        "type": "Point",
        "coordinates": [
          2.4812766,
          48.8825535
        ]
      },
      "id": "node/2806563930"
    },
    {
      "type": "Feature",
      "properties": {
        "@id": "node/2806563944",
        "amenity": "waste_basket",
        "level": "1"
      },
      "geometry": {
        "type": "Point",
        "coordinates": [
          2.4811367,
          48.8824997
        ]
      },
      "id": "node/2806563944"
    },
    {
      "type": "Feature",
      "properties": {
        "@id": "node/2806563962",
        "amenity": "waste_basket"
      },
      "geometry": {
        "type": "Point",
        "coordinates": [
          2.4815031,
          48.8826418
        ]
      },
      "id": "node/2806563962"
    },
    {
      "type": "Feature",
      "properties": {
        "@id": "node/2806563965",
        "amenity": "waste_basket"
      },
      "geometry": {
        "type": "Point",
        "coordinates": [
          2.4815677,
          48.8826131
        ]
      },
      "id": "node/2806563965"
    },
    {
      "type": "Feature",
      "properties": {
        "@id": "node/2806563972",
        "amenity": "waste_basket",
        "level": "1"
      },
      "geometry": {
        "type": "Point",
        "coordinates": [
          2.4811707,
          48.8826784
        ]
      },
      "id": "node/2806563972"
    },
    {
      "type": "Feature",
      "properties": {
        "@id": "node/2806563975",
        "amenity": "waste_basket"
      },
      "geometry": {
        "type": "Point",
        "coordinates": [
          2.4808811,
          48.8827826
        ]
      },
      "id": "node/2806563975"
    },
    {
      "type": "Feature",
      "properties": {
        "@id": "node/2806563983",
        "amenity": "waste_basket",
        "level": "1"
      },
      "geometry": {
        "type": "Point",
        "coordinates": [
          2.4809668,
          48.88291
        ]
      },
      "id": "node/2806563983"
    },
    {
      "type": "Feature",
      "properties": {
        "@id": "node/2806563990",
        "amenity": "waste_basket",
        "level": "1"
      },
      "geometry": {
        "type": "Point",
        "coordinates": [
          2.4805041,
          48.8832056
        ]
      },
      "id": "node/2806563990"
    },
    {
      "type": "Feature",
      "properties": {
        "@id": "node/2806563994",
        "amenity": "waste_basket",
        "level": "1"
      },
      "geometry": {
        "type": "Point",
        "coordinates": [
          2.48067,
          48.8832295
        ]
      },
      "id": "node/2806563994"
    },
    {
      "type": "Feature",
      "properties": {
        "@id": "node/2806783582",
        "amenity": "waste_basket"
      },
      "geometry": {
        "type": "Point",
        "coordinates": [
          2.4798893,
          48.8936517
        ]
      },
      "id": "node/2806783582"
    },
    {
      "type": "Feature",
      "properties": {
        "@id": "node/2806783584",
        "amenity": "waste_basket"
      },
      "geometry": {
        "type": "Point",
        "coordinates": [
          2.48085,
          48.8936793
        ]
      },
      "id": "node/2806783584"
    },
    {
      "type": "Feature",
      "properties": {
        "@id": "node/2806783587",
        "amenity": "waste_basket"
      },
      "geometry": {
        "type": "Point",
        "coordinates": [
          2.4806314,
          48.8936953
        ]
      },
      "id": "node/2806783587"
    },
    {
      "type": "Feature",
      "properties": {
        "@id": "node/2806783589",
        "amenity": "waste_basket"
      },
      "geometry": {
        "type": "Point",
        "coordinates": [
          2.4805656,
          48.8937041
        ]
      },
      "id": "node/2806783589"
    },
    {
      "type": "Feature",
      "properties": {
        "@id": "node/2806787603",
        "amenity": "waste_basket"
      },
      "geometry": {
        "type": "Point",
        "coordinates": [
          2.4794756,
          48.8938699
        ]
      },
      "id": "node/2806787603"
    },
    {
      "type": "Feature",
      "properties": {
        "@id": "node/2806787628",
        "amenity": "waste_basket"
      },
      "geometry": {
        "type": "Point",
        "coordinates": [
          2.4795139,
          48.893987
        ]
      },
      "id": "node/2806787628"
    },
    {
      "type": "Feature",
      "properties": {
        "@id": "node/2806787631",
        "amenity": "waste_basket",
        "check_date": "2025-02-07"
      },
      "geometry": {
        "type": "Point",
        "coordinates": [
          2.4802338,
          48.8939943
        ]
      },
      "id": "node/2806787631"
    },
    {
      "type": "Feature",
      "properties": {
        "@id": "node/2806787639",
        "amenity": "waste_basket",
        "check_date": "2023-05-21"
      },
      "geometry": {
        "type": "Point",
        "coordinates": [
          2.4792309,
          48.8940134
        ]
      },
      "id": "node/2806787639"
    },
    {
      "type": "Feature",
      "properties": {
        "@id": "node/2806787657",
        "amenity": "waste_basket"
      },
      "geometry": {
        "type": "Point",
        "coordinates": [
          2.4787084,
          48.894104
        ]
      },
      "id": "node/2806787657"
    },
    {
      "type": "Feature",
      "properties": {
        "@id": "node/2806787665",
        "amenity": "waste_basket"
      },
      "geometry": {
        "type": "Point",
        "coordinates": [
          2.4794012,
          48.8941549
        ]
      },
      "id": "node/2806787665"
    },
    {
      "type": "Feature",
      "properties": {
        "@id": "node/2806787669",
        "amenity": "waste_basket"
      },
      "geometry": {
        "type": "Point",
        "coordinates": [
          2.4793475,
          48.8942325
        ]
      },
      "id": "node/2806787669"
    },
    {
      "type": "Feature",
      "properties": {
        "@id": "node/2806787674",
        "amenity": "waste_basket",
        "level": "-1"
      },
      "geometry": {
        "type": "Point",
        "coordinates": [
          2.4789519,
          48.8942028
        ]
      },
      "id": "node/2806787674"
    },
    {
      "type": "Feature",
      "properties": {
        "@id": "node/2806787685",
        "amenity": "waste_basket"
      },
      "geometry": {
        "type": "Point",
        "coordinates": [
          2.4785903,
          48.8942533
        ]
      },
      "id": "node/2806787685"
    },
    {
      "type": "Feature",
      "properties": {
        "@id": "node/2806787689",
        "amenity": "waste_basket"
      },
      "geometry": {
        "type": "Point",
        "coordinates": [
          2.4782173,
          48.8943035
        ]
      },
      "id": "node/2806787689"
    },
    {
      "type": "Feature",
      "properties": {
        "@id": "node/2806793106",
        "amenity": "waste_basket"
      },
      "geometry": {
        "type": "Point",
        "coordinates": [
          2.4795533,
          48.8941078
        ]
      },
      "id": "node/2806793106"
    },
    {
      "type": "Feature",
      "properties": {
        "@id": "node/2806820497",
        "amenity": "waste_basket"
      },
      "geometry": {
        "type": "Point",
        "coordinates": [
          2.4808368,
          48.8939222
        ]
      },
      "id": "node/2806820497"
    },
    {
      "type": "Feature",
      "properties": {
        "@id": "node/2806820498",
        "amenity": "waste_basket"
      },
      "geometry": {
        "type": "Point",
        "coordinates": [
          2.4805888,
          48.8939437
        ]
      },
      "id": "node/2806820498"
    },
    {
      "type": "Feature",
      "properties": {
        "@id": "node/2807079484",
        "amenity": "waste_basket",
        "disused": "yes"
      },
      "geometry": {
        "type": "Point",
        "coordinates": [
          2.3717857,
          48.9635125
        ]
      },
      "id": "node/2807079484"
    },
    {
      "type": "Feature",
      "properties": {
        "@id": "node/2807079486",
        "amenity": "waste_basket"
      },
      "geometry": {
        "type": "Point",
        "coordinates": [
          2.3716535,
          48.963618
        ]
      },
      "id": "node/2807079486"
    },
    {
      "type": "Feature",
      "properties": {
        "@id": "node/2807079493",
        "amenity": "waste_basket"
      },
      "geometry": {
        "type": "Point",
        "coordinates": [
          2.3718948,
          48.963588
        ]
      },
      "id": "node/2807079493"
    },
    {
      "type": "Feature",
      "properties": {
        "@id": "node/2807079712",
        "amenity": "waste_basket"
      },
      "geometry": {
        "type": "Point",
        "coordinates": [
          2.3722279,
          48.9638508
        ]
      },
      "id": "node/2807079712"
    },
    {
      "type": "Feature",
      "properties": {
        "@id": "node/2807079716",
        "amenity": "waste_basket"
      },
      "geometry": {
        "type": "Point",
        "coordinates": [
          2.3720372,
          48.9639093
        ]
      },
      "id": "node/2807079716"
    },
    {
      "type": "Feature",
      "properties": {
        "@id": "node/2807079718",
        "amenity": "waste_basket",
        "level": "0"
      },
      "geometry": {
        "type": "Point",
        "coordinates": [
          2.3721576,
          48.9640038
        ]
      },
      "id": "node/2807079718"
    },
    {
      "type": "Feature",
      "properties": {
        "@id": "node/2807079732",
        "amenity": "waste_basket"
      },
      "geometry": {
        "type": "Point",
        "coordinates": [
          2.3725322,
          48.9640456
        ]
      },
      "id": "node/2807079732"
    },
    {
      "type": "Feature",
      "properties": {
        "@id": "node/2807079733",
        "amenity": "waste_basket"
      },
      "geometry": {
        "type": "Point",
        "coordinates": [
          2.3722991,
          48.9640845
        ]
      },
      "id": "node/2807079733"
    },
    {
      "type": "Feature",
      "properties": {
        "@id": "node/2807079734",
        "amenity": "waste_basket"
      },
      "geometry": {
        "type": "Point",
        "coordinates": [
          2.3721129,
          48.96408
        ]
      },
      "id": "node/2807079734"
    },
    {
      "type": "Feature",
      "properties": {
        "@id": "node/2807079739",
        "amenity": "waste_basket"
      },
      "geometry": {
        "type": "Point",
        "coordinates": [
          2.372604,
          48.9640915
        ]
      },
      "id": "node/2807079739"
    },
    {
      "type": "Feature",
      "properties": {
        "@id": "node/2807079747",
        "amenity": "waste_basket"
      },
      "geometry": {
        "type": "Point",
        "coordinates": [
          2.3719106,
          48.9641384
        ]
      },
      "id": "node/2807079747"
    },
    {
      "type": "Feature",
      "properties": {
        "@id": "node/2808306305",
        "amenity": "waste_basket",
        "level": "0"
      },
      "geometry": {
        "type": "Point",
        "coordinates": [
          2.4857012,
          48.8690935
        ]
      },
      "id": "node/2808306305"
    },
    {
      "type": "Feature",
      "properties": {
        "@id": "node/2808306306",
        "amenity": "waste_basket",
        "level": "0"
      },
      "geometry": {
        "type": "Point",
        "coordinates": [
          2.4855107,
          48.8691107
        ]
      },
      "id": "node/2808306306"
    },
    {
      "type": "Feature",
      "properties": {
        "@id": "node/2808306315",
        "amenity": "waste_basket",
        "level": "0"
      },
      "geometry": {
        "type": "Point",
        "coordinates": [
          2.4855679,
          48.8693907
        ]
      },
      "id": "node/2808306315"
    },
    {
      "type": "Feature",
      "properties": {
        "@id": "node/2808306316",
        "amenity": "waste_basket",
        "level": "0"
      },
      "geometry": {
        "type": "Point",
        "coordinates": [
          2.4857579,
          48.8693768
        ]
      },
      "id": "node/2808306316"
    },
    {
      "type": "Feature",
      "properties": {
        "@id": "node/2808306323",
        "amenity": "waste_basket",
        "level": "0"
      },
      "geometry": {
        "type": "Point",
        "coordinates": [
          2.4858224,
          48.8697169
        ]
      },
      "id": "node/2808306323"
    },
    {
      "type": "Feature",
      "properties": {
        "@id": "node/2808306333",
        "amenity": "waste_basket",
        "level": "0"
      },
      "geometry": {
        "type": "Point",
        "coordinates": [
          2.4858674,
          48.8699932
        ]
      },
      "id": "node/2808306333"
    },
    {
      "type": "Feature",
      "properties": {
        "@id": "node/2808306337",
        "amenity": "waste_basket",
        "check_date": "2021-07-26",
        "level": "0"
      },
      "geometry": {
        "type": "Point",
        "coordinates": [
          2.4856814,
          48.8699786
        ]
      },
      "id": "node/2808306337"
    },
    {
      "type": "Feature",
      "properties": {
        "@id": "node/2808306340",
        "amenity": "waste_basket",
        "level": "0"
      },
      "geometry": {
        "type": "Point",
        "coordinates": [
          2.4859084,
          48.8702188
        ]
      },
      "id": "node/2808306340"
    },
    {
      "type": "Feature",
      "properties": {
        "@id": "node/2808306342",
        "amenity": "waste_basket",
        "check_date": "2021-07-26"
      },
      "geometry": {
        "type": "Point",
        "coordinates": [
          2.4857253,
          48.8702184
        ]
      },
      "id": "node/2808306342"
    },
    {
      "type": "Feature",
      "properties": {
        "@id": "node/2808306346",
        "amenity": "waste_basket",
        "level": "0"
      },
      "geometry": {
        "type": "Point",
        "coordinates": [
          2.4859468,
          48.8703589
        ]
      },
      "id": "node/2808306346"
    },
    {
      "type": "Feature",
      "properties": {
        "@id": "node/2808306360",
        "amenity": "waste_basket",
        "level": "0"
      },
      "geometry": {
        "type": "Point",
        "coordinates": [
          2.4859938,
          48.8706267
        ]
      },
      "id": "node/2808306360"
    },
    {
      "type": "Feature",
      "properties": {
        "@id": "node/2808306373",
        "amenity": "waste_basket",
        "check_date": "2021-07-26",
        "level": "0"
      },
      "geometry": {
        "type": "Point",
        "coordinates": [
          2.4858075,
          48.8706284
        ]
      },
      "id": "node/2808306373"
    },
    {
      "type": "Feature",
      "properties": {
        "@id": "node/2808306383",
        "amenity": "waste_basket",
        "level": "0"
      },
      "geometry": {
        "type": "Point",
        "coordinates": [
          2.4856765,
          48.870957
        ]
      },
      "id": "node/2808306383"
    },
    {
      "type": "Feature",
      "properties": {
        "@id": "node/2808306387",
        "amenity": "waste_basket",
        "level": "0"
      },
      "geometry": {
        "type": "Point",
        "coordinates": [
          2.4855225,
          48.8705027
        ]
      },
      "id": "node/2808306387"
    },
    {
      "type": "Feature",
      "properties": {
        "@id": "node/2808306503",
        "amenity": "waste_basket",
        "level": "1"
      },
      "geometry": {
        "type": "Point",
        "coordinates": [
          2.4859894,
          48.8709684
        ]
      },
      "id": "node/2808306503"
    },
    {
      "type": "Feature",
      "properties": {
        "@id": "node/2808306513",
        "amenity": "waste_basket",
        "check_date": "2024-09-14"
      },
      "geometry": {
        "type": "Point",
        "coordinates": [
          2.4856131,
          48.8709847
        ]
      },
      "id": "node/2808306513"
    },
    {
      "type": "Feature",
      "properties": {
        "@id": "node/2808306520",
        "amenity": "waste_basket",
        "level": "1"
      },
      "geometry": {
        "type": "Point",
        "coordinates": [
          2.4816052,
          48.8819922
        ]
      },
      "id": "node/2808306520"
    },
    {
      "type": "Feature",
      "properties": {
        "@id": "node/2808306521",
        "amenity": "waste_basket",
        "level": "1"
      },
      "geometry": {
        "type": "Point",
        "coordinates": [
          2.4814221,
          48.8822117
        ]
      },
      "id": "node/2808306521"
    },
    {
      "type": "Feature",
      "properties": {
        "@id": "node/2809950447",
        "amenity": "waste_basket",
        "covered": "no",
        "indoor": "no",
        "level": "-1",
        "material": "metal",
        "waste": "mixed"
      },
      "geometry": {
        "type": "Point",
        "coordinates": [
          2.3508082,
          48.9167838
        ]
      },
      "id": "node/2809950447"
    },
    {
      "type": "Feature",
      "properties": {
        "@id": "node/2809950448",
        "amenity": "waste_basket",
        "covered": "no",
        "indoor": "no",
        "level": "-1",
        "material": "metal",
        "waste": "mixed"
      },
      "geometry": {
        "type": "Point",
        "coordinates": [
          2.3505684,
          48.9167602
        ]
      },
      "id": "node/2809950448"
    },
    {
      "type": "Feature",
      "properties": {
        "@id": "node/2809950453",
        "amenity": "waste_basket",
        "check_date": "2025-04-15",
        "level": "-1"
      },
      "geometry": {
        "type": "Point",
        "coordinates": [
          2.350757,
          48.9170277
        ]
      },
      "id": "node/2809950453"
    },
    {
      "type": "Feature",
      "properties": {
        "@id": "node/2809950484",
        "amenity": "waste_basket",
        "level": "-1"
      },
      "geometry": {
        "type": "Point",
        "coordinates": [
          2.3504512,
          48.9174059
        ]
      },
      "id": "node/2809950484"
    },
    {
      "type": "Feature",
      "properties": {
        "@id": "node/2809950493",
        "amenity": "waste_basket",
        "level": "-1"
      },
      "geometry": {
        "type": "Point",
        "coordinates": [
          2.3506039,
          48.9175364
        ]
      },
      "id": "node/2809950493"
    },
    {
      "type": "Feature",
      "properties": {
        "@id": "node/2809950496",
        "amenity": "waste_basket",
        "level": "-1"
      },
      "geometry": {
        "type": "Point",
        "coordinates": [
          2.3505986,
          48.9177994
        ]
      },
      "id": "node/2809950496"
    },
    {
      "type": "Feature",
      "properties": {
        "@id": "node/2809950617",
        "amenity": "waste_basket",
        "level": "-1"
      },
      "geometry": {
        "type": "Point",
        "coordinates": [
          2.3504311,
          48.917747
        ]
      },
      "id": "node/2809950617"
    },
    {
      "type": "Feature",
      "properties": {
        "@id": "node/2809950661",
        "amenity": "waste_basket",
        "level": "-1"
      },
      "geometry": {
        "type": "Point",
        "coordinates": [
          2.3502608,
          48.9180689
        ]
      },
      "id": "node/2809950661"
    },
    {
      "type": "Feature",
      "properties": {
        "@id": "node/2809950671",
        "amenity": "waste_basket",
        "level": "-1"
      },
      "geometry": {
        "type": "Point",
        "coordinates": [
          2.3502292,
          48.9182188
        ]
      },
      "id": "node/2809950671"
    },
    {
      "type": "Feature",
      "properties": {
        "@id": "node/2809950672",
        "amenity": "waste_basket",
        "level": "-1"
      },
      "geometry": {
        "type": "Point",
        "coordinates": [
          2.3504474,
          48.9182309
        ]
      },
      "id": "node/2809950672"
    },
    {
      "type": "Feature",
      "properties": {
        "@id": "node/2809950691",
        "amenity": "waste_basket",
        "level": "-1"
      },
      "geometry": {
        "type": "Point",
        "coordinates": [
          2.3504424,
          48.9183849
        ]
      },
      "id": "node/2809950691"
    },
    {
      "type": "Feature",
      "properties": {
        "@id": "node/2809950692",
        "amenity": "waste_basket",
        "level": "-1"
      },
      "geometry": {
        "type": "Point",
        "coordinates": [
          2.3501853,
          48.9185086
        ]
      },
      "id": "node/2809950692"
    },
    {
      "type": "Feature",
      "properties": {
        "@id": "node/2809950703",
        "amenity": "waste_basket",
        "level": "-1"
      },
      "geometry": {
        "type": "Point",
        "coordinates": [
          2.3501234,
          48.9186233
        ]
      },
      "id": "node/2809950703"
    },
    {
      "type": "Feature",
      "properties": {
        "@id": "node/2809950720",
        "amenity": "waste_basket",
        "level": "-1"
      },
      "geometry": {
        "type": "Point",
        "coordinates": [
          2.3503568,
          48.9186471
        ]
      },
      "id": "node/2809950720"
    },
    {
      "type": "Feature",
      "properties": {
        "@id": "node/2809950723",
        "amenity": "waste_basket",
        "level": "-1"
      },
      "geometry": {
        "type": "Point",
        "coordinates": [
          2.3503524,
          48.9187563
        ]
      },
      "id": "node/2809950723"
    },
    {
      "type": "Feature",
      "properties": {
        "@id": "node/2809950747",
        "amenity": "waste_basket",
        "level": "1"
      },
      "geometry": {
        "type": "Point",
        "coordinates": [
          2.3459075,
          48.9352321
        ]
      },
      "id": "node/2809950747"
    },
    {
      "type": "Feature",
      "properties": {
        "@id": "node/2809950749",
        "amenity": "waste_basket",
        "level": "1"
      },
      "geometry": {
        "type": "Point",
        "coordinates": [
          2.3459513,
          48.9353114
        ]
      },
      "id": "node/2809950749"
    },
    {
      "type": "Feature",
      "properties": {
        "@id": "node/2809950756",
        "amenity": "waste_basket",
        "level": "1"
      },
      "geometry": {
        "type": "Point",
        "coordinates": [
          2.3456972,
          48.9353067
        ]
      },
      "id": "node/2809950756"
    },
    {
      "type": "Feature",
      "properties": {
        "@id": "node/2809950762",
        "amenity": "waste_basket",
        "level": "1"
      },
      "geometry": {
        "type": "Point",
        "coordinates": [
          2.3459732,
          48.9354082
        ]
      },
      "id": "node/2809950762"
    },
    {
      "type": "Feature",
      "properties": {
        "@id": "node/2809950765",
        "amenity": "waste_basket"
      },
      "geometry": {
        "type": "Point",
        "coordinates": [
          2.3462532,
          48.9353991
        ]
      },
      "id": "node/2809950765"
    },
    {
      "type": "Feature",
      "properties": {
        "@id": "node/2810022003",
        "amenity": "waste_basket"
      },
      "geometry": {
        "type": "Point",
        "coordinates": [
          2.5276762,
          48.8831037
        ]
      },
      "id": "node/2810022003"
    },
    {
      "type": "Feature",
      "properties": {
        "@id": "node/2810022022",
        "amenity": "waste_basket"
      },
      "geometry": {
        "type": "Point",
        "coordinates": [
          2.52726,
          48.8831897
        ]
      },
      "id": "node/2810022022"
    },
    {
      "type": "Feature",
      "properties": {
        "@id": "node/2810022025",
        "amenity": "waste_basket"
      },
      "geometry": {
        "type": "Point",
        "coordinates": [
          2.5266172,
          48.883736
        ]
      },
      "id": "node/2810022025"
    },
    {
      "type": "Feature",
      "properties": {
        "@id": "node/2810022028",
        "amenity": "waste_basket"
      },
      "geometry": {
        "type": "Point",
        "coordinates": [
          2.5269587,
          48.8833172
        ]
      },
      "id": "node/2810022028"
    },
    {
      "type": "Feature",
      "properties": {
        "@id": "node/2810022095",
        "amenity": "waste_basket",
        "level": "0"
      },
      "geometry": {
        "type": "Point",
        "coordinates": [
          2.5267812,
          48.8834001
        ]
      },
      "id": "node/2810022095"
    },
    {
      "type": "Feature",
      "properties": {
        "@id": "node/2810996023",
        "amenity": "waste_basket",
        "level": "1"
      },
      "geometry": {
        "type": "Point",
        "coordinates": [
          2.5138356,
          48.8885097
        ]
      },
      "id": "node/2810996023"
    },
    {
      "type": "Feature",
      "properties": {
        "@id": "node/2810996032",
        "amenity": "waste_basket",
        "level": "1"
      },
      "geometry": {
        "type": "Point",
        "coordinates": [
          2.5137181,
          48.8885583
        ]
      },
      "id": "node/2810996032"
    },
    {
      "type": "Feature",
      "properties": {
        "@id": "node/2810996033",
        "amenity": "waste_basket",
        "level": "1"
      },
      "geometry": {
        "type": "Point",
        "coordinates": [
          2.5139275,
          48.888606
        ]
      },
      "id": "node/2810996033"
    },
    {
      "type": "Feature",
      "properties": {
        "@id": "node/2810996042",
        "amenity": "waste_basket",
        "level": "1"
      },
      "geometry": {
        "type": "Point",
        "coordinates": [
          2.5136999,
          48.8887056
        ]
      },
      "id": "node/2810996042"
    },
    {
      "type": "Feature",
      "properties": {
        "@id": "node/2810996047",
        "amenity": "waste_basket",
        "level": "1"
      },
      "geometry": {
        "type": "Point",
        "coordinates": [
          2.5133621,
          48.8886992
        ]
      },
      "id": "node/2810996047"
    },
    {
      "type": "Feature",
      "properties": {
        "@id": "node/2810998036",
        "amenity": "waste_basket",
        "level": "0"
      },
      "geometry": {
        "type": "Point",
        "coordinates": [
          2.5116445,
          48.8895155
        ]
      },
      "id": "node/2810998036"
    },
    {
      "type": "Feature",
      "properties": {
        "@id": "node/2810998037",
        "amenity": "waste_basket"
      },
      "geometry": {
        "type": "Point",
        "coordinates": [
          2.5111429,
          48.8896642
        ]
      },
      "id": "node/2810998037"
    },
    {
      "type": "Feature",
      "properties": {
        "@id": "node/2833894976",
        "amenity": "waste_basket"
      },
      "geometry": {
        "type": "Point",
        "coordinates": [
          2.5811369,
          48.8225682
        ]
      },
      "id": "node/2833894976"
    },
    {
      "type": "Feature",
      "properties": {
        "@id": "node/2833894977",
        "amenity": "waste_basket",
        "level": "0"
      },
      "geometry": {
        "type": "Point",
        "coordinates": [
          2.580728,
          48.8226111
        ]
      },
      "id": "node/2833894977"
    },
    {
      "type": "Feature",
      "properties": {
        "@id": "node/2833894981",
        "amenity": "waste_basket",
        "level": "0"
      },
      "geometry": {
        "type": "Point",
        "coordinates": [
          2.580597,
          48.8226731
        ]
      },
      "id": "node/2833894981"
    },
    {
      "type": "Feature",
      "properties": {
        "@id": "node/2833894983",
        "amenity": "waste_basket",
        "level": "0"
      },
      "geometry": {
        "type": "Point",
        "coordinates": [
          2.5808604,
          48.8227058
        ]
      },
      "id": "node/2833894983"
    },
    {
      "type": "Feature",
      "properties": {
        "@id": "node/2833894985",
        "amenity": "waste_basket",
        "level": "0"
      },
      "geometry": {
        "type": "Point",
        "coordinates": [
          2.5806619,
          48.8227904
        ]
      },
      "id": "node/2833894985"
    },
    {
      "type": "Feature",
      "properties": {
        "@id": "node/2833894992",
        "amenity": "waste_basket",
        "level": "0"
      },
      "geometry": {
        "type": "Point",
        "coordinates": [
          2.5802171,
          48.8228712
        ]
      },
      "id": "node/2833894992"
    },
    {
      "type": "Feature",
      "properties": {
        "@id": "node/2833894996",
        "amenity": "waste_basket",
        "level": "0"
      },
      "geometry": {
        "type": "Point",
        "coordinates": [
          2.5802764,
          48.822999
        ]
      },
      "id": "node/2833894996"
    },
    {
      "type": "Feature",
      "properties": {
        "@id": "node/2833895501",
        "amenity": "waste_basket",
        "level": "0"
      },
      "geometry": {
        "type": "Point",
        "coordinates": [
          2.5798195,
          48.8230543
        ]
      },
      "id": "node/2833895501"
    },
    {
      "type": "Feature",
      "properties": {
        "@id": "node/2833895508",
        "amenity": "waste_basket",
        "level": "0"
      },
      "geometry": {
        "type": "Point",
        "coordinates": [
          2.5797802,
          48.8231
        ]
      },
      "id": "node/2833895508"
    },
    {
      "type": "Feature",
      "properties": {
        "@id": "node/2833895519",
        "amenity": "waste_basket",
        "level": "0"
      },
      "geometry": {
        "type": "Point",
        "coordinates": [
          2.5796898,
          48.8231402
        ]
      },
      "id": "node/2833895519"
    },
    {
      "type": "Feature",
      "properties": {
        "@id": "node/2833895530",
        "amenity": "waste_basket",
        "level": "0"
      },
      "geometry": {
        "type": "Point",
        "coordinates": [
          2.5798476,
          48.8231829
        ]
      },
      "id": "node/2833895530"
    },
    {
      "type": "Feature",
      "properties": {
        "@id": "node/2833895538",
        "amenity": "waste_basket",
        "level": "0"
      },
      "geometry": {
        "type": "Point",
        "coordinates": [
          2.5795242,
          48.8232244
        ]
      },
      "id": "node/2833895538"
    },
    {
      "type": "Feature",
      "properties": {
        "@id": "node/2833895540",
        "amenity": "waste_basket",
        "level": "0"
      },
      "geometry": {
        "type": "Point",
        "coordinates": [
          2.5797509,
          48.8232533
        ]
      },
      "id": "node/2833895540"
    },
    {
      "type": "Feature",
      "properties": {
        "@id": "node/2833895542",
        "amenity": "waste_basket",
        "level": "0"
      },
      "geometry": {
        "type": "Point",
        "coordinates": [
          2.5794533,
          48.823265
        ]
      },
      "id": "node/2833895542"
    },
    {
      "type": "Feature",
      "properties": {
        "@id": "node/2833895545",
        "amenity": "waste_basket",
        "level": "0"
      },
      "geometry": {
        "type": "Point",
        "coordinates": [
          2.5796759,
          48.8232776
        ]
      },
      "id": "node/2833895545"
    },
    {
      "type": "Feature",
      "properties": {
        "@id": "node/2833895550",
        "amenity": "waste_basket",
        "level": "0"
      },
      "geometry": {
        "type": "Point",
        "coordinates": [
          2.5795363,
          48.8233745
        ]
      },
      "id": "node/2833895550"
    },
    {
      "type": "Feature",
      "properties": {
        "@id": "node/2833895556",
        "amenity": "waste_basket",
        "level": "0"
      },
      "geometry": {
        "type": "Point",
        "coordinates": [
          2.5789824,
          48.8234812
        ]
      },
      "id": "node/2833895556"
    },
    {
      "type": "Feature",
      "properties": {
        "@id": "node/2834130540",
        "amenity": "waste_basket",
        "level": "0"
      },
      "geometry": {
        "type": "Point",
        "coordinates": [
          2.3289859,
          48.957925
        ]
      },
      "id": "node/2834130540"
    },
    {
      "type": "Feature",
      "properties": {
        "@id": "node/2834130541",
        "amenity": "waste_basket",
        "level": "0"
      },
      "geometry": {
        "type": "Point",
        "coordinates": [
          2.32887,
          48.9577753
        ]
      },
      "id": "node/2834130541"
    },
    {
      "type": "Feature",
      "properties": {
        "@id": "node/2834130542",
        "amenity": "waste_basket",
        "level": "0"
      },
      "geometry": {
        "type": "Point",
        "coordinates": [
          2.3285771,
          48.9577938
        ]
      },
      "id": "node/2834130542"
    },
    {
      "type": "Feature",
      "properties": {
        "@id": "node/2834130549",
        "amenity": "waste_basket",
        "level": "0"
      },
      "geometry": {
        "type": "Point",
        "coordinates": [
          2.329376,
          48.9575717
        ]
      },
      "id": "node/2834130549"
    },
    {
      "type": "Feature",
      "properties": {
        "@id": "node/2834130555",
        "amenity": "waste_basket",
        "level": "0"
      },
      "geometry": {
        "type": "Point",
        "coordinates": [
          2.328449,
          48.9579127
        ]
      },
      "id": "node/2834130555"
    },
    {
      "type": "Feature",
      "properties": {
        "@id": "node/2834130577",
        "amenity": "waste_basket",
        "level": "0"
      },
      "geometry": {
        "type": "Point",
        "coordinates": [
          2.3281568,
          48.9580962
        ]
      },
      "id": "node/2834130577"
    },
    {
      "type": "Feature",
      "properties": {
        "@id": "node/2834130581",
        "amenity": "waste_basket",
        "check_date": "2022-07-26",
        "level": "0"
      },
      "geometry": {
        "type": "Point",
        "coordinates": [
          2.3283542,
          48.9581835
        ]
      },
      "id": "node/2834130581"
    },
    {
      "type": "Feature",
      "properties": {
        "@id": "node/2834130590",
        "amenity": "waste_basket",
        "level": "0"
      },
      "geometry": {
        "type": "Point",
        "coordinates": [
          2.3283674,
          48.9583519
        ]
      },
      "id": "node/2834130590"
    },
    {
      "type": "Feature",
      "properties": {
        "@id": "node/2834130595",
        "amenity": "waste_basket",
        "level": "0"
      },
      "geometry": {
        "type": "Point",
        "coordinates": [
          2.328478,
          48.958251
        ]
      },
      "id": "node/2834130595"
    },
    {
      "type": "Feature",
      "properties": {
        "@id": "node/2834130809",
        "amenity": "waste_basket",
        "level": "-1"
      },
      "geometry": {
        "type": "Point",
        "coordinates": [
          2.3277402,
          48.9582792
        ]
      },
      "id": "node/2834130809"
    },
    {
      "type": "Feature",
      "properties": {
        "@id": "node/2834130810",
        "amenity": "waste_basket"
      },
      "geometry": {
        "type": "Point",
        "coordinates": [
          2.3286597,
          48.9583281
        ]
      },
      "id": "node/2834130810"
    },
    {
      "type": "Feature",
      "properties": {
        "@id": "node/2834130825",
        "amenity": "waste_basket",
        "level": "0"
      },
      "geometry": {
        "type": "Point",
        "coordinates": [
          2.327883,
          48.9583608
        ]
      },
      "id": "node/2834130825"
    },
    {
      "type": "Feature",
      "properties": {
        "@id": "node/2837093961",
        "amenity": "waste_basket",
        "level": "-1"
      },
      "geometry": {
        "type": "Point",
        "coordinates": [
          2.3994988,
          48.8980972
        ]
      },
      "id": "node/2837093961"
    },
    {
      "type": "Feature",
      "properties": {
        "@id": "node/2837093964",
        "amenity": "waste_basket",
        "level": "-1"
      },
      "geometry": {
        "type": "Point",
        "coordinates": [
          2.399758,
          48.8981181
        ]
      },
      "id": "node/2837093964"
    },
    {
      "type": "Feature",
      "properties": {
        "@id": "node/2837093970",
        "amenity": "waste_basket",
        "level": "-1"
      },
      "geometry": {
        "type": "Point",
        "coordinates": [
          2.4002765,
          48.8981607
        ]
      },
      "id": "node/2837093970"
    },
    {
      "type": "Feature",
      "properties": {
        "@id": "node/2837093977",
        "amenity": "waste_basket",
        "level": "-1"
      },
      "geometry": {
        "type": "Point",
        "coordinates": [
          2.4013964,
          48.8982515
        ]
      },
      "id": "node/2837093977"
    },
    {
      "type": "Feature",
      "properties": {
        "@id": "node/2837109888",
        "amenity": "waste_basket",
        "level": "-1"
      },
      "geometry": {
        "type": "Point",
        "coordinates": [
          2.4022848,
          48.8982085
        ]
      },
      "id": "node/2837109888"
    },
    {
      "type": "Feature",
      "properties": {
        "@id": "node/2837137924",
        "amenity": "waste_basket",
        "level": "-1"
      },
      "geometry": {
        "type": "Point",
        "coordinates": [
          2.4019213,
          48.8980686
        ]
      },
      "id": "node/2837137924"
    },
    {
      "type": "Feature",
      "properties": {
        "@id": "node/2837137926",
        "amenity": "waste_basket",
        "check_date": "2023-04-04",
        "level": "-1"
      },
      "geometry": {
        "type": "Point",
        "coordinates": [
          2.4022864,
          48.8980967
        ]
      },
      "id": "node/2837137926"
    },
    {
      "type": "Feature",
      "properties": {
        "@id": "node/2837146744",
        "amenity": "waste_basket",
        "level": "0"
      },
      "geometry": {
        "type": "Point",
        "coordinates": [
          2.4000075,
          48.8978708
        ]
      },
      "id": "node/2837146744"
    },
    {
      "type": "Feature",
      "properties": {
        "@id": "node/2837146754",
        "amenity": "waste_basket",
        "level": "0"
      },
      "geometry": {
        "type": "Point",
        "coordinates": [
          2.3999944,
          48.897963
        ]
      },
      "id": "node/2837146754"
    },
    {
      "type": "Feature",
      "properties": {
        "@id": "node/2837156629",
        "amenity": "waste_basket",
        "level": "0"
      },
      "geometry": {
        "type": "Point",
        "coordinates": [
          2.4000585,
          48.8977266
        ]
      },
      "id": "node/2837156629"
    },
    {
      "type": "Feature",
      "properties": {
        "@id": "node/2837156643",
        "amenity": "waste_basket",
        "level": "0"
      },
      "geometry": {
        "type": "Point",
        "coordinates": [
          2.4000583,
          48.897794
        ]
      },
      "id": "node/2837156643"
    },
    {
      "type": "Feature",
      "properties": {
        "@id": "node/2837159593",
        "amenity": "waste_basket",
        "check_date": "2024-07-28"
      },
      "geometry": {
        "type": "Point",
        "coordinates": [
          2.4005055,
          48.8974983
        ]
      },
      "id": "node/2837159593"
    },
    {
      "type": "Feature",
      "properties": {
        "@id": "node/2837159594",
        "amenity": "waste_basket",
        "check_date": "2023-07-01"
      },
      "geometry": {
        "type": "Point",
        "coordinates": [
          2.3996583,
          48.8975167
        ]
      },
      "id": "node/2837159594"
    },
    {
      "type": "Feature",
      "properties": {
        "@id": "node/2837159596",
        "amenity": "waste_basket"
      },
      "geometry": {
        "type": "Point",
        "coordinates": [
          2.4000709,
          48.897541
        ]
      },
      "id": "node/2837159596"
    },
    {
      "type": "Feature",
      "properties": {
        "@id": "node/2837159599",
        "amenity": "waste_basket",
        "check_date": "2023-04-05"
      },
      "geometry": {
        "type": "Point",
        "coordinates": [
          2.3995775,
          48.8975958
        ]
      },
      "id": "node/2837159599"
    },
    {
      "type": "Feature",
      "properties": {
        "@id": "node/2837159706",
        "amenity": "waste_basket",
        "level": "0"
      },
      "geometry": {
        "type": "Point",
        "coordinates": [
          2.400063,
          48.8976189
        ]
      },
      "id": "node/2837159706"
    },
    {
      "type": "Feature",
      "properties": {
        "@id": "node/2837159712",
        "amenity": "waste_basket",
        "check_date": "2023-04-04"
      },
      "geometry": {
        "type": "Point",
        "coordinates": [
          2.399308,
          48.8976777
        ]
      },
      "id": "node/2837159712"
    },
    {
      "type": "Feature",
      "properties": {
        "@id": "node/2837889628",
        "amenity": "waste_basket"
      },
      "geometry": {
        "type": "Point",
        "coordinates": [
          2.4511,
          48.9028768
        ]
      },
      "id": "node/2837889628"
    },
    {
      "type": "Feature",
      "properties": {
        "@id": "node/2837889644",
        "amenity": "waste_basket"
      },
      "geometry": {
        "type": "Point",
        "coordinates": [
          2.4493066,
          48.9033231
        ]
      },
      "id": "node/2837889644"
    },
    {
      "type": "Feature",
      "properties": {
        "@id": "node/2837889689",
        "amenity": "waste_basket"
      },
      "geometry": {
        "type": "Point",
        "coordinates": [
          2.4490031,
          48.9041964
        ]
      },
      "id": "node/2837889689"
    },
    {
      "type": "Feature",
      "properties": {
        "@id": "node/2837890114",
        "amenity": "waste_basket"
      },
      "geometry": {
        "type": "Point",
        "coordinates": [
          2.4532024,
          48.9061686
        ]
      },
      "id": "node/2837890114"
    },
    {
      "type": "Feature",
      "properties": {
        "@id": "node/2837890155",
        "amenity": "waste_basket"
      },
      "geometry": {
        "type": "Point",
        "coordinates": [
          2.4502269,
          48.9066969
        ]
      },
      "id": "node/2837890155"
    },
    {
      "type": "Feature",
      "properties": {
        "@id": "node/2838018039",
        "amenity": "waste_basket",
        "check_date": "2024-09-18"
      },
      "geometry": {
        "type": "Point",
        "coordinates": [
          2.4911846,
          48.8719873
        ]
      },
      "id": "node/2838018039"
    },
    {
      "type": "Feature",
      "properties": {
        "@id": "node/2845914409",
        "amenity": "waste_basket"
      },
      "geometry": {
        "type": "Point",
        "coordinates": [
          2.5122373,
          48.9030896
        ]
      },
      "id": "node/2845914409"
    },
    {
      "type": "Feature",
      "properties": {
        "@id": "node/2845947897",
        "amenity": "waste_basket"
      },
      "geometry": {
        "type": "Point",
        "coordinates": [
          2.5113946,
          48.902274
        ]
      },
      "id": "node/2845947897"
    },
    {
      "type": "Feature",
      "properties": {
        "@id": "node/2845974428",
        "amenity": "waste_basket"
      },
      "geometry": {
        "type": "Point",
        "coordinates": [
          2.5118652,
          48.9024971
        ]
      },
      "id": "node/2845974428"
    },
    {
      "type": "Feature",
      "properties": {
        "@id": "node/2845974429",
        "amenity": "waste_basket"
      },
      "geometry": {
        "type": "Point",
        "coordinates": [
          2.5119404,
          48.9025155
        ]
      },
      "id": "node/2845974429"
    },
    {
      "type": "Feature",
      "properties": {
        "@id": "node/2845974433",
        "amenity": "waste_basket"
      },
      "geometry": {
        "type": "Point",
        "coordinates": [
          2.5117254,
          48.9025751
        ]
      },
      "id": "node/2845974433"
    },
    {
      "type": "Feature",
      "properties": {
        "@id": "node/2845974436",
        "amenity": "waste_basket"
      },
      "geometry": {
        "type": "Point",
        "coordinates": [
          2.5119689,
          48.9026018
        ]
      },
      "id": "node/2845974436"
    },
    {
      "type": "Feature",
      "properties": {
        "@id": "node/2845974437",
        "amenity": "waste_basket"
      },
      "geometry": {
        "type": "Point",
        "coordinates": [
          2.5120512,
          48.9026165
        ]
      },
      "id": "node/2845974437"
    },
    {
      "type": "Feature",
      "properties": {
        "@id": "node/2845974439",
        "amenity": "waste_basket"
      },
      "geometry": {
        "type": "Point",
        "coordinates": [
          2.5118222,
          48.9026653
        ]
      },
      "id": "node/2845974439"
    },
    {
      "type": "Feature",
      "properties": {
        "@id": "node/2845990983",
        "amenity": "waste_basket"
      },
      "geometry": {
        "type": "Point",
        "coordinates": [
          2.5116605,
          48.902517
        ]
      },
      "id": "node/2845990983"
    },
    {
      "type": "Feature",
      "properties": {
        "@id": "node/2845993301",
        "amenity": "waste_basket"
      },
      "geometry": {
        "type": "Point",
        "coordinates": [
          2.5118103,
          48.9024497
        ]
      },
      "id": "node/2845993301"
    },
    {
      "type": "Feature",
      "properties": {
        "@id": "node/2846365206",
        "amenity": "waste_basket"
      },
      "geometry": {
        "type": "Point",
        "coordinates": [
          2.506627,
          48.897255
        ]
      },
      "id": "node/2846365206"
    },
    {
      "type": "Feature",
      "properties": {
        "@id": "node/2846387274",
        "amenity": "waste_basket"
      },
      "geometry": {
        "type": "Point",
        "coordinates": [
          2.5060724,
          48.8969256
        ]
      },
      "id": "node/2846387274"
    },
    {
      "type": "Feature",
      "properties": {
        "@id": "node/2846391376",
        "amenity": "waste_basket"
      },
      "geometry": {
        "type": "Point",
        "coordinates": [
          2.5063008,
          48.8968581
        ]
      },
      "id": "node/2846391376"
    },
    {
      "type": "Feature",
      "properties": {
        "@id": "node/2846391389",
        "amenity": "waste_basket"
      },
      "geometry": {
        "type": "Point",
        "coordinates": [
          2.5064176,
          48.8970418
        ]
      },
      "id": "node/2846391389"
    },
    {
      "type": "Feature",
      "properties": {
        "@id": "node/2846391393",
        "amenity": "waste_basket"
      },
      "geometry": {
        "type": "Point",
        "coordinates": [
          2.506261,
          48.8971031
        ]
      },
      "id": "node/2846391393"
    },
    {
      "type": "Feature",
      "properties": {
        "@id": "node/2846417668",
        "amenity": "waste_basket"
      },
      "geometry": {
        "type": "Point",
        "coordinates": [
          2.5065163,
          48.8971444
        ]
      },
      "id": "node/2846417668"
    },
    {
      "type": "Feature",
      "properties": {
        "@id": "node/2846419606",
        "amenity": "waste_basket"
      },
      "geometry": {
        "type": "Point",
        "coordinates": [
          2.5063686,
          48.8972105
        ]
      },
      "id": "node/2846419606"
    },
    {
      "type": "Feature",
      "properties": {
        "@id": "node/2846419607",
        "amenity": "waste_basket"
      },
      "geometry": {
        "type": "Point",
        "coordinates": [
          2.5064732,
          48.8973138
        ]
      },
      "id": "node/2846419607"
    },
    {
      "type": "Feature",
      "properties": {
        "@id": "node/2846419608",
        "amenity": "waste_basket"
      },
      "geometry": {
        "type": "Point",
        "coordinates": [
          2.5068679,
          48.8977644
        ]
      },
      "id": "node/2846419608"
    },
    {
      "type": "Feature",
      "properties": {
        "@id": "node/2846503868",
        "amenity": "waste_basket"
      },
      "geometry": {
        "type": "Point",
        "coordinates": [
          2.5004873,
          48.8926928
        ]
      },
      "id": "node/2846503868"
    },
    {
      "type": "Feature",
      "properties": {
        "@id": "node/2846516751",
        "amenity": "waste_basket"
      },
      "geometry": {
        "type": "Point",
        "coordinates": [
          2.5004131,
          48.892827
        ]
      },
      "id": "node/2846516751"
    },
    {
      "type": "Feature",
      "properties": {
        "@id": "node/2846517706",
        "amenity": "waste_basket"
      },
      "geometry": {
        "type": "Point",
        "coordinates": [
          2.4995662,
          48.8924879
        ]
      },
      "id": "node/2846517706"
    },
    {
      "type": "Feature",
      "properties": {
        "@id": "node/2846517708",
        "amenity": "waste_basket"
      },
      "geometry": {
        "type": "Point",
        "coordinates": [
          2.4997176,
          48.8925266
        ]
      },
      "id": "node/2846517708"
    },
    {
      "type": "Feature",
      "properties": {
        "@id": "node/2846517712",
        "amenity": "waste_basket"
      },
      "geometry": {
        "type": "Point",
        "coordinates": [
          2.4995021,
          48.8925997
        ]
      },
      "id": "node/2846517712"
    },
    {
      "type": "Feature",
      "properties": {
        "@id": "node/2846517713",
        "amenity": "waste_basket"
      },
      "geometry": {
        "type": "Point",
        "coordinates": [
          2.4996552,
          48.8926392
        ]
      },
      "id": "node/2846517713"
    },
    {
      "type": "Feature",
      "properties": {
        "@id": "node/2846540518",
        "amenity": "waste_basket"
      },
      "geometry": {
        "type": "Point",
        "coordinates": [
          2.4994832,
          48.8924639
        ]
      },
      "id": "node/2846540518"
    },
    {
      "type": "Feature",
      "properties": {
        "@id": "node/2846540522",
        "amenity": "waste_basket"
      },
      "geometry": {
        "type": "Point",
        "coordinates": [
          2.4994162,
          48.8925803
        ]
      },
      "id": "node/2846540522"
    },
    {
      "type": "Feature",
      "properties": {
        "@id": "node/2846540885",
        "amenity": "waste_basket"
      },
      "geometry": {
        "type": "Point",
        "coordinates": [
          2.499098,
          48.8923668
        ]
      },
      "id": "node/2846540885"
    },
    {
      "type": "Feature",
      "properties": {
        "@id": "node/2846580380",
        "amenity": "waste_basket"
      },
      "geometry": {
        "type": "Point",
        "coordinates": [
          2.4990732,
          48.8925075
        ]
      },
      "id": "node/2846580380"
    },
    {
      "type": "Feature",
      "properties": {
        "@id": "node/2846999581",
        "amenity": "waste_basket"
      },
      "geometry": {
        "type": "Point",
        "coordinates": [
          2.4878424,
          48.8930445
        ]
      },
      "id": "node/2846999581"
    },
    {
      "type": "Feature",
      "properties": {
        "@id": "node/2846999873",
        "amenity": "waste_basket"
      },
      "geometry": {
        "type": "Point",
        "coordinates": [
          2.4878885,
          48.893157
        ]
      },
      "id": "node/2846999873"
    },
    {
      "type": "Feature",
      "properties": {
        "@id": "node/2847000002",
        "amenity": "waste_basket"
      },
      "geometry": {
        "type": "Point",
        "coordinates": [
          2.4874907,
          48.8930981
        ]
      },
      "id": "node/2847000002"
    },
    {
      "type": "Feature",
      "properties": {
        "@id": "node/2847000055",
        "amenity": "waste_basket"
      },
      "geometry": {
        "type": "Point",
        "coordinates": [
          2.4878209,
          48.893165
        ]
      },
      "id": "node/2847000055"
    },
    {
      "type": "Feature",
      "properties": {
        "@id": "node/2847000112",
        "amenity": "waste_basket"
      },
      "geometry": {
        "type": "Point",
        "coordinates": [
          2.4875271,
          48.8932093
        ]
      },
      "id": "node/2847000112"
    },
    {
      "type": "Feature",
      "properties": {
        "@id": "node/2850271407",
        "amenity": "waste_basket",
        "level": "1"
      },
      "geometry": {
        "type": "Point",
        "coordinates": [
          2.5143367,
          48.9731511
        ]
      },
      "id": "node/2850271407"
    },
    {
      "type": "Feature",
      "properties": {
        "@id": "node/2850271409",
        "amenity": "waste_basket",
        "level": "1"
      },
      "geometry": {
        "type": "Point",
        "coordinates": [
          2.5142755,
          48.9731644
        ]
      },
      "id": "node/2850271409"
    },
    {
      "type": "Feature",
      "properties": {
        "@id": "node/2850271414",
        "amenity": "waste_basket",
        "level": "1"
      },
      "geometry": {
        "type": "Point",
        "coordinates": [
          2.5143484,
          48.973218
        ]
      },
      "id": "node/2850271414"
    },
    {
      "type": "Feature",
      "properties": {
        "@id": "node/2850271419",
        "amenity": "waste_basket"
      },
      "geometry": {
        "type": "Point",
        "coordinates": [
          2.5139623,
          48.9732601
        ]
      },
      "id": "node/2850271419"
    },
    {
      "type": "Feature",
      "properties": {
        "@id": "node/2850271434",
        "amenity": "waste_basket"
      },
      "geometry": {
        "type": "Point",
        "coordinates": [
          2.5137962,
          48.9733844
        ]
      },
      "id": "node/2850271434"
    },
    {
      "type": "Feature",
      "properties": {
        "@id": "node/2850271436",
        "amenity": "waste_basket",
        "level": "1"
      },
      "geometry": {
        "type": "Point",
        "coordinates": [
          2.5144926,
          48.9733949
        ]
      },
      "id": "node/2850271436"
    },
    {
      "type": "Feature",
      "properties": {
        "@id": "node/2850271438",
        "amenity": "waste_basket",
        "level": "1"
      },
      "geometry": {
        "type": "Point",
        "coordinates": [
          2.5144591,
          48.9734045
        ]
      },
      "id": "node/2850271438"
    },
    {
      "type": "Feature",
      "properties": {
        "@id": "node/2850271446",
        "amenity": "waste_basket"
      },
      "geometry": {
        "type": "Point",
        "coordinates": [
          2.5140162,
          48.9734447
        ]
      },
      "id": "node/2850271446"
    },
    {
      "type": "Feature",
      "properties": {
        "@id": "node/2850271450",
        "amenity": "waste_basket"
      },
      "geometry": {
        "type": "Point",
        "coordinates": [
          2.5137189,
          48.9734667
        ]
      },
      "id": "node/2850271450"
    },
    {
      "type": "Feature",
      "properties": {
        "@id": "node/2850271472",
        "amenity": "waste_basket"
      },
      "geometry": {
        "type": "Point",
        "coordinates": [
          2.5138981,
          48.9737
        ]
      },
      "id": "node/2850271472"
    },
    {
      "type": "Feature",
      "properties": {
        "@id": "node/2850271479",
        "amenity": "waste_basket"
      },
      "geometry": {
        "type": "Point",
        "coordinates": [
          2.5141342,
          48.9737565
        ]
      },
      "id": "node/2850271479"
    },
    {
      "type": "Feature",
      "properties": {
        "@id": "node/2850271480",
        "amenity": "waste_basket",
        "level": "1"
      },
      "geometry": {
        "type": "Point",
        "coordinates": [
          2.5147447,
          48.9737593
        ]
      },
      "id": "node/2850271480"
    },
    {
      "type": "Feature",
      "properties": {
        "@id": "node/2850271486",
        "amenity": "waste_basket",
        "level": "1"
      },
      "geometry": {
        "type": "Point",
        "coordinates": [
          2.5148088,
          48.9738358
        ]
      },
      "id": "node/2850271486"
    },
    {
      "type": "Feature",
      "properties": {
        "@id": "node/2850271493",
        "amenity": "waste_basket",
        "level": "1"
      },
      "geometry": {
        "type": "Point",
        "coordinates": [
          2.5148878,
          48.9739678
        ]
      },
      "id": "node/2850271493"
    },
    {
      "type": "Feature",
      "properties": {
        "@id": "node/2850271498",
        "amenity": "waste_basket",
        "level": "1"
      },
      "geometry": {
        "type": "Point",
        "coordinates": [
          2.5149545,
          48.9740587
        ]
      },
      "id": "node/2850271498"
    },
    {
      "type": "Feature",
      "properties": {
        "@id": "node/2850805678",
        "amenity": "waste_basket",
        "level": "-1"
      },
      "geometry": {
        "type": "Point",
        "coordinates": [
          2.4583106,
          48.8963789
        ]
      },
      "id": "node/2850805678"
    },
    {
      "type": "Feature",
      "properties": {
        "@id": "node/2850805679",
        "amenity": "waste_basket",
        "layer": "1",
        "level": "1"
      },
      "geometry": {
        "type": "Point",
        "coordinates": [
          2.4604185,
          48.8964356
        ]
      },
      "id": "node/2850805679"
    },
    {
      "type": "Feature",
      "properties": {
        "@id": "node/2850805815",
        "amenity": "waste_basket",
        "level": "0"
      },
      "geometry": {
        "type": "Point",
        "coordinates": [
          2.4596568,
          48.8964817
        ]
      },
      "id": "node/2850805815"
    },
    {
      "type": "Feature",
      "properties": {
        "@id": "node/2850805819",
        "amenity": "waste_basket",
        "level": "0"
      },
      "geometry": {
        "type": "Point",
        "coordinates": [
          2.459344,
          48.8964821
        ]
      },
      "id": "node/2850805819"
    },
    {
      "type": "Feature",
      "properties": {
        "@id": "node/2850805820",
        "amenity": "waste_basket",
        "level": "0"
      },
      "geometry": {
        "type": "Point",
        "coordinates": [
          2.4595155,
          48.8964819
        ]
      },
      "id": "node/2850805820"
    },
    {
      "type": "Feature",
      "properties": {
        "@id": "node/2850805822",
        "amenity": "waste_basket",
        "level": "0"
      },
      "geometry": {
        "type": "Point",
        "coordinates": [
          2.4600002,
          48.8964812
        ]
      },
      "id": "node/2850805822"
    },
    {
      "type": "Feature",
      "properties": {
        "@id": "node/2850805824",
        "amenity": "waste_basket",
        "level": "0"
      },
      "geometry": {
        "type": "Point",
        "coordinates": [
          2.4587651,
          48.8964879
        ]
      },
      "id": "node/2850805824"
    },
    {
      "type": "Feature",
      "properties": {
        "@id": "node/2850805830",
        "amenity": "waste_basket",
        "level": "0"
      },
      "geometry": {
        "type": "Point",
        "coordinates": [
          2.4598408,
          48.8964814
        ]
      },
      "id": "node/2850805830"
    },
    {
      "type": "Feature",
      "properties": {
        "@id": "node/2850805838",
        "amenity": "waste_basket",
        "level": "0"
      },
      "geometry": {
        "type": "Point",
        "coordinates": [
          2.4590849,
          48.8964825
        ]
      },
      "id": "node/2850805838"
    },
    {
      "type": "Feature",
      "properties": {
        "@id": "node/2850805839",
        "amenity": "waste_basket",
        "level": "0"
      },
      "geometry": {
        "type": "Point",
        "coordinates": [
          2.4588887,
          48.8964828
        ]
      },
      "id": "node/2850805839"
    },
    {
      "type": "Feature",
      "properties": {
        "@id": "node/2850805848",
        "amenity": "waste_basket",
        "level": "0"
      },
      "geometry": {
        "type": "Point",
        "coordinates": [
          2.4583792,
          48.8964951
        ]
      },
      "id": "node/2850805848"
    },
    {
      "type": "Feature",
      "properties": {
        "@id": "node/2850805849",
        "amenity": "waste_basket",
        "level": "0"
      },
      "geometry": {
        "type": "Point",
        "coordinates": [
          2.4579562,
          48.8964874
        ]
      },
      "id": "node/2850805849"
    },
    {
      "type": "Feature",
      "properties": {
        "@id": "node/2850805882",
        "amenity": "waste_basket",
        "check_date": "2023-05-31",
        "level": "0"
      },
      "geometry": {
        "type": "Point",
        "coordinates": [
          2.4600326,
          48.8965936
        ]
      },
      "id": "node/2850805882"
    },
    {
      "type": "Feature",
      "properties": {
        "@id": "node/2850805894",
        "amenity": "waste_basket",
        "check_date": "2023-05-31",
        "level": "0"
      },
      "geometry": {
        "type": "Point",
        "coordinates": [
          2.4588405,
          48.8965965
        ]
      },
      "id": "node/2850805894"
    },
    {
      "type": "Feature",
      "properties": {
        "@id": "node/2850805896",
        "amenity": "waste_basket",
        "check_date": "2023-05-31",
        "level": "0"
      },
      "geometry": {
        "type": "Point",
        "coordinates": [
          2.4587713,
          48.8965943
        ]
      },
      "id": "node/2850805896"
    },
    {
      "type": "Feature",
      "properties": {
        "@id": "node/2850806115",
        "amenity": "waste_basket",
        "check_date": "2023-05-31",
        "level": "0"
      },
      "geometry": {
        "type": "Point",
        "coordinates": [
          2.4590288,
          48.8965937
        ]
      },
      "id": "node/2850806115"
    },
    {
      "type": "Feature",
      "properties": {
        "@id": "node/2850806145",
        "amenity": "waste_basket",
        "level": "0"
      },
      "geometry": {
        "type": "Point",
        "coordinates": [
          2.4597039,
          48.8967085
        ]
      },
      "id": "node/2850806145"
    },
    {
      "type": "Feature",
      "properties": {
        "@id": "node/2850806153",
        "amenity": "waste_basket",
        "level": "0"
      },
      "geometry": {
        "type": "Point",
        "coordinates": [
          2.4600044,
          48.8967061
        ]
      },
      "id": "node/2850806153"
    },
    {
      "type": "Feature",
      "properties": {
        "@id": "node/2850806159",
        "amenity": "waste_basket",
        "level": "0"
      },
      "geometry": {
        "type": "Point",
        "coordinates": [
          2.4588582,
          48.896715
        ]
      },
      "id": "node/2850806159"
    },
    {
      "type": "Feature",
      "properties": {
        "@id": "node/2850806169",
        "amenity": "waste_basket",
        "level": "0"
      },
      "geometry": {
        "type": "Point",
        "coordinates": [
          2.4586637,
          48.8967166
        ]
      },
      "id": "node/2850806169"
    },
    {
      "type": "Feature",
      "properties": {
        "@id": "node/2850806170",
        "amenity": "waste_basket",
        "check_date": "2023-04-12",
        "level": "0"
      },
      "geometry": {
        "type": "Point",
        "coordinates": [
          2.4593168,
          48.896715
        ]
      },
      "id": "node/2850806170"
    },
    {
      "type": "Feature",
      "properties": {
        "@id": "node/2850806175",
        "amenity": "waste_basket",
        "level": "0"
      },
      "geometry": {
        "type": "Point",
        "coordinates": [
          2.4582882,
          48.8967266
        ]
      },
      "id": "node/2850806175"
    },
    {
      "type": "Feature",
      "properties": {
        "@id": "node/2850806192",
        "amenity": "waste_basket",
        "level": "0"
      },
      "geometry": {
        "type": "Point",
        "coordinates": [
          2.4589931,
          48.8967199
        ]
      },
      "id": "node/2850806192"
    },
    {
      "type": "Feature",
      "properties": {
        "@id": "node/2850806410",
        "amenity": "waste_basket",
        "level": "0"
      },
      "geometry": {
        "type": "Point",
        "coordinates": [
          2.4599964,
          48.8968191
        ]
      },
      "id": "node/2850806410"
    },
    {
      "type": "Feature",
      "properties": {
        "@id": "node/2850806423",
        "amenity": "waste_basket",
        "level": "0"
      },
      "geometry": {
        "type": "Point",
        "coordinates": [
          2.459404,
          48.89684
        ]
      },
      "id": "node/2850806423"
    },
    {
      "type": "Feature",
      "properties": {
        "@id": "node/2850806425",
        "amenity": "waste_basket",
        "level": "0"
      },
      "geometry": {
        "type": "Point",
        "coordinates": [
          2.4589799,
          48.8968399
        ]
      },
      "id": "node/2850806425"
    },
    {
      "type": "Feature",
      "properties": {
        "@id": "node/2850806429",
        "amenity": "waste_basket",
        "level": "0"
      },
      "geometry": {
        "type": "Point",
        "coordinates": [
          2.4595777,
          48.8968372
        ]
      },
      "id": "node/2850806429"
    },
    {
      "type": "Feature",
      "properties": {
        "@id": "node/2850806437",
        "amenity": "waste_basket",
        "level": "0"
      },
      "geometry": {
        "type": "Point",
        "coordinates": [
          2.4582884,
          48.8968466
        ]
      },
      "id": "node/2850806437"
    },
    {
      "type": "Feature",
      "properties": {
        "@id": "node/2850806444",
        "amenity": "waste_basket",
        "level": "0"
      },
      "geometry": {
        "type": "Point",
        "coordinates": [
          2.4588016,
          48.8968455
        ]
      },
      "id": "node/2850806444"
    },
    {
      "type": "Feature",
      "properties": {
        "@id": "node/2851050280",
        "amenity": "waste_basket"
      },
      "geometry": {
        "type": "Point",
        "coordinates": [
          2.5132877,
          48.9618482
        ]
      },
      "id": "node/2851050280"
    },
    {
      "type": "Feature",
      "properties": {
        "@id": "node/2851050283",
        "amenity": "waste_basket"
      },
      "geometry": {
        "type": "Point",
        "coordinates": [
          2.5131188,
          48.9621394
        ]
      },
      "id": "node/2851050283"
    },
    {
      "type": "Feature",
      "properties": {
        "@id": "node/2851050293",
        "amenity": "waste_basket"
      },
      "geometry": {
        "type": "Point",
        "coordinates": [
          2.5129853,
          48.9623365
        ]
      },
      "id": "node/2851050293"
    },
    {
      "type": "Feature",
      "properties": {
        "@id": "node/2851050402",
        "amenity": "waste_basket"
      },
      "geometry": {
        "type": "Point",
        "coordinates": [
          2.5126699,
          48.9625184
        ]
      },
      "id": "node/2851050402"
    },
    {
      "type": "Feature",
      "properties": {
        "@id": "node/2851050405",
        "amenity": "waste_basket"
      },
      "geometry": {
        "type": "Point",
        "coordinates": [
          2.5128064,
          48.9626315
        ]
      },
      "id": "node/2851050405"
    },
    {
      "type": "Feature",
      "properties": {
        "@id": "node/2851050412",
        "amenity": "waste_basket",
        "check_date": "2024-05-01"
      },
      "geometry": {
        "type": "Point",
        "coordinates": [
          2.5125481,
          48.9630367
        ]
      },
      "id": "node/2851050412"
    },
    {
      "type": "Feature",
      "properties": {
        "@id": "node/2851132901",
        "amenity": "waste_basket"
      },
      "geometry": {
        "type": "Point",
        "coordinates": [
          2.5131083,
          48.9618104
        ]
      },
      "id": "node/2851132901"
    },
    {
      "type": "Feature",
      "properties": {
        "@id": "node/2851132903",
        "amenity": "waste_basket"
      },
      "geometry": {
        "type": "Point",
        "coordinates": [
          2.512817,
          48.962301
        ]
      },
      "id": "node/2851132903"
    },
    {
      "type": "Feature",
      "properties": {
        "@id": "node/2851132951",
        "amenity": "waste_basket"
      },
      "geometry": {
        "type": "Point",
        "coordinates": [
          2.5123397,
          48.9629995
        ]
      },
      "id": "node/2851132951"
    },
    {
      "type": "Feature",
      "properties": {
        "@id": "node/2851132968",
        "amenity": "waste_basket",
        "check_date": "2024-05-01"
      },
      "geometry": {
        "type": "Point",
        "coordinates": [
          2.5124143,
          48.9632533
        ]
      },
      "id": "node/2851132968"
    },
    {
      "type": "Feature",
      "properties": {
        "@id": "node/2868460466",
        "amenity": "waste_basket"
      },
      "geometry": {
        "type": "Point",
        "coordinates": [
          2.5238404,
          48.9466522
        ]
      },
      "id": "node/2868460466"
    },
    {
      "type": "Feature",
      "properties": {
        "@id": "node/2868460470",
        "amenity": "waste_basket"
      },
      "geometry": {
        "type": "Point",
        "coordinates": [
          2.5240824,
          48.9466718
        ]
      },
      "id": "node/2868460470"
    },
    {
      "type": "Feature",
      "properties": {
        "@id": "node/2870315004",
        "amenity": "waste_basket"
      },
      "geometry": {
        "type": "Point",
        "coordinates": [
          2.4942773,
          48.9313952
        ]
      },
      "id": "node/2870315004"
    },
    {
      "type": "Feature",
      "properties": {
        "@id": "node/2870315010",
        "amenity": "waste_basket"
      },
      "geometry": {
        "type": "Point",
        "coordinates": [
          2.4942598,
          48.9316134
        ]
      },
      "id": "node/2870315010"
    },
    {
      "type": "Feature",
      "properties": {
        "@id": "node/2870315013",
        "amenity": "waste_basket"
      },
      "geometry": {
        "type": "Point",
        "coordinates": [
          2.4939971,
          48.9316418
        ]
      },
      "id": "node/2870315013"
    },
    {
      "type": "Feature",
      "properties": {
        "@id": "node/2870315019",
        "amenity": "waste_basket"
      },
      "geometry": {
        "type": "Point",
        "coordinates": [
          2.4938985,
          48.9317857
        ]
      },
      "id": "node/2870315019"
    },
    {
      "type": "Feature",
      "properties": {
        "@id": "node/2870315022",
        "amenity": "waste_basket"
      },
      "geometry": {
        "type": "Point",
        "coordinates": [
          2.4936353,
          48.9318604
        ]
      },
      "id": "node/2870315022"
    },
    {
      "type": "Feature",
      "properties": {
        "@id": "node/2870359797",
        "amenity": "waste_basket",
        "layer": "-1",
        "level": "-1"
      },
      "geometry": {
        "type": "Point",
        "coordinates": [
          2.4947672,
          48.9318705
        ]
      },
      "id": "node/2870359797"
    },
    {
      "type": "Feature",
      "properties": {
        "@id": "node/2870363110",
        "amenity": "waste_basket",
        "layer": "-1",
        "level": "-1"
      },
      "geometry": {
        "type": "Point",
        "coordinates": [
          2.4947141,
          48.931914
        ]
      },
      "id": "node/2870363110"
    },
    {
      "type": "Feature",
      "properties": {
        "@id": "node/2870363124",
        "amenity": "waste_basket",
        "layer": "-1"
      },
      "geometry": {
        "type": "Point",
        "coordinates": [
          2.4947046,
          48.9322291
        ]
      },
      "id": "node/2870363124"
    },
    {
      "type": "Feature",
      "properties": {
        "@id": "node/2870363132",
        "amenity": "waste_basket"
      },
      "geometry": {
        "type": "Point",
        "coordinates": [
          2.495084,
          48.932245
        ]
      },
      "id": "node/2870363132"
    },
    {
      "type": "Feature",
      "properties": {
        "@id": "node/2870363137",
        "amenity": "waste_basket",
        "check_date": "2021-07-25",
        "layer": "0"
      },
      "geometry": {
        "type": "Point",
        "coordinates": [
          2.4946908,
          48.9322476
        ]
      },
      "id": "node/2870363137"
    },
    {
      "type": "Feature",
      "properties": {
        "@id": "node/2870363138",
        "amenity": "waste_basket",
        "check_date": "2024-03-12"
      },
      "geometry": {
        "type": "Point",
        "coordinates": [
          2.4949195,
          48.9322508
        ]
      },
      "id": "node/2870363138"
    },
    {
      "type": "Feature",
      "properties": {
        "@id": "node/2870363146",
        "amenity": "waste_basket"
      },
      "geometry": {
        "type": "Point",
        "coordinates": [
          2.4955861,
          48.9322597
        ]
      },
      "id": "node/2870363146"
    },
    {
      "type": "Feature",
      "properties": {
        "@id": "node/2870363152",
        "amenity": "waste_basket"
      },
      "geometry": {
        "type": "Point",
        "coordinates": [
          2.4963947,
          48.9322781
        ]
      },
      "id": "node/2870363152"
    },
    {
      "type": "Feature",
      "properties": {
        "@id": "node/2870369244",
        "amenity": "waste_basket",
        "level": "0"
      },
      "geometry": {
        "type": "Point",
        "coordinates": [
          2.4961053,
          48.9322638
        ]
      },
      "id": "node/2870369244"
    },
    {
      "type": "Feature",
      "properties": {
        "@id": "node/2870369247",
        "amenity": "waste_basket"
      },
      "geometry": {
        "type": "Point",
        "coordinates": [
          2.4965921,
          48.9322735
        ]
      },
      "id": "node/2870369247"
    },
    {
      "type": "Feature",
      "properties": {
        "@id": "node/2870447423",
        "amenity": "waste_basket",
        "layer": "-1"
      },
      "geometry": {
        "type": "Point",
        "coordinates": [
          2.4961494,
          48.932226
        ]
      },
      "id": "node/2870447423"
    },
    {
      "type": "Feature",
      "properties": {
        "@id": "node/2870461569",
        "amenity": "waste_basket",
        "layer": "-1"
      },
      "geometry": {
        "type": "Point",
        "coordinates": [
          2.4961548,
          48.9323504
        ]
      },
      "id": "node/2870461569"
    },
    {
      "type": "Feature",
      "properties": {
        "@id": "node/2870506092",
        "amenity": "waste_basket"
      },
      "geometry": {
        "type": "Point",
        "coordinates": [
          2.4966606,
          48.9318933
        ]
      },
      "id": "node/2870506092"
    },
    {
      "type": "Feature",
      "properties": {
        "@id": "node/2870506093",
        "amenity": "waste_basket"
      },
      "geometry": {
        "type": "Point",
        "coordinates": [
          2.4962906,
          48.9318867
        ]
      },
      "id": "node/2870506093"
    },
    {
      "type": "Feature",
      "properties": {
        "@id": "node/2870506096",
        "amenity": "waste_basket"
      },
      "geometry": {
        "type": "Point",
        "coordinates": [
          2.4968122,
          48.9318954
        ]
      },
      "id": "node/2870506096"
    },
    {
      "type": "Feature",
      "properties": {
        "@id": "node/2870509013",
        "amenity": "waste_basket"
      },
      "geometry": {
        "type": "Point",
        "coordinates": [
          2.4959361,
          48.9320093
        ]
      },
      "id": "node/2870509013"
    },
    {
      "type": "Feature",
      "properties": {
        "@id": "node/2870509024",
        "amenity": "waste_basket"
      },
      "geometry": {
        "type": "Point",
        "coordinates": [
          2.496579,
          48.932006
        ]
      },
      "id": "node/2870509024"
    },
    {
      "type": "Feature",
      "properties": {
        "@id": "node/2870509042",
        "amenity": "waste_basket",
        "check_date": "2025-09-19",
        "layer": "0"
      },
      "geometry": {
        "type": "Point",
        "coordinates": [
          2.49443,
          48.932105
        ]
      },
      "id": "node/2870509042"
    },
    {
      "type": "Feature",
      "properties": {
        "@id": "node/2870509045",
        "amenity": "waste_basket",
        "check_date": "2025-09-19"
      },
      "geometry": {
        "type": "Point",
        "coordinates": [
          2.4954954,
          48.9321153
        ]
      },
      "id": "node/2870509045"
    },
    {
      "type": "Feature",
      "properties": {
        "@id": "node/2870509048",
        "amenity": "waste_basket",
        "check_date": "2025-09-19"
      },
      "geometry": {
        "type": "Point",
        "coordinates": [
          2.4951041,
          48.9321131
        ]
      },
      "id": "node/2870509048"
    },
    {
      "type": "Feature",
      "properties": {
        "@id": "node/2870509052",
        "amenity": "waste_basket"
      },
      "geometry": {
        "type": "Point",
        "coordinates": [
          2.4956321,
          48.9321235
        ]
      },
      "id": "node/2870509052"
    },
    {
      "type": "Feature",
      "properties": {
        "@id": "node/2870901221",
        "amenity": "waste_basket",
        "level": "1"
      },
      "geometry": {
        "type": "Point",
        "coordinates": [
          2.3456509,
          48.9336482
        ]
      },
      "id": "node/2870901221"
    },
    {
      "type": "Feature",
      "properties": {
        "@id": "node/2870901225",
        "amenity": "waste_basket",
        "level": "1"
      },
      "geometry": {
        "type": "Point",
        "coordinates": [
          2.3458923,
          48.9338236
        ]
      },
      "id": "node/2870901225"
    },
    {
      "type": "Feature",
      "properties": {
        "@id": "node/2870901227",
        "amenity": "waste_basket",
        "level": "1"
      },
      "geometry": {
        "type": "Point",
        "coordinates": [
          2.3455893,
          48.9338433
        ]
      },
      "id": "node/2870901227"
    },
    {
      "type": "Feature",
      "properties": {
        "@id": "node/2870901228",
        "amenity": "waste_basket",
        "level": "1"
      },
      "geometry": {
        "type": "Point",
        "coordinates": [
          2.3457818,
          48.9338198
        ]
      },
      "id": "node/2870901228"
    },
    {
      "type": "Feature",
      "properties": {
        "@id": "node/2870901243",
        "amenity": "waste_basket",
        "level": "1"
      },
      "geometry": {
        "type": "Point",
        "coordinates": [
          2.3458222,
          48.9340702
        ]
      },
      "id": "node/2870901243"
    },
    {
      "type": "Feature",
      "properties": {
        "@id": "node/2870916848",
        "amenity": "waste_basket",
        "level": "1"
      },
      "geometry": {
        "type": "Point",
        "coordinates": [
          2.3455676,
          48.9345119
        ]
      },
      "id": "node/2870916848"
    },
    {
      "type": "Feature",
      "properties": {
        "@id": "node/2870916873",
        "amenity": "waste_basket",
        "level": "1"
      },
      "geometry": {
        "type": "Point",
        "coordinates": [
          2.345532,
          48.9346759
        ]
      },
      "id": "node/2870916873"
    },
    {
      "type": "Feature",
      "properties": {
        "@id": "node/2870940701",
        "amenity": "waste_basket",
        "level": "1"
      },
      "geometry": {
        "type": "Point",
        "coordinates": [
          2.3453055,
          48.9348788
        ]
      },
      "id": "node/2870940701"
    },
    {
      "type": "Feature",
      "properties": {
        "@id": "node/2870940708",
        "amenity": "waste_basket",
        "level": "1"
      },
      "geometry": {
        "type": "Point",
        "coordinates": [
          2.345585,
          48.934992
        ]
      },
      "id": "node/2870940708"
    },
    {
      "type": "Feature",
      "properties": {
        "@id": "node/2870940731",
        "amenity": "waste_basket",
        "level": "1"
      },
      "geometry": {
        "type": "Point",
        "coordinates": [
          2.3454053,
          48.9352194
        ]
      },
      "id": "node/2870940731"
    },
    {
      "type": "Feature",
      "properties": {
        "@id": "node/2870940744",
        "amenity": "waste_basket",
        "level": "1"
      },
      "geometry": {
        "type": "Point",
        "coordinates": [
          2.345501,
          48.9353571
        ]
      },
      "id": "node/2870940744"
    },
    {
      "type": "Feature",
      "properties": {
        "@id": "node/2870940756",
        "amenity": "waste_basket",
        "level": "1"
      },
      "geometry": {
        "type": "Point",
        "coordinates": [
          2.3454715,
          48.9354778
        ]
      },
      "id": "node/2870940756"
    },
    {
      "type": "Feature",
      "properties": {
        "@id": "node/2874216654",
        "amenity": "waste_basket"
      },
      "geometry": {
        "type": "Point",
        "coordinates": [
          2.4554174,
          48.9330893
        ]
      },
      "id": "node/2874216654"
    },
    {
      "type": "Feature",
      "properties": {
        "@id": "node/2874216656",
        "amenity": "waste_basket"
      },
      "geometry": {
        "type": "Point",
        "coordinates": [
          2.4556174,
          48.9332225
        ]
      },
      "id": "node/2874216656"
    },
    {
      "type": "Feature",
      "properties": {
        "@id": "node/2874228217",
        "amenity": "waste_basket",
        "level": "0"
      },
      "geometry": {
        "type": "Point",
        "coordinates": [
          2.4534037,
          48.9327189
        ]
      },
      "id": "node/2874228217"
    },
    {
      "type": "Feature",
      "properties": {
        "@id": "node/2874228220",
        "amenity": "waste_basket",
        "level": "0"
      },
      "geometry": {
        "type": "Point",
        "coordinates": [
          2.453263,
          48.9328325
        ]
      },
      "id": "node/2874228220"
    },
    {
      "type": "Feature",
      "properties": {
        "@id": "node/2874290114",
        "amenity": "waste_basket",
        "level": "0"
      },
      "geometry": {
        "type": "Point",
        "coordinates": [
          2.454553,
          48.932584
        ]
      },
      "id": "node/2874290114"
    },
    {
      "type": "Feature",
      "properties": {
        "@id": "node/2874290131",
        "amenity": "waste_basket",
        "level": "0"
      },
      "geometry": {
        "type": "Point",
        "coordinates": [
          2.4555438,
          48.9326966
        ]
      },
      "id": "node/2874290131"
    },
    {
      "type": "Feature",
      "properties": {
        "@id": "node/2874290135",
        "amenity": "waste_basket",
        "level": "0"
      },
      "geometry": {
        "type": "Point",
        "coordinates": [
          2.4552388,
          48.9327037
        ]
      },
      "id": "node/2874290135"
    },
    {
      "type": "Feature",
      "properties": {
        "@id": "node/2874290138",
        "amenity": "waste_basket",
        "level": "0"
      },
      "geometry": {
        "type": "Point",
        "coordinates": [
          2.4542905,
          48.9327068
        ]
      },
      "id": "node/2874290138"
    },
    {
      "type": "Feature",
      "properties": {
        "@id": "node/2874290142",
        "amenity": "waste_basket",
        "level": "0"
      },
      "geometry": {
        "type": "Point",
        "coordinates": [
          2.4540165,
          48.9327118
        ]
      },
      "id": "node/2874290142"
    },
    {
      "type": "Feature",
      "properties": {
        "@id": "node/2874290145",
        "amenity": "waste_basket",
        "level": "0"
      },
      "geometry": {
        "type": "Point",
        "coordinates": [
          2.4534467,
          48.9327189
        ]
      },
      "id": "node/2874290145"
    },
    {
      "type": "Feature",
      "properties": {
        "@id": "node/2874290146",
        "amenity": "waste_basket",
        "level": "0"
      },
      "geometry": {
        "type": "Point",
        "coordinates": [
          2.4556585,
          48.932785
        ]
      },
      "id": "node/2874290146"
    },
    {
      "type": "Feature",
      "properties": {
        "@id": "node/2874290151",
        "amenity": "waste_basket",
        "level": "0"
      },
      "geometry": {
        "type": "Point",
        "coordinates": [
          2.4552614,
          48.932795
        ]
      },
      "id": "node/2874290151"
    },
    {
      "type": "Feature",
      "properties": {
        "@id": "node/2874290155",
        "amenity": "waste_basket",
        "level": "0"
      },
      "geometry": {
        "type": "Point",
        "coordinates": [
          2.4549125,
          48.9327967
        ]
      },
      "id": "node/2874290155"
    },
    {
      "type": "Feature",
      "properties": {
        "@id": "node/2874290160",
        "amenity": "waste_basket",
        "level": "0"
      },
      "geometry": {
        "type": "Point",
        "coordinates": [
          2.4545656,
          48.9328197
        ]
      },
      "id": "node/2874290160"
    },
    {
      "type": "Feature",
      "properties": {
        "@id": "node/2874290165",
        "amenity": "waste_basket",
        "level": "0"
      },
      "geometry": {
        "type": "Point",
        "coordinates": [
          2.4538484,
          48.9328297
        ]
      },
      "id": "node/2874290165"
    },
    {
      "type": "Feature",
      "properties": {
        "@id": "node/2874290169",
        "amenity": "waste_basket",
        "level": "0"
      },
      "geometry": {
        "type": "Point",
        "coordinates": [
          2.4530038,
          48.9328378
        ]
      },
      "id": "node/2874290169"
    },
    {
      "type": "Feature",
      "properties": {
        "@id": "node/2874507007",
        "amenity": "waste_basket",
        "level": "-1"
      },
      "geometry": {
        "type": "Point",
        "coordinates": [
          2.4762417,
          48.932231
        ]
      },
      "id": "node/2874507007"
    },
    {
      "type": "Feature",
      "properties": {
        "@id": "node/2874507010",
        "amenity": "waste_basket",
        "level": "-1"
      },
      "geometry": {
        "type": "Point",
        "coordinates": [
          2.4763676,
          48.9322377
        ]
      },
      "id": "node/2874507010"
    },
    {
      "type": "Feature",
      "properties": {
        "@id": "node/2874507034",
        "amenity": "waste_basket",
        "level": "-1"
      },
      "geometry": {
        "type": "Point",
        "coordinates": [
          2.476684,
          48.9323541
        ]
      },
      "id": "node/2874507034"
    },
    {
      "type": "Feature",
      "properties": {
        "@id": "node/2874507036",
        "amenity": "waste_basket",
        "level": "-1"
      },
      "geometry": {
        "type": "Point",
        "coordinates": [
          2.4769324,
          48.9323541
        ]
      },
      "id": "node/2874507036"
    },
    {
      "type": "Feature",
      "properties": {
        "@id": "node/2874507047",
        "amenity": "waste_basket",
        "level": "-1"
      },
      "geometry": {
        "type": "Point",
        "coordinates": [
          2.4761737,
          48.9323598
        ]
      },
      "id": "node/2874507047"
    },
    {
      "type": "Feature",
      "properties": {
        "@id": "node/2874507049",
        "amenity": "waste_basket",
        "level": "-1"
      },
      "geometry": {
        "type": "Point",
        "coordinates": [
          2.4764626,
          48.9323599
        ]
      },
      "id": "node/2874507049"
    },
    {
      "type": "Feature",
      "properties": {
        "@id": "node/2874507052",
        "amenity": "waste_basket",
        "level": "-1"
      },
      "geometry": {
        "type": "Point",
        "coordinates": [
          2.4758177,
          48.9323606
        ]
      },
      "id": "node/2874507052"
    },
    {
      "type": "Feature",
      "properties": {
        "@id": "node/2874507060",
        "amenity": "waste_basket",
        "level": "-1"
      },
      "geometry": {
        "type": "Point",
        "coordinates": [
          2.4751888,
          48.932369
        ]
      },
      "id": "node/2874507060"
    },
    {
      "type": "Feature",
      "properties": {
        "@id": "node/2874507061",
        "amenity": "waste_basket",
        "level": "-1"
      },
      "geometry": {
        "type": "Point",
        "coordinates": [
          2.475,
          48.9323691
        ]
      },
      "id": "node/2874507061"
    },
    {
      "type": "Feature",
      "properties": {
        "@id": "node/2874507063",
        "amenity": "waste_basket",
        "level": "-1"
      },
      "geometry": {
        "type": "Point",
        "coordinates": [
          2.474539,
          48.9323707
        ]
      },
      "id": "node/2874507063"
    },
    {
      "type": "Feature",
      "properties": {
        "@id": "node/2874507064",
        "amenity": "waste_basket",
        "level": "-1"
      },
      "geometry": {
        "type": "Point",
        "coordinates": [
          2.4747812,
          48.9323707
        ]
      },
      "id": "node/2874507064"
    },
    {
      "type": "Feature",
      "properties": {
        "@id": "node/2874507081",
        "amenity": "waste_basket",
        "check_date": "2026-01-14"
      },
      "geometry": {
        "type": "Point",
        "coordinates": [
          2.4775449,
          48.9326534
        ]
      },
      "id": "node/2874507081"
    },
    {
      "type": "Feature",
      "properties": {
        "@id": "node/2876007967",
        "amenity": "waste_basket",
        "level": "-1"
      },
      "geometry": {
        "type": "Point",
        "coordinates": [
          2.5245865,
          48.9474529
        ]
      },
      "id": "node/2876007967"
    },
    {
      "type": "Feature",
      "properties": {
        "@id": "node/2876007970",
        "amenity": "waste_basket",
        "level": "-1"
      },
      "geometry": {
        "type": "Point",
        "coordinates": [
          2.5248532,
          48.9474999
        ]
      },
      "id": "node/2876007970"
    },
    {
      "type": "Feature",
      "properties": {
        "@id": "node/2876007994",
        "amenity": "waste_basket",
        "level": "0"
      },
      "geometry": {
        "type": "Point",
        "coordinates": [
          2.5247885,
          48.947567
        ]
      },
      "id": "node/2876007994"
    },
    {
      "type": "Feature",
      "properties": {
        "@id": "node/2876010706",
        "amenity": "waste_basket",
        "level": "-1"
      },
      "geometry": {
        "type": "Point",
        "coordinates": [
          2.5245772,
          48.9476214
        ]
      },
      "id": "node/2876010706"
    },
    {
      "type": "Feature",
      "properties": {
        "@id": "node/2876010707",
        "amenity": "waste_basket",
        "level": "-1"
      },
      "geometry": {
        "type": "Point",
        "coordinates": [
          2.524822,
          48.9476649
        ]
      },
      "id": "node/2876010707"
    },
    {
      "type": "Feature",
      "properties": {
        "@id": "node/2876010728",
        "amenity": "waste_basket",
        "level": "-1"
      },
      "geometry": {
        "type": "Point",
        "coordinates": [
          2.5244862,
          48.9479121
        ]
      },
      "id": "node/2876010728"
    },
    {
      "type": "Feature",
      "properties": {
        "@id": "node/2876010729",
        "amenity": "waste_basket",
        "level": "-1"
      },
      "geometry": {
        "type": "Point",
        "coordinates": [
          2.52475,
          48.9479605
        ]
      },
      "id": "node/2876010729"
    },
    {
      "type": "Feature",
      "properties": {
        "@id": "node/2876010743",
        "amenity": "waste_basket",
        "layer": "1",
        "level": "0"
      },
      "geometry": {
        "type": "Point",
        "coordinates": [
          2.5245598,
          48.9482863
        ]
      },
      "id": "node/2876010743"
    },
    {
      "type": "Feature",
      "properties": {
        "@id": "node/3113871753",
        "amenity": "waste_basket",
        "level": "0"
      },
      "geometry": {
        "type": "Point",
        "coordinates": [
          2.5119197,
          48.8893632
        ]
      },
      "id": "node/3113871753"
    },
    {
      "type": "Feature",
      "properties": {
        "@id": "node/3147212095",
        "amenity": "waste_basket",
        "check_date": "2021-06-08",
        "source": "survey"
      },
      "geometry": {
        "type": "Point",
        "coordinates": [
          2.3442758,
          48.9058141
        ]
      },
      "id": "node/3147212095"
    },
    {
      "type": "Feature",
      "properties": {
        "@id": "node/3147212100",
        "amenity": "waste_basket",
        "check_date": "2021-01-27",
        "source": "survey"
      },
      "geometry": {
        "type": "Point",
        "coordinates": [
          2.3424073,
          48.9249398
        ]
      },
      "id": "node/3147212100"
    },
    {
      "type": "Feature",
      "properties": {
        "@id": "node/3255656200",
        "amenity": "waste_basket",
        "source": "survey"
      },
      "geometry": {
        "type": "Point",
        "coordinates": [
          2.2951258,
          48.9618385
        ]
      },
      "id": "node/3255656200"
    },
    {
      "type": "Feature",
      "properties": {
        "@id": "node/3265272891",
        "amenity": "waste_basket",
        "check_date": "2022-05-15"
      },
      "geometry": {
        "type": "Point",
        "coordinates": [
          2.417173,
          48.8634321
        ]
      },
      "id": "node/3265272891"
    },
    {
      "type": "Feature",
      "properties": {
        "@id": "node/3304354963",
        "amenity": "waste_basket",
        "source": "survey"
      },
      "geometry": {
        "type": "Point",
        "coordinates": [
          2.3619458,
          48.9457951
        ]
      },
      "id": "node/3304354963"
    },
    {
      "type": "Feature",
      "properties": {
        "@id": "node/3470761418",
        "amenity": "waste_basket",
        "source": "survey"
      },
      "geometry": {
        "type": "Point",
        "coordinates": [
          2.3444204,
          48.9156311
        ]
      },
      "id": "node/3470761418"
    },
    {
      "type": "Feature",
      "properties": {
        "@id": "node/3481836492",
        "amenity": "waste_basket"
      },
      "geometry": {
        "type": "Point",
        "coordinates": [
          2.3577961,
          48.9387241
        ]
      },
      "id": "node/3481836492"
    },
    {
      "type": "Feature",
      "properties": {
        "@id": "node/3481837293",
        "amenity": "waste_basket",
        "check_date": "2024-01-13"
      },
      "geometry": {
        "type": "Point",
        "coordinates": [
          2.3585785,
          48.938769
        ]
      },
      "id": "node/3481837293"
    },
    {
      "type": "Feature",
      "properties": {
        "@id": "node/3482398295",
        "amenity": "waste_basket",
        "check_date": "2023-05-20"
      },
      "geometry": {
        "type": "Point",
        "coordinates": [
          2.3547511,
          48.9359553
        ]
      },
      "id": "node/3482398295"
    },
    {
      "type": "Feature",
      "properties": {
        "@id": "node/3492073960",
        "amenity": "waste_basket"
      },
      "geometry": {
        "type": "Point",
        "coordinates": [
          2.3278575,
          48.9164356
        ]
      },
      "id": "node/3492073960"
    },
    {
      "type": "Feature",
      "properties": {
        "@id": "node/3492073962",
        "amenity": "waste_basket",
        "check_date": "2022-04-06",
        "waste": "mixed"
      },
      "geometry": {
        "type": "Point",
        "coordinates": [
          2.3274244,
          48.9161029
        ]
      },
      "id": "node/3492073962"
    },
    {
      "type": "Feature",
      "properties": {
        "@id": "node/3492095270",
        "amenity": "waste_basket",
        "check_date": "2022-04-06"
      },
      "geometry": {
        "type": "Point",
        "coordinates": [
          2.3267926,
          48.9155402
        ]
      },
      "id": "node/3492095270"
    },
    {
      "type": "Feature",
      "properties": {
        "@id": "node/3492095271",
        "amenity": "waste_basket",
        "check_date": "2022-04-06"
      },
      "geometry": {
        "type": "Point",
        "coordinates": [
          2.3270419,
          48.9154463
        ]
      },
      "id": "node/3492095271"
    },
    {
      "type": "Feature",
      "properties": {
        "@id": "node/3492095273",
        "amenity": "waste_basket"
      },
      "geometry": {
        "type": "Point",
        "coordinates": [
          2.3272574,
          48.9152544
        ]
      },
      "id": "node/3492095273"
    },
    {
      "type": "Feature",
      "properties": {
        "@id": "node/3492095279",
        "amenity": "waste_basket"
      },
      "geometry": {
        "type": "Point",
        "coordinates": [
          2.3281458,
          48.9152381
        ]
      },
      "id": "node/3492095279"
    },
    {
      "type": "Feature",
      "properties": {
        "@id": "node/3492095283",
        "amenity": "waste_basket"
      },
      "geometry": {
        "type": "Point",
        "coordinates": [
          2.3287461,
          48.9153484
        ]
      },
      "id": "node/3492095283"
    },
    {
      "type": "Feature",
      "properties": {
        "@id": "node/3492095285",
        "amenity": "waste_basket"
      },
      "geometry": {
        "type": "Point",
        "coordinates": [
          2.3289142,
          48.9156567
        ]
      },
      "id": "node/3492095285"
    },
    {
      "type": "Feature",
      "properties": {
        "@id": "node/3492097287",
        "amenity": "waste_basket"
      },
      "geometry": {
        "type": "Point",
        "coordinates": [
          2.3265492,
          48.9143759
        ]
      },
      "id": "node/3492097287"
    },
    {
      "type": "Feature",
      "properties": {
        "@id": "node/3492097288",
        "amenity": "waste_basket"
      },
      "geometry": {
        "type": "Point",
        "coordinates": [
          2.3265085,
          48.9146436
        ]
      },
      "id": "node/3492097288"
    },
    {
      "type": "Feature",
      "properties": {
        "@id": "node/3492097292",
        "amenity": "waste_basket"
      },
      "geometry": {
        "type": "Point",
        "coordinates": [
          2.3280429,
          48.914571
        ]
      },
      "id": "node/3492097292"
    },
    {
      "type": "Feature",
      "properties": {
        "@id": "node/3492101998",
        "amenity": "waste_basket",
        "check_date": "2022-04-06"
      },
      "geometry": {
        "type": "Point",
        "coordinates": [
          2.3286857,
          48.9148831
        ]
      },
      "id": "node/3492101998"
    },
    {
      "type": "Feature",
      "properties": {
        "@id": "node/3492111893",
        "amenity": "waste_basket",
        "check_date": "2023-08-01"
      },
      "geometry": {
        "type": "Point",
        "coordinates": [
          2.3299677,
          48.9162364
        ]
      },
      "id": "node/3492111893"
    },
    {
      "type": "Feature",
      "properties": {
        "@id": "node/3492111898",
        "amenity": "waste_basket",
        "check_date": "2023-08-01"
      },
      "geometry": {
        "type": "Point",
        "coordinates": [
          2.3302875,
          48.9155471
        ]
      },
      "id": "node/3492111898"
    },
    {
      "type": "Feature",
      "properties": {
        "@id": "node/3492111900",
        "amenity": "waste_basket",
        "check_date": "2023-08-01"
      },
      "geometry": {
        "type": "Point",
        "coordinates": [
          2.3305391,
          48.9156365
        ]
      },
      "id": "node/3492111900"
    },
    {
      "type": "Feature",
      "properties": {
        "@id": "node/3492111907",
        "amenity": "waste_basket",
        "check_date": "2022-06-02"
      },
      "geometry": {
        "type": "Point",
        "coordinates": [
          2.3311106,
          48.9152914
        ]
      },
      "id": "node/3492111907"
    },
    {
      "type": "Feature",
      "properties": {
        "@id": "node/3509167672",
        "amenity": "waste_basket",
        "source": "survey"
      },
      "geometry": {
        "type": "Point",
        "coordinates": [
          2.3011295,
          48.9539608
        ]
      },
      "id": "node/3509167672"
    },
    {
      "type": "Feature",
      "properties": {
        "@id": "node/3674830661",
        "amenity": "waste_basket",
        "level": "-1"
      },
      "geometry": {
        "type": "Point",
        "coordinates": [
          2.3504671,
          48.9171445
        ]
      },
      "id": "node/3674830661"
    },
    {
      "type": "Feature",
      "properties": {
        "@id": "node/3674837658",
        "amenity": "waste_basket",
        "layer": "0",
        "level": "0"
      },
      "geometry": {
        "type": "Point",
        "coordinates": [
          2.3511619,
          48.9178681
        ]
      },
      "id": "node/3674837658"
    },
    {
      "type": "Feature",
      "properties": {
        "@id": "node/3674841626",
        "amenity": "waste_basket",
        "level": "-1"
      },
      "geometry": {
        "type": "Point",
        "coordinates": [
          2.3502965,
          48.9177867
        ]
      },
      "id": "node/3674841626"
    },
    {
      "type": "Feature",
      "properties": {
        "@id": "node/3674860420",
        "amenity": "waste_basket",
        "level": "-1"
      },
      "geometry": {
        "type": "Point",
        "coordinates": [
          2.3502872,
          48.9179246
        ]
      },
      "id": "node/3674860420"
    },
    {
      "type": "Feature",
      "properties": {
        "@id": "node/3681314995",
        "amenity": "waste_basket",
        "level": "-1"
      },
      "geometry": {
        "type": "Point",
        "coordinates": [
          2.3506601,
          48.9173382
        ]
      },
      "id": "node/3681314995"
    },
    {
      "type": "Feature",
      "properties": {
        "@id": "node/3681901792",
        "amenity": "waste_basket",
        "level": "-1"
      },
      "geometry": {
        "type": "Point",
        "coordinates": [
          2.3505292,
          48.9179894
        ]
      },
      "id": "node/3681901792"
    },
    {
      "type": "Feature",
      "properties": {
        "@id": "node/3693450315",
        "amenity": "waste_basket",
        "level": "1"
      },
      "geometry": {
        "type": "Point",
        "coordinates": [
          2.3460342,
          48.93516
        ]
      },
      "id": "node/3693450315"
    },
    {
      "type": "Feature",
      "properties": {
        "@id": "node/3693576524",
        "amenity": "waste_basket",
        "level": "1"
      },
      "geometry": {
        "type": "Point",
        "coordinates": [
          2.3456433,
          48.934237
        ]
      },
      "id": "node/3693576524"
    },
    {
      "type": "Feature",
      "properties": {
        "@id": "node/3693598285",
        "amenity": "waste_basket",
        "level": "1"
      },
      "geometry": {
        "type": "Point",
        "coordinates": [
          2.3454971,
          48.9341243
        ]
      },
      "id": "node/3693598285"
    },
    {
      "type": "Feature",
      "properties": {
        "@id": "node/3693598288",
        "amenity": "waste_basket",
        "level": "1"
      },
      "geometry": {
        "type": "Point",
        "coordinates": [
          2.3455119,
          48.9340705
        ]
      },
      "id": "node/3693598288"
    },
    {
      "type": "Feature",
      "properties": {
        "@id": "node/3693600698",
        "amenity": "waste_basket",
        "level": "1"
      },
      "geometry": {
        "type": "Point",
        "coordinates": [
          2.3450398,
          48.9353259
        ]
      },
      "id": "node/3693600698"
    },
    {
      "type": "Feature",
      "properties": {
        "@id": "node/3693600702",
        "amenity": "waste_basket",
        "level": "1"
      },
      "geometry": {
        "type": "Point",
        "coordinates": [
          2.3451394,
          48.9349628
        ]
      },
      "id": "node/3693600702"
    },
    {
      "type": "Feature",
      "properties": {
        "@id": "node/3693600707",
        "amenity": "waste_basket",
        "check_date": "2024-01-10",
        "level": "1"
      },
      "geometry": {
        "type": "Point",
        "coordinates": [
          2.345183,
          48.9345581
        ]
      },
      "id": "node/3693600707"
    },
    {
      "type": "Feature",
      "properties": {
        "@id": "node/3693600710",
        "amenity": "waste_basket",
        "level": "1"
      },
      "geometry": {
        "type": "Point",
        "coordinates": [
          2.3451285,
          48.9348449
        ]
      },
      "id": "node/3693600710"
    },
    {
      "type": "Feature",
      "properties": {
        "@id": "node/3693600714",
        "amenity": "waste_basket",
        "level": "1"
      },
      "geometry": {
        "type": "Point",
        "coordinates": [
          2.3453777,
          48.933913
        ]
      },
      "id": "node/3693600714"
    },
    {
      "type": "Feature",
      "properties": {
        "@id": "node/3694919009",
        "amenity": "waste_basket",
        "level": "1"
      },
      "geometry": {
        "type": "Point",
        "coordinates": [
          2.3455553,
          48.9352075
        ]
      },
      "id": "node/3694919009"
    },
    {
      "type": "Feature",
      "properties": {
        "@id": "node/3697135636",
        "amenity": "waste_basket",
        "check_date": "2023-05-31",
        "level": "0"
      },
      "geometry": {
        "type": "Point",
        "coordinates": [
          2.4595833,
          48.896594
        ]
      },
      "id": "node/3697135636"
    },
    {
      "type": "Feature",
      "properties": {
        "@id": "node/3697135640",
        "amenity": "waste_basket",
        "check_date": "2023-04-12",
        "level": "0"
      },
      "geometry": {
        "type": "Point",
        "coordinates": [
          2.4593487,
          48.8965948
        ]
      },
      "id": "node/3697135640"
    },
    {
      "type": "Feature",
      "properties": {
        "@id": "node/3734220571",
        "amenity": "waste_basket",
        "check_date": "2023-02-20"
      },
      "geometry": {
        "type": "Point",
        "coordinates": [
          2.3640438,
          48.9458073
        ]
      },
      "id": "node/3734220571"
    },
    {
      "type": "Feature",
      "properties": {
        "@id": "node/3779975481",
        "amenity": "waste_basket",
        "check_date": "2022-09-07"
      },
      "geometry": {
        "type": "Point",
        "coordinates": [
          2.3298047,
          48.914461
        ]
      },
      "id": "node/3779975481"
    },
    {
      "type": "Feature",
      "properties": {
        "@id": "node/3820989188",
        "amenity": "waste_basket"
      },
      "geometry": {
        "type": "Point",
        "coordinates": [
          2.3321302,
          48.9063914
        ]
      },
      "id": "node/3820989188"
    },
    {
      "type": "Feature",
      "properties": {
        "@id": "node/3820989190",
        "amenity": "waste_basket"
      },
      "geometry": {
        "type": "Point",
        "coordinates": [
          2.3321641,
          48.9064995
        ]
      },
      "id": "node/3820989190"
    },
    {
      "type": "Feature",
      "properties": {
        "@id": "node/3820989191",
        "amenity": "waste_basket",
        "check_date": "2024-03-18"
      },
      "geometry": {
        "type": "Point",
        "coordinates": [
          2.3320107,
          48.9067471
        ]
      },
      "id": "node/3820989191"
    },
    {
      "type": "Feature",
      "properties": {
        "@id": "node/3820989192",
        "amenity": "waste_basket",
        "check_date": "2023-01-14"
      },
      "geometry": {
        "type": "Point",
        "coordinates": [
          2.3318218,
          48.9064826
        ]
      },
      "id": "node/3820989192"
    },
    {
      "type": "Feature",
      "properties": {
        "@id": "node/3889008617",
        "amenity": "waste_basket"
      },
      "geometry": {
        "type": "Point",
        "coordinates": [
          2.5465641,
          48.9200905
        ]
      },
      "id": "node/3889008617"
    },
    {
      "type": "Feature",
      "properties": {
        "@id": "node/3889008618",
        "amenity": "waste_basket"
      },
      "geometry": {
        "type": "Point",
        "coordinates": [
          2.5466566,
          48.9200103
        ]
      },
      "id": "node/3889008618"
    },
    {
      "type": "Feature",
      "properties": {
        "@id": "node/3942622441",
        "amenity": "waste_basket"
      },
      "geometry": {
        "type": "Point",
        "coordinates": [
          2.4851155,
          48.9247597
        ]
      },
      "id": "node/3942622441"
    },
    {
      "type": "Feature",
      "properties": {
        "@id": "node/4178500434",
        "amenity": "waste_basket",
        "check_date": "2025-02-07"
      },
      "geometry": {
        "type": "Point",
        "coordinates": [
          2.4802847,
          48.8938683
        ]
      },
      "id": "node/4178500434"
    },
    {
      "type": "Feature",
      "properties": {
        "@id": "node/4178541408",
        "amenity": "waste_basket"
      },
      "geometry": {
        "type": "Point",
        "coordinates": [
          2.4790134,
          48.894373
        ]
      },
      "id": "node/4178541408"
    },
    {
      "type": "Feature",
      "properties": {
        "@id": "node/4178541422",
        "amenity": "waste_basket",
        "level": "0"
      },
      "geometry": {
        "type": "Point",
        "coordinates": [
          2.4792075,
          48.8943949
        ]
      },
      "id": "node/4178541422"
    },
    {
      "type": "Feature",
      "properties": {
        "@id": "node/4187713191",
        "amenity": "waste_basket"
      },
      "geometry": {
        "type": "Point",
        "coordinates": [
          2.5288642,
          48.9317475
        ]
      },
      "id": "node/4187713191"
    },
    {
      "type": "Feature",
      "properties": {
        "@id": "node/4288336832",
        "amenity": "waste_basket",
        "source": "Personal memory"
      },
      "geometry": {
        "type": "Point",
        "coordinates": [
          2.3488463,
          48.9027672
        ]
      },
      "id": "node/4288336832"
    },
    {
      "type": "Feature",
      "properties": {
        "@id": "node/4288336833",
        "amenity": "waste_basket",
        "source": "Personal memory"
      },
      "geometry": {
        "type": "Point",
        "coordinates": [
          2.3489597,
          48.9027646
        ]
      },
      "id": "node/4288336833"
    },
    {
      "type": "Feature",
      "properties": {
        "@id": "node/4411711095",
        "amenity": "waste_basket",
        "check_date": "2025-03-18"
      },
      "geometry": {
        "type": "Point",
        "coordinates": [
          2.3420559,
          48.9594213
        ]
      },
      "id": "node/4411711095"
    },
    {
      "type": "Feature",
      "properties": {
        "@id": "node/4568613308",
        "amenity": "waste_basket",
        "check_date": "2025-02-02"
      },
      "geometry": {
        "type": "Point",
        "coordinates": [
          2.4706244,
          48.8823541
        ]
      },
      "id": "node/4568613308"
    },
    {
      "type": "Feature",
      "properties": {
        "@id": "node/4685683413",
        "amenity": "waste_basket",
        "source": "Observations personnelles"
      },
      "geometry": {
        "type": "Point",
        "coordinates": [
          2.413202,
          48.8969334
        ]
      },
      "id": "node/4685683413"
    },
    {
      "type": "Feature",
      "properties": {
        "@id": "node/4867899145",
        "amenity": "waste_basket",
        "check_date": "2021-04-20"
      },
      "geometry": {
        "type": "Point",
        "coordinates": [
          2.4449247,
          48.8527441
        ]
      },
      "id": "node/4867899145"
    },
    {
      "type": "Feature",
      "properties": {
        "@id": "node/5122475984",
        "amenity": "waste_basket",
        "check_date": "2023-12-06"
      },
      "geometry": {
        "type": "Point",
        "coordinates": [
          2.3543776,
          48.9206773
        ]
      },
      "id": "node/5122475984"
    },
    {
      "type": "Feature",
      "properties": {
        "@id": "node/5122475986",
        "amenity": "waste_basket",
        "check_date": "2023-11-20"
      },
      "geometry": {
        "type": "Point",
        "coordinates": [
          2.3544294,
          48.9208534
        ]
      },
      "id": "node/5122475986"
    },
    {
      "type": "Feature",
      "properties": {
        "@id": "node/5122475987",
        "amenity": "waste_basket",
        "check_date": "2023-12-06"
      },
      "geometry": {
        "type": "Point",
        "coordinates": [
          2.3540892,
          48.9206877
        ]
      },
      "id": "node/5122475987"
    },
    {
      "type": "Feature",
      "properties": {
        "@id": "node/5122475988",
        "amenity": "waste_basket",
        "check_date": "2025-02-04"
      },
      "geometry": {
        "type": "Point",
        "coordinates": [
          2.354226,
          48.919472
        ]
      },
      "id": "node/5122475988"
    },
    {
      "type": "Feature",
      "properties": {
        "@id": "node/5122475989",
        "amenity": "waste_basket"
      },
      "geometry": {
        "type": "Point",
        "coordinates": [
          2.3543037,
          48.9192741
        ]
      },
      "id": "node/5122475989"
    },
    {
      "type": "Feature",
      "properties": {
        "@id": "node/5122476169",
        "amenity": "waste_basket",
        "check_date": "2024-01-04"
      },
      "geometry": {
        "type": "Point",
        "coordinates": [
          2.3550606,
          48.920891
        ]
      },
      "id": "node/5122476169"
    },
    {
      "type": "Feature",
      "properties": {
        "@id": "node/5122476554",
        "amenity": "waste_basket",
        "check_date": "2024-01-04"
      },
      "geometry": {
        "type": "Point",
        "coordinates": [
          2.3553917,
          48.9210174
        ]
      },
      "id": "node/5122476554"
    },
    {
      "type": "Feature",
      "properties": {
        "@id": "node/5122476555",
        "amenity": "waste_basket"
      },
      "geometry": {
        "type": "Point",
        "coordinates": [
          2.3556976,
          48.9209504
        ]
      },
      "id": "node/5122476555"
    },
    {
      "type": "Feature",
      "properties": {
        "@id": "node/5122476556",
        "amenity": "waste_basket"
      },
      "geometry": {
        "type": "Point",
        "coordinates": [
          2.354125,
          48.9201972
        ]
      },
      "id": "node/5122476556"
    },
    {
      "type": "Feature",
      "properties": {
        "@id": "node/5122476557",
        "amenity": "waste_basket",
        "check_date": "2024-01-03"
      },
      "geometry": {
        "type": "Point",
        "coordinates": [
          2.3535753,
          48.9193868
        ]
      },
      "id": "node/5122476557"
    },
    {
      "type": "Feature",
      "properties": {
        "@id": "node/5338650927",
        "amenity": "waste_basket"
      },
      "geometry": {
        "type": "Point",
        "coordinates": [
          2.4160722,
          48.8619154
        ]
      },
      "id": "node/5338650927"
    },
    {
      "type": "Feature",
      "properties": {
        "@id": "node/5491257429",
        "amenity": "waste_basket"
      },
      "geometry": {
        "type": "Point",
        "coordinates": [
          2.3572404,
          48.9298682
        ]
      },
      "id": "node/5491257429"
    },
    {
      "type": "Feature",
      "properties": {
        "@id": "node/5491257430",
        "amenity": "waste_basket",
        "check_date": "2025-09-28"
      },
      "geometry": {
        "type": "Point",
        "coordinates": [
          2.3574345,
          48.9298643
        ]
      },
      "id": "node/5491257430"
    },
    {
      "type": "Feature",
      "properties": {
        "@id": "node/5491257432",
        "amenity": "waste_basket",
        "check_date": "2025-09-15"
      },
      "geometry": {
        "type": "Point",
        "coordinates": [
          2.3573114,
          48.9297665
        ]
      },
      "id": "node/5491257432"
    },
    {
      "type": "Feature",
      "properties": {
        "@id": "node/5677996150",
        "amenity": "waste_basket"
      },
      "geometry": {
        "type": "Point",
        "coordinates": [
          2.3339986,
          48.911701
        ]
      },
      "id": "node/5677996150"
    },
    {
      "type": "Feature",
      "properties": {
        "@id": "node/5677996153",
        "amenity": "waste_basket",
        "check_date": "2024-07-16"
      },
      "geometry": {
        "type": "Point",
        "coordinates": [
          2.3335071,
          48.911638
        ]
      },
      "id": "node/5677996153"
    },
    {
      "type": "Feature",
      "properties": {
        "@id": "node/5677996154",
        "amenity": "waste_basket",
        "check_date": "2023-08-01"
      },
      "geometry": {
        "type": "Point",
        "coordinates": [
          2.3333079,
          48.9118848
        ]
      },
      "id": "node/5677996154"
    },
    {
      "type": "Feature",
      "properties": {
        "@id": "node/5677996175",
        "amenity": "waste_basket",
        "check_date": "2023-08-01"
      },
      "geometry": {
        "type": "Point",
        "coordinates": [
          2.3334876,
          48.9123213
        ]
      },
      "id": "node/5677996175"
    },
    {
      "type": "Feature",
      "properties": {
        "@id": "node/5677996176",
        "amenity": "waste_basket",
        "check_date": "2023-08-01"
      },
      "geometry": {
        "type": "Point",
        "coordinates": [
          2.3333116,
          48.9122158
        ]
      },
      "id": "node/5677996176"
    },
    {
      "type": "Feature",
      "properties": {
        "@id": "node/5678309838",
        "amenity": "waste_basket",
        "check_date": "2025-04-27"
      },
      "geometry": {
        "type": "Point",
        "coordinates": [
          2.3346001,
          48.911947
        ]
      },
      "id": "node/5678309838"
    },
    {
      "type": "Feature",
      "properties": {
        "@id": "node/5714643319",
        "amenity": "waste_basket"
      },
      "geometry": {
        "type": "Point",
        "coordinates": [
          2.3190757,
          48.9497502
        ]
      },
      "id": "node/5714643319"
    },
    {
      "type": "Feature",
      "properties": {
        "@id": "node/5745351655",
        "amenity": "waste_basket",
        "check_date": "2022-06-02"
      },
      "geometry": {
        "type": "Point",
        "coordinates": [
          2.3318958,
          48.9143641
        ]
      },
      "id": "node/5745351655"
    },
    {
      "type": "Feature",
      "properties": {
        "@id": "node/5777208599",
        "amenity": "waste_basket"
      },
      "geometry": {
        "type": "Point",
        "coordinates": [
          2.3277045,
          48.9151188
        ]
      },
      "id": "node/5777208599"
    },
    {
      "type": "Feature",
      "properties": {
        "@id": "node/5789957309",
        "amenity": "waste_basket",
        "check_date": "2026-04-07"
      },
      "geometry": {
        "type": "Point",
        "coordinates": [
          2.506704,
          48.9724125
        ]
      },
      "id": "node/5789957309"
    },
    {
      "type": "Feature",
      "properties": {
        "@id": "node/5874311794",
        "amenity": "waste_basket"
      },
      "geometry": {
        "type": "Point",
        "coordinates": [
          2.3573922,
          48.917364
        ]
      },
      "id": "node/5874311794"
    },
    {
      "type": "Feature",
      "properties": {
        "@id": "node/5874311796",
        "amenity": "waste_basket"
      },
      "geometry": {
        "type": "Point",
        "coordinates": [
          2.3577542,
          48.9173701
        ]
      },
      "id": "node/5874311796"
    },
    {
      "type": "Feature",
      "properties": {
        "@id": "node/5941308186",
        "amenity": "waste_basket"
      },
      "geometry": {
        "type": "Point",
        "coordinates": [
          2.3281299,
          48.9156284
        ]
      },
      "id": "node/5941308186"
    },
    {
      "type": "Feature",
      "properties": {
        "@id": "node/6023422018",
        "amenity": "waste_basket",
        "check_date": "2025-09-02",
        "level": "0"
      },
      "geometry": {
        "type": "Point",
        "coordinates": [
          2.3223997,
          48.9054311
        ]
      },
      "id": "node/6023422018"
    },
    {
      "type": "Feature",
      "properties": {
        "@id": "node/6096227902",
        "amenity": "waste_basket"
      },
      "geometry": {
        "type": "Point",
        "coordinates": [
          2.3026251,
          48.9541846
        ]
      },
      "id": "node/6096227902"
    },
    {
      "type": "Feature",
      "properties": {
        "@id": "node/6118675086",
        "amenity": "waste_basket"
      },
      "geometry": {
        "type": "Point",
        "coordinates": [
          2.3666248,
          48.9067818
        ]
      },
      "id": "node/6118675086"
    },
    {
      "type": "Feature",
      "properties": {
        "@id": "node/6118675087",
        "amenity": "waste_basket",
        "check_date": "2026-02-11",
        "waste": "poubelle"
      },
      "geometry": {
        "type": "Point",
        "coordinates": [
          2.3665875,
          48.9065406
        ]
      },
      "id": "node/6118675087"
    },
    {
      "type": "Feature",
      "properties": {
        "@id": "node/6118689785",
        "amenity": "waste_basket",
        "check_date": "2025-01-15",
        "waste": "poubelle"
      },
      "geometry": {
        "type": "Point",
        "coordinates": [
          2.3646643,
          48.9065626
        ]
      },
      "id": "node/6118689785"
    },
    {
      "type": "Feature",
      "properties": {
        "@id": "node/6118689786",
        "amenity": "waste_basket",
        "check_date": "2026-02-11",
        "waste": "poubelle"
      },
      "geometry": {
        "type": "Point",
        "coordinates": [
          2.365034,
          48.9065142
        ]
      },
      "id": "node/6118689786"
    },
    {
      "type": "Feature",
      "properties": {
        "@id": "node/6118689885",
        "amenity": "waste_basket",
        "check_date": "2026-02-11",
        "waste": "poubelle"
      },
      "geometry": {
        "type": "Point",
        "coordinates": [
          2.3650059,
          48.906612
        ]
      },
      "id": "node/6118689885"
    },
    {
      "type": "Feature",
      "properties": {
        "@id": "node/6118846086",
        "amenity": "waste_basket",
        "check_date": "2026-02-10",
        "waste": "poubelle"
      },
      "geometry": {
        "type": "Point",
        "coordinates": [
          2.3636483,
          48.9071755
        ]
      },
      "id": "node/6118846086"
    },
    {
      "type": "Feature",
      "properties": {
        "@id": "node/6118846087",
        "amenity": "waste_basket",
        "check_date": "2026-02-10",
        "waste": "poubelle"
      },
      "geometry": {
        "type": "Point",
        "coordinates": [
          2.3632849,
          48.9071951
        ]
      },
      "id": "node/6118846087"
    },
    {
      "type": "Feature",
      "properties": {
        "@id": "node/6118846088",
        "amenity": "waste_basket",
        "check_date": "2026-02-10",
        "waste": "poubelle"
      },
      "geometry": {
        "type": "Point",
        "coordinates": [
          2.3631378,
          48.9072631
        ]
      },
      "id": "node/6118846088"
    },
    {
      "type": "Feature",
      "properties": {
        "@id": "node/6118846089",
        "amenity": "waste_basket",
        "check_date": "2026-02-11",
        "waste": "poubelle"
      },
      "geometry": {
        "type": "Point",
        "coordinates": [
          2.3625362,
          48.9073062
        ]
      },
      "id": "node/6118846089"
    },
    {
      "type": "Feature",
      "properties": {
        "@id": "node/6118909285",
        "amenity": "waste_basket",
        "check_date": "2026-02-21",
        "waste": "poubelle"
      },
      "geometry": {
        "type": "Point",
        "coordinates": [
          2.3608799,
          48.9068973
        ]
      },
      "id": "node/6118909285"
    },
    {
      "type": "Feature",
      "properties": {
        "@id": "node/6118941788",
        "amenity": "waste_basket",
        "waste": "poubelle"
      },
      "geometry": {
        "type": "Point",
        "coordinates": [
          2.361307,
          48.9037481
        ]
      },
      "id": "node/6118941788"
    },
    {
      "type": "Feature",
      "properties": {
        "@id": "node/6118950386",
        "amenity": "waste_basket",
        "waste": "poubelle"
      },
      "geometry": {
        "type": "Point",
        "coordinates": [
          2.3621418,
          48.9037204
        ]
      },
      "id": "node/6118950386"
    },
    {
      "type": "Feature",
      "properties": {
        "@id": "node/6134653220",
        "amenity": "waste_basket"
      },
      "geometry": {
        "type": "Point",
        "coordinates": [
          2.4272622,
          48.8511689
        ]
      },
      "id": "node/6134653220"
    },
    {
      "type": "Feature",
      "properties": {
        "@id": "node/6134670014",
        "amenity": "waste_basket"
      },
      "geometry": {
        "type": "Point",
        "coordinates": [
          2.4278326,
          48.8512039
        ]
      },
      "id": "node/6134670014"
    },
    {
      "type": "Feature",
      "properties": {
        "@id": "node/6134670015",
        "amenity": "waste_basket"
      },
      "geometry": {
        "type": "Point",
        "coordinates": [
          2.4278608,
          48.8511066
        ]
      },
      "id": "node/6134670015"
    },
    {
      "type": "Feature",
      "properties": {
        "@id": "node/6134672119",
        "amenity": "waste_basket",
        "check_date": "2025-03-27"
      },
      "geometry": {
        "type": "Point",
        "coordinates": [
          2.4176187,
          48.8526607
        ]
      },
      "id": "node/6134672119"
    },
    {
      "type": "Feature",
      "properties": {
        "@id": "node/6236221880",
        "amenity": "waste_basket"
      },
      "geometry": {
        "type": "Point",
        "coordinates": [
          2.3514558,
          48.945376
        ]
      },
      "id": "node/6236221880"
    },
    {
      "type": "Feature",
      "properties": {
        "@id": "node/6236221881",
        "amenity": "waste_basket"
      },
      "geometry": {
        "type": "Point",
        "coordinates": [
          2.3513177,
          48.9452563
        ]
      },
      "id": "node/6236221881"
    },
    {
      "type": "Feature",
      "properties": {
        "@id": "node/6236221882",
        "amenity": "waste_basket"
      },
      "geometry": {
        "type": "Point",
        "coordinates": [
          2.351723,
          48.9451482
        ]
      },
      "id": "node/6236221882"
    },
    {
      "type": "Feature",
      "properties": {
        "@id": "node/6381723347",
        "amenity": "waste_basket"
      },
      "geometry": {
        "type": "Point",
        "coordinates": [
          2.5720516,
          48.9577251
        ]
      },
      "id": "node/6381723347"
    },
    {
      "type": "Feature",
      "properties": {
        "@id": "node/6381723348",
        "amenity": "waste_basket"
      },
      "geometry": {
        "type": "Point",
        "coordinates": [
          2.5719153,
          48.9577635
        ]
      },
      "id": "node/6381723348"
    },
    {
      "type": "Feature",
      "properties": {
        "@id": "node/6381723349",
        "amenity": "waste_basket"
      },
      "geometry": {
        "type": "Point",
        "coordinates": [
          2.5718763,
          48.9577988
        ]
      },
      "id": "node/6381723349"
    },
    {
      "type": "Feature",
      "properties": {
        "@id": "node/6381723350",
        "amenity": "waste_basket"
      },
      "geometry": {
        "type": "Point",
        "coordinates": [
          2.5725902,
          48.957674
        ]
      },
      "id": "node/6381723350"
    },
    {
      "type": "Feature",
      "properties": {
        "@id": "node/6381723351",
        "amenity": "waste_basket"
      },
      "geometry": {
        "type": "Point",
        "coordinates": [
          2.5726784,
          48.9577311
        ]
      },
      "id": "node/6381723351"
    },
    {
      "type": "Feature",
      "properties": {
        "@id": "node/6381723352",
        "amenity": "waste_basket"
      },
      "geometry": {
        "type": "Point",
        "coordinates": [
          2.5727781,
          48.9577755
        ]
      },
      "id": "node/6381723352"
    },
    {
      "type": "Feature",
      "properties": {
        "@id": "node/6402569657",
        "amenity": "waste_basket"
      },
      "geometry": {
        "type": "Point",
        "coordinates": [
          2.3557706,
          48.9512614
        ]
      },
      "id": "node/6402569657"
    },
    {
      "type": "Feature",
      "properties": {
        "@id": "node/6402569658",
        "amenity": "waste_basket"
      },
      "geometry": {
        "type": "Point",
        "coordinates": [
          2.3555051,
          48.9513296
        ]
      },
      "id": "node/6402569658"
    },
    {
      "type": "Feature",
      "properties": {
        "@id": "node/6563090775",
        "amenity": "waste_basket"
      },
      "geometry": {
        "type": "Point",
        "coordinates": [
          2.4469682,
          48.9092375
        ]
      },
      "id": "node/6563090775"
    },
    {
      "type": "Feature",
      "properties": {
        "@id": "node/6563104397",
        "amenity": "waste_basket"
      },
      "geometry": {
        "type": "Point",
        "coordinates": [
          2.4475107,
          48.9092748
        ]
      },
      "id": "node/6563104397"
    },
    {
      "type": "Feature",
      "properties": {
        "@id": "node/6563173983",
        "amenity": "waste_basket"
      },
      "geometry": {
        "type": "Point",
        "coordinates": [
          2.4462217,
          48.9110988
        ]
      },
      "id": "node/6563173983"
    },
    {
      "type": "Feature",
      "properties": {
        "@id": "node/6604749766",
        "amenity": "waste_basket"
      },
      "geometry": {
        "type": "Point",
        "coordinates": [
          2.4425174,
          48.8620874
        ]
      },
      "id": "node/6604749766"
    },
    {
      "type": "Feature",
      "properties": {
        "@id": "node/6673705567",
        "amenity": "waste_basket",
        "level": "0"
      },
      "geometry": {
        "type": "Point",
        "coordinates": [
          2.3921881,
          48.9545554
        ]
      },
      "id": "node/6673705567"
    },
    {
      "type": "Feature",
      "properties": {
        "@id": "node/6673705568",
        "amenity": "waste_basket",
        "level": "0"
      },
      "geometry": {
        "type": "Point",
        "coordinates": [
          2.3921385,
          48.9547405
        ]
      },
      "id": "node/6673705568"
    },
    {
      "type": "Feature",
      "properties": {
        "@id": "node/6673705569",
        "amenity": "waste_basket",
        "level": "0"
      },
      "geometry": {
        "type": "Point",
        "coordinates": [
          2.3923085,
          48.954676
        ]
      },
      "id": "node/6673705569"
    },
    {
      "type": "Feature",
      "properties": {
        "@id": "node/6673705570",
        "amenity": "waste_basket"
      },
      "geometry": {
        "type": "Point",
        "coordinates": [
          2.3918042,
          48.9543513
        ]
      },
      "id": "node/6673705570"
    },
    {
      "type": "Feature",
      "properties": {
        "@id": "node/6673705571",
        "amenity": "waste_basket"
      },
      "geometry": {
        "type": "Point",
        "coordinates": [
          2.3919682,
          48.9542073
        ]
      },
      "id": "node/6673705571"
    },
    {
      "type": "Feature",
      "properties": {
        "@id": "node/6673705572",
        "amenity": "waste_basket"
      },
      "geometry": {
        "type": "Point",
        "coordinates": [
          2.3916228,
          48.9542705
        ]
      },
      "id": "node/6673705572"
    },
    {
      "type": "Feature",
      "properties": {
        "@id": "node/6673705573",
        "amenity": "waste_basket"
      },
      "geometry": {
        "type": "Point",
        "coordinates": [
          2.3914123,
          48.9544898
        ]
      },
      "id": "node/6673705573"
    },
    {
      "type": "Feature",
      "properties": {
        "@id": "node/6673705574",
        "amenity": "waste_basket"
      },
      "geometry": {
        "type": "Point",
        "coordinates": [
          2.3915058,
          48.9544596
        ]
      },
      "id": "node/6673705574"
    },
    {
      "type": "Feature",
      "properties": {
        "@id": "node/6673705575",
        "amenity": "waste_basket"
      },
      "geometry": {
        "type": "Point",
        "coordinates": [
          2.3914633,
          48.9543705
        ]
      },
      "id": "node/6673705575"
    },
    {
      "type": "Feature",
      "properties": {
        "@id": "node/6673709942",
        "amenity": "waste_basket",
        "level": "0"
      },
      "geometry": {
        "type": "Point",
        "coordinates": [
          2.3923809,
          48.9547434
        ]
      },
      "id": "node/6673709942"
    },
    {
      "type": "Feature",
      "properties": {
        "@id": "node/6673709943",
        "amenity": "waste_basket"
      },
      "geometry": {
        "type": "Point",
        "coordinates": [
          2.3922374,
          48.9548495
        ]
      },
      "id": "node/6673709943"
    },
    {
      "type": "Feature",
      "properties": {
        "@id": "node/6673709944",
        "amenity": "waste_basket"
      },
      "geometry": {
        "type": "Point",
        "coordinates": [
          2.3923993,
          48.9547491
        ]
      },
      "id": "node/6673709944"
    },
    {
      "type": "Feature",
      "properties": {
        "@id": "node/6780495630",
        "amenity": "waste_basket"
      },
      "geometry": {
        "type": "Point",
        "coordinates": [
          2.3710281,
          48.9336434
        ]
      },
      "id": "node/6780495630"
    },
    {
      "type": "Feature",
      "properties": {
        "@id": "node/6780495631",
        "amenity": "waste_basket"
      },
      "geometry": {
        "type": "Point",
        "coordinates": [
          2.3712148,
          48.9336103
        ]
      },
      "id": "node/6780495631"
    },
    {
      "type": "Feature",
      "properties": {
        "@id": "node/6780495632",
        "amenity": "waste_basket"
      },
      "geometry": {
        "type": "Point",
        "coordinates": [
          2.3709912,
          48.9335505
        ]
      },
      "id": "node/6780495632"
    },
    {
      "type": "Feature",
      "properties": {
        "@id": "node/6780495633",
        "amenity": "waste_basket"
      },
      "geometry": {
        "type": "Point",
        "coordinates": [
          2.3711873,
          48.9335187
        ]
      },
      "id": "node/6780495633"
    },
    {
      "type": "Feature",
      "properties": {
        "@id": "node/6792439163",
        "amenity": "waste_basket"
      },
      "geometry": {
        "type": "Point",
        "coordinates": [
          2.5165997,
          48.9075096
        ]
      },
      "id": "node/6792439163"
    },
    {
      "type": "Feature",
      "properties": {
        "@id": "node/6792439164",
        "amenity": "waste_basket"
      },
      "geometry": {
        "type": "Point",
        "coordinates": [
          2.5167536,
          48.9074682
        ]
      },
      "id": "node/6792439164"
    },
    {
      "type": "Feature",
      "properties": {
        "@id": "node/6792439170",
        "amenity": "waste_basket"
      },
      "geometry": {
        "type": "Point",
        "coordinates": [
          2.5166748,
          48.907356
        ]
      },
      "id": "node/6792439170"
    },
    {
      "type": "Feature",
      "properties": {
        "@id": "node/6792439173",
        "amenity": "waste_basket"
      },
      "geometry": {
        "type": "Point",
        "coordinates": [
          2.516529,
          48.9074016
        ]
      },
      "id": "node/6792439173"
    },
    {
      "type": "Feature",
      "properties": {
        "@id": "node/6792439177",
        "amenity": "waste_basket"
      },
      "geometry": {
        "type": "Point",
        "coordinates": [
          2.5166047,
          48.9072584
        ]
      },
      "id": "node/6792439177"
    },
    {
      "type": "Feature",
      "properties": {
        "@id": "node/6815443733",
        "amenity": "waste_basket",
        "check_date": "2026-02-10"
      },
      "geometry": {
        "type": "Point",
        "coordinates": [
          2.3654713,
          48.9069556
        ]
      },
      "id": "node/6815443733"
    },
    {
      "type": "Feature",
      "properties": {
        "@id": "node/6815443734",
        "amenity": "waste_basket"
      },
      "geometry": {
        "type": "Point",
        "coordinates": [
          2.3660494,
          48.9070747
        ]
      },
      "id": "node/6815443734"
    },
    {
      "type": "Feature",
      "properties": {
        "@id": "node/6827961392",
        "amenity": "waste_basket"
      },
      "geometry": {
        "type": "Point",
        "coordinates": [
          2.5313549,
          48.8883664
        ]
      },
      "id": "node/6827961392"
    },
    {
      "type": "Feature",
      "properties": {
        "@id": "node/6827961409",
        "amenity": "waste_basket"
      },
      "geometry": {
        "type": "Point",
        "coordinates": [
          2.5304763,
          48.8886135
        ]
      },
      "id": "node/6827961409"
    },
    {
      "type": "Feature",
      "properties": {
        "@id": "node/6827961414",
        "amenity": "waste_basket"
      },
      "geometry": {
        "type": "Point",
        "coordinates": [
          2.5301737,
          48.8883768
        ]
      },
      "id": "node/6827961414"
    },
    {
      "type": "Feature",
      "properties": {
        "@id": "node/6827961422",
        "amenity": "waste_basket"
      },
      "geometry": {
        "type": "Point",
        "coordinates": [
          2.5306782,
          48.8881389
        ]
      },
      "id": "node/6827961422"
    },
    {
      "type": "Feature",
      "properties": {
        "@id": "node/6827961430",
        "amenity": "waste_basket"
      },
      "geometry": {
        "type": "Point",
        "coordinates": [
          2.5318216,
          48.8878357
        ]
      },
      "id": "node/6827961430"
    },
    {
      "type": "Feature",
      "properties": {
        "@id": "node/6827961432",
        "amenity": "waste_basket"
      },
      "geometry": {
        "type": "Point",
        "coordinates": [
          2.5321696,
          48.8881948
        ]
      },
      "id": "node/6827961432"
    },
    {
      "type": "Feature",
      "properties": {
        "@id": "node/6834324520",
        "amenity": "waste_basket"
      },
      "geometry": {
        "type": "Point",
        "coordinates": [
          2.5315395,
          48.8884381
        ]
      },
      "id": "node/6834324520"
    },
    {
      "type": "Feature",
      "properties": {
        "@id": "node/6834335493",
        "amenity": "waste_basket"
      },
      "geometry": {
        "type": "Point",
        "coordinates": [
          2.5325764,
          48.8886053
        ]
      },
      "id": "node/6834335493"
    },
    {
      "type": "Feature",
      "properties": {
        "@id": "node/6834335500",
        "amenity": "waste_basket"
      },
      "geometry": {
        "type": "Point",
        "coordinates": [
          2.532548,
          48.8884362
        ]
      },
      "id": "node/6834335500"
    },
    {
      "type": "Feature",
      "properties": {
        "@id": "node/6896446516",
        "amenity": "waste_basket"
      },
      "geometry": {
        "type": "Point",
        "coordinates": [
          2.3076847,
          48.9542321
        ]
      },
      "id": "node/6896446516"
    },
    {
      "type": "Feature",
      "properties": {
        "@id": "node/6990897532",
        "amenity": "waste_basket"
      },
      "geometry": {
        "type": "Point",
        "coordinates": [
          2.4278293,
          48.850476
        ]
      },
      "id": "node/6990897532"
    },
    {
      "type": "Feature",
      "properties": {
        "@id": "node/6990912651",
        "amenity": "waste_basket"
      },
      "geometry": {
        "type": "Point",
        "coordinates": [
          2.4279588,
          48.851648
        ]
      },
      "id": "node/6990912651"
    },
    {
      "type": "Feature",
      "properties": {
        "@id": "node/6990949838",
        "amenity": "waste_basket",
        "check_date": "2025-11-24"
      },
      "geometry": {
        "type": "Point",
        "coordinates": [
          2.4281149,
          48.8506788
        ]
      },
      "id": "node/6990949838"
    },
    {
      "type": "Feature",
      "properties": {
        "@id": "node/6990958707",
        "amenity": "waste_basket",
        "survey:date": "2024-11-05"
      },
      "geometry": {
        "type": "Point",
        "coordinates": [
          2.4277404,
          48.849739
        ]
      },
      "id": "node/6990958707"
    },
    {
      "type": "Feature",
      "properties": {
        "@id": "node/6990959441",
        "amenity": "waste_basket"
      },
      "geometry": {
        "type": "Point",
        "coordinates": [
          2.4293615,
          48.8496228
        ]
      },
      "id": "node/6990959441"
    },
    {
      "type": "Feature",
      "properties": {
        "@id": "node/7075113452",
        "amenity": "waste_basket"
      },
      "geometry": {
        "type": "Point",
        "coordinates": [
          2.4207075,
          48.8888711
        ]
      },
      "id": "node/7075113452"
    },
    {
      "type": "Feature",
      "properties": {
        "@id": "node/7075113453",
        "amenity": "waste_basket"
      },
      "geometry": {
        "type": "Point",
        "coordinates": [
          2.4200775,
          48.8888242
        ]
      },
      "id": "node/7075113453"
    },
    {
      "type": "Feature",
      "properties": {
        "@id": "node/7075113454",
        "amenity": "waste_basket"
      },
      "geometry": {
        "type": "Point",
        "coordinates": [
          2.4193968,
          48.8884771
        ]
      },
      "id": "node/7075113454"
    },
    {
      "type": "Feature",
      "properties": {
        "@id": "node/7075113455",
        "amenity": "waste_basket"
      },
      "geometry": {
        "type": "Point",
        "coordinates": [
          2.4194284,
          48.8885045
        ]
      },
      "id": "node/7075113455"
    },
    {
      "type": "Feature",
      "properties": {
        "@id": "node/7075113456",
        "amenity": "waste_basket"
      },
      "geometry": {
        "type": "Point",
        "coordinates": [
          2.4193238,
          48.8885795
        ]
      },
      "id": "node/7075113456"
    },
    {
      "type": "Feature",
      "properties": {
        "@id": "node/7075113457",
        "amenity": "waste_basket"
      },
      "geometry": {
        "type": "Point",
        "coordinates": [
          2.4192865,
          48.8886027
        ]
      },
      "id": "node/7075113457"
    },
    {
      "type": "Feature",
      "properties": {
        "@id": "node/7084089467",
        "amenity": "waste_basket",
        "waste": "trash"
      },
      "geometry": {
        "type": "Point",
        "coordinates": [
          2.4199898,
          48.8875574
        ]
      },
      "id": "node/7084089467"
    },
    {
      "type": "Feature",
      "properties": {
        "@id": "node/7084089468",
        "amenity": "waste_basket",
        "waste": "trash"
      },
      "geometry": {
        "type": "Point",
        "coordinates": [
          2.4203174,
          48.8886144
        ]
      },
      "id": "node/7084089468"
    },
    {
      "type": "Feature",
      "properties": {
        "@id": "node/7084089469",
        "amenity": "waste_basket",
        "waste": "trash"
      },
      "geometry": {
        "type": "Point",
        "coordinates": [
          2.4199314,
          48.8880813
        ]
      },
      "id": "node/7084089469"
    },
    {
      "type": "Feature",
      "properties": {
        "@id": "node/7084089470",
        "amenity": "waste_basket",
        "waste": "trash"
      },
      "geometry": {
        "type": "Point",
        "coordinates": [
          2.4197496,
          48.8878793
        ]
      },
      "id": "node/7084089470"
    },
    {
      "type": "Feature",
      "properties": {
        "@id": "node/7084089471",
        "amenity": "waste_basket",
        "waste": "trash"
      },
      "geometry": {
        "type": "Point",
        "coordinates": [
          2.4203121,
          48.8879711
        ]
      },
      "id": "node/7084089471"
    },
    {
      "type": "Feature",
      "properties": {
        "@id": "node/7084089472",
        "amenity": "waste_basket",
        "waste": "trash"
      },
      "geometry": {
        "type": "Point",
        "coordinates": [
          2.4204422,
          48.8877485
        ]
      },
      "id": "node/7084089472"
    },
    {
      "type": "Feature",
      "properties": {
        "@id": "node/7087053408",
        "amenity": "waste_basket"
      },
      "geometry": {
        "type": "Point",
        "coordinates": [
          2.520732,
          48.9017098
        ]
      },
      "id": "node/7087053408"
    },
    {
      "type": "Feature",
      "properties": {
        "@id": "node/7087053409",
        "amenity": "waste_basket"
      },
      "geometry": {
        "type": "Point",
        "coordinates": [
          2.5208037,
          48.9016763
        ]
      },
      "id": "node/7087053409"
    },
    {
      "type": "Feature",
      "properties": {
        "@id": "node/7087053416",
        "amenity": "waste_basket"
      },
      "geometry": {
        "type": "Point",
        "coordinates": [
          2.5209526,
          48.9018707
        ]
      },
      "id": "node/7087053416"
    },
    {
      "type": "Feature",
      "properties": {
        "@id": "node/7087053417",
        "amenity": "waste_basket"
      },
      "geometry": {
        "type": "Point",
        "coordinates": [
          2.521198,
          48.9018879
        ]
      },
      "id": "node/7087053417"
    },
    {
      "type": "Feature",
      "properties": {
        "@id": "node/7087053418",
        "amenity": "waste_basket"
      },
      "geometry": {
        "type": "Point",
        "coordinates": [
          2.5209787,
          48.9017195
        ]
      },
      "id": "node/7087053418"
    },
    {
      "type": "Feature",
      "properties": {
        "@id": "node/7087053419",
        "amenity": "waste_basket"
      },
      "geometry": {
        "type": "Point",
        "coordinates": [
          2.5209057,
          48.9016635
        ]
      },
      "id": "node/7087053419"
    },
    {
      "type": "Feature",
      "properties": {
        "@id": "node/7087053420",
        "amenity": "waste_basket"
      },
      "geometry": {
        "type": "Point",
        "coordinates": [
          2.5202136,
          48.9019368
        ]
      },
      "id": "node/7087053420"
    },
    {
      "type": "Feature",
      "properties": {
        "@id": "node/7087053421",
        "amenity": "waste_basket"
      },
      "geometry": {
        "type": "Point",
        "coordinates": [
          2.5202774,
          48.9019117
        ]
      },
      "id": "node/7087053421"
    },
    {
      "type": "Feature",
      "properties": {
        "@id": "node/7087053422",
        "amenity": "waste_basket"
      },
      "geometry": {
        "type": "Point",
        "coordinates": [
          2.5204396,
          48.902095
        ]
      },
      "id": "node/7087053422"
    },
    {
      "type": "Feature",
      "properties": {
        "@id": "node/7087053423",
        "amenity": "waste_basket"
      },
      "geometry": {
        "type": "Point",
        "coordinates": [
          2.5203719,
          48.9021197
        ]
      },
      "id": "node/7087053423"
    },
    {
      "type": "Feature",
      "properties": {
        "@id": "node/7088963242",
        "amenity": "waste_basket",
        "waste": "trash"
      },
      "geometry": {
        "type": "Point",
        "coordinates": [
          2.4151494,
          48.8932049
        ]
      },
      "id": "node/7088963242"
    },
    {
      "type": "Feature",
      "properties": {
        "@id": "node/7088963248",
        "amenity": "waste_basket",
        "waste": "trash"
      },
      "geometry": {
        "type": "Point",
        "coordinates": [
          2.4148815,
          48.8928291
        ]
      },
      "id": "node/7088963248"
    },
    {
      "type": "Feature",
      "properties": {
        "@id": "node/7088963249",
        "amenity": "waste_basket",
        "waste": "trash"
      },
      "geometry": {
        "type": "Point",
        "coordinates": [
          2.4154894,
          48.892895
        ]
      },
      "id": "node/7088963249"
    },
    {
      "type": "Feature",
      "properties": {
        "@id": "node/7088963250",
        "amenity": "waste_basket",
        "waste": "trash"
      },
      "geometry": {
        "type": "Point",
        "coordinates": [
          2.4153193,
          48.8932563
        ]
      },
      "id": "node/7088963250"
    },
    {
      "type": "Feature",
      "properties": {
        "@id": "node/7088963252",
        "amenity": "waste_basket",
        "waste": "trash"
      },
      "geometry": {
        "type": "Point",
        "coordinates": [
          2.4151943,
          48.8928663
        ]
      },
      "id": "node/7088963252"
    },
    {
      "type": "Feature",
      "properties": {
        "@id": "node/7139690187",
        "amenity": "waste_basket"
      },
      "geometry": {
        "type": "Point",
        "coordinates": [
          2.4277227,
          48.8531021
        ]
      },
      "id": "node/7139690187"
    },
    {
      "type": "Feature",
      "properties": {
        "@id": "node/7142296671",
        "amenity": "waste_basket"
      },
      "geometry": {
        "type": "Point",
        "coordinates": [
          2.588633,
          48.9457344
        ]
      },
      "id": "node/7142296671"
    },
    {
      "type": "Feature",
      "properties": {
        "@id": "node/7142296672",
        "amenity": "waste_basket"
      },
      "geometry": {
        "type": "Point",
        "coordinates": [
          2.5834214,
          48.9444532
        ]
      },
      "id": "node/7142296672"
    },
    {
      "type": "Feature",
      "properties": {
        "@id": "node/7142296673",
        "amenity": "waste_basket"
      },
      "geometry": {
        "type": "Point",
        "coordinates": [
          2.5795782,
          48.9435143
        ]
      },
      "id": "node/7142296673"
    },
    {
      "type": "Feature",
      "properties": {
        "@id": "node/7149979003",
        "amenity": "waste_basket"
      },
      "geometry": {
        "type": "Point",
        "coordinates": [
          2.566545,
          48.952312
        ]
      },
      "id": "node/7149979003"
    },
    {
      "type": "Feature",
      "properties": {
        "@id": "node/7149979020",
        "amenity": "waste_basket"
      },
      "geometry": {
        "type": "Point",
        "coordinates": [
          2.5655225,
          48.9547477
        ]
      },
      "id": "node/7149979020"
    },
    {
      "type": "Feature",
      "properties": {
        "@id": "node/7149979040",
        "amenity": "waste_basket"
      },
      "geometry": {
        "type": "Point",
        "coordinates": [
          2.5633742,
          48.9570511
        ]
      },
      "id": "node/7149979040"
    },
    {
      "type": "Feature",
      "properties": {
        "@id": "node/7227098260",
        "amenity": "waste_basket"
      },
      "geometry": {
        "type": "Point",
        "coordinates": [
          2.332358,
          48.9062931
        ]
      },
      "id": "node/7227098260"
    },
    {
      "type": "Feature",
      "properties": {
        "@id": "node/7246913359",
        "amenity": "waste_basket"
      },
      "geometry": {
        "type": "Point",
        "coordinates": [
          2.4101503,
          48.8909863
        ]
      },
      "id": "node/7246913359"
    },
    {
      "type": "Feature",
      "properties": {
        "@id": "node/7252517676",
        "amenity": "waste_basket"
      },
      "geometry": {
        "type": "Point",
        "coordinates": [
          2.4136058,
          48.8918643
        ]
      },
      "id": "node/7252517676"
    },
    {
      "type": "Feature",
      "properties": {
        "@id": "node/7252517677",
        "amenity": "waste_basket"
      },
      "geometry": {
        "type": "Point",
        "coordinates": [
          2.4134647,
          48.8918673
        ]
      },
      "id": "node/7252517677"
    },
    {
      "type": "Feature",
      "properties": {
        "@id": "node/7252517678",
        "amenity": "waste_basket"
      },
      "geometry": {
        "type": "Point",
        "coordinates": [
          2.4133511,
          48.8918545
        ]
      },
      "id": "node/7252517678"
    },
    {
      "type": "Feature",
      "properties": {
        "@id": "node/7252517679",
        "amenity": "waste_basket"
      },
      "geometry": {
        "type": "Point",
        "coordinates": [
          2.413207,
          48.8917051
        ]
      },
      "id": "node/7252517679"
    },
    {
      "type": "Feature",
      "properties": {
        "@id": "node/7252517680",
        "amenity": "waste_basket"
      },
      "geometry": {
        "type": "Point",
        "coordinates": [
          2.4137499,
          48.8917406
        ]
      },
      "id": "node/7252517680"
    },
    {
      "type": "Feature",
      "properties": {
        "@id": "node/7255255818",
        "amenity": "waste_basket",
        "material": "metal"
      },
      "geometry": {
        "type": "Point",
        "coordinates": [
          2.4067642,
          48.8950906
        ]
      },
      "id": "node/7255255818"
    },
    {
      "type": "Feature",
      "properties": {
        "@id": "node/7255255819",
        "amenity": "waste_basket",
        "material": "metal"
      },
      "geometry": {
        "type": "Point",
        "coordinates": [
          2.4067651,
          48.8949995
        ]
      },
      "id": "node/7255255819"
    },
    {
      "type": "Feature",
      "properties": {
        "@id": "node/7259136755",
        "amenity": "waste_basket"
      },
      "geometry": {
        "type": "Point",
        "coordinates": [
          2.4220304,
          48.8938494
        ]
      },
      "id": "node/7259136755"
    },
    {
      "type": "Feature",
      "properties": {
        "@id": "node/7259136756",
        "amenity": "waste_basket"
      },
      "geometry": {
        "type": "Point",
        "coordinates": [
          2.4220463,
          48.8941006
        ]
      },
      "id": "node/7259136756"
    },
    {
      "type": "Feature",
      "properties": {
        "@id": "node/7259136757",
        "amenity": "waste_basket"
      },
      "geometry": {
        "type": "Point",
        "coordinates": [
          2.4219467,
          48.8941013
        ]
      },
      "id": "node/7259136757"
    },
    {
      "type": "Feature",
      "properties": {
        "@id": "node/7259136770",
        "amenity": "waste_basket"
      },
      "geometry": {
        "type": "Point",
        "coordinates": [
          2.4229584,
          48.8917487
        ]
      },
      "id": "node/7259136770"
    },
    {
      "type": "Feature",
      "properties": {
        "@id": "node/7276536984",
        "amenity": "waste_basket"
      },
      "geometry": {
        "type": "Point",
        "coordinates": [
          2.3994004,
          48.8934345
        ]
      },
      "id": "node/7276536984"
    },
    {
      "type": "Feature",
      "properties": {
        "@id": "node/7276541085",
        "amenity": "waste_basket"
      },
      "geometry": {
        "type": "Point",
        "coordinates": [
          2.3994193,
          48.8934163
        ]
      },
      "id": "node/7276541085"
    },
    {
      "type": "Feature",
      "properties": {
        "@id": "node/7276541086",
        "amenity": "waste_basket"
      },
      "geometry": {
        "type": "Point",
        "coordinates": [
          2.3991258,
          48.8933522
        ]
      },
      "id": "node/7276541086"
    },
    {
      "type": "Feature",
      "properties": {
        "@id": "node/7472173985",
        "amenity": "waste_basket",
        "waste": "trash"
      },
      "geometry": {
        "type": "Point",
        "coordinates": [
          2.4668283,
          48.8597458
        ]
      },
      "id": "node/7472173985"
    },
    {
      "type": "Feature",
      "properties": {
        "@id": "node/7472173986",
        "amenity": "waste_basket",
        "waste": "trash"
      },
      "geometry": {
        "type": "Point",
        "coordinates": [
          2.4667438,
          48.8598278
        ]
      },
      "id": "node/7472173986"
    },
    {
      "type": "Feature",
      "properties": {
        "@id": "node/7683304001",
        "amenity": "waste_basket"
      },
      "geometry": {
        "type": "Point",
        "coordinates": [
          2.5243988,
          48.9226718
        ]
      },
      "id": "node/7683304001"
    },
    {
      "type": "Feature",
      "properties": {
        "@id": "node/7683304003",
        "amenity": "waste_basket"
      },
      "geometry": {
        "type": "Point",
        "coordinates": [
          2.5241467,
          48.9225079
        ]
      },
      "id": "node/7683304003"
    },
    {
      "type": "Feature",
      "properties": {
        "@id": "node/7747351327",
        "amenity": "waste_basket"
      },
      "geometry": {
        "type": "Point",
        "coordinates": [
          2.4198435,
          48.889526
        ]
      },
      "id": "node/7747351327"
    },
    {
      "type": "Feature",
      "properties": {
        "@id": "node/7833601058",
        "amenity": "waste_basket",
        "colour": "green",
        "material": "metal",
        "waste": "trash"
      },
      "geometry": {
        "type": "Point",
        "coordinates": [
          2.3696867,
          48.9174022
        ]
      },
      "id": "node/7833601058"
    },
    {
      "type": "Feature",
      "properties": {
        "@id": "node/7858485049",
        "amenity": "waste_basket",
        "waste": "trash"
      },
      "geometry": {
        "type": "Point",
        "coordinates": [
          2.3876243,
          48.9172287
        ]
      },
      "id": "node/7858485049"
    },
    {
      "type": "Feature",
      "properties": {
        "@id": "node/7859089156",
        "amenity": "waste_basket",
        "waste": "trash"
      },
      "geometry": {
        "type": "Point",
        "coordinates": [
          2.3784683,
          48.9033892
        ]
      },
      "id": "node/7859089156"
    },
    {
      "type": "Feature",
      "properties": {
        "@id": "node/7897377991",
        "amenity": "waste_basket",
        "waste": "trash"
      },
      "geometry": {
        "type": "Point",
        "coordinates": [
          2.3922495,
          48.9239143
        ]
      },
      "id": "node/7897377991"
    },
    {
      "type": "Feature",
      "properties": {
        "@id": "node/7952951356",
        "amenity": "waste_basket",
        "source": "GPS / BDOrtho IGN 2020",
        "waste": "trash"
      },
      "geometry": {
        "type": "Point",
        "coordinates": [
          2.4262173,
          48.8963103
        ]
      },
      "id": "node/7952951356"
    },
    {
      "type": "Feature",
      "properties": {
        "@id": "node/7984520814",
        "amenity": "waste_basket"
      },
      "geometry": {
        "type": "Point",
        "coordinates": [
          2.5752133,
          48.8658841
        ]
      },
      "id": "node/7984520814"
    },
    {
      "type": "Feature",
      "properties": {
        "@id": "node/8072119776",
        "amenity": "waste_basket",
        "waste": "trash"
      },
      "geometry": {
        "type": "Point",
        "coordinates": [
          2.3607912,
          48.9039278
        ]
      },
      "id": "node/8072119776"
    },
    {
      "type": "Feature",
      "properties": {
        "@id": "node/8171608717",
        "amenity": "waste_basket",
        "survey:date": "2020-11-27"
      },
      "geometry": {
        "type": "Point",
        "coordinates": [
          2.3626222,
          48.9246605
        ]
      },
      "id": "node/8171608717"
    },
    {
      "type": "Feature",
      "properties": {
        "@id": "node/8305910144",
        "amenity": "waste_basket"
      },
      "geometry": {
        "type": "Point",
        "coordinates": [
          2.4143227,
          48.8916445
        ]
      },
      "id": "node/8305910144"
    },
    {
      "type": "Feature",
      "properties": {
        "@id": "node/8305910145",
        "amenity": "waste_basket"
      },
      "geometry": {
        "type": "Point",
        "coordinates": [
          2.4148569,
          48.8916184
        ]
      },
      "id": "node/8305910145"
    },
    {
      "type": "Feature",
      "properties": {
        "@id": "node/8305910146",
        "amenity": "waste_basket"
      },
      "geometry": {
        "type": "Point",
        "coordinates": [
          2.4155373,
          48.8916319
        ]
      },
      "id": "node/8305910146"
    },
    {
      "type": "Feature",
      "properties": {
        "@id": "node/8305910148",
        "amenity": "waste_basket"
      },
      "geometry": {
        "type": "Point",
        "coordinates": [
          2.4160644,
          48.8916106
        ]
      },
      "id": "node/8305910148"
    },
    {
      "type": "Feature",
      "properties": {
        "@id": "node/8397223977",
        "amenity": "waste_basket"
      },
      "geometry": {
        "type": "Point",
        "coordinates": [
          2.5733397,
          48.8638067
        ]
      },
      "id": "node/8397223977"
    },
    {
      "type": "Feature",
      "properties": {
        "@id": "node/8397223982",
        "amenity": "waste_basket"
      },
      "geometry": {
        "type": "Point",
        "coordinates": [
          2.5735477,
          48.863713
        ]
      },
      "id": "node/8397223982"
    },
    {
      "type": "Feature",
      "properties": {
        "@id": "node/8429502673",
        "amenity": "waste_basket"
      },
      "geometry": {
        "type": "Point",
        "coordinates": [
          2.5842918,
          48.9031362
        ]
      },
      "id": "node/8429502673"
    },
    {
      "type": "Feature",
      "properties": {
        "@id": "node/8434544935",
        "amenity": "waste_basket",
        "material": "metal"
      },
      "geometry": {
        "type": "Point",
        "coordinates": [
          2.3923422,
          48.9019202
        ]
      },
      "id": "node/8434544935"
    },
    {
      "type": "Feature",
      "properties": {
        "@id": "node/8481092710",
        "amenity": "waste_basket"
      },
      "geometry": {
        "type": "Point",
        "coordinates": [
          2.4289192,
          48.9073104
        ]
      },
      "id": "node/8481092710"
    },
    {
      "type": "Feature",
      "properties": {
        "@id": "node/8481101621",
        "amenity": "waste_basket"
      },
      "geometry": {
        "type": "Point",
        "coordinates": [
          2.4419643,
          48.9112278
        ]
      },
      "id": "node/8481101621"
    },
    {
      "type": "Feature",
      "properties": {
        "@id": "node/8547019481",
        "amenity": "waste_basket"
      },
      "geometry": {
        "type": "Point",
        "coordinates": [
          2.4801016,
          48.8850932
        ]
      },
      "id": "node/8547019481"
    },
    {
      "type": "Feature",
      "properties": {
        "@id": "node/8547043217",
        "amenity": "waste_basket"
      },
      "geometry": {
        "type": "Point",
        "coordinates": [
          2.4907232,
          48.8834529
        ]
      },
      "id": "node/8547043217"
    },
    {
      "type": "Feature",
      "properties": {
        "@id": "node/8547043224",
        "amenity": "waste_basket"
      },
      "geometry": {
        "type": "Point",
        "coordinates": [
          2.4904246,
          48.8832969
        ]
      },
      "id": "node/8547043224"
    },
    {
      "type": "Feature",
      "properties": {
        "@id": "node/8566153560",
        "amenity": "waste_basket"
      },
      "geometry": {
        "type": "Point",
        "coordinates": [
          2.4796316,
          48.8773289
        ]
      },
      "id": "node/8566153560"
    },
    {
      "type": "Feature",
      "properties": {
        "@id": "node/8587144162",
        "amenity": "waste_basket"
      },
      "geometry": {
        "type": "Point",
        "coordinates": [
          2.5018621,
          48.8847846
        ]
      },
      "id": "node/8587144162"
    },
    {
      "type": "Feature",
      "properties": {
        "@id": "node/8591274966",
        "amenity": "waste_basket"
      },
      "geometry": {
        "type": "Point",
        "coordinates": [
          2.4779255,
          48.8795129
        ]
      },
      "id": "node/8591274966"
    },
    {
      "type": "Feature",
      "properties": {
        "@id": "node/8591291604",
        "amenity": "waste_basket"
      },
      "geometry": {
        "type": "Point",
        "coordinates": [
          2.4790567,
          48.8784922
        ]
      },
      "id": "node/8591291604"
    },
    {
      "type": "Feature",
      "properties": {
        "@id": "node/8626975620",
        "amenity": "waste_basket"
      },
      "geometry": {
        "type": "Point",
        "coordinates": [
          2.4853085,
          48.8706775
        ]
      },
      "id": "node/8626975620"
    },
    {
      "type": "Feature",
      "properties": {
        "@id": "node/8636042161",
        "amenity": "waste_basket"
      },
      "geometry": {
        "type": "Point",
        "coordinates": [
          2.4664347,
          48.8865986
        ]
      },
      "id": "node/8636042161"
    },
    {
      "type": "Feature",
      "properties": {
        "@id": "node/8636042164",
        "amenity": "waste_basket"
      },
      "geometry": {
        "type": "Point",
        "coordinates": [
          2.4668377,
          48.8867454
        ]
      },
      "id": "node/8636042164"
    },
    {
      "type": "Feature",
      "properties": {
        "@id": "node/8636042169",
        "amenity": "waste_basket"
      },
      "geometry": {
        "type": "Point",
        "coordinates": [
          2.4663106,
          48.8863931
        ]
      },
      "id": "node/8636042169"
    },
    {
      "type": "Feature",
      "properties": {
        "@id": "node/8636042174",
        "amenity": "waste_basket"
      },
      "geometry": {
        "type": "Point",
        "coordinates": [
          2.46747,
          48.8865148
        ]
      },
      "id": "node/8636042174"
    },
    {
      "type": "Feature",
      "properties": {
        "@id": "node/8636042177",
        "amenity": "waste_basket"
      },
      "geometry": {
        "type": "Point",
        "coordinates": [
          2.4668612,
          48.8865915
        ]
      },
      "id": "node/8636042177"
    },
    {
      "type": "Feature",
      "properties": {
        "@id": "node/8636042182",
        "amenity": "waste_basket"
      },
      "geometry": {
        "type": "Point",
        "coordinates": [
          2.4672943,
          48.8864107
        ]
      },
      "id": "node/8636042182"
    },
    {
      "type": "Feature",
      "properties": {
        "@id": "node/8636042183",
        "amenity": "waste_basket"
      },
      "geometry": {
        "type": "Point",
        "coordinates": [
          2.4674767,
          48.8862039
        ]
      },
      "id": "node/8636042183"
    },
    {
      "type": "Feature",
      "properties": {
        "@id": "node/8636042184",
        "amenity": "waste_basket"
      },
      "geometry": {
        "type": "Point",
        "coordinates": [
          2.4673782,
          48.8862886
        ]
      },
      "id": "node/8636042184"
    },
    {
      "type": "Feature",
      "properties": {
        "@id": "node/8636042185",
        "amenity": "waste_basket"
      },
      "geometry": {
        "type": "Point",
        "coordinates": [
          2.467185,
          48.886177
        ]
      },
      "id": "node/8636042185"
    },
    {
      "type": "Feature",
      "properties": {
        "@id": "node/8636042186",
        "amenity": "waste_basket"
      },
      "geometry": {
        "type": "Point",
        "coordinates": [
          2.467124,
          48.8860584
        ]
      },
      "id": "node/8636042186"
    },
    {
      "type": "Feature",
      "properties": {
        "@id": "node/8645502817",
        "amenity": "waste_basket"
      },
      "geometry": {
        "type": "Point",
        "coordinates": [
          2.4552069,
          48.8587511
        ]
      },
      "id": "node/8645502817"
    },
    {
      "type": "Feature",
      "properties": {
        "@id": "node/8708771961",
        "amenity": "waste_basket",
        "material": "metal"
      },
      "geometry": {
        "type": "Point",
        "coordinates": [
          2.4021821,
          48.8920979
        ]
      },
      "id": "node/8708771961"
    },
    {
      "type": "Feature",
      "properties": {
        "@id": "node/8708771962",
        "amenity": "waste_basket",
        "material": "metal"
      },
      "geometry": {
        "type": "Point",
        "coordinates": [
          2.4020934,
          48.8923184
        ]
      },
      "id": "node/8708771962"
    },
    {
      "type": "Feature",
      "properties": {
        "@id": "node/8723774376",
        "amenity": "waste_basket",
        "waste": "trash;dog_excrement"
      },
      "geometry": {
        "type": "Point",
        "coordinates": [
          2.3443127,
          48.9192273
        ]
      },
      "id": "node/8723774376"
    },
    {
      "type": "Feature",
      "properties": {
        "@id": "node/8723774378",
        "amenity": "waste_basket",
        "waste": "trash;dog_excrement"
      },
      "geometry": {
        "type": "Point",
        "coordinates": [
          2.344308,
          48.9189162
        ]
      },
      "id": "node/8723774378"
    },
    {
      "type": "Feature",
      "properties": {
        "@id": "node/8723774379",
        "amenity": "waste_basket",
        "waste": "trash;dog_excrement"
      },
      "geometry": {
        "type": "Point",
        "coordinates": [
          2.3443191,
          48.9191348
        ]
      },
      "id": "node/8723774379"
    },
    {
      "type": "Feature",
      "properties": {
        "@id": "node/8723774383",
        "amenity": "waste_basket",
        "waste": "trash;dog_excrement"
      },
      "geometry": {
        "type": "Point",
        "coordinates": [
          2.3443182,
          48.918783
        ]
      },
      "id": "node/8723774383"
    },
    {
      "type": "Feature",
      "properties": {
        "@id": "node/8723774384",
        "amenity": "waste_basket",
        "waste": "trash;dog_excrement"
      },
      "geometry": {
        "type": "Point",
        "coordinates": [
          2.3443194,
          48.9194937
        ]
      },
      "id": "node/8723774384"
    },
    {
      "type": "Feature",
      "properties": {
        "@id": "node/8733852322",
        "amenity": "waste_basket"
      },
      "geometry": {
        "type": "Point",
        "coordinates": [
          2.4525595,
          48.8571984
        ]
      },
      "id": "node/8733852322"
    },
    {
      "type": "Feature",
      "properties": {
        "@id": "node/8736635300",
        "amenity": "waste_basket"
      },
      "geometry": {
        "type": "Point",
        "coordinates": [
          2.4511029,
          48.856118
        ]
      },
      "id": "node/8736635300"
    },
    {
      "type": "Feature",
      "properties": {
        "@id": "node/8736635303",
        "amenity": "waste_basket"
      },
      "geometry": {
        "type": "Point",
        "coordinates": [
          2.451624,
          48.8558682
        ]
      },
      "id": "node/8736635303"
    },
    {
      "type": "Feature",
      "properties": {
        "@id": "node/8736635304",
        "amenity": "waste_basket"
      },
      "geometry": {
        "type": "Point",
        "coordinates": [
          2.4520469,
          48.8560517
        ]
      },
      "id": "node/8736635304"
    },
    {
      "type": "Feature",
      "properties": {
        "@id": "node/8736639293",
        "amenity": "waste_basket"
      },
      "geometry": {
        "type": "Point",
        "coordinates": [
          2.4523659,
          48.8551608
        ]
      },
      "id": "node/8736639293"
    },
    {
      "type": "Feature",
      "properties": {
        "@id": "node/8736639296",
        "amenity": "waste_basket"
      },
      "geometry": {
        "type": "Point",
        "coordinates": [
          2.4515631,
          48.8554037
        ]
      },
      "id": "node/8736639296"
    },
    {
      "type": "Feature",
      "properties": {
        "@id": "node/8736639297",
        "amenity": "waste_basket"
      },
      "geometry": {
        "type": "Point",
        "coordinates": [
          2.4517023,
          48.8555836
        ]
      },
      "id": "node/8736639297"
    },
    {
      "type": "Feature",
      "properties": {
        "@id": "node/8736639299",
        "amenity": "waste_basket"
      },
      "geometry": {
        "type": "Point",
        "coordinates": [
          2.4512341,
          48.8553672
        ]
      },
      "id": "node/8736639299"
    },
    {
      "type": "Feature",
      "properties": {
        "@id": "node/8736639300",
        "amenity": "waste_basket"
      },
      "geometry": {
        "type": "Point",
        "coordinates": [
          2.4507869,
          48.8555111
        ]
      },
      "id": "node/8736639300"
    },
    {
      "type": "Feature",
      "properties": {
        "@id": "node/8736639303",
        "amenity": "waste_basket"
      },
      "geometry": {
        "type": "Point",
        "coordinates": [
          2.4497679,
          48.8564421
        ]
      },
      "id": "node/8736639303"
    },
    {
      "type": "Feature",
      "properties": {
        "@id": "node/8736639309",
        "amenity": "waste_basket"
      },
      "geometry": {
        "type": "Point",
        "coordinates": [
          2.449632,
          48.8561143
        ]
      },
      "id": "node/8736639309"
    },
    {
      "type": "Feature",
      "properties": {
        "@id": "node/8736639310",
        "amenity": "waste_basket"
      },
      "geometry": {
        "type": "Point",
        "coordinates": [
          2.4494738,
          48.8561856
        ]
      },
      "id": "node/8736639310"
    },
    {
      "type": "Feature",
      "properties": {
        "@id": "node/8736639312",
        "amenity": "waste_basket"
      },
      "geometry": {
        "type": "Point",
        "coordinates": [
          2.4491489,
          48.8562987
        ]
      },
      "id": "node/8736639312"
    },
    {
      "type": "Feature",
      "properties": {
        "@id": "node/8736668717",
        "amenity": "waste_basket"
      },
      "geometry": {
        "type": "Point",
        "coordinates": [
          2.4493456,
          48.8566525
        ]
      },
      "id": "node/8736668717"
    },
    {
      "type": "Feature",
      "properties": {
        "@id": "node/8736668719",
        "amenity": "waste_basket"
      },
      "geometry": {
        "type": "Point",
        "coordinates": [
          2.4493407,
          48.856767
        ]
      },
      "id": "node/8736668719"
    },
    {
      "type": "Feature",
      "properties": {
        "@id": "node/8736668720",
        "amenity": "waste_basket"
      },
      "geometry": {
        "type": "Point",
        "coordinates": [
          2.4491822,
          48.8564922
        ]
      },
      "id": "node/8736668720"
    },
    {
      "type": "Feature",
      "properties": {
        "@id": "node/8736668723",
        "amenity": "waste_basket"
      },
      "geometry": {
        "type": "Point",
        "coordinates": [
          2.4492107,
          48.8566359
        ]
      },
      "id": "node/8736668723"
    },
    {
      "type": "Feature",
      "properties": {
        "@id": "node/8736668727",
        "amenity": "waste_basket"
      },
      "geometry": {
        "type": "Point",
        "coordinates": [
          2.4485978,
          48.8580384
        ]
      },
      "id": "node/8736668727"
    },
    {
      "type": "Feature",
      "properties": {
        "@id": "node/8736668729",
        "amenity": "waste_basket"
      },
      "geometry": {
        "type": "Point",
        "coordinates": [
          2.4491614,
          48.8583362
        ]
      },
      "id": "node/8736668729"
    },
    {
      "type": "Feature",
      "properties": {
        "@id": "node/8736668732",
        "amenity": "waste_basket"
      },
      "geometry": {
        "type": "Point",
        "coordinates": [
          2.4491135,
          48.858253
        ]
      },
      "id": "node/8736668732"
    },
    {
      "type": "Feature",
      "properties": {
        "@id": "node/8736668737",
        "amenity": "waste_basket"
      },
      "geometry": {
        "type": "Point",
        "coordinates": [
          2.4511978,
          48.8577657
        ]
      },
      "id": "node/8736668737"
    },
    {
      "type": "Feature",
      "properties": {
        "@id": "node/8736668738",
        "amenity": "waste_basket"
      },
      "geometry": {
        "type": "Point",
        "coordinates": [
          2.4514205,
          48.8581561
        ]
      },
      "id": "node/8736668738"
    },
    {
      "type": "Feature",
      "properties": {
        "@id": "node/8736696540",
        "amenity": "waste_basket"
      },
      "geometry": {
        "type": "Point",
        "coordinates": [
          2.4534116,
          48.855784
        ]
      },
      "id": "node/8736696540"
    },
    {
      "type": "Feature",
      "properties": {
        "@id": "node/8736696542",
        "amenity": "waste_basket"
      },
      "geometry": {
        "type": "Point",
        "coordinates": [
          2.4532112,
          48.8553116
        ]
      },
      "id": "node/8736696542"
    },
    {
      "type": "Feature",
      "properties": {
        "@id": "node/8740180393",
        "amenity": "waste_basket"
      },
      "geometry": {
        "type": "Point",
        "coordinates": [
          2.4531541,
          48.8563984
        ]
      },
      "id": "node/8740180393"
    },
    {
      "type": "Feature",
      "properties": {
        "@id": "node/8740180397",
        "amenity": "waste_basket"
      },
      "geometry": {
        "type": "Point",
        "coordinates": [
          2.4542913,
          48.856
        ]
      },
      "id": "node/8740180397"
    },
    {
      "type": "Feature",
      "properties": {
        "@id": "node/8740180399",
        "amenity": "waste_basket"
      },
      "geometry": {
        "type": "Point",
        "coordinates": [
          2.4566075,
          48.8563467
        ]
      },
      "id": "node/8740180399"
    },
    {
      "type": "Feature",
      "properties": {
        "@id": "node/8740180406",
        "amenity": "waste_basket"
      },
      "geometry": {
        "type": "Point",
        "coordinates": [
          2.4573664,
          48.8561377
        ]
      },
      "id": "node/8740180406"
    },
    {
      "type": "Feature",
      "properties": {
        "@id": "node/8740180407",
        "amenity": "waste_basket"
      },
      "geometry": {
        "type": "Point",
        "coordinates": [
          2.4574139,
          48.8559965
        ]
      },
      "id": "node/8740180407"
    },
    {
      "type": "Feature",
      "properties": {
        "@id": "node/8740180413",
        "amenity": "waste_basket"
      },
      "geometry": {
        "type": "Point",
        "coordinates": [
          2.456147,
          48.8568887
        ]
      },
      "id": "node/8740180413"
    },
    {
      "type": "Feature",
      "properties": {
        "@id": "node/8740188517",
        "amenity": "waste_basket"
      },
      "geometry": {
        "type": "Point",
        "coordinates": [
          2.4551626,
          48.8572762
        ]
      },
      "id": "node/8740188517"
    },
    {
      "type": "Feature",
      "properties": {
        "@id": "node/8740188546",
        "amenity": "waste_basket"
      },
      "geometry": {
        "type": "Point",
        "coordinates": [
          2.4535029,
          48.858348
        ]
      },
      "id": "node/8740188546"
    },
    {
      "type": "Feature",
      "properties": {
        "@id": "node/8740188551",
        "amenity": "waste_basket"
      },
      "geometry": {
        "type": "Point",
        "coordinates": [
          2.453872,
          48.857527
        ]
      },
      "id": "node/8740188551"
    },
    {
      "type": "Feature",
      "properties": {
        "@id": "node/8740188567",
        "amenity": "waste_basket"
      },
      "geometry": {
        "type": "Point",
        "coordinates": [
          2.4530133,
          48.8575943
        ]
      },
      "id": "node/8740188567"
    },
    {
      "type": "Feature",
      "properties": {
        "@id": "node/8740188573",
        "amenity": "waste_basket"
      },
      "geometry": {
        "type": "Point",
        "coordinates": [
          2.4540185,
          48.858512
        ]
      },
      "id": "node/8740188573"
    },
    {
      "type": "Feature",
      "properties": {
        "@id": "node/8740188574",
        "amenity": "waste_basket"
      },
      "geometry": {
        "type": "Point",
        "coordinates": [
          2.4543044,
          48.8588352
        ]
      },
      "id": "node/8740188574"
    },
    {
      "type": "Feature",
      "properties": {
        "@id": "node/8740188577",
        "amenity": "waste_basket"
      },
      "geometry": {
        "type": "Point",
        "coordinates": [
          2.4539036,
          48.8589705
        ]
      },
      "id": "node/8740188577"
    },
    {
      "type": "Feature",
      "properties": {
        "@id": "node/8740188578",
        "amenity": "waste_basket"
      },
      "geometry": {
        "type": "Point",
        "coordinates": [
          2.453054,
          48.8591297
        ]
      },
      "id": "node/8740188578"
    },
    {
      "type": "Feature",
      "properties": {
        "@id": "node/8740188582",
        "amenity": "waste_basket"
      },
      "geometry": {
        "type": "Point",
        "coordinates": [
          2.4528627,
          48.859295
        ]
      },
      "id": "node/8740188582"
    },
    {
      "type": "Feature",
      "properties": {
        "@id": "node/8740188583",
        "amenity": "waste_basket"
      },
      "geometry": {
        "type": "Point",
        "coordinates": [
          2.4529118,
          48.8593685
        ]
      },
      "id": "node/8740188583"
    },
    {
      "type": "Feature",
      "properties": {
        "@id": "node/8740188589",
        "amenity": "waste_basket"
      },
      "geometry": {
        "type": "Point",
        "coordinates": [
          2.4525082,
          48.859415
        ]
      },
      "id": "node/8740188589"
    },
    {
      "type": "Feature",
      "properties": {
        "@id": "node/8740310488",
        "amenity": "waste_basket"
      },
      "geometry": {
        "type": "Point",
        "coordinates": [
          2.4522031,
          48.8591037
        ]
      },
      "id": "node/8740310488"
    },
    {
      "type": "Feature",
      "properties": {
        "@id": "node/8740310497",
        "amenity": "waste_basket"
      },
      "geometry": {
        "type": "Point",
        "coordinates": [
          2.4519475,
          48.8587273
        ]
      },
      "id": "node/8740310497"
    },
    {
      "type": "Feature",
      "properties": {
        "@id": "node/8740310500",
        "amenity": "waste_basket"
      },
      "geometry": {
        "type": "Point",
        "coordinates": [
          2.4519973,
          48.8585425
        ]
      },
      "id": "node/8740310500"
    },
    {
      "type": "Feature",
      "properties": {
        "@id": "node/8740310506",
        "amenity": "waste_basket"
      },
      "geometry": {
        "type": "Point",
        "coordinates": [
          2.4518994,
          48.8582706
        ]
      },
      "id": "node/8740310506"
    },
    {
      "type": "Feature",
      "properties": {
        "@id": "node/8740310507",
        "amenity": "waste_basket"
      },
      "geometry": {
        "type": "Point",
        "coordinates": [
          2.4497568,
          48.8585041
        ]
      },
      "id": "node/8740310507"
    },
    {
      "type": "Feature",
      "properties": {
        "@id": "node/8740310510",
        "amenity": "waste_basket"
      },
      "geometry": {
        "type": "Point",
        "coordinates": [
          2.4528725,
          48.8588955
        ]
      },
      "id": "node/8740310510"
    },
    {
      "type": "Feature",
      "properties": {
        "@id": "node/8740310511",
        "amenity": "waste_basket"
      },
      "geometry": {
        "type": "Point",
        "coordinates": [
          2.4527132,
          48.8588899
        ]
      },
      "id": "node/8740310511"
    },
    {
      "type": "Feature",
      "properties": {
        "@id": "node/8740325726",
        "amenity": "waste_basket"
      },
      "geometry": {
        "type": "Point",
        "coordinates": [
          2.4525995,
          48.8585959
        ]
      },
      "id": "node/8740325726"
    },
    {
      "type": "Feature",
      "properties": {
        "@id": "node/8740325734",
        "amenity": "waste_basket"
      },
      "geometry": {
        "type": "Point",
        "coordinates": [
          2.4543694,
          48.8594966
        ]
      },
      "id": "node/8740325734"
    },
    {
      "type": "Feature",
      "properties": {
        "@id": "node/8740325737",
        "amenity": "waste_basket"
      },
      "geometry": {
        "type": "Point",
        "coordinates": [
          2.4541361,
          48.8593357
        ]
      },
      "id": "node/8740325737"
    },
    {
      "type": "Feature",
      "properties": {
        "@id": "node/8740325738",
        "amenity": "waste_basket"
      },
      "geometry": {
        "type": "Point",
        "coordinates": [
          2.4545902,
          48.8594677
        ]
      },
      "id": "node/8740325738"
    },
    {
      "type": "Feature",
      "properties": {
        "@id": "node/8740325740",
        "amenity": "waste_basket"
      },
      "geometry": {
        "type": "Point",
        "coordinates": [
          2.4546801,
          48.8597459
        ]
      },
      "id": "node/8740325740"
    },
    {
      "type": "Feature",
      "properties": {
        "@id": "node/8740325744",
        "amenity": "waste_basket"
      },
      "geometry": {
        "type": "Point",
        "coordinates": [
          2.4544521,
          48.8591716
        ]
      },
      "id": "node/8740325744"
    },
    {
      "type": "Feature",
      "properties": {
        "@id": "node/8740325746",
        "amenity": "waste_basket"
      },
      "geometry": {
        "type": "Point",
        "coordinates": [
          2.4546663,
          48.8598758
        ]
      },
      "id": "node/8740325746"
    },
    {
      "type": "Feature",
      "properties": {
        "@id": "node/8740325755",
        "amenity": "waste_basket"
      },
      "geometry": {
        "type": "Point",
        "coordinates": [
          2.4547101,
          48.8601218
        ]
      },
      "id": "node/8740325755"
    },
    {
      "type": "Feature",
      "properties": {
        "@id": "node/8740325760",
        "amenity": "waste_basket"
      },
      "geometry": {
        "type": "Point",
        "coordinates": [
          2.4548826,
          48.8604975
        ]
      },
      "id": "node/8740325760"
    },
    {
      "type": "Feature",
      "properties": {
        "@id": "node/8740325763",
        "amenity": "waste_basket"
      },
      "geometry": {
        "type": "Point",
        "coordinates": [
          2.4551546,
          48.8609604
        ]
      },
      "id": "node/8740325763"
    },
    {
      "type": "Feature",
      "properties": {
        "@id": "node/8740325764",
        "amenity": "waste_basket"
      },
      "geometry": {
        "type": "Point",
        "coordinates": [
          2.4554061,
          48.8613405
        ]
      },
      "id": "node/8740325764"
    },
    {
      "type": "Feature",
      "properties": {
        "@id": "node/8740325769",
        "amenity": "waste_basket"
      },
      "geometry": {
        "type": "Point",
        "coordinates": [
          2.4553196,
          48.8616417
        ]
      },
      "id": "node/8740325769"
    },
    {
      "type": "Feature",
      "properties": {
        "@id": "node/8740325772",
        "amenity": "waste_basket"
      },
      "geometry": {
        "type": "Point",
        "coordinates": [
          2.4557471,
          48.861771
        ]
      },
      "id": "node/8740325772"
    },
    {
      "type": "Feature",
      "properties": {
        "@id": "node/8740325773",
        "amenity": "waste_basket"
      },
      "geometry": {
        "type": "Point",
        "coordinates": [
          2.4556256,
          48.8614976
        ]
      },
      "id": "node/8740325773"
    },
    {
      "type": "Feature",
      "properties": {
        "@id": "node/8740325778",
        "amenity": "waste_basket"
      },
      "geometry": {
        "type": "Point",
        "coordinates": [
          2.4560426,
          48.8611184
        ]
      },
      "id": "node/8740325778"
    },
    {
      "type": "Feature",
      "properties": {
        "@id": "node/8740325779",
        "amenity": "waste_basket"
      },
      "geometry": {
        "type": "Point",
        "coordinates": [
          2.4559754,
          48.8609059
        ]
      },
      "id": "node/8740325779"
    },
    {
      "type": "Feature",
      "properties": {
        "@id": "node/8740325785",
        "amenity": "waste_basket"
      },
      "geometry": {
        "type": "Point",
        "coordinates": [
          2.4559264,
          48.860659
        ]
      },
      "id": "node/8740325785"
    },
    {
      "type": "Feature",
      "properties": {
        "@id": "node/8740325786",
        "amenity": "waste_basket"
      },
      "geometry": {
        "type": "Point",
        "coordinates": [
          2.4558795,
          48.8605773
        ]
      },
      "id": "node/8740325786"
    },
    {
      "type": "Feature",
      "properties": {
        "@id": "node/8740325787",
        "amenity": "waste_basket"
      },
      "geometry": {
        "type": "Point",
        "coordinates": [
          2.4558052,
          48.8605966
        ]
      },
      "id": "node/8740325787"
    },
    {
      "type": "Feature",
      "properties": {
        "@id": "node/8740325788",
        "amenity": "waste_basket"
      },
      "geometry": {
        "type": "Point",
        "coordinates": [
          2.4555621,
          48.8600085
        ]
      },
      "id": "node/8740325788"
    },
    {
      "type": "Feature",
      "properties": {
        "@id": "node/8740325792",
        "amenity": "waste_basket"
      },
      "geometry": {
        "type": "Point",
        "coordinates": [
          2.4554143,
          48.8596215
        ]
      },
      "id": "node/8740325792"
    },
    {
      "type": "Feature",
      "properties": {
        "@id": "node/8740325798",
        "amenity": "waste_basket"
      },
      "geometry": {
        "type": "Point",
        "coordinates": [
          2.4554167,
          48.8587215
        ]
      },
      "id": "node/8740325798"
    },
    {
      "type": "Feature",
      "properties": {
        "@id": "node/8740325800",
        "amenity": "waste_basket"
      },
      "geometry": {
        "type": "Point",
        "coordinates": [
          2.4561988,
          48.8586372
        ]
      },
      "id": "node/8740325800"
    },
    {
      "type": "Feature",
      "properties": {
        "@id": "node/8740325803",
        "amenity": "waste_basket"
      },
      "geometry": {
        "type": "Point",
        "coordinates": [
          2.4564576,
          48.8586784
        ]
      },
      "id": "node/8740325803"
    },
    {
      "type": "Feature",
      "properties": {
        "@id": "node/8740325808",
        "amenity": "waste_basket"
      },
      "geometry": {
        "type": "Point",
        "coordinates": [
          2.4564096,
          48.8587428
        ]
      },
      "id": "node/8740325808"
    },
    {
      "type": "Feature",
      "properties": {
        "@id": "node/8740325812",
        "amenity": "waste_basket"
      },
      "geometry": {
        "type": "Point",
        "coordinates": [
          2.4566323,
          48.8588445
        ]
      },
      "id": "node/8740325812"
    },
    {
      "type": "Feature",
      "properties": {
        "@id": "node/8740325813",
        "amenity": "waste_basket"
      },
      "geometry": {
        "type": "Point",
        "coordinates": [
          2.456773,
          48.8589939
        ]
      },
      "id": "node/8740325813"
    },
    {
      "type": "Feature",
      "properties": {
        "@id": "node/8751214058",
        "amenity": "waste_basket"
      },
      "geometry": {
        "type": "Point",
        "coordinates": [
          2.4506331,
          48.8558213
        ]
      },
      "id": "node/8751214058"
    },
    {
      "type": "Feature",
      "properties": {
        "@id": "node/8844375602",
        "amenity": "waste_basket",
        "covered": "no",
        "indoor": "no",
        "leaf_cycle": "deciduous",
        "leaf_type": "broadleaved",
        "material": "metal",
        "waste": "trash"
      },
      "geometry": {
        "type": "Point",
        "coordinates": [
          2.5586439,
          49.0095693
        ]
      },
      "id": "node/8844375602"
    },
    {
      "type": "Feature",
      "properties": {
        "@id": "node/8844375608",
        "amenity": "waste_basket",
        "covered": "no",
        "indoor": "no",
        "leaf_cycle": "deciduous",
        "leaf_type": "broadleaved",
        "material": "metal",
        "waste": "trash"
      },
      "geometry": {
        "type": "Point",
        "coordinates": [
          2.5578296,
          49.0094913
        ]
      },
      "id": "node/8844375608"
    },
    {
      "type": "Feature",
      "properties": {
        "@id": "node/8889861217",
        "amenity": "waste_basket",
        "survey:date": "2021-07-03",
        "waste": "trash"
      },
      "geometry": {
        "type": "Point",
        "coordinates": [
          2.5473064,
          48.9399134
        ]
      },
      "id": "node/8889861217"
    },
    {
      "type": "Feature",
      "properties": {
        "@id": "node/8889964847",
        "amenity": "waste_basket",
        "survey:date": "2021-07-03",
        "waste": "trash"
      },
      "geometry": {
        "type": "Point",
        "coordinates": [
          2.5431948,
          48.9398912
        ]
      },
      "id": "node/8889964847"
    },
    {
      "type": "Feature",
      "properties": {
        "@id": "node/8890096618",
        "amenity": "waste_basket",
        "survey:date": "2021-07-03",
        "waste": "trash"
      },
      "geometry": {
        "type": "Point",
        "coordinates": [
          2.5543627,
          48.9356534
        ]
      },
      "id": "node/8890096618"
    },
    {
      "type": "Feature",
      "properties": {
        "@id": "node/8890162820",
        "amenity": "waste_basket",
        "survey:date": "2021-07-03",
        "waste": "trash"
      },
      "geometry": {
        "type": "Point",
        "coordinates": [
          2.5566452,
          48.9362756
        ]
      },
      "id": "node/8890162820"
    },
    {
      "type": "Feature",
      "properties": {
        "@id": "node/8890162821",
        "amenity": "waste_basket",
        "survey:date": "2021-07-03",
        "waste": "trash"
      },
      "geometry": {
        "type": "Point",
        "coordinates": [
          2.5602716,
          48.9369621
        ]
      },
      "id": "node/8890162821"
    },
    {
      "type": "Feature",
      "properties": {
        "@id": "node/8890177618",
        "amenity": "waste_basket",
        "survey:date": "2021-07-03",
        "waste": "trash"
      },
      "geometry": {
        "type": "Point",
        "coordinates": [
          2.5557786,
          48.9360447
        ]
      },
      "id": "node/8890177618"
    },
    {
      "type": "Feature",
      "properties": {
        "@id": "node/8890177621",
        "amenity": "waste_basket",
        "survey:date": "2021-07-03",
        "waste": "trash"
      },
      "geometry": {
        "type": "Point",
        "coordinates": [
          2.5576213,
          48.9368152
        ]
      },
      "id": "node/8890177621"
    },
    {
      "type": "Feature",
      "properties": {
        "@id": "node/8890199518",
        "amenity": "waste_basket",
        "survey:date": "2021-07-03",
        "waste": "trash"
      },
      "geometry": {
        "type": "Point",
        "coordinates": [
          2.559471,
          48.9367728
        ]
      },
      "id": "node/8890199518"
    },
    {
      "type": "Feature",
      "properties": {
        "@id": "node/8890199519",
        "amenity": "waste_basket",
        "survey:date": "2021-07-03",
        "waste": "trash"
      },
      "geometry": {
        "type": "Point",
        "coordinates": [
          2.5598263,
          48.9368536
        ]
      },
      "id": "node/8890199519"
    },
    {
      "type": "Feature",
      "properties": {
        "@id": "node/8890249617",
        "amenity": "waste_basket",
        "survey:date": "2021-07-03",
        "waste": "trash"
      },
      "geometry": {
        "type": "Point",
        "coordinates": [
          2.5586851,
          48.9369444
        ]
      },
      "id": "node/8890249617"
    },
    {
      "type": "Feature",
      "properties": {
        "@id": "node/9001614342",
        "amenity": "waste_basket"
      },
      "geometry": {
        "type": "Point",
        "coordinates": [
          2.3474229,
          48.9632329
        ]
      },
      "id": "node/9001614342"
    },
    {
      "type": "Feature",
      "properties": {
        "@id": "node/9117485208",
        "amenity": "waste_basket",
        "level": "0"
      },
      "geometry": {
        "type": "Point",
        "coordinates": [
          2.3504875,
          48.918093
        ]
      },
      "id": "node/9117485208"
    },
    {
      "type": "Feature",
      "properties": {
        "@id": "node/9126464674",
        "amenity": "waste_basket"
      },
      "geometry": {
        "type": "Point",
        "coordinates": [
          2.4077901,
          48.8940063
        ]
      },
      "id": "node/9126464674"
    },
    {
      "type": "Feature",
      "properties": {
        "@id": "node/9126464675",
        "amenity": "waste_basket"
      },
      "geometry": {
        "type": "Point",
        "coordinates": [
          2.4053171,
          48.8942797
        ]
      },
      "id": "node/9126464675"
    },
    {
      "type": "Feature",
      "properties": {
        "@id": "node/9134776169",
        "amenity": "waste_basket"
      },
      "geometry": {
        "type": "Point",
        "coordinates": [
          2.3670959,
          48.9088849
        ]
      },
      "id": "node/9134776169"
    },
    {
      "type": "Feature",
      "properties": {
        "@id": "node/9134849723",
        "amenity": "waste_basket"
      },
      "geometry": {
        "type": "Point",
        "coordinates": [
          2.3668203,
          48.908588
        ]
      },
      "id": "node/9134849723"
    },
    {
      "type": "Feature",
      "properties": {
        "@id": "node/9134849725",
        "amenity": "waste_basket"
      },
      "geometry": {
        "type": "Point",
        "coordinates": [
          2.3668292,
          48.9084666
        ]
      },
      "id": "node/9134849725"
    },
    {
      "type": "Feature",
      "properties": {
        "@id": "node/9134849727",
        "amenity": "waste_basket"
      },
      "geometry": {
        "type": "Point",
        "coordinates": [
          2.366821,
          48.9079151
        ]
      },
      "id": "node/9134849727"
    },
    {
      "type": "Feature",
      "properties": {
        "@id": "node/9134849728",
        "amenity": "waste_basket"
      },
      "geometry": {
        "type": "Point",
        "coordinates": [
          2.3692952,
          48.9055609
        ]
      },
      "id": "node/9134849728"
    },
    {
      "type": "Feature",
      "properties": {
        "@id": "node/9134849730",
        "amenity": "waste_basket"
      },
      "geometry": {
        "type": "Point",
        "coordinates": [
          2.3692805,
          48.9055536
        ]
      },
      "id": "node/9134849730"
    },
    {
      "type": "Feature",
      "properties": {
        "@id": "node/9134849733",
        "amenity": "waste_basket"
      },
      "geometry": {
        "type": "Point",
        "coordinates": [
          2.3669967,
          48.9068264
        ]
      },
      "id": "node/9134849733"
    },
    {
      "type": "Feature",
      "properties": {
        "@id": "node/9146785499",
        "amenity": "waste_basket"
      },
      "geometry": {
        "type": "Point",
        "coordinates": [
          2.5780631,
          48.8119796
        ]
      },
      "id": "node/9146785499"
    },
    {
      "type": "Feature",
      "properties": {
        "@id": "node/9146785501",
        "amenity": "waste_basket"
      },
      "geometry": {
        "type": "Point",
        "coordinates": [
          2.5764625,
          48.812391
        ]
      },
      "id": "node/9146785501"
    },
    {
      "type": "Feature",
      "properties": {
        "@id": "node/9146785503",
        "amenity": "waste_basket"
      },
      "geometry": {
        "type": "Point",
        "coordinates": [
          2.5749313,
          48.8131674
        ]
      },
      "id": "node/9146785503"
    },
    {
      "type": "Feature",
      "properties": {
        "@id": "node/9148427698",
        "amenity": "waste_basket",
        "level": "0"
      },
      "geometry": {
        "type": "Point",
        "coordinates": [
          2.3510705,
          48.9177652
        ]
      },
      "id": "node/9148427698"
    },
    {
      "type": "Feature",
      "properties": {
        "@id": "node/9148515536",
        "amenity": "waste_basket",
        "level": "-1"
      },
      "geometry": {
        "type": "Point",
        "coordinates": [
          2.3500841,
          48.9187291
        ]
      },
      "id": "node/9148515536"
    },
    {
      "type": "Feature",
      "properties": {
        "@id": "node/9155115406",
        "amenity": "waste_basket",
        "level": "0"
      },
      "geometry": {
        "type": "Point",
        "coordinates": [
          2.5348592,
          48.9360877
        ]
      },
      "id": "node/9155115406"
    },
    {
      "type": "Feature",
      "properties": {
        "@id": "node/9157706800",
        "amenity": "waste_basket"
      },
      "geometry": {
        "type": "Point",
        "coordinates": [
          2.3668477,
          48.9080216
        ]
      },
      "id": "node/9157706800"
    },
    {
      "type": "Feature",
      "properties": {
        "@id": "node/9157706803",
        "amenity": "waste_basket"
      },
      "geometry": {
        "type": "Point",
        "coordinates": [
          2.3670271,
          48.9070448
        ]
      },
      "id": "node/9157706803"
    },
    {
      "type": "Feature",
      "properties": {
        "@id": "node/9157721591",
        "amenity": "waste_basket"
      },
      "geometry": {
        "type": "Point",
        "coordinates": [
          2.3668299,
          48.9082945
        ]
      },
      "id": "node/9157721591"
    },
    {
      "type": "Feature",
      "properties": {
        "@id": "node/9186665945",
        "amenity": "waste_basket",
        "material": "metal"
      },
      "geometry": {
        "type": "Point",
        "coordinates": [
          2.3670363,
          48.9092682
        ]
      },
      "id": "node/9186665945"
    },
    {
      "type": "Feature",
      "properties": {
        "@id": "node/9186794651",
        "amenity": "waste_basket",
        "level": "0"
      },
      "geometry": {
        "type": "Point",
        "coordinates": [
          2.4857567,
          48.8703784
        ]
      },
      "id": "node/9186794651"
    },
    {
      "type": "Feature",
      "properties": {
        "@id": "node/9186835344",
        "amenity": "waste_basket"
      },
      "geometry": {
        "type": "Point",
        "coordinates": [
          2.366683,
          48.9089696
        ]
      },
      "id": "node/9186835344"
    },
    {
      "type": "Feature",
      "properties": {
        "@id": "node/9186835346",
        "amenity": "waste_basket"
      },
      "geometry": {
        "type": "Point",
        "coordinates": [
          2.3670412,
          48.9081956
        ]
      },
      "id": "node/9186835346"
    },
    {
      "type": "Feature",
      "properties": {
        "@id": "node/9186835347",
        "amenity": "waste_basket"
      },
      "geometry": {
        "type": "Point",
        "coordinates": [
          2.3670411,
          48.9086113
        ]
      },
      "id": "node/9186835347"
    },
    {
      "type": "Feature",
      "properties": {
        "@id": "node/9186835348",
        "amenity": "waste_basket"
      },
      "geometry": {
        "type": "Point",
        "coordinates": [
          2.3670861,
          48.9086225
        ]
      },
      "id": "node/9186835348"
    },
    {
      "type": "Feature",
      "properties": {
        "@id": "node/9186835349",
        "amenity": "waste_basket"
      },
      "geometry": {
        "type": "Point",
        "coordinates": [
          2.366854,
          48.9068988
        ]
      },
      "id": "node/9186835349"
    },
    {
      "type": "Feature",
      "properties": {
        "@id": "node/9186835350",
        "amenity": "waste_basket"
      },
      "geometry": {
        "type": "Point",
        "coordinates": [
          2.3670627,
          48.906755
        ]
      },
      "id": "node/9186835350"
    },
    {
      "type": "Feature",
      "properties": {
        "@id": "node/9186835353",
        "amenity": "waste_basket"
      },
      "geometry": {
        "type": "Point",
        "coordinates": [
          2.3672958,
          48.9090219
        ]
      },
      "id": "node/9186835353"
    },
    {
      "type": "Feature",
      "properties": {
        "@id": "node/9187472503",
        "amenity": "waste_basket"
      },
      "geometry": {
        "type": "Point",
        "coordinates": [
          2.3547146,
          48.917871
        ]
      },
      "id": "node/9187472503"
    },
    {
      "type": "Feature",
      "properties": {
        "@id": "node/9187472509",
        "amenity": "waste_basket"
      },
      "geometry": {
        "type": "Point",
        "coordinates": [
          2.3583289,
          48.9137255
        ]
      },
      "id": "node/9187472509"
    },
    {
      "type": "Feature",
      "properties": {
        "@id": "node/9187472516",
        "amenity": "waste_basket"
      },
      "geometry": {
        "type": "Point",
        "coordinates": [
          2.3547677,
          48.9171474
        ]
      },
      "id": "node/9187472516"
    },
    {
      "type": "Feature",
      "properties": {
        "@id": "node/9187472519",
        "amenity": "waste_basket"
      },
      "geometry": {
        "type": "Point",
        "coordinates": [
          2.35486,
          48.9165241
        ]
      },
      "id": "node/9187472519"
    },
    {
      "type": "Feature",
      "properties": {
        "@id": "node/9187472523",
        "amenity": "waste_basket"
      },
      "geometry": {
        "type": "Point",
        "coordinates": [
          2.3521398,
          48.9183006
        ]
      },
      "id": "node/9187472523"
    },
    {
      "type": "Feature",
      "properties": {
        "@id": "node/9188233882",
        "amenity": "waste_basket"
      },
      "geometry": {
        "type": "Point",
        "coordinates": [
          2.410018,
          48.8915014
        ]
      },
      "id": "node/9188233882"
    },
    {
      "type": "Feature",
      "properties": {
        "@id": "node/9188233883",
        "amenity": "waste_basket"
      },
      "geometry": {
        "type": "Point",
        "coordinates": [
          2.4103149,
          48.8915771
        ]
      },
      "id": "node/9188233883"
    },
    {
      "type": "Feature",
      "properties": {
        "@id": "node/9188233884",
        "amenity": "waste_basket"
      },
      "geometry": {
        "type": "Point",
        "coordinates": [
          2.4126372,
          48.8921343
        ]
      },
      "id": "node/9188233884"
    },
    {
      "type": "Feature",
      "properties": {
        "@id": "node/9188233885",
        "amenity": "waste_basket"
      },
      "geometry": {
        "type": "Point",
        "coordinates": [
          2.4128259,
          48.8919982
        ]
      },
      "id": "node/9188233885"
    },
    {
      "type": "Feature",
      "properties": {
        "@id": "node/9188233886",
        "amenity": "waste_basket"
      },
      "geometry": {
        "type": "Point",
        "coordinates": [
          2.4129618,
          48.8914609
        ]
      },
      "id": "node/9188233886"
    },
    {
      "type": "Feature",
      "properties": {
        "@id": "node/9204222392",
        "amenity": "waste_basket"
      },
      "geometry": {
        "type": "Point",
        "coordinates": [
          2.3565909,
          48.9180773
        ]
      },
      "id": "node/9204222392"
    },
    {
      "type": "Feature",
      "properties": {
        "@id": "node/9204222394",
        "amenity": "waste_basket"
      },
      "geometry": {
        "type": "Point",
        "coordinates": [
          2.3628604,
          48.9153328
        ]
      },
      "id": "node/9204222394"
    },
    {
      "type": "Feature",
      "properties": {
        "@id": "node/9204222395",
        "amenity": "waste_basket"
      },
      "geometry": {
        "type": "Point",
        "coordinates": [
          2.3569922,
          48.9183079
        ]
      },
      "id": "node/9204222395"
    },
    {
      "type": "Feature",
      "properties": {
        "@id": "node/9204222398",
        "amenity": "waste_basket"
      },
      "geometry": {
        "type": "Point",
        "coordinates": [
          2.3664214,
          48.9127904
        ]
      },
      "id": "node/9204222398"
    },
    {
      "type": "Feature",
      "properties": {
        "@id": "node/9204222399",
        "amenity": "waste_basket"
      },
      "geometry": {
        "type": "Point",
        "coordinates": [
          2.3677704,
          48.9126811
        ]
      },
      "id": "node/9204222399"
    },
    {
      "type": "Feature",
      "properties": {
        "@id": "node/9204222406",
        "amenity": "waste_basket"
      },
      "geometry": {
        "type": "Point",
        "coordinates": [
          2.3574742,
          48.9162968
        ]
      },
      "id": "node/9204222406"
    },
    {
      "type": "Feature",
      "properties": {
        "@id": "node/9204222407",
        "amenity": "waste_basket"
      },
      "geometry": {
        "type": "Point",
        "coordinates": [
          2.3675686,
          48.9113845
        ]
      },
      "id": "node/9204222407"
    },
    {
      "type": "Feature",
      "properties": {
        "@id": "node/9204222411",
        "amenity": "waste_basket"
      },
      "geometry": {
        "type": "Point",
        "coordinates": [
          2.3573068,
          48.9180255
        ]
      },
      "id": "node/9204222411"
    },
    {
      "type": "Feature",
      "properties": {
        "@id": "node/9204222412",
        "amenity": "waste_basket"
      },
      "geometry": {
        "type": "Point",
        "coordinates": [
          2.3559088,
          48.9182221
        ]
      },
      "id": "node/9204222412"
    },
    {
      "type": "Feature",
      "properties": {
        "@id": "node/9204222413",
        "amenity": "waste_basket"
      },
      "geometry": {
        "type": "Point",
        "coordinates": [
          2.3548437,
          48.918094
        ]
      },
      "id": "node/9204222413"
    },
    {
      "type": "Feature",
      "properties": {
        "@id": "node/9204222414",
        "amenity": "waste_basket"
      },
      "geometry": {
        "type": "Point",
        "coordinates": [
          2.3655407,
          48.9131337
        ]
      },
      "id": "node/9204222414"
    },
    {
      "type": "Feature",
      "properties": {
        "@id": "node/9204222415",
        "amenity": "waste_basket"
      },
      "geometry": {
        "type": "Point",
        "coordinates": [
          2.3572501,
          48.9160778
        ]
      },
      "id": "node/9204222415"
    },
    {
      "type": "Feature",
      "properties": {
        "@id": "node/9205010852",
        "amenity": "waste_basket",
        "covered": "no",
        "indoor": "no",
        "material": "metal",
        "waste": "trash"
      },
      "geometry": {
        "type": "Point",
        "coordinates": [
          2.3608257,
          48.9138553
        ]
      },
      "id": "node/9205010852"
    },
    {
      "type": "Feature",
      "properties": {
        "@id": "node/9205010857",
        "amenity": "waste_basket"
      },
      "geometry": {
        "type": "Point",
        "coordinates": [
          2.3660463,
          48.9112699
        ]
      },
      "id": "node/9205010857"
    },
    {
      "type": "Feature",
      "properties": {
        "@id": "node/9205010858",
        "amenity": "waste_basket"
      },
      "geometry": {
        "type": "Point",
        "coordinates": [
          2.3646713,
          48.9134332
        ]
      },
      "id": "node/9205010858"
    },
    {
      "type": "Feature",
      "properties": {
        "@id": "node/9205010861",
        "amenity": "waste_basket"
      },
      "geometry": {
        "type": "Point",
        "coordinates": [
          2.3579896,
          48.9146307
        ]
      },
      "id": "node/9205010861"
    },
    {
      "type": "Feature",
      "properties": {
        "@id": "node/9205010862",
        "amenity": "waste_basket"
      },
      "geometry": {
        "type": "Point",
        "coordinates": [
          2.3642405,
          48.9135706
        ]
      },
      "id": "node/9205010862"
    },
    {
      "type": "Feature",
      "properties": {
        "@id": "node/9205010866",
        "amenity": "waste_basket"
      },
      "geometry": {
        "type": "Point",
        "coordinates": [
          2.3662485,
          48.9118119
        ]
      },
      "id": "node/9205010866"
    },
    {
      "type": "Feature",
      "properties": {
        "@id": "node/9205010868",
        "amenity": "waste_basket"
      },
      "geometry": {
        "type": "Point",
        "coordinates": [
          2.3662557,
          48.9126671
        ]
      },
      "id": "node/9205010868"
    },
    {
      "type": "Feature",
      "properties": {
        "@id": "node/9205010872",
        "amenity": "waste_basket"
      },
      "geometry": {
        "type": "Point",
        "coordinates": [
          2.354898,
          48.9159398
        ]
      },
      "id": "node/9205010872"
    },
    {
      "type": "Feature",
      "properties": {
        "@id": "node/9205010873",
        "amenity": "waste_basket"
      },
      "geometry": {
        "type": "Point",
        "coordinates": [
          2.3577305,
          48.9147072
        ]
      },
      "id": "node/9205010873"
    },
    {
      "type": "Feature",
      "properties": {
        "@id": "node/9205010879",
        "amenity": "waste_basket"
      },
      "geometry": {
        "type": "Point",
        "coordinates": [
          2.3546424,
          48.9171337
        ]
      },
      "id": "node/9205010879"
    },
    {
      "type": "Feature",
      "properties": {
        "@id": "node/9205010882",
        "amenity": "waste_basket"
      },
      "geometry": {
        "type": "Point",
        "coordinates": [
          2.3578741,
          48.9147111
        ]
      },
      "id": "node/9205010882"
    },
    {
      "type": "Feature",
      "properties": {
        "@id": "node/9205010883",
        "amenity": "waste_basket"
      },
      "geometry": {
        "type": "Point",
        "coordinates": [
          2.3653434,
          48.913171
        ]
      },
      "id": "node/9205010883"
    },
    {
      "type": "Feature",
      "properties": {
        "@id": "node/9205118233",
        "amenity": "waste_basket"
      },
      "geometry": {
        "type": "Point",
        "coordinates": [
          2.3647007,
          48.9081634
        ]
      },
      "id": "node/9205118233"
    },
    {
      "type": "Feature",
      "properties": {
        "@id": "node/9205118234",
        "amenity": "waste_basket"
      },
      "geometry": {
        "type": "Point",
        "coordinates": [
          2.3571888,
          48.9172779
        ]
      },
      "id": "node/9205118234"
    },
    {
      "type": "Feature",
      "properties": {
        "@id": "node/9205118236",
        "amenity": "waste_basket"
      },
      "geometry": {
        "type": "Point",
        "coordinates": [
          2.3574774,
          48.9133322
        ]
      },
      "id": "node/9205118236"
    },
    {
      "type": "Feature",
      "properties": {
        "@id": "node/9205118240",
        "amenity": "waste_basket"
      },
      "geometry": {
        "type": "Point",
        "coordinates": [
          2.3584623,
          48.9108058
        ]
      },
      "id": "node/9205118240"
    },
    {
      "type": "Feature",
      "properties": {
        "@id": "node/9205118243",
        "amenity": "waste_basket"
      },
      "geometry": {
        "type": "Point",
        "coordinates": [
          2.3541261,
          48.9206674
        ]
      },
      "id": "node/9205118243"
    },
    {
      "type": "Feature",
      "properties": {
        "@id": "node/9205118249",
        "amenity": "waste_basket"
      },
      "geometry": {
        "type": "Point",
        "coordinates": [
          2.3542225,
          48.9197942
        ]
      },
      "id": "node/9205118249"
    },
    {
      "type": "Feature",
      "properties": {
        "@id": "node/9205118253",
        "amenity": "waste_basket"
      },
      "geometry": {
        "type": "Point",
        "coordinates": [
          2.3544147,
          48.9182577
        ]
      },
      "id": "node/9205118253"
    },
    {
      "type": "Feature",
      "properties": {
        "@id": "node/9205118255",
        "amenity": "waste_basket"
      },
      "geometry": {
        "type": "Point",
        "coordinates": [
          2.3570226,
          48.9192541
        ]
      },
      "id": "node/9205118255"
    },
    {
      "type": "Feature",
      "properties": {
        "@id": "node/9205118259",
        "amenity": "waste_basket"
      },
      "geometry": {
        "type": "Point",
        "coordinates": [
          2.3573849,
          48.9156497
        ]
      },
      "id": "node/9205118259"
    },
    {
      "type": "Feature",
      "properties": {
        "@id": "node/9205118260",
        "amenity": "waste_basket"
      },
      "geometry": {
        "type": "Point",
        "coordinates": [
          2.3544674,
          48.9185511
        ]
      },
      "id": "node/9205118260"
    },
    {
      "type": "Feature",
      "properties": {
        "@id": "node/9205118261",
        "amenity": "waste_basket"
      },
      "geometry": {
        "type": "Point",
        "coordinates": [
          2.3625966,
          48.9091711
        ]
      },
      "id": "node/9205118261"
    },
    {
      "type": "Feature",
      "properties": {
        "@id": "node/9207372938",
        "amenity": "waste_basket"
      },
      "geometry": {
        "type": "Point",
        "coordinates": [
          2.3672229,
          48.9096888
        ]
      },
      "id": "node/9207372938"
    },
    {
      "type": "Feature",
      "properties": {
        "@id": "node/9207372939",
        "amenity": "waste_basket"
      },
      "geometry": {
        "type": "Point",
        "coordinates": [
          2.3667288,
          48.9090461
        ]
      },
      "id": "node/9207372939"
    },
    {
      "type": "Feature",
      "properties": {
        "@id": "node/9209227538",
        "amenity": "waste_basket"
      },
      "geometry": {
        "type": "Point",
        "coordinates": [
          2.3660918,
          48.9109691
        ]
      },
      "id": "node/9209227538"
    },
    {
      "type": "Feature",
      "properties": {
        "@id": "node/9209227543",
        "amenity": "waste_basket"
      },
      "geometry": {
        "type": "Point",
        "coordinates": [
          2.3527947,
          48.9153872
        ]
      },
      "id": "node/9209227543"
    },
    {
      "type": "Feature",
      "properties": {
        "@id": "node/9209227546",
        "amenity": "waste_basket"
      },
      "geometry": {
        "type": "Point",
        "coordinates": [
          2.3582616,
          48.9135298
        ]
      },
      "id": "node/9209227546"
    },
    {
      "type": "Feature",
      "properties": {
        "@id": "node/9209227548",
        "amenity": "waste_basket"
      },
      "geometry": {
        "type": "Point",
        "coordinates": [
          2.3615099,
          48.9128745
        ]
      },
      "id": "node/9209227548"
    },
    {
      "type": "Feature",
      "properties": {
        "@id": "node/9209227549",
        "amenity": "waste_basket"
      },
      "geometry": {
        "type": "Point",
        "coordinates": [
          2.3581888,
          48.915185
        ]
      },
      "id": "node/9209227549"
    },
    {
      "type": "Feature",
      "properties": {
        "@id": "node/9209227550",
        "amenity": "waste_basket"
      },
      "geometry": {
        "type": "Point",
        "coordinates": [
          2.3581654,
          48.9148068
        ]
      },
      "id": "node/9209227550"
    },
    {
      "type": "Feature",
      "properties": {
        "@id": "node/9209227555",
        "amenity": "waste_basket"
      },
      "geometry": {
        "type": "Point",
        "coordinates": [
          2.3574512,
          48.915422
        ]
      },
      "id": "node/9209227555"
    },
    {
      "type": "Feature",
      "properties": {
        "@id": "node/9210376287",
        "amenity": "waste_basket"
      },
      "geometry": {
        "type": "Point",
        "coordinates": [
          2.3618266,
          48.913629
        ]
      },
      "id": "node/9210376287"
    },
    {
      "type": "Feature",
      "properties": {
        "@id": "node/9210376288",
        "amenity": "waste_basket"
      },
      "geometry": {
        "type": "Point",
        "coordinates": [
          2.3582446,
          48.9139222
        ]
      },
      "id": "node/9210376288"
    },
    {
      "type": "Feature",
      "properties": {
        "@id": "node/9210376289",
        "amenity": "waste_basket"
      },
      "geometry": {
        "type": "Point",
        "coordinates": [
          2.3539801,
          48.9171515
        ]
      },
      "id": "node/9210376289"
    },
    {
      "type": "Feature",
      "properties": {
        "@id": "node/9210376291",
        "amenity": "waste_basket"
      },
      "geometry": {
        "type": "Point",
        "coordinates": [
          2.3519368,
          48.917812
        ]
      },
      "id": "node/9210376291"
    },
    {
      "type": "Feature",
      "properties": {
        "@id": "node/9220701416",
        "amenity": "waste_basket"
      },
      "geometry": {
        "type": "Point",
        "coordinates": [
          2.3533878,
          48.9181066
        ]
      },
      "id": "node/9220701416"
    },
    {
      "type": "Feature",
      "properties": {
        "@id": "node/9230045033",
        "amenity": "waste_basket"
      },
      "geometry": {
        "type": "Point",
        "coordinates": [
          2.5794801,
          48.8649971
        ]
      },
      "id": "node/9230045033"
    },
    {
      "type": "Feature",
      "properties": {
        "@id": "node/9230045036",
        "amenity": "waste_basket"
      },
      "geometry": {
        "type": "Point",
        "coordinates": [
          2.5785896,
          48.8648934
        ]
      },
      "id": "node/9230045036"
    },
    {
      "type": "Feature",
      "properties": {
        "@id": "node/9230045132",
        "amenity": "waste_basket"
      },
      "geometry": {
        "type": "Point",
        "coordinates": [
          2.575294,
          48.8649307
        ]
      },
      "id": "node/9230045132"
    },
    {
      "type": "Feature",
      "properties": {
        "@id": "node/9238457207",
        "amenity": "waste_basket",
        "level": "0"
      },
      "geometry": {
        "type": "Point",
        "coordinates": [
          2.3695526,
          48.9621526
        ]
      },
      "id": "node/9238457207"
    },
    {
      "type": "Feature",
      "properties": {
        "@id": "node/9238457211",
        "amenity": "waste_basket",
        "level": "0"
      },
      "geometry": {
        "type": "Point",
        "coordinates": [
          2.3697753,
          48.9622915
        ]
      },
      "id": "node/9238457211"
    },
    {
      "type": "Feature",
      "properties": {
        "@id": "node/9238457216",
        "amenity": "waste_basket",
        "level": "0"
      },
      "geometry": {
        "type": "Point",
        "coordinates": [
          2.3700059,
          48.9624674
        ]
      },
      "id": "node/9238457216"
    },
    {
      "type": "Feature",
      "properties": {
        "@id": "node/9238490922",
        "amenity": "waste_basket",
        "level": "0"
      },
      "geometry": {
        "type": "Point",
        "coordinates": [
          2.3701578,
          48.9625616
        ]
      },
      "id": "node/9238490922"
    },
    {
      "type": "Feature",
      "properties": {
        "@id": "node/9238490927",
        "amenity": "waste_basket",
        "level": "0"
      },
      "geometry": {
        "type": "Point",
        "coordinates": [
          2.3703154,
          48.9626849
        ]
      },
      "id": "node/9238490927"
    },
    {
      "type": "Feature",
      "properties": {
        "@id": "node/9238490945",
        "amenity": "waste_basket",
        "level": "0"
      },
      "geometry": {
        "type": "Point",
        "coordinates": [
          2.3705259,
          48.9630554
        ]
      },
      "id": "node/9238490945"
    },
    {
      "type": "Feature",
      "properties": {
        "@id": "node/9238516066",
        "amenity": "waste_basket",
        "level": "0"
      },
      "geometry": {
        "type": "Point",
        "coordinates": [
          2.3682316,
          48.9612551
        ]
      },
      "id": "node/9238516066"
    },
    {
      "type": "Feature",
      "properties": {
        "@id": "node/9238516074",
        "amenity": "waste_basket",
        "level": "0"
      },
      "geometry": {
        "type": "Point",
        "coordinates": [
          2.3684241,
          48.9614026
        ]
      },
      "id": "node/9238516074"
    },
    {
      "type": "Feature",
      "properties": {
        "@id": "node/9238516079",
        "amenity": "waste_basket",
        "level": "1"
      },
      "geometry": {
        "type": "Point",
        "coordinates": [
          2.3683835,
          48.9614004
        ]
      },
      "id": "node/9238516079"
    },
    {
      "type": "Feature",
      "properties": {
        "@id": "node/9238516080",
        "amenity": "waste_basket",
        "level": "1"
      },
      "geometry": {
        "type": "Point",
        "coordinates": [
          2.368465,
          48.9614174
        ]
      },
      "id": "node/9238516080"
    },
    {
      "type": "Feature",
      "properties": {
        "@id": "node/9238516087",
        "amenity": "waste_basket",
        "level": "0"
      },
      "geometry": {
        "type": "Point",
        "coordinates": [
          2.3684757,
          48.9614103
        ]
      },
      "id": "node/9238516087"
    },
    {
      "type": "Feature",
      "properties": {
        "@id": "node/9238516090",
        "amenity": "waste_basket",
        "level": "0"
      },
      "geometry": {
        "type": "Point",
        "coordinates": [
          2.3686886,
          48.9615691
        ]
      },
      "id": "node/9238516090"
    },
    {
      "type": "Feature",
      "properties": {
        "@id": "node/9238516091",
        "amenity": "waste_basket",
        "level": "0"
      },
      "geometry": {
        "type": "Point",
        "coordinates": [
          2.3689109,
          48.9617137
        ]
      },
      "id": "node/9238516091"
    },
    {
      "type": "Feature",
      "properties": {
        "@id": "node/9238516100",
        "amenity": "waste_basket",
        "level": "0"
      },
      "geometry": {
        "type": "Point",
        "coordinates": [
          2.3692945,
          48.9619868
        ]
      },
      "id": "node/9238516100"
    },
    {
      "type": "Feature",
      "properties": {
        "@id": "node/9238533620",
        "amenity": "waste_basket",
        "level": "1"
      },
      "geometry": {
        "type": "Point",
        "coordinates": [
          2.367885,
          48.960425
        ]
      },
      "id": "node/9238533620"
    },
    {
      "type": "Feature",
      "properties": {
        "@id": "node/9238533626",
        "amenity": "waste_basket",
        "level": "1"
      },
      "geometry": {
        "type": "Point",
        "coordinates": [
          2.367969,
          48.9605849
        ]
      },
      "id": "node/9238533626"
    },
    {
      "type": "Feature",
      "properties": {
        "@id": "node/9238533628",
        "amenity": "waste_basket",
        "level": "1"
      },
      "geometry": {
        "type": "Point",
        "coordinates": [
          2.3681398,
          48.9611816
        ]
      },
      "id": "node/9238533628"
    },
    {
      "type": "Feature",
      "properties": {
        "@id": "node/9241055847",
        "amenity": "waste_basket"
      },
      "geometry": {
        "type": "Point",
        "coordinates": [
          2.3544927,
          48.9164679
        ]
      },
      "id": "node/9241055847"
    },
    {
      "type": "Feature",
      "properties": {
        "@id": "node/9241055848",
        "amenity": "waste_basket"
      },
      "geometry": {
        "type": "Point",
        "coordinates": [
          2.3627932,
          48.913558
        ]
      },
      "id": "node/9241055848"
    },
    {
      "type": "Feature",
      "properties": {
        "@id": "node/9241055849",
        "amenity": "waste_basket"
      },
      "geometry": {
        "type": "Point",
        "coordinates": [
          2.3611584,
          48.9137186
        ]
      },
      "id": "node/9241055849"
    },
    {
      "type": "Feature",
      "properties": {
        "@id": "node/9241055851",
        "amenity": "waste_basket"
      },
      "geometry": {
        "type": "Point",
        "coordinates": [
          2.3568734,
          48.9153417
        ]
      },
      "id": "node/9241055851"
    },
    {
      "type": "Feature",
      "properties": {
        "@id": "node/9241055852",
        "amenity": "waste_basket"
      },
      "geometry": {
        "type": "Point",
        "coordinates": [
          2.3574649,
          48.9152522
        ]
      },
      "id": "node/9241055852"
    },
    {
      "type": "Feature",
      "properties": {
        "@id": "node/9241055855",
        "amenity": "waste_basket"
      },
      "geometry": {
        "type": "Point",
        "coordinates": [
          2.3618028,
          48.9135322
        ]
      },
      "id": "node/9241055855"
    },
    {
      "type": "Feature",
      "properties": {
        "@id": "node/9253868028",
        "amenity": "waste_basket",
        "level": "0"
      },
      "geometry": {
        "type": "Point",
        "coordinates": [
          2.3713189,
          48.9637967
        ]
      },
      "id": "node/9253868028"
    },
    {
      "type": "Feature",
      "properties": {
        "@id": "node/9253868029",
        "amenity": "waste_basket"
      },
      "geometry": {
        "type": "Point",
        "coordinates": [
          2.3713961,
          48.9636687
        ]
      },
      "id": "node/9253868029"
    },
    {
      "type": "Feature",
      "properties": {
        "@id": "node/9255815630",
        "amenity": "waste_basket"
      },
      "geometry": {
        "type": "Point",
        "coordinates": [
          2.3665199,
          48.9113198
        ]
      },
      "id": "node/9255815630"
    },
    {
      "type": "Feature",
      "properties": {
        "@id": "node/9286633529",
        "amenity": "waste_basket"
      },
      "geometry": {
        "type": "Point",
        "coordinates": [
          2.5721779,
          48.8641036
        ]
      },
      "id": "node/9286633529"
    },
    {
      "type": "Feature",
      "properties": {
        "@id": "node/9308012067",
        "amenity": "waste_basket"
      },
      "geometry": {
        "type": "Point",
        "coordinates": [
          2.3642472,
          48.9132884
        ]
      },
      "id": "node/9308012067"
    },
    {
      "type": "Feature",
      "properties": {
        "@id": "node/9308012069",
        "amenity": "waste_basket"
      },
      "geometry": {
        "type": "Point",
        "coordinates": [
          2.363963,
          48.9136533
        ]
      },
      "id": "node/9308012069"
    },
    {
      "type": "Feature",
      "properties": {
        "@id": "node/9319453037",
        "amenity": "waste_basket"
      },
      "geometry": {
        "type": "Point",
        "coordinates": [
          2.5277272,
          48.8452064
        ]
      },
      "id": "node/9319453037"
    },
    {
      "type": "Feature",
      "properties": {
        "@id": "node/9343319925",
        "amenity": "waste_basket",
        "waste": "trash"
      },
      "geometry": {
        "type": "Point",
        "coordinates": [
          2.5174761,
          48.8513112
        ]
      },
      "id": "node/9343319925"
    },
    {
      "type": "Feature",
      "properties": {
        "@id": "node/9343319926",
        "amenity": "waste_basket",
        "waste": "trash"
      },
      "geometry": {
        "type": "Point",
        "coordinates": [
          2.5176715,
          48.8514157
        ]
      },
      "id": "node/9343319926"
    },
    {
      "type": "Feature",
      "properties": {
        "@id": "node/9343330840",
        "amenity": "waste_basket",
        "backrest": "no",
        "material": "concrete",
        "seats": "3",
        "waste": "trash"
      },
      "geometry": {
        "type": "Point",
        "coordinates": [
          2.5203821,
          48.8517765
        ]
      },
      "id": "node/9343330840"
    },
    {
      "type": "Feature",
      "properties": {
        "@id": "node/9343416280",
        "amenity": "waste_basket",
        "waste": "trash"
      },
      "geometry": {
        "type": "Point",
        "coordinates": [
          2.5163536,
          48.8511105
        ]
      },
      "id": "node/9343416280"
    },
    {
      "type": "Feature",
      "properties": {
        "@id": "node/9347066905",
        "amenity": "waste_basket",
        "waste": "trash"
      },
      "geometry": {
        "type": "Point",
        "coordinates": [
          2.515909,
          48.8509601
        ]
      },
      "id": "node/9347066905"
    },
    {
      "type": "Feature",
      "properties": {
        "@id": "node/9353367895",
        "amenity": "waste_basket",
        "colour": "green",
        "material": "metal",
        "waste": "trash"
      },
      "geometry": {
        "type": "Point",
        "coordinates": [
          2.40822,
          48.8972002
        ]
      },
      "id": "node/9353367895"
    },
    {
      "type": "Feature",
      "properties": {
        "@id": "node/9373399680",
        "amenity": "waste_basket"
      },
      "geometry": {
        "type": "Point",
        "coordinates": [
          2.354069,
          48.9152593
        ]
      },
      "id": "node/9373399680"
    },
    {
      "type": "Feature",
      "properties": {
        "@id": "node/9373399685",
        "amenity": "waste_basket"
      },
      "geometry": {
        "type": "Point",
        "coordinates": [
          2.3527802,
          48.9158598
        ]
      },
      "id": "node/9373399685"
    },
    {
      "type": "Feature",
      "properties": {
        "@id": "node/9416068590",
        "amenity": "waste_basket",
        "level": "-3"
      },
      "geometry": {
        "type": "Point",
        "coordinates": [
          2.570724,
          49.0034572
        ]
      },
      "id": "node/9416068590"
    },
    {
      "type": "Feature",
      "properties": {
        "@id": "node/9418253179",
        "amenity": "waste_basket",
        "material": "metal"
      },
      "geometry": {
        "type": "Point",
        "coordinates": [
          2.567652,
          48.8742964
        ]
      },
      "id": "node/9418253179"
    },
    {
      "type": "Feature",
      "properties": {
        "@id": "node/9418273148",
        "amenity": "waste_basket",
        "material": "wood"
      },
      "geometry": {
        "type": "Point",
        "coordinates": [
          2.5679618,
          48.8691388
        ]
      },
      "id": "node/9418273148"
    },
    {
      "type": "Feature",
      "properties": {
        "@id": "node/9573139536",
        "amenity": "waste_basket",
        "waste": "trash"
      },
      "geometry": {
        "type": "Point",
        "coordinates": [
          2.328752,
          48.9045961
        ]
      },
      "id": "node/9573139536"
    },
    {
      "type": "Feature",
      "properties": {
        "@id": "node/9580819232",
        "amenity": "waste_basket"
      },
      "geometry": {
        "type": "Point",
        "coordinates": [
          2.5137571,
          48.973603
        ]
      },
      "id": "node/9580819232"
    },
    {
      "type": "Feature",
      "properties": {
        "@id": "node/9624515805",
        "amenity": "waste_basket"
      },
      "geometry": {
        "type": "Point",
        "coordinates": [
          2.4707506,
          48.867754
        ]
      },
      "id": "node/9624515805"
    },
    {
      "type": "Feature",
      "properties": {
        "@id": "node/9629706365",
        "amenity": "waste_basket"
      },
      "geometry": {
        "type": "Point",
        "coordinates": [
          2.5732433,
          48.8955797
        ]
      },
      "id": "node/9629706365"
    },
    {
      "type": "Feature",
      "properties": {
        "@id": "node/9693046910",
        "amenity": "waste_basket"
      },
      "geometry": {
        "type": "Point",
        "coordinates": [
          2.4307215,
          48.8635558
        ]
      },
      "id": "node/9693046910"
    },
    {
      "type": "Feature",
      "properties": {
        "@id": "node/9693071518",
        "amenity": "waste_basket"
      },
      "geometry": {
        "type": "Point",
        "coordinates": [
          2.4311027,
          48.8625149
        ]
      },
      "id": "node/9693071518"
    },
    {
      "type": "Feature",
      "properties": {
        "@id": "node/9694941485",
        "amenity": "waste_basket"
      },
      "geometry": {
        "type": "Point",
        "coordinates": [
          2.4274873,
          48.8607424
        ]
      },
      "id": "node/9694941485"
    },
    {
      "type": "Feature",
      "properties": {
        "@id": "node/9723057251",
        "amenity": "waste_basket",
        "covered": "no",
        "indoor": "no",
        "waste": "mixed"
      },
      "geometry": {
        "type": "Point",
        "coordinates": [
          2.4485001,
          48.8792784
        ]
      },
      "id": "node/9723057251"
    },
    {
      "type": "Feature",
      "properties": {
        "@id": "node/9731044329",
        "amenity": "waste_basket"
      },
      "geometry": {
        "type": "Point",
        "coordinates": [
          2.4283443,
          48.8611808
        ]
      },
      "id": "node/9731044329"
    },
    {
      "type": "Feature",
      "properties": {
        "@id": "node/9731044330",
        "amenity": "waste_basket"
      },
      "geometry": {
        "type": "Point",
        "coordinates": [
          2.4280817,
          48.8612448
        ]
      },
      "id": "node/9731044330"
    },
    {
      "type": "Feature",
      "properties": {
        "@id": "node/9731044333",
        "amenity": "waste_basket"
      },
      "geometry": {
        "type": "Point",
        "coordinates": [
          2.428686,
          48.8612015
        ]
      },
      "id": "node/9731044333"
    },
    {
      "type": "Feature",
      "properties": {
        "@id": "node/9731044352",
        "amenity": "waste_basket"
      },
      "geometry": {
        "type": "Point",
        "coordinates": [
          2.4284541,
          48.861644
        ]
      },
      "id": "node/9731044352"
    },
    {
      "type": "Feature",
      "properties": {
        "@id": "node/9731044356",
        "amenity": "waste_basket"
      },
      "geometry": {
        "type": "Point",
        "coordinates": [
          2.4287708,
          48.8619381
        ]
      },
      "id": "node/9731044356"
    },
    {
      "type": "Feature",
      "properties": {
        "@id": "node/9732026459",
        "amenity": "waste_basket",
        "material": "metal",
        "waste": "trash"
      },
      "geometry": {
        "type": "Point",
        "coordinates": [
          2.4487941,
          48.879096
        ]
      },
      "id": "node/9732026459"
    },
    {
      "type": "Feature",
      "properties": {
        "@id": "node/9733422215",
        "amenity": "waste_basket"
      },
      "geometry": {
        "type": "Point",
        "coordinates": [
          2.4160635,
          48.8622328
        ]
      },
      "id": "node/9733422215"
    },
    {
      "type": "Feature",
      "properties": {
        "@id": "node/9734074667",
        "amenity": "waste_basket",
        "indoor": "no",
        "waste": "trash"
      },
      "geometry": {
        "type": "Point",
        "coordinates": [
          2.4485141,
          48.8794805
        ]
      },
      "id": "node/9734074667"
    },
    {
      "type": "Feature",
      "properties": {
        "@id": "node/9734091725",
        "amenity": "waste_basket",
        "indoor": "no",
        "waste": "trash"
      },
      "geometry": {
        "type": "Point",
        "coordinates": [
          2.4338998,
          48.8850982
        ]
      },
      "id": "node/9734091725"
    },
    {
      "type": "Feature",
      "properties": {
        "@id": "node/9734091726",
        "amenity": "waste_basket",
        "indoor": "no",
        "waste": "trash"
      },
      "geometry": {
        "type": "Point",
        "coordinates": [
          2.4359389,
          48.8854456
        ]
      },
      "id": "node/9734091726"
    },
    {
      "type": "Feature",
      "properties": {
        "@id": "node/9734091728",
        "amenity": "waste_basket",
        "waste": "trash"
      },
      "geometry": {
        "type": "Point",
        "coordinates": [
          2.4365442,
          48.8853805
        ]
      },
      "id": "node/9734091728"
    },
    {
      "type": "Feature",
      "properties": {
        "@id": "node/9734091729",
        "amenity": "waste_basket",
        "waste": "trash"
      },
      "geometry": {
        "type": "Point",
        "coordinates": [
          2.4338243,
          48.8850872
        ]
      },
      "id": "node/9734091729"
    },
    {
      "type": "Feature",
      "properties": {
        "@id": "node/9735401547",
        "amenity": "waste_basket"
      },
      "geometry": {
        "type": "Point",
        "coordinates": [
          2.4169843,
          48.8645458
        ]
      },
      "id": "node/9735401547"
    },
    {
      "type": "Feature",
      "properties": {
        "@id": "node/9738177979",
        "amenity": "waste_basket"
      },
      "geometry": {
        "type": "Point",
        "coordinates": [
          2.4169844,
          48.8645488
        ]
      },
      "id": "node/9738177979"
    },
    {
      "type": "Feature",
      "properties": {
        "@id": "node/9738177980",
        "amenity": "waste_basket"
      },
      "geometry": {
        "type": "Point",
        "coordinates": [
          2.4168923,
          48.8644615
        ]
      },
      "id": "node/9738177980"
    },
    {
      "type": "Feature",
      "properties": {
        "@id": "node/9738177981",
        "amenity": "waste_basket"
      },
      "geometry": {
        "type": "Point",
        "coordinates": [
          2.4168877,
          48.864464
        ]
      },
      "id": "node/9738177981"
    },
    {
      "type": "Feature",
      "properties": {
        "@id": "node/9738177982",
        "amenity": "waste_basket"
      },
      "geometry": {
        "type": "Point",
        "coordinates": [
          2.4169076,
          48.8643655
        ]
      },
      "id": "node/9738177982"
    },
    {
      "type": "Feature",
      "properties": {
        "@id": "node/9738177983",
        "amenity": "waste_basket"
      },
      "geometry": {
        "type": "Point",
        "coordinates": [
          2.4166761,
          48.8642453
        ]
      },
      "id": "node/9738177983"
    },
    {
      "type": "Feature",
      "properties": {
        "@id": "node/9738177984",
        "amenity": "waste_basket"
      },
      "geometry": {
        "type": "Point",
        "coordinates": [
          2.416533,
          48.8643897
        ]
      },
      "id": "node/9738177984"
    },
    {
      "type": "Feature",
      "properties": {
        "@id": "node/9741159145",
        "amenity": "waste_basket",
        "material": "wood"
      },
      "geometry": {
        "type": "Point",
        "coordinates": [
          2.5013739,
          48.8764411
        ]
      },
      "id": "node/9741159145"
    },
    {
      "type": "Feature",
      "properties": {
        "@id": "node/9741159187",
        "amenity": "waste_basket",
        "material": "wood"
      },
      "geometry": {
        "type": "Point",
        "coordinates": [
          2.5013291,
          48.8732078
        ]
      },
      "id": "node/9741159187"
    },
    {
      "type": "Feature",
      "properties": {
        "@id": "node/9741159188",
        "amenity": "waste_basket",
        "material": "wood"
      },
      "geometry": {
        "type": "Point",
        "coordinates": [
          2.5010683,
          48.8733842
        ]
      },
      "id": "node/9741159188"
    },
    {
      "type": "Feature",
      "properties": {
        "@id": "node/9759500123",
        "amenity": "waste_basket"
      },
      "geometry": {
        "type": "Point",
        "coordinates": [
          2.4467087,
          48.8780316
        ]
      },
      "id": "node/9759500123"
    },
    {
      "type": "Feature",
      "properties": {
        "@id": "node/9759500124",
        "amenity": "waste_basket"
      },
      "geometry": {
        "type": "Point",
        "coordinates": [
          2.446892,
          48.8783581
        ]
      },
      "id": "node/9759500124"
    },
    {
      "type": "Feature",
      "properties": {
        "@id": "node/9773603471",
        "amenity": "waste_basket"
      },
      "geometry": {
        "type": "Point",
        "coordinates": [
          2.3216789,
          48.9031501
        ]
      },
      "id": "node/9773603471"
    },
    {
      "type": "Feature",
      "properties": {
        "@id": "node/9773603478",
        "amenity": "waste_basket"
      },
      "geometry": {
        "type": "Point",
        "coordinates": [
          2.322656,
          48.9033153
        ]
      },
      "id": "node/9773603478"
    },
    {
      "type": "Feature",
      "properties": {
        "@id": "node/9773603479",
        "amenity": "waste_basket",
        "waste": "dog_excrement"
      },
      "geometry": {
        "type": "Point",
        "coordinates": [
          2.322727,
          48.9032012
        ]
      },
      "id": "node/9773603479"
    },
    {
      "type": "Feature",
      "properties": {
        "@id": "node/9773603482",
        "amenity": "waste_basket"
      },
      "geometry": {
        "type": "Point",
        "coordinates": [
          2.3229023,
          48.9033323
        ]
      },
      "id": "node/9773603482"
    },
    {
      "type": "Feature",
      "properties": {
        "@id": "node/9773603483",
        "amenity": "waste_basket"
      },
      "geometry": {
        "type": "Point",
        "coordinates": [
          2.3232299,
          48.9032226
        ]
      },
      "id": "node/9773603483"
    },
    {
      "type": "Feature",
      "properties": {
        "@id": "node/9773603490",
        "amenity": "waste_basket"
      },
      "geometry": {
        "type": "Point",
        "coordinates": [
          2.3237291,
          48.9029603
        ]
      },
      "id": "node/9773603490"
    },
    {
      "type": "Feature",
      "properties": {
        "@id": "node/9775101020",
        "amenity": "waste_basket"
      },
      "geometry": {
        "type": "Point",
        "coordinates": [
          2.3228701,
          48.9029383
        ]
      },
      "id": "node/9775101020"
    },
    {
      "type": "Feature",
      "properties": {
        "@id": "node/9775101021",
        "amenity": "waste_basket"
      },
      "geometry": {
        "type": "Point",
        "coordinates": [
          2.3228728,
          48.9029735
        ]
      },
      "id": "node/9775101021"
    },
    {
      "type": "Feature",
      "properties": {
        "@id": "node/9775101022",
        "amenity": "waste_basket"
      },
      "geometry": {
        "type": "Point",
        "coordinates": [
          2.3228795,
          48.9030105
        ]
      },
      "id": "node/9775101022"
    },
    {
      "type": "Feature",
      "properties": {
        "@id": "node/9775101031",
        "amenity": "waste_basket"
      },
      "geometry": {
        "type": "Point",
        "coordinates": [
          2.322165,
          48.9019906
        ]
      },
      "id": "node/9775101031"
    },
    {
      "type": "Feature",
      "properties": {
        "@id": "node/9775101048",
        "amenity": "waste_basket"
      },
      "geometry": {
        "type": "Point",
        "coordinates": [
          2.3231469,
          48.9021606
        ]
      },
      "id": "node/9775101048"
    },
    {
      "type": "Feature",
      "properties": {
        "@id": "node/9775261093",
        "amenity": "waste_basket"
      },
      "geometry": {
        "type": "Point",
        "coordinates": [
          2.5815399,
          48.8584459
        ]
      },
      "id": "node/9775261093"
    },
    {
      "type": "Feature",
      "properties": {
        "@id": "node/9775273827",
        "amenity": "waste_basket"
      },
      "geometry": {
        "type": "Point",
        "coordinates": [
          2.4162625,
          48.8628638
        ]
      },
      "id": "node/9775273827"
    },
    {
      "type": "Feature",
      "properties": {
        "@id": "node/9775280554",
        "amenity": "waste_basket"
      },
      "geometry": {
        "type": "Point",
        "coordinates": [
          2.4166956,
          48.8648842
        ]
      },
      "id": "node/9775280554"
    },
    {
      "type": "Feature",
      "properties": {
        "@id": "node/9775280555",
        "amenity": "waste_basket"
      },
      "geometry": {
        "type": "Point",
        "coordinates": [
          2.4166903,
          48.8648904
        ]
      },
      "id": "node/9775280555"
    },
    {
      "type": "Feature",
      "properties": {
        "@id": "node/9775280556",
        "amenity": "waste_basket"
      },
      "geometry": {
        "type": "Point",
        "coordinates": [
          2.4166956,
          48.8648901
        ]
      },
      "id": "node/9775280556"
    },
    {
      "type": "Feature",
      "properties": {
        "@id": "node/9776424460",
        "amenity": "waste_basket"
      },
      "geometry": {
        "type": "Point",
        "coordinates": [
          2.3539425,
          48.9170009
        ]
      },
      "id": "node/9776424460"
    },
    {
      "type": "Feature",
      "properties": {
        "@id": "node/9776424464",
        "amenity": "waste_basket"
      },
      "geometry": {
        "type": "Point",
        "coordinates": [
          2.3530644,
          48.9170763
        ]
      },
      "id": "node/9776424464"
    },
    {
      "type": "Feature",
      "properties": {
        "@id": "node/9776888209",
        "amenity": "waste_basket"
      },
      "geometry": {
        "type": "Point",
        "coordinates": [
          2.5578281,
          48.8586063
        ]
      },
      "id": "node/9776888209"
    },
    {
      "type": "Feature",
      "properties": {
        "@id": "node/9776901324",
        "amenity": "waste_basket"
      },
      "geometry": {
        "type": "Point",
        "coordinates": [
          2.560528,
          48.8610319
        ]
      },
      "id": "node/9776901324"
    },
    {
      "type": "Feature",
      "properties": {
        "@id": "node/9779837021",
        "amenity": "waste_basket"
      },
      "geometry": {
        "type": "Point",
        "coordinates": [
          2.4286118,
          48.8618969
        ]
      },
      "id": "node/9779837021"
    },
    {
      "type": "Feature",
      "properties": {
        "@id": "node/9779837022",
        "amenity": "waste_basket"
      },
      "geometry": {
        "type": "Point",
        "coordinates": [
          2.4286407,
          48.8619607
        ]
      },
      "id": "node/9779837022"
    },
    {
      "type": "Feature",
      "properties": {
        "@id": "node/9779837023",
        "amenity": "waste_basket"
      },
      "geometry": {
        "type": "Point",
        "coordinates": [
          2.4287131,
          48.8620206
        ]
      },
      "id": "node/9779837023"
    },
    {
      "type": "Feature",
      "properties": {
        "@id": "node/9782999683",
        "amenity": "waste_basket"
      },
      "geometry": {
        "type": "Point",
        "coordinates": [
          2.3472736,
          48.9065811
        ]
      },
      "id": "node/9782999683"
    },
    {
      "type": "Feature",
      "properties": {
        "@id": "node/9782999686",
        "amenity": "waste_basket"
      },
      "geometry": {
        "type": "Point",
        "coordinates": [
          2.3483173,
          48.9062121
        ]
      },
      "id": "node/9782999686"
    },
    {
      "type": "Feature",
      "properties": {
        "@id": "node/9782999689",
        "amenity": "waste_basket"
      },
      "geometry": {
        "type": "Point",
        "coordinates": [
          2.349515,
          48.9057618
        ]
      },
      "id": "node/9782999689"
    },
    {
      "type": "Feature",
      "properties": {
        "@id": "node/9782999696",
        "amenity": "waste_basket"
      },
      "geometry": {
        "type": "Point",
        "coordinates": [
          2.3506502,
          48.9059193
        ]
      },
      "id": "node/9782999696"
    },
    {
      "type": "Feature",
      "properties": {
        "@id": "node/9782999702",
        "amenity": "waste_basket"
      },
      "geometry": {
        "type": "Point",
        "coordinates": [
          2.3511807,
          48.9058116
        ]
      },
      "id": "node/9782999702"
    },
    {
      "type": "Feature",
      "properties": {
        "@id": "node/9782999704",
        "amenity": "waste_basket"
      },
      "geometry": {
        "type": "Point",
        "coordinates": [
          2.3512698,
          48.9047385
        ]
      },
      "id": "node/9782999704"
    },
    {
      "type": "Feature",
      "properties": {
        "@id": "node/9782999712",
        "amenity": "waste_basket"
      },
      "geometry": {
        "type": "Point",
        "coordinates": [
          2.3495622,
          48.9042476
        ]
      },
      "id": "node/9782999712"
    },
    {
      "type": "Feature",
      "properties": {
        "@id": "node/9782999715",
        "amenity": "waste_basket"
      },
      "geometry": {
        "type": "Point",
        "coordinates": [
          2.3500874,
          48.9050564
        ]
      },
      "id": "node/9782999715"
    },
    {
      "type": "Feature",
      "properties": {
        "@id": "node/9783020318",
        "amenity": "waste_basket"
      },
      "geometry": {
        "type": "Point",
        "coordinates": [
          2.3471807,
          48.9054575
        ]
      },
      "id": "node/9783020318"
    },
    {
      "type": "Feature",
      "properties": {
        "@id": "node/9783157820",
        "amenity": "waste_basket"
      },
      "geometry": {
        "type": "Point",
        "coordinates": [
          2.3539933,
          48.9165981
        ]
      },
      "id": "node/9783157820"
    },
    {
      "type": "Feature",
      "properties": {
        "@id": "node/9783157824",
        "amenity": "waste_basket"
      },
      "geometry": {
        "type": "Point",
        "coordinates": [
          2.3536435,
          48.9166372
        ]
      },
      "id": "node/9783157824"
    },
    {
      "type": "Feature",
      "properties": {
        "@id": "node/9783157826",
        "amenity": "waste_basket"
      },
      "geometry": {
        "type": "Point",
        "coordinates": [
          2.3536095,
          48.9168642
        ]
      },
      "id": "node/9783157826"
    },
    {
      "type": "Feature",
      "properties": {
        "@id": "node/9783157829",
        "amenity": "waste_basket"
      },
      "geometry": {
        "type": "Point",
        "coordinates": [
          2.3533754,
          48.9170136
        ]
      },
      "id": "node/9783157829"
    },
    {
      "type": "Feature",
      "properties": {
        "@id": "node/9783157834",
        "amenity": "waste_basket"
      },
      "geometry": {
        "type": "Point",
        "coordinates": [
          2.3531157,
          48.9166832
        ]
      },
      "id": "node/9783157834"
    },
    {
      "type": "Feature",
      "properties": {
        "@id": "node/9785785320",
        "amenity": "waste_basket"
      },
      "geometry": {
        "type": "Point",
        "coordinates": [
          2.3723069,
          48.9185916
        ]
      },
      "id": "node/9785785320"
    },
    {
      "type": "Feature",
      "properties": {
        "@id": "node/9785802819",
        "amenity": "waste_basket"
      },
      "geometry": {
        "type": "Point",
        "coordinates": [
          2.3724403,
          48.9186157
        ]
      },
      "id": "node/9785802819"
    },
    {
      "type": "Feature",
      "properties": {
        "@id": "node/9785854019",
        "amenity": "waste_basket"
      },
      "geometry": {
        "type": "Point",
        "coordinates": [
          2.35776,
          48.9098841
        ]
      },
      "id": "node/9785854019"
    },
    {
      "type": "Feature",
      "properties": {
        "@id": "node/9785854020",
        "amenity": "waste_basket"
      },
      "geometry": {
        "type": "Point",
        "coordinates": [
          2.3561417,
          48.9098467
        ]
      },
      "id": "node/9785854020"
    },
    {
      "type": "Feature",
      "properties": {
        "@id": "node/9787046337",
        "amenity": "waste_basket",
        "waste": "trash"
      },
      "geometry": {
        "type": "Point",
        "coordinates": [
          2.3780142,
          48.9084116
        ]
      },
      "id": "node/9787046337"
    },
    {
      "type": "Feature",
      "properties": {
        "@id": "node/9787046338",
        "amenity": "waste_basket",
        "waste": "trash"
      },
      "geometry": {
        "type": "Point",
        "coordinates": [
          2.3776753,
          48.9081129
        ]
      },
      "id": "node/9787046338"
    },
    {
      "type": "Feature",
      "properties": {
        "@id": "node/9790586217",
        "amenity": "waste_basket"
      },
      "geometry": {
        "type": "Point",
        "coordinates": [
          2.353399,
          48.9207362
        ]
      },
      "id": "node/9790586217"
    },
    {
      "type": "Feature",
      "properties": {
        "@id": "node/9790586317",
        "amenity": "waste_basket"
      },
      "geometry": {
        "type": "Point",
        "coordinates": [
          2.3532765,
          48.9206572
        ]
      },
      "id": "node/9790586317"
    },
    {
      "type": "Feature",
      "properties": {
        "@id": "node/9790586318",
        "amenity": "waste_basket"
      },
      "geometry": {
        "type": "Point",
        "coordinates": [
          2.3536509,
          48.9207136
        ]
      },
      "id": "node/9790586318"
    },
    {
      "type": "Feature",
      "properties": {
        "@id": "node/9790586320",
        "amenity": "waste_basket"
      },
      "geometry": {
        "type": "Point",
        "coordinates": [
          2.3538274,
          48.9207727
        ]
      },
      "id": "node/9790586320"
    },
    {
      "type": "Feature",
      "properties": {
        "@id": "node/9790586321",
        "amenity": "waste_basket"
      },
      "geometry": {
        "type": "Point",
        "coordinates": [
          2.3540279,
          48.9207477
        ]
      },
      "id": "node/9790586321"
    },
    {
      "type": "Feature",
      "properties": {
        "@id": "node/9794239920",
        "amenity": "waste_basket"
      },
      "geometry": {
        "type": "Point",
        "coordinates": [
          2.3493484,
          48.9043485
        ]
      },
      "id": "node/9794239920"
    },
    {
      "type": "Feature",
      "properties": {
        "@id": "node/9794271720",
        "amenity": "waste_basket"
      },
      "geometry": {
        "type": "Point",
        "coordinates": [
          2.3513732,
          48.9088495
        ]
      },
      "id": "node/9794271720"
    },
    {
      "type": "Feature",
      "properties": {
        "@id": "node/9794271824",
        "amenity": "waste_basket"
      },
      "geometry": {
        "type": "Point",
        "coordinates": [
          2.3482348,
          48.9108259
        ]
      },
      "id": "node/9794271824"
    },
    {
      "type": "Feature",
      "properties": {
        "@id": "node/9794271826",
        "amenity": "waste_basket"
      },
      "geometry": {
        "type": "Point",
        "coordinates": [
          2.3473536,
          48.9106996
        ]
      },
      "id": "node/9794271826"
    },
    {
      "type": "Feature",
      "properties": {
        "@id": "node/9794272024",
        "amenity": "waste_basket"
      },
      "geometry": {
        "type": "Point",
        "coordinates": [
          2.345471,
          48.9091134
        ]
      },
      "id": "node/9794272024"
    },
    {
      "type": "Feature",
      "properties": {
        "@id": "node/9794272221",
        "amenity": "waste_basket"
      },
      "geometry": {
        "type": "Point",
        "coordinates": [
          2.3459759,
          48.9104115
        ]
      },
      "id": "node/9794272221"
    },
    {
      "type": "Feature",
      "properties": {
        "@id": "node/9794272420",
        "amenity": "waste_basket"
      },
      "geometry": {
        "type": "Point",
        "coordinates": [
          2.3508501,
          48.9073586
        ]
      },
      "id": "node/9794272420"
    },
    {
      "type": "Feature",
      "properties": {
        "@id": "node/9794272422",
        "amenity": "waste_basket"
      },
      "geometry": {
        "type": "Point",
        "coordinates": [
          2.3512439,
          48.9080474
        ]
      },
      "id": "node/9794272422"
    },
    {
      "type": "Feature",
      "properties": {
        "@id": "node/9794272423",
        "amenity": "waste_basket"
      },
      "geometry": {
        "type": "Point",
        "coordinates": [
          2.3505338,
          48.9103815
        ]
      },
      "id": "node/9794272423"
    },
    {
      "type": "Feature",
      "properties": {
        "@id": "node/9794272425",
        "amenity": "waste_basket"
      },
      "geometry": {
        "type": "Point",
        "coordinates": [
          2.3445916,
          48.9099058
        ]
      },
      "id": "node/9794272425"
    },
    {
      "type": "Feature",
      "properties": {
        "@id": "node/9794480117",
        "amenity": "waste_basket"
      },
      "geometry": {
        "type": "Point",
        "coordinates": [
          2.3432306,
          48.9059356
        ]
      },
      "id": "node/9794480117"
    },
    {
      "type": "Feature",
      "properties": {
        "@id": "node/9794667474",
        "amenity": "waste_basket"
      },
      "geometry": {
        "type": "Point",
        "coordinates": [
          2.3579932,
          48.9304404
        ]
      },
      "id": "node/9794667474"
    },
    {
      "type": "Feature",
      "properties": {
        "@id": "node/9794667479",
        "amenity": "waste_basket"
      },
      "geometry": {
        "type": "Point",
        "coordinates": [
          2.3582911,
          48.930416
        ]
      },
      "id": "node/9794667479"
    },
    {
      "type": "Feature",
      "properties": {
        "@id": "node/9794767257",
        "amenity": "waste_basket"
      },
      "geometry": {
        "type": "Point",
        "coordinates": [
          2.3587249,
          48.9304372
        ]
      },
      "id": "node/9794767257"
    },
    {
      "type": "Feature",
      "properties": {
        "@id": "node/9794767260",
        "amenity": "waste_basket"
      },
      "geometry": {
        "type": "Point",
        "coordinates": [
          2.3583584,
          48.9304895
        ]
      },
      "id": "node/9794767260"
    },
    {
      "type": "Feature",
      "properties": {
        "@id": "node/9794815957",
        "amenity": "waste_basket"
      },
      "geometry": {
        "type": "Point",
        "coordinates": [
          2.3543411,
          48.9310894
        ]
      },
      "id": "node/9794815957"
    },
    {
      "type": "Feature",
      "properties": {
        "@id": "node/9794815958",
        "amenity": "waste_basket"
      },
      "geometry": {
        "type": "Point",
        "coordinates": [
          2.3517983,
          48.9327785
        ]
      },
      "id": "node/9794815958"
    },
    {
      "type": "Feature",
      "properties": {
        "@id": "node/9794815959",
        "amenity": "waste_basket"
      },
      "geometry": {
        "type": "Point",
        "coordinates": [
          2.3544957,
          48.9309868
        ]
      },
      "id": "node/9794815959"
    },
    {
      "type": "Feature",
      "properties": {
        "@id": "node/9794815962",
        "amenity": "waste_basket"
      },
      "geometry": {
        "type": "Point",
        "coordinates": [
          2.3534715,
          48.9316501
        ]
      },
      "id": "node/9794815962"
    },
    {
      "type": "Feature",
      "properties": {
        "@id": "node/9794815964",
        "amenity": "waste_basket",
        "check_date": "2025-10-29"
      },
      "geometry": {
        "type": "Point",
        "coordinates": [
          2.3548746,
          48.9307205
        ]
      },
      "id": "node/9794815964"
    },
    {
      "type": "Feature",
      "properties": {
        "@id": "node/9794815965",
        "amenity": "waste_basket"
      },
      "geometry": {
        "type": "Point",
        "coordinates": [
          2.3524231,
          48.9323705
        ]
      },
      "id": "node/9794815965"
    },
    {
      "type": "Feature",
      "properties": {
        "@id": "node/9794902769",
        "amenity": "waste_basket"
      },
      "geometry": {
        "type": "Point",
        "coordinates": [
          2.350953,
          48.9369437
        ]
      },
      "id": "node/9794902769"
    },
    {
      "type": "Feature",
      "properties": {
        "@id": "node/9794902770",
        "amenity": "waste_basket"
      },
      "geometry": {
        "type": "Point",
        "coordinates": [
          2.3497938,
          48.9363387
        ]
      },
      "id": "node/9794902770"
    },
    {
      "type": "Feature",
      "properties": {
        "@id": "node/9794902771",
        "amenity": "waste_basket"
      },
      "geometry": {
        "type": "Point",
        "coordinates": [
          2.3511902,
          48.9367139
        ]
      },
      "id": "node/9794902771"
    },
    {
      "type": "Feature",
      "properties": {
        "@id": "node/9794902774",
        "amenity": "waste_basket"
      },
      "geometry": {
        "type": "Point",
        "coordinates": [
          2.3502807,
          48.9343812
        ]
      },
      "id": "node/9794902774"
    },
    {
      "type": "Feature",
      "properties": {
        "@id": "node/9794902775",
        "amenity": "waste_basket"
      },
      "geometry": {
        "type": "Point",
        "coordinates": [
          2.3500812,
          48.937236
        ]
      },
      "id": "node/9794902775"
    },
    {
      "type": "Feature",
      "properties": {
        "@id": "node/9794902777",
        "amenity": "waste_basket"
      },
      "geometry": {
        "type": "Point",
        "coordinates": [
          2.3511067,
          48.9370173
        ]
      },
      "id": "node/9794902777"
    },
    {
      "type": "Feature",
      "properties": {
        "@id": "node/9794902778",
        "amenity": "waste_basket"
      },
      "geometry": {
        "type": "Point",
        "coordinates": [
          2.3509418,
          48.9369048
        ]
      },
      "id": "node/9794902778"
    },
    {
      "type": "Feature",
      "properties": {
        "@id": "node/9794902780",
        "amenity": "waste_basket"
      },
      "geometry": {
        "type": "Point",
        "coordinates": [
          2.3502368,
          48.9349013
        ]
      },
      "id": "node/9794902780"
    },
    {
      "type": "Feature",
      "properties": {
        "@id": "node/9794902785",
        "amenity": "waste_basket"
      },
      "geometry": {
        "type": "Point",
        "coordinates": [
          2.354681,
          48.9364962
        ]
      },
      "id": "node/9794902785"
    },
    {
      "type": "Feature",
      "properties": {
        "@id": "node/9794902787",
        "amenity": "waste_basket"
      },
      "geometry": {
        "type": "Point",
        "coordinates": [
          2.3498122,
          48.9367335
        ]
      },
      "id": "node/9794902787"
    },
    {
      "type": "Feature",
      "properties": {
        "@id": "node/9798946703",
        "amenity": "waste_basket"
      },
      "geometry": {
        "type": "Point",
        "coordinates": [
          2.5758944,
          48.8635073
        ]
      },
      "id": "node/9798946703"
    },
    {
      "type": "Feature",
      "properties": {
        "@id": "node/9805974133",
        "amenity": "waste_basket"
      },
      "geometry": {
        "type": "Point",
        "coordinates": [
          2.5051704,
          48.8825025
        ]
      },
      "id": "node/9805974133"
    },
    {
      "type": "Feature",
      "properties": {
        "@id": "node/9805974134",
        "amenity": "waste_basket"
      },
      "geometry": {
        "type": "Point",
        "coordinates": [
          2.504864,
          48.8828895
        ]
      },
      "id": "node/9805974134"
    },
    {
      "type": "Feature",
      "properties": {
        "@id": "node/9805974135",
        "amenity": "waste_basket"
      },
      "geometry": {
        "type": "Point",
        "coordinates": [
          2.5058183,
          48.882421
        ]
      },
      "id": "node/9805974135"
    },
    {
      "type": "Feature",
      "properties": {
        "@id": "node/9805974136",
        "amenity": "waste_basket"
      },
      "geometry": {
        "type": "Point",
        "coordinates": [
          2.5062229,
          48.8827792
        ]
      },
      "id": "node/9805974136"
    },
    {
      "type": "Feature",
      "properties": {
        "@id": "node/9812631958",
        "amenity": "waste_basket",
        "waste": "mixed"
      },
      "geometry": {
        "type": "Point",
        "coordinates": [
          2.3265474,
          48.915589
        ]
      },
      "id": "node/9812631958"
    },
    {
      "type": "Feature",
      "properties": {
        "@id": "node/9812672346",
        "amenity": "waste_basket",
        "waste": "mixed"
      },
      "geometry": {
        "type": "Point",
        "coordinates": [
          2.3389333,
          48.9091413
        ]
      },
      "id": "node/9812672346"
    },
    {
      "type": "Feature",
      "properties": {
        "@id": "node/9812699073",
        "amenity": "waste_basket"
      },
      "geometry": {
        "type": "Point",
        "coordinates": [
          2.3294562,
          48.9150105
        ]
      },
      "id": "node/9812699073"
    },
    {
      "type": "Feature",
      "properties": {
        "@id": "node/9812699074",
        "amenity": "waste_basket",
        "waste": "mixed"
      },
      "geometry": {
        "type": "Point",
        "coordinates": [
          2.3290876,
          48.9150563
        ]
      },
      "id": "node/9812699074"
    },
    {
      "type": "Feature",
      "properties": {
        "@id": "node/9812699075",
        "amenity": "waste_basket",
        "waste": "mixed"
      },
      "geometry": {
        "type": "Point",
        "coordinates": [
          2.3289415,
          48.9149243
        ]
      },
      "id": "node/9812699075"
    },
    {
      "type": "Feature",
      "properties": {
        "@id": "node/9828362883",
        "amenity": "waste_basket",
        "material": "metal",
        "waste": "mixed"
      },
      "geometry": {
        "type": "Point",
        "coordinates": [
          2.3361506,
          48.9060924
        ]
      },
      "id": "node/9828362883"
    },
    {
      "type": "Feature",
      "properties": {
        "@id": "node/9831362645",
        "amenity": "waste_basket",
        "material": "metal",
        "waste": "mixed"
      },
      "geometry": {
        "type": "Point",
        "coordinates": [
          2.3398965,
          48.9046476
        ]
      },
      "id": "node/9831362645"
    },
    {
      "type": "Feature",
      "properties": {
        "@id": "node/9831412931",
        "amenity": "waste_basket",
        "waste": "mixed"
      },
      "geometry": {
        "type": "Point",
        "coordinates": [
          2.3406195,
          48.9075338
        ]
      },
      "id": "node/9831412931"
    },
    {
      "type": "Feature",
      "properties": {
        "@id": "node/9838487403",
        "amenity": "waste_basket"
      },
      "geometry": {
        "type": "Point",
        "coordinates": [
          2.3719974,
          48.9178434
        ]
      },
      "id": "node/9838487403"
    },
    {
      "type": "Feature",
      "properties": {
        "@id": "node/9838487407",
        "amenity": "waste_basket"
      },
      "geometry": {
        "type": "Point",
        "coordinates": [
          2.3714913,
          48.9177684
        ]
      },
      "id": "node/9838487407"
    },
    {
      "type": "Feature",
      "properties": {
        "@id": "node/9845988104",
        "amenity": "waste_basket",
        "material": "metal",
        "waste": "mixed"
      },
      "geometry": {
        "type": "Point",
        "coordinates": [
          2.3370065,
          48.9065805
        ]
      },
      "id": "node/9845988104"
    },
    {
      "type": "Feature",
      "properties": {
        "@id": "node/9845988105",
        "amenity": "waste_basket",
        "material": "metal",
        "waste": "mixed"
      },
      "geometry": {
        "type": "Point",
        "coordinates": [
          2.3370054,
          48.9065334
        ]
      },
      "id": "node/9845988105"
    },
    {
      "type": "Feature",
      "properties": {
        "@id": "node/9845989178",
        "amenity": "waste_basket",
        "material": "metal",
        "waste": "mixed"
      },
      "geometry": {
        "type": "Point",
        "coordinates": [
          2.3350602,
          48.906849
        ]
      },
      "id": "node/9845989178"
    },
    {
      "type": "Feature",
      "properties": {
        "@id": "node/9846005430",
        "amenity": "waste_basket",
        "material": "metal",
        "waste": "mixed"
      },
      "geometry": {
        "type": "Point",
        "coordinates": [
          2.3384594,
          48.9073206
        ]
      },
      "id": "node/9846005430"
    },
    {
      "type": "Feature",
      "properties": {
        "@id": "node/9846005431",
        "amenity": "waste_basket",
        "material": "metal",
        "waste": "mixed"
      },
      "geometry": {
        "type": "Point",
        "coordinates": [
          2.3386301,
          48.9074313
        ]
      },
      "id": "node/9846005431"
    },
    {
      "type": "Feature",
      "properties": {
        "@id": "node/9846034635",
        "amenity": "waste_basket",
        "material": "metal",
        "waste": "mixed"
      },
      "geometry": {
        "type": "Point",
        "coordinates": [
          2.3400449,
          48.908282
        ]
      },
      "id": "node/9846034635"
    },
    {
      "type": "Feature",
      "properties": {
        "@id": "node/9846034636",
        "amenity": "waste_basket",
        "material": "metal",
        "waste": "mixed"
      },
      "geometry": {
        "type": "Point",
        "coordinates": [
          2.3395941,
          48.9086554
        ]
      },
      "id": "node/9846034636"
    },
    {
      "type": "Feature",
      "properties": {
        "@id": "node/9846405015",
        "amenity": "waste_basket",
        "material": "metal",
        "waste": "mixed"
      },
      "geometry": {
        "type": "Point",
        "coordinates": [
          2.3381514,
          48.9098634
        ]
      },
      "id": "node/9846405015"
    },
    {
      "type": "Feature",
      "properties": {
        "@id": "node/9846522650",
        "amenity": "waste_basket",
        "material": "metal",
        "waste": "mixed"
      },
      "geometry": {
        "type": "Point",
        "coordinates": [
          2.3366314,
          48.9112915
        ]
      },
      "id": "node/9846522650"
    },
    {
      "type": "Feature",
      "properties": {
        "@id": "node/9846548422",
        "amenity": "waste_basket",
        "material": "metal",
        "waste": "mixed"
      },
      "geometry": {
        "type": "Point",
        "coordinates": [
          2.3351891,
          48.9091199
        ]
      },
      "id": "node/9846548422"
    },
    {
      "type": "Feature",
      "properties": {
        "@id": "node/9846571332",
        "amenity": "waste_basket",
        "material": "metal",
        "waste": "mixed"
      },
      "geometry": {
        "type": "Point",
        "coordinates": [
          2.3340215,
          48.9070254
        ]
      },
      "id": "node/9846571332"
    },
    {
      "type": "Feature",
      "properties": {
        "@id": "node/9846571333",
        "amenity": "waste_basket",
        "material": "metal",
        "waste": "mixed"
      },
      "geometry": {
        "type": "Point",
        "coordinates": [
          2.3339237,
          48.9068406
        ]
      },
      "id": "node/9846571333"
    },
    {
      "type": "Feature",
      "properties": {
        "@id": "node/9852701217",
        "amenity": "waste_basket"
      },
      "geometry": {
        "type": "Point",
        "coordinates": [
          2.3706444,
          48.9491719
        ]
      },
      "id": "node/9852701217"
    },
    {
      "type": "Feature",
      "properties": {
        "@id": "node/9852724922",
        "amenity": "waste_basket"
      },
      "geometry": {
        "type": "Point",
        "coordinates": [
          2.3695756,
          48.9510463
        ]
      },
      "id": "node/9852724922"
    },
    {
      "type": "Feature",
      "properties": {
        "@id": "node/9852744617",
        "amenity": "waste_basket"
      },
      "geometry": {
        "type": "Point",
        "coordinates": [
          2.3697232,
          48.9511019
        ]
      },
      "id": "node/9852744617"
    },
    {
      "type": "Feature",
      "properties": {
        "@id": "node/9852744618",
        "amenity": "waste_basket"
      },
      "geometry": {
        "type": "Point",
        "coordinates": [
          2.3696263,
          48.9510669
        ]
      },
      "id": "node/9852744618"
    },
    {
      "type": "Feature",
      "properties": {
        "@id": "node/9855068664",
        "amenity": "waste_basket"
      },
      "geometry": {
        "type": "Point",
        "coordinates": [
          2.3430065,
          48.9149335
        ]
      },
      "id": "node/9855068664"
    },
    {
      "type": "Feature",
      "properties": {
        "@id": "node/9855068700",
        "amenity": "waste_basket"
      },
      "geometry": {
        "type": "Point",
        "coordinates": [
          2.3429287,
          48.9146923
        ]
      },
      "id": "node/9855068700"
    },
    {
      "type": "Feature",
      "properties": {
        "@id": "node/9861001690",
        "amenity": "waste_basket",
        "covered": "no",
        "indoor": "no",
        "material": "metal",
        "waste": "mixed"
      },
      "geometry": {
        "type": "Point",
        "coordinates": [
          2.4474855,
          48.8793578
        ]
      },
      "id": "node/9861001690"
    },
    {
      "type": "Feature",
      "properties": {
        "@id": "node/9862531927",
        "amenity": "waste_basket",
        "material": "metal",
        "waste": "mixed"
      },
      "geometry": {
        "type": "Point",
        "coordinates": [
          2.3383694,
          48.9087505
        ]
      },
      "id": "node/9862531927"
    },
    {
      "type": "Feature",
      "properties": {
        "@id": "node/9867606893",
        "amenity": "waste_basket"
      },
      "geometry": {
        "type": "Point",
        "coordinates": [
          2.377549,
          48.9313474
        ]
      },
      "id": "node/9867606893"
    },
    {
      "type": "Feature",
      "properties": {
        "@id": "node/9867606896",
        "amenity": "waste_basket"
      },
      "geometry": {
        "type": "Point",
        "coordinates": [
          2.3774188,
          48.9311357
        ]
      },
      "id": "node/9867606896"
    },
    {
      "type": "Feature",
      "properties": {
        "@id": "node/9870158255",
        "amenity": "waste_basket"
      },
      "geometry": {
        "type": "Point",
        "coordinates": [
          2.3547187,
          48.9400212
        ]
      },
      "id": "node/9870158255"
    },
    {
      "type": "Feature",
      "properties": {
        "@id": "node/9870158256",
        "amenity": "waste_basket"
      },
      "geometry": {
        "type": "Point",
        "coordinates": [
          2.3548102,
          48.9398913
        ]
      },
      "id": "node/9870158256"
    },
    {
      "type": "Feature",
      "properties": {
        "@id": "node/9870158257",
        "amenity": "waste_basket"
      },
      "geometry": {
        "type": "Point",
        "coordinates": [
          2.354958,
          48.9398096
        ]
      },
      "id": "node/9870158257"
    },
    {
      "type": "Feature",
      "properties": {
        "@id": "node/9870158258",
        "amenity": "waste_basket",
        "highway": "street_lamp"
      },
      "geometry": {
        "type": "Point",
        "coordinates": [
          2.3547917,
          48.9399648
        ]
      },
      "id": "node/9870158258"
    },
    {
      "type": "Feature",
      "properties": {
        "@id": "node/9870158259",
        "amenity": "waste_basket"
      },
      "geometry": {
        "type": "Point",
        "coordinates": [
          2.3549739,
          48.9396582
        ]
      },
      "id": "node/9870158259"
    },
    {
      "type": "Feature",
      "properties": {
        "@id": "node/9872195174",
        "amenity": "waste_basket"
      },
      "geometry": {
        "type": "Point",
        "coordinates": [
          2.3535184,
          48.9440592
        ]
      },
      "id": "node/9872195174"
    },
    {
      "type": "Feature",
      "properties": {
        "@id": "node/9872195186",
        "amenity": "waste_basket"
      },
      "geometry": {
        "type": "Point",
        "coordinates": [
          2.3536467,
          48.9438064
        ]
      },
      "id": "node/9872195186"
    },
    {
      "type": "Feature",
      "properties": {
        "@id": "node/9872195187",
        "amenity": "waste_basket"
      },
      "geometry": {
        "type": "Point",
        "coordinates": [
          2.3534932,
          48.9438756
        ]
      },
      "id": "node/9872195187"
    },
    {
      "type": "Feature",
      "properties": {
        "@id": "node/9872195188",
        "amenity": "waste_basket"
      },
      "geometry": {
        "type": "Point",
        "coordinates": [
          2.3532148,
          48.9440033
        ]
      },
      "id": "node/9872195188"
    },
    {
      "type": "Feature",
      "properties": {
        "@id": "node/9874055566",
        "amenity": "waste_basket"
      },
      "geometry": {
        "type": "Point",
        "coordinates": [
          2.3502845,
          48.9028139
        ]
      },
      "id": "node/9874055566"
    },
    {
      "type": "Feature",
      "properties": {
        "@id": "node/9874974817",
        "amenity": "waste_basket"
      },
      "geometry": {
        "type": "Point",
        "coordinates": [
          2.3422564,
          48.9089636
        ]
      },
      "id": "node/9874974817"
    },
    {
      "type": "Feature",
      "properties": {
        "@id": "node/9880567162",
        "amenity": "waste_basket"
      },
      "geometry": {
        "type": "Point",
        "coordinates": [
          2.3674868,
          48.9166487
        ]
      },
      "id": "node/9880567162"
    },
    {
      "type": "Feature",
      "properties": {
        "@id": "node/9880805345",
        "amenity": "waste_basket"
      },
      "geometry": {
        "type": "Point",
        "coordinates": [
          2.3892108,
          48.9258279
        ]
      },
      "id": "node/9880805345"
    },
    {
      "type": "Feature",
      "properties": {
        "@id": "node/9882538586",
        "amenity": "waste_basket"
      },
      "geometry": {
        "type": "Point",
        "coordinates": [
          2.3808047,
          48.9113007
        ]
      },
      "id": "node/9882538586"
    },
    {
      "type": "Feature",
      "properties": {
        "@id": "node/9885006341",
        "amenity": "waste_basket"
      },
      "geometry": {
        "type": "Point",
        "coordinates": [
          2.3623248,
          48.9366362
        ]
      },
      "id": "node/9885006341"
    },
    {
      "type": "Feature",
      "properties": {
        "@id": "node/9889023766",
        "amenity": "waste_basket"
      },
      "geometry": {
        "type": "Point",
        "coordinates": [
          2.3622808,
          48.9170274
        ]
      },
      "id": "node/9889023766"
    },
    {
      "type": "Feature",
      "properties": {
        "@id": "node/9889094212",
        "amenity": "waste_basket"
      },
      "geometry": {
        "type": "Point",
        "coordinates": [
          2.3639684,
          48.9160597
        ]
      },
      "id": "node/9889094212"
    },
    {
      "type": "Feature",
      "properties": {
        "@id": "node/9899901887",
        "amenity": "waste_basket"
      },
      "geometry": {
        "type": "Point",
        "coordinates": [
          2.3527511,
          48.9406428
        ]
      },
      "id": "node/9899901887"
    },
    {
      "type": "Feature",
      "properties": {
        "@id": "node/9901795966",
        "amenity": "waste_basket"
      },
      "geometry": {
        "type": "Point",
        "coordinates": [
          2.3558748,
          48.9514402
        ]
      },
      "id": "node/9901795966"
    },
    {
      "type": "Feature",
      "properties": {
        "@id": "node/9902021010",
        "amenity": "waste_basket"
      },
      "geometry": {
        "type": "Point",
        "coordinates": [
          2.3602439,
          48.9629059
        ]
      },
      "id": "node/9902021010"
    },
    {
      "type": "Feature",
      "properties": {
        "@id": "node/9902021011",
        "amenity": "waste_basket"
      },
      "geometry": {
        "type": "Point",
        "coordinates": [
          2.3603494,
          48.9629004
        ]
      },
      "id": "node/9902021011"
    },
    {
      "type": "Feature",
      "properties": {
        "@id": "node/9903521495",
        "amenity": "waste_basket"
      },
      "geometry": {
        "type": "Point",
        "coordinates": [
          2.3700218,
          48.9396654
        ]
      },
      "id": "node/9903521495"
    },
    {
      "type": "Feature",
      "properties": {
        "@id": "node/9907936176",
        "amenity": "waste_basket",
        "covered": "no",
        "indoor": "no"
      },
      "geometry": {
        "type": "Point",
        "coordinates": [
          2.449494,
          48.8784971
        ]
      },
      "id": "node/9907936176"
    },
    {
      "type": "Feature",
      "properties": {
        "@id": "node/9911473634",
        "amenity": "waste_basket"
      },
      "geometry": {
        "type": "Point",
        "coordinates": [
          2.5618818,
          48.8978499
        ]
      },
      "id": "node/9911473634"
    },
    {
      "type": "Feature",
      "properties": {
        "@id": "node/9911473637",
        "amenity": "waste_basket"
      },
      "geometry": {
        "type": "Point",
        "coordinates": [
          2.5616209,
          48.8978682
        ]
      },
      "id": "node/9911473637"
    },
    {
      "type": "Feature",
      "properties": {
        "@id": "node/9911473650",
        "amenity": "waste_basket"
      },
      "geometry": {
        "type": "Point",
        "coordinates": [
          2.5613158,
          48.8978862
        ]
      },
      "id": "node/9911473650"
    },
    {
      "type": "Feature",
      "properties": {
        "@id": "node/9911473652",
        "amenity": "waste_basket"
      },
      "geometry": {
        "type": "Point",
        "coordinates": [
          2.5618727,
          48.8979865
        ]
      },
      "id": "node/9911473652"
    },
    {
      "type": "Feature",
      "properties": {
        "@id": "node/9911473660",
        "amenity": "waste_basket"
      },
      "geometry": {
        "type": "Point",
        "coordinates": [
          2.561631,
          48.8980031
        ]
      },
      "id": "node/9911473660"
    },
    {
      "type": "Feature",
      "properties": {
        "@id": "node/9911473668",
        "amenity": "waste_basket"
      },
      "geometry": {
        "type": "Point",
        "coordinates": [
          2.5613091,
          48.8980269
        ]
      },
      "id": "node/9911473668"
    },
    {
      "type": "Feature",
      "properties": {
        "@id": "node/9913157206",
        "amenity": "waste_basket",
        "covered": "no",
        "indoor": "no",
        "waste": "trash"
      },
      "geometry": {
        "type": "Point",
        "coordinates": [
          2.4522761,
          48.8769493
        ]
      },
      "id": "node/9913157206"
    },
    {
      "type": "Feature",
      "properties": {
        "@id": "node/9913157207",
        "amenity": "waste_basket",
        "covered": "no",
        "indoor": "no",
        "waste": "trash"
      },
      "geometry": {
        "type": "Point",
        "coordinates": [
          2.4518954,
          48.8770441
        ]
      },
      "id": "node/9913157207"
    },
    {
      "type": "Feature",
      "properties": {
        "@id": "node/9913176584",
        "amenity": "waste_basket",
        "covered": "no",
        "indoor": "no",
        "material": "metal",
        "waste": "trash"
      },
      "geometry": {
        "type": "Point",
        "coordinates": [
          2.4548959,
          48.8766131
        ]
      },
      "id": "node/9913176584"
    },
    {
      "type": "Feature",
      "properties": {
        "@id": "node/9914987456",
        "amenity": "waste_basket",
        "level": "0"
      },
      "geometry": {
        "type": "Point",
        "coordinates": [
          2.4819102,
          48.893765
        ]
      },
      "id": "node/9914987456"
    },
    {
      "type": "Feature",
      "properties": {
        "@id": "node/9914987460",
        "amenity": "waste_basket",
        "level": "0"
      },
      "geometry": {
        "type": "Point",
        "coordinates": [
          2.4816284,
          48.8938179
        ]
      },
      "id": "node/9914987460"
    },
    {
      "type": "Feature",
      "properties": {
        "@id": "node/9914987469",
        "amenity": "waste_basket",
        "level": "0"
      },
      "geometry": {
        "type": "Point",
        "coordinates": [
          2.4822748,
          48.8937234
        ]
      },
      "id": "node/9914987469"
    },
    {
      "type": "Feature",
      "properties": {
        "@id": "node/9914987476",
        "amenity": "waste_basket",
        "level": "0"
      },
      "geometry": {
        "type": "Point",
        "coordinates": [
          2.4823107,
          48.893816
        ]
      },
      "id": "node/9914987476"
    },
    {
      "type": "Feature",
      "properties": {
        "@id": "node/9914987477",
        "amenity": "waste_basket",
        "level": "0"
      },
      "geometry": {
        "type": "Point",
        "coordinates": [
          2.4819342,
          48.8938794
        ]
      },
      "id": "node/9914987477"
    },
    {
      "type": "Feature",
      "properties": {
        "@id": "node/9914987479",
        "amenity": "waste_basket",
        "level": "0"
      },
      "geometry": {
        "type": "Point",
        "coordinates": [
          2.4816639,
          48.8939134
        ]
      },
      "id": "node/9914987479"
    },
    {
      "type": "Feature",
      "properties": {
        "@id": "node/9914987480",
        "amenity": "waste_basket",
        "level": "0"
      },
      "geometry": {
        "type": "Point",
        "coordinates": [
          2.4813491,
          48.8939634
        ]
      },
      "id": "node/9914987480"
    },
    {
      "type": "Feature",
      "properties": {
        "@id": "node/9916475886",
        "amenity": "waste_basket"
      },
      "geometry": {
        "type": "Point",
        "coordinates": [
          2.5481696,
          48.9046421
        ]
      },
      "id": "node/9916475886"
    },
    {
      "type": "Feature",
      "properties": {
        "@id": "node/9916475891",
        "amenity": "waste_basket"
      },
      "geometry": {
        "type": "Point",
        "coordinates": [
          2.5479896,
          48.9046771
        ]
      },
      "id": "node/9916475891"
    },
    {
      "type": "Feature",
      "properties": {
        "@id": "node/9916475897",
        "amenity": "waste_basket"
      },
      "geometry": {
        "type": "Point",
        "coordinates": [
          2.5476785,
          48.9047421
        ]
      },
      "id": "node/9916475897"
    },
    {
      "type": "Feature",
      "properties": {
        "@id": "node/9916475899",
        "amenity": "waste_basket"
      },
      "geometry": {
        "type": "Point",
        "coordinates": [
          2.547655,
          48.9048534
        ]
      },
      "id": "node/9916475899"
    },
    {
      "type": "Feature",
      "properties": {
        "@id": "node/9916475906",
        "amenity": "waste_basket"
      },
      "geometry": {
        "type": "Point",
        "coordinates": [
          2.5479078,
          48.9048039
        ]
      },
      "id": "node/9916475906"
    },
    {
      "type": "Feature",
      "properties": {
        "@id": "node/9916475911",
        "amenity": "waste_basket"
      },
      "geometry": {
        "type": "Point",
        "coordinates": [
          2.5482214,
          48.9047346
        ]
      },
      "id": "node/9916475911"
    },
    {
      "type": "Feature",
      "properties": {
        "@id": "node/9916532687",
        "amenity": "waste_basket"
      },
      "geometry": {
        "type": "Point",
        "coordinates": [
          2.5237984,
          48.9064483
        ]
      },
      "id": "node/9916532687"
    },
    {
      "type": "Feature",
      "properties": {
        "@id": "node/9916532705",
        "amenity": "waste_basket"
      },
      "geometry": {
        "type": "Point",
        "coordinates": [
          2.5240847,
          48.9067594
        ]
      },
      "id": "node/9916532705"
    },
    {
      "type": "Feature",
      "properties": {
        "@id": "node/9916532714",
        "amenity": "waste_basket"
      },
      "geometry": {
        "type": "Point",
        "coordinates": [
          2.5242091,
          48.9067024
        ]
      },
      "id": "node/9916532714"
    },
    {
      "type": "Feature",
      "properties": {
        "@id": "node/9916532715",
        "amenity": "waste_basket"
      },
      "geometry": {
        "type": "Point",
        "coordinates": [
          2.5241129,
          48.906592
        ]
      },
      "id": "node/9916532715"
    },
    {
      "type": "Feature",
      "properties": {
        "@id": "node/9916541931",
        "amenity": "waste_basket"
      },
      "geometry": {
        "type": "Point",
        "coordinates": [
          2.5239386,
          48.9064035
        ]
      },
      "id": "node/9916541931"
    },
    {
      "type": "Feature",
      "properties": {
        "@id": "node/9938914420",
        "amenity": "waste_basket"
      },
      "geometry": {
        "type": "Point",
        "coordinates": [
          2.3623816,
          48.9290948
        ]
      },
      "id": "node/9938914420"
    },
    {
      "type": "Feature",
      "properties": {
        "@id": "node/9942448417",
        "amenity": "waste_basket"
      },
      "geometry": {
        "type": "Point",
        "coordinates": [
          2.3118926,
          48.9520727
        ]
      },
      "id": "node/9942448417"
    },
    {
      "type": "Feature",
      "properties": {
        "@id": "node/9942448419",
        "amenity": "waste_basket"
      },
      "geometry": {
        "type": "Point",
        "coordinates": [
          2.311622,
          48.9520512
        ]
      },
      "id": "node/9942448419"
    },
    {
      "type": "Feature",
      "properties": {
        "@id": "node/9944272226",
        "amenity": "waste_basket"
      },
      "geometry": {
        "type": "Point",
        "coordinates": [
          2.3153148,
          48.9512809
        ]
      },
      "id": "node/9944272226"
    },
    {
      "type": "Feature",
      "properties": {
        "@id": "node/9944272232",
        "amenity": "waste_basket"
      },
      "geometry": {
        "type": "Point",
        "coordinates": [
          2.3151776,
          48.9509735
        ]
      },
      "id": "node/9944272232"
    },
    {
      "type": "Feature",
      "properties": {
        "@id": "node/9944272243",
        "amenity": "waste_basket"
      },
      "geometry": {
        "type": "Point",
        "coordinates": [
          2.3146978,
          48.9510614
        ]
      },
      "id": "node/9944272243"
    },
    {
      "type": "Feature",
      "properties": {
        "@id": "node/9944272246",
        "amenity": "waste_basket"
      },
      "geometry": {
        "type": "Point",
        "coordinates": [
          2.3148192,
          48.9513705
        ]
      },
      "id": "node/9944272246"
    },
    {
      "type": "Feature",
      "properties": {
        "@id": "node/9944272259",
        "amenity": "waste_basket"
      },
      "geometry": {
        "type": "Point",
        "coordinates": [
          2.3162072,
          48.9513924
        ]
      },
      "id": "node/9944272259"
    },
    {
      "type": "Feature",
      "properties": {
        "@id": "node/9944284446",
        "amenity": "waste_basket"
      },
      "geometry": {
        "type": "Point",
        "coordinates": [
          2.3107931,
          48.9513346
        ]
      },
      "id": "node/9944284446"
    },
    {
      "type": "Feature",
      "properties": {
        "@id": "node/9945046241",
        "amenity": "waste_basket"
      },
      "geometry": {
        "type": "Point",
        "coordinates": [
          2.3074123,
          48.9502151
        ]
      },
      "id": "node/9945046241"
    },
    {
      "type": "Feature",
      "properties": {
        "@id": "node/9945046247",
        "amenity": "waste_basket"
      },
      "geometry": {
        "type": "Point",
        "coordinates": [
          2.3071023,
          48.9499303
        ]
      },
      "id": "node/9945046247"
    },
    {
      "type": "Feature",
      "properties": {
        "@id": "node/9945046261",
        "amenity": "waste_basket"
      },
      "geometry": {
        "type": "Point",
        "coordinates": [
          2.3106133,
          48.9498748
        ]
      },
      "id": "node/9945046261"
    },
    {
      "type": "Feature",
      "properties": {
        "@id": "node/9945046266",
        "amenity": "waste_basket"
      },
      "geometry": {
        "type": "Point",
        "coordinates": [
          2.3119346,
          48.9494595
        ]
      },
      "id": "node/9945046266"
    },
    {
      "type": "Feature",
      "properties": {
        "@id": "node/9945046282",
        "amenity": "waste_basket"
      },
      "geometry": {
        "type": "Point",
        "coordinates": [
          2.3143316,
          48.9487142
        ]
      },
      "id": "node/9945046282"
    },
    {
      "type": "Feature",
      "properties": {
        "@id": "node/9945046285",
        "amenity": "waste_basket"
      },
      "geometry": {
        "type": "Point",
        "coordinates": [
          2.3148418,
          48.9483044
        ]
      },
      "id": "node/9945046285"
    },
    {
      "type": "Feature",
      "properties": {
        "@id": "node/9945046308",
        "amenity": "waste_basket"
      },
      "geometry": {
        "type": "Point",
        "coordinates": [
          2.3159498,
          48.9482713
        ]
      },
      "id": "node/9945046308"
    },
    {
      "type": "Feature",
      "properties": {
        "@id": "node/9945056368",
        "amenity": "waste_basket"
      },
      "geometry": {
        "type": "Point",
        "coordinates": [
          2.3184843,
          48.9479645
        ]
      },
      "id": "node/9945056368"
    },
    {
      "type": "Feature",
      "properties": {
        "@id": "node/9945056369",
        "amenity": "waste_basket"
      },
      "geometry": {
        "type": "Point",
        "coordinates": [
          2.3179021,
          48.9477739
        ]
      },
      "id": "node/9945056369"
    },
    {
      "type": "Feature",
      "properties": {
        "@id": "node/9945056371",
        "amenity": "waste_basket"
      },
      "geometry": {
        "type": "Point",
        "coordinates": [
          2.3205752,
          48.9475496
        ]
      },
      "id": "node/9945056371"
    },
    {
      "type": "Feature",
      "properties": {
        "@id": "node/9945056372",
        "amenity": "waste_basket"
      },
      "geometry": {
        "type": "Point",
        "coordinates": [
          2.3203215,
          48.9477285
        ]
      },
      "id": "node/9945056372"
    },
    {
      "type": "Feature",
      "properties": {
        "@id": "node/9945056373",
        "amenity": "waste_basket"
      },
      "geometry": {
        "type": "Point",
        "coordinates": [
          2.3208192,
          48.9473383
        ]
      },
      "id": "node/9945056373"
    },
    {
      "type": "Feature",
      "properties": {
        "@id": "node/9945056397",
        "amenity": "waste_basket"
      },
      "geometry": {
        "type": "Point",
        "coordinates": [
          2.3115975,
          48.9486598
        ]
      },
      "id": "node/9945056397"
    },
    {
      "type": "Feature",
      "properties": {
        "@id": "node/9945056398",
        "amenity": "waste_basket"
      },
      "geometry": {
        "type": "Point",
        "coordinates": [
          2.3112968,
          48.9487237
        ]
      },
      "id": "node/9945056398"
    },
    {
      "type": "Feature",
      "properties": {
        "@id": "node/9945056402",
        "amenity": "waste_basket"
      },
      "geometry": {
        "type": "Point",
        "coordinates": [
          2.3090243,
          48.949306
        ]
      },
      "id": "node/9945056402"
    },
    {
      "type": "Feature",
      "properties": {
        "@id": "node/9945056403",
        "amenity": "waste_basket"
      },
      "geometry": {
        "type": "Point",
        "coordinates": [
          2.3080796,
          48.9497082
        ]
      },
      "id": "node/9945056403"
    },
    {
      "type": "Feature",
      "properties": {
        "@id": "node/9945056404",
        "amenity": "waste_basket"
      },
      "geometry": {
        "type": "Point",
        "coordinates": [
          2.3074688,
          48.9496671
        ]
      },
      "id": "node/9945056404"
    },
    {
      "type": "Feature",
      "properties": {
        "@id": "node/9945056405",
        "amenity": "waste_basket"
      },
      "geometry": {
        "type": "Point",
        "coordinates": [
          2.3077183,
          48.9502345
        ]
      },
      "id": "node/9945056405"
    },
    {
      "type": "Feature",
      "properties": {
        "@id": "node/9945056407",
        "amenity": "waste_basket"
      },
      "geometry": {
        "type": "Point",
        "coordinates": [
          2.3079358,
          48.9500065
        ]
      },
      "id": "node/9945056407"
    },
    {
      "type": "Feature",
      "properties": {
        "@id": "node/9945056408",
        "amenity": "waste_basket"
      },
      "geometry": {
        "type": "Point",
        "coordinates": [
          2.3079114,
          48.9500593
        ]
      },
      "id": "node/9945056408"
    },
    {
      "type": "Feature",
      "properties": {
        "@id": "node/9945056409",
        "amenity": "waste_basket"
      },
      "geometry": {
        "type": "Point",
        "coordinates": [
          2.3082875,
          48.9502241
        ]
      },
      "id": "node/9945056409"
    },
    {
      "type": "Feature",
      "properties": {
        "@id": "node/9945056442",
        "amenity": "waste_basket"
      },
      "geometry": {
        "type": "Point",
        "coordinates": [
          2.3142131,
          48.9491191
        ]
      },
      "id": "node/9945056442"
    },
    {
      "type": "Feature",
      "properties": {
        "@id": "node/9945056515",
        "amenity": "waste_basket"
      },
      "geometry": {
        "type": "Point",
        "coordinates": [
          2.312621,
          48.9484036
        ]
      },
      "id": "node/9945056515"
    },
    {
      "type": "Feature",
      "properties": {
        "@id": "node/9945056517",
        "amenity": "waste_basket"
      },
      "geometry": {
        "type": "Point",
        "coordinates": [
          2.3129521,
          48.9487706
        ]
      },
      "id": "node/9945056517"
    },
    {
      "type": "Feature",
      "properties": {
        "@id": "node/9958775832",
        "amenity": "waste_basket"
      },
      "geometry": {
        "type": "Point",
        "coordinates": [
          2.5389143,
          48.9083706
        ]
      },
      "id": "node/9958775832"
    },
    {
      "type": "Feature",
      "properties": {
        "@id": "node/9958775838",
        "amenity": "waste_basket"
      },
      "geometry": {
        "type": "Point",
        "coordinates": [
          2.5392466,
          48.908386
        ]
      },
      "id": "node/9958775838"
    },
    {
      "type": "Feature",
      "properties": {
        "@id": "node/9958775845",
        "amenity": "waste_basket"
      },
      "geometry": {
        "type": "Point",
        "coordinates": [
          2.5394924,
          48.9083977
        ]
      },
      "id": "node/9958775845"
    },
    {
      "type": "Feature",
      "properties": {
        "@id": "node/9958775847",
        "amenity": "waste_basket"
      },
      "geometry": {
        "type": "Point",
        "coordinates": [
          2.5394189,
          48.9084964
        ]
      },
      "id": "node/9958775847"
    },
    {
      "type": "Feature",
      "properties": {
        "@id": "node/9958775853",
        "amenity": "waste_basket"
      },
      "geometry": {
        "type": "Point",
        "coordinates": [
          2.5390982,
          48.9084818
        ]
      },
      "id": "node/9958775853"
    },
    {
      "type": "Feature",
      "properties": {
        "@id": "node/9958775875",
        "amenity": "waste_basket"
      },
      "geometry": {
        "type": "Point",
        "coordinates": [
          2.5389256,
          48.9084739
        ]
      },
      "id": "node/9958775875"
    },
    {
      "type": "Feature",
      "properties": {
        "@id": "node/9958857358",
        "amenity": "waste_basket"
      },
      "geometry": {
        "type": "Point",
        "coordinates": [
          2.499532,
          48.8926077
        ]
      },
      "id": "node/9958857358"
    },
    {
      "type": "Feature",
      "properties": {
        "@id": "node/9969768408",
        "amenity": "waste_basket"
      },
      "geometry": {
        "type": "Point",
        "coordinates": [
          2.3708364,
          48.9265119
        ]
      },
      "id": "node/9969768408"
    },
    {
      "type": "Feature",
      "properties": {
        "@id": "node/9970823912",
        "amenity": "waste_basket"
      },
      "geometry": {
        "type": "Point",
        "coordinates": [
          2.53753,
          48.8421519
        ]
      },
      "id": "node/9970823912"
    },
    {
      "type": "Feature",
      "properties": {
        "@id": "node/9971638431",
        "amenity": "waste_basket"
      },
      "geometry": {
        "type": "Point",
        "coordinates": [
          2.3412388,
          48.9105714
        ]
      },
      "id": "node/9971638431"
    },
    {
      "type": "Feature",
      "properties": {
        "@id": "node/9971638435",
        "amenity": "waste_basket"
      },
      "geometry": {
        "type": "Point",
        "coordinates": [
          2.3412559,
          48.9109274
        ]
      },
      "id": "node/9971638435"
    },
    {
      "type": "Feature",
      "properties": {
        "@id": "node/9976428773",
        "amenity": "waste_basket"
      },
      "geometry": {
        "type": "Point",
        "coordinates": [
          2.3630747,
          48.9329615
        ]
      },
      "id": "node/9976428773"
    },
    {
      "type": "Feature",
      "properties": {
        "@id": "node/9980634292",
        "amenity": "waste_basket"
      },
      "geometry": {
        "type": "Point",
        "coordinates": [
          2.3661752,
          48.9028554
        ]
      },
      "id": "node/9980634292"
    },
    {
      "type": "Feature",
      "properties": {
        "@id": "node/9980649063",
        "amenity": "waste_basket"
      },
      "geometry": {
        "type": "Point",
        "coordinates": [
          2.3661585,
          48.9028043
        ]
      },
      "id": "node/9980649063"
    },
    {
      "type": "Feature",
      "properties": {
        "@id": "node/9982959799",
        "amenity": "waste_basket",
        "waste": "trash"
      },
      "geometry": {
        "type": "Point",
        "coordinates": [
          2.3265327,
          48.9021208
        ]
      },
      "id": "node/9982959799"
    },
    {
      "type": "Feature",
      "properties": {
        "@id": "node/9982991618",
        "amenity": "waste_basket"
      },
      "geometry": {
        "type": "Point",
        "coordinates": [
          2.3378093,
          48.9100682
        ]
      },
      "id": "node/9982991618"
    },
    {
      "type": "Feature",
      "properties": {
        "@id": "node/9983166730",
        "amenity": "waste_basket"
      },
      "geometry": {
        "type": "Point",
        "coordinates": [
          2.3398326,
          48.9052377
        ]
      },
      "id": "node/9983166730"
    },
    {
      "type": "Feature",
      "properties": {
        "@id": "node/9983166731",
        "amenity": "waste_basket"
      },
      "geometry": {
        "type": "Point",
        "coordinates": [
          2.3397058,
          48.905171
        ]
      },
      "id": "node/9983166731"
    },
    {
      "type": "Feature",
      "properties": {
        "@id": "node/9983166739",
        "amenity": "waste_basket"
      },
      "geometry": {
        "type": "Point",
        "coordinates": [
          2.3394785,
          48.9054513
        ]
      },
      "id": "node/9983166739"
    },
    {
      "type": "Feature",
      "properties": {
        "@id": "node/9983166740",
        "amenity": "waste_basket"
      },
      "geometry": {
        "type": "Point",
        "coordinates": [
          2.3394077,
          48.9053642
        ]
      },
      "id": "node/9983166740"
    },
    {
      "type": "Feature",
      "properties": {
        "@id": "node/9983166741",
        "amenity": "waste_basket"
      },
      "geometry": {
        "type": "Point",
        "coordinates": [
          2.3398314,
          48.9053555
        ]
      },
      "id": "node/9983166741"
    },
    {
      "type": "Feature",
      "properties": {
        "@id": "node/9983166742",
        "amenity": "waste_basket"
      },
      "geometry": {
        "type": "Point",
        "coordinates": [
          2.3397118,
          48.9054071
        ]
      },
      "id": "node/9983166742"
    },
    {
      "type": "Feature",
      "properties": {
        "@id": "node/9983166770",
        "amenity": "waste_basket"
      },
      "geometry": {
        "type": "Point",
        "coordinates": [
          2.3396659,
          48.9054715
        ]
      },
      "id": "node/9983166770"
    },
    {
      "type": "Feature",
      "properties": {
        "@id": "node/9983166772",
        "amenity": "waste_basket"
      },
      "geometry": {
        "type": "Point",
        "coordinates": [
          2.3393622,
          48.9053223
        ]
      },
      "id": "node/9983166772"
    },
    {
      "type": "Feature",
      "properties": {
        "@id": "node/9985908742",
        "amenity": "waste_basket"
      },
      "geometry": {
        "type": "Point",
        "coordinates": [
          2.3308164,
          48.9099669
        ]
      },
      "id": "node/9985908742"
    },
    {
      "type": "Feature",
      "properties": {
        "@id": "node/9986296817",
        "amenity": "waste_basket"
      },
      "geometry": {
        "type": "Point",
        "coordinates": [
          2.3482979,
          48.9070531
        ]
      },
      "id": "node/9986296817"
    },
    {
      "type": "Feature",
      "properties": {
        "@id": "node/9986337317",
        "amenity": "waste_basket"
      },
      "geometry": {
        "type": "Point",
        "coordinates": [
          2.3465851,
          48.9071514
        ]
      },
      "id": "node/9986337317"
    },
    {
      "type": "Feature",
      "properties": {
        "@id": "node/9988499243",
        "amenity": "waste_basket"
      },
      "geometry": {
        "type": "Point",
        "coordinates": [
          2.3212924,
          48.9540399
        ]
      },
      "id": "node/9988499243"
    },
    {
      "type": "Feature",
      "properties": {
        "@id": "node/9990692446",
        "amenity": "waste_basket"
      },
      "geometry": {
        "type": "Point",
        "coordinates": [
          2.3157775,
          48.9582555
        ]
      },
      "id": "node/9990692446"
    },
    {
      "type": "Feature",
      "properties": {
        "@id": "node/9990692463",
        "amenity": "waste_basket"
      },
      "geometry": {
        "type": "Point",
        "coordinates": [
          2.3167256,
          48.9577854
        ]
      },
      "id": "node/9990692463"
    },
    {
      "type": "Feature",
      "properties": {
        "@id": "node/9994646273",
        "amenity": "waste_basket"
      },
      "geometry": {
        "type": "Point",
        "coordinates": [
          2.3399694,
          48.953583
        ]
      },
      "id": "node/9994646273"
    },
    {
      "type": "Feature",
      "properties": {
        "@id": "node/9994646274",
        "amenity": "waste_basket"
      },
      "geometry": {
        "type": "Point",
        "coordinates": [
          2.3399546,
          48.9536252
        ]
      },
      "id": "node/9994646274"
    },
    {
      "type": "Feature",
      "properties": {
        "@id": "node/9994850658",
        "amenity": "waste_basket"
      },
      "geometry": {
        "type": "Point",
        "coordinates": [
          2.3383059,
          48.9481509
        ]
      },
      "id": "node/9994850658"
    },
    {
      "type": "Feature",
      "properties": {
        "@id": "node/9995067426",
        "amenity": "waste_basket"
      },
      "geometry": {
        "type": "Point",
        "coordinates": [
          2.5324737,
          48.9083937
        ]
      },
      "id": "node/9995067426"
    },
    {
      "type": "Feature",
      "properties": {
        "@id": "node/9995067441",
        "amenity": "waste_basket"
      },
      "geometry": {
        "type": "Point",
        "coordinates": [
          2.5320797,
          48.9086641
        ]
      },
      "id": "node/9995067441"
    },
    {
      "type": "Feature",
      "properties": {
        "@id": "node/9995067449",
        "amenity": "waste_basket"
      },
      "geometry": {
        "type": "Point",
        "coordinates": [
          2.5322675,
          48.9085881
        ]
      },
      "id": "node/9995067449"
    },
    {
      "type": "Feature",
      "properties": {
        "@id": "node/9995067461",
        "amenity": "waste_basket"
      },
      "geometry": {
        "type": "Point",
        "coordinates": [
          2.5320097,
          48.9085729
        ]
      },
      "id": "node/9995067461"
    },
    {
      "type": "Feature",
      "properties": {
        "@id": "node/9995067462",
        "amenity": "waste_basket"
      },
      "geometry": {
        "type": "Point",
        "coordinates": [
          2.5323158,
          48.9084554
        ]
      },
      "id": "node/9995067462"
    },
    {
      "type": "Feature",
      "properties": {
        "@id": "node/9997740339",
        "amenity": "waste_basket"
      },
      "geometry": {
        "type": "Point",
        "coordinates": [
          2.5775761,
          48.8434091
        ]
      },
      "id": "node/9997740339"
    },
    {
      "type": "Feature",
      "properties": {
        "@id": "node/10001388041",
        "amenity": "waste_basket"
      },
      "geometry": {
        "type": "Point",
        "coordinates": [
          2.5549637,
          48.9046288
        ]
      },
      "id": "node/10001388041"
    },
    {
      "type": "Feature",
      "properties": {
        "@id": "node/10001388071",
        "amenity": "waste_basket"
      },
      "geometry": {
        "type": "Point",
        "coordinates": [
          2.5551212,
          48.9045165
        ]
      },
      "id": "node/10001388071"
    },
    {
      "type": "Feature",
      "properties": {
        "@id": "node/10002137280",
        "amenity": "waste_basket"
      },
      "geometry": {
        "type": "Point",
        "coordinates": [
          2.555997,
          48.9008641
        ]
      },
      "id": "node/10002137280"
    },
    {
      "type": "Feature",
      "properties": {
        "@id": "node/10002137287",
        "amenity": "waste_basket"
      },
      "geometry": {
        "type": "Point",
        "coordinates": [
          2.5561426,
          48.9009716
        ]
      },
      "id": "node/10002137287"
    },
    {
      "type": "Feature",
      "properties": {
        "@id": "node/10003580049",
        "amenity": "waste_basket"
      },
      "geometry": {
        "type": "Point",
        "coordinates": [
          2.3501914,
          48.9465154
        ]
      },
      "id": "node/10003580049"
    },
    {
      "type": "Feature",
      "properties": {
        "@id": "node/10006220433",
        "amenity": "waste_basket"
      },
      "geometry": {
        "type": "Point",
        "coordinates": [
          2.3743028,
          48.9537083
        ]
      },
      "id": "node/10006220433"
    },
    {
      "type": "Feature",
      "properties": {
        "@id": "node/10006220434",
        "amenity": "waste_basket"
      },
      "geometry": {
        "type": "Point",
        "coordinates": [
          2.3743852,
          48.9536419
        ]
      },
      "id": "node/10006220434"
    },
    {
      "type": "Feature",
      "properties": {
        "@id": "node/10006220435",
        "amenity": "waste_basket"
      },
      "geometry": {
        "type": "Point",
        "coordinates": [
          2.3744548,
          48.9536999
        ]
      },
      "id": "node/10006220435"
    },
    {
      "type": "Feature",
      "properties": {
        "@id": "node/10006220457",
        "amenity": "waste_basket"
      },
      "geometry": {
        "type": "Point",
        "coordinates": [
          2.3739935,
          48.9539969
        ]
      },
      "id": "node/10006220457"
    },
    {
      "type": "Feature",
      "properties": {
        "@id": "node/10007271979",
        "amenity": "waste_basket"
      },
      "geometry": {
        "type": "Point",
        "coordinates": [
          2.3797733,
          48.9268217
        ]
      },
      "id": "node/10007271979"
    },
    {
      "type": "Feature",
      "properties": {
        "@id": "node/10008285362",
        "amenity": "waste_basket"
      },
      "geometry": {
        "type": "Point",
        "coordinates": [
          2.3538225,
          48.9359512
        ]
      },
      "id": "node/10008285362"
    },
    {
      "type": "Feature",
      "properties": {
        "@id": "node/10008546822",
        "amenity": "waste_basket"
      },
      "geometry": {
        "type": "Point",
        "coordinates": [
          2.3779179,
          48.964242
        ]
      },
      "id": "node/10008546822"
    },
    {
      "type": "Feature",
      "properties": {
        "@id": "node/10008546838",
        "amenity": "waste_basket"
      },
      "geometry": {
        "type": "Point",
        "coordinates": [
          2.3779804,
          48.9644082
        ]
      },
      "id": "node/10008546838"
    },
    {
      "type": "Feature",
      "properties": {
        "@id": "node/10008546839",
        "amenity": "waste_basket"
      },
      "geometry": {
        "type": "Point",
        "coordinates": [
          2.3781628,
          48.9643808
        ]
      },
      "id": "node/10008546839"
    },
    {
      "type": "Feature",
      "properties": {
        "@id": "node/10008547006",
        "amenity": "waste_basket"
      },
      "geometry": {
        "type": "Point",
        "coordinates": [
          2.3778427,
          48.9641946
        ]
      },
      "id": "node/10008547006"
    },
    {
      "type": "Feature",
      "properties": {
        "@id": "node/10008547007",
        "amenity": "waste_basket"
      },
      "geometry": {
        "type": "Point",
        "coordinates": [
          2.3781572,
          48.9642056
        ]
      },
      "id": "node/10008547007"
    },
    {
      "type": "Feature",
      "properties": {
        "@id": "node/10009142515",
        "amenity": "waste_basket"
      },
      "geometry": {
        "type": "Point",
        "coordinates": [
          2.3788373,
          48.9672765
        ]
      },
      "id": "node/10009142515"
    },
    {
      "type": "Feature",
      "properties": {
        "@id": "node/10015224217",
        "amenity": "waste_basket"
      },
      "geometry": {
        "type": "Point",
        "coordinates": [
          2.3300656,
          48.9117618
        ]
      },
      "id": "node/10015224217"
    },
    {
      "type": "Feature",
      "properties": {
        "@id": "node/10026339549",
        "amenity": "waste_basket"
      },
      "geometry": {
        "type": "Point",
        "coordinates": [
          2.3724186,
          48.9392123
        ]
      },
      "id": "node/10026339549"
    },
    {
      "type": "Feature",
      "properties": {
        "@id": "node/10026339561",
        "amenity": "waste_basket"
      },
      "geometry": {
        "type": "Point",
        "coordinates": [
          2.3724969,
          48.9389211
        ]
      },
      "id": "node/10026339561"
    },
    {
      "type": "Feature",
      "properties": {
        "@id": "node/10026339579",
        "amenity": "waste_basket"
      },
      "geometry": {
        "type": "Point",
        "coordinates": [
          2.3729321,
          48.9388591
        ]
      },
      "id": "node/10026339579"
    },
    {
      "type": "Feature",
      "properties": {
        "@id": "node/10026339580",
        "amenity": "waste_basket"
      },
      "geometry": {
        "type": "Point",
        "coordinates": [
          2.3731316,
          48.9388867
        ]
      },
      "id": "node/10026339580"
    },
    {
      "type": "Feature",
      "properties": {
        "@id": "node/10039444338",
        "amenity": "waste_basket"
      },
      "geometry": {
        "type": "Point",
        "coordinates": [
          2.4018342,
          48.9155295
        ]
      },
      "id": "node/10039444338"
    },
    {
      "type": "Feature",
      "properties": {
        "@id": "node/10044233316",
        "amenity": "waste_basket"
      },
      "geometry": {
        "type": "Point",
        "coordinates": [
          2.3911774,
          48.9483235
        ]
      },
      "id": "node/10044233316"
    },
    {
      "type": "Feature",
      "properties": {
        "@id": "node/10058661809",
        "amenity": "waste_basket"
      },
      "geometry": {
        "type": "Point",
        "coordinates": [
          2.3699768,
          48.9458761
        ]
      },
      "id": "node/10058661809"
    },
    {
      "type": "Feature",
      "properties": {
        "@id": "node/10058702026",
        "amenity": "waste_basket"
      },
      "geometry": {
        "type": "Point",
        "coordinates": [
          2.3702592,
          48.9457285
        ]
      },
      "id": "node/10058702026"
    },
    {
      "type": "Feature",
      "properties": {
        "@id": "node/10058897691",
        "amenity": "waste_basket"
      },
      "geometry": {
        "type": "Point",
        "coordinates": [
          2.368751,
          48.9466569
        ]
      },
      "id": "node/10058897691"
    },
    {
      "type": "Feature",
      "properties": {
        "@id": "node/10060348704",
        "amenity": "waste_basket"
      },
      "geometry": {
        "type": "Point",
        "coordinates": [
          2.3663925,
          48.9445297
        ]
      },
      "id": "node/10060348704"
    },
    {
      "type": "Feature",
      "properties": {
        "@id": "node/10061353688",
        "amenity": "waste_basket"
      },
      "geometry": {
        "type": "Point",
        "coordinates": [
          2.374663,
          48.9476422
        ]
      },
      "id": "node/10061353688"
    },
    {
      "type": "Feature",
      "properties": {
        "@id": "node/10073319995",
        "amenity": "waste_basket"
      },
      "geometry": {
        "type": "Point",
        "coordinates": [
          2.4159528,
          48.8630021
        ]
      },
      "id": "node/10073319995"
    },
    {
      "type": "Feature",
      "properties": {
        "@id": "node/10073320010",
        "amenity": "waste_basket"
      },
      "geometry": {
        "type": "Point",
        "coordinates": [
          2.4157488,
          48.8629351
        ]
      },
      "id": "node/10073320010"
    },
    {
      "type": "Feature",
      "properties": {
        "@id": "node/10086875827",
        "amenity": "waste_basket"
      },
      "geometry": {
        "type": "Point",
        "coordinates": [
          2.4451539,
          48.924814
        ]
      },
      "id": "node/10086875827"
    },
    {
      "type": "Feature",
      "properties": {
        "@id": "node/10086908204",
        "amenity": "waste_basket"
      },
      "geometry": {
        "type": "Point",
        "coordinates": [
          2.4453649,
          48.9240046
        ]
      },
      "id": "node/10086908204"
    },
    {
      "type": "Feature",
      "properties": {
        "@id": "node/10086909751",
        "amenity": "waste_basket"
      },
      "geometry": {
        "type": "Point",
        "coordinates": [
          2.4453837,
          48.9255153
        ]
      },
      "id": "node/10086909751"
    },
    {
      "type": "Feature",
      "properties": {
        "@id": "node/10086909752",
        "amenity": "waste_basket"
      },
      "geometry": {
        "type": "Point",
        "coordinates": [
          2.4450055,
          48.9252343
        ]
      },
      "id": "node/10086909752"
    },
    {
      "type": "Feature",
      "properties": {
        "@id": "node/10086909756",
        "amenity": "waste_basket"
      },
      "geometry": {
        "type": "Point",
        "coordinates": [
          2.4443346,
          48.9258076
        ]
      },
      "id": "node/10086909756"
    },
    {
      "type": "Feature",
      "properties": {
        "@id": "node/10086910408",
        "amenity": "waste_basket"
      },
      "geometry": {
        "type": "Point",
        "coordinates": [
          2.4431764,
          48.9258937
        ]
      },
      "id": "node/10086910408"
    },
    {
      "type": "Feature",
      "properties": {
        "@id": "node/10086910413",
        "amenity": "waste_basket"
      },
      "geometry": {
        "type": "Point",
        "coordinates": [
          2.443618,
          48.9257928
        ]
      },
      "id": "node/10086910413"
    },
    {
      "type": "Feature",
      "properties": {
        "@id": "node/10087009345",
        "amenity": "waste_basket"
      },
      "geometry": {
        "type": "Point",
        "coordinates": [
          2.4437072,
          48.9261595
        ]
      },
      "id": "node/10087009345"
    },
    {
      "type": "Feature",
      "properties": {
        "@id": "node/10096104038",
        "amenity": "waste_basket",
        "covered": "no",
        "indoor": "no",
        "operator": "Plaine Commune"
      },
      "geometry": {
        "type": "Point",
        "coordinates": [
          2.3815173,
          48.9127191
        ]
      },
      "id": "node/10096104038"
    },
    {
      "type": "Feature",
      "properties": {
        "@id": "node/10096115929",
        "amenity": "waste_basket",
        "operator": "Plaine Commune"
      },
      "geometry": {
        "type": "Point",
        "coordinates": [
          2.3816753,
          48.9130036
        ]
      },
      "id": "node/10096115929"
    },
    {
      "type": "Feature",
      "properties": {
        "@id": "node/10099292837",
        "amenity": "waste_basket"
      },
      "geometry": {
        "type": "Point",
        "coordinates": [
          2.5789358,
          48.8621479
        ]
      },
      "id": "node/10099292837"
    },
    {
      "type": "Feature",
      "properties": {
        "@id": "node/10099292838",
        "amenity": "waste_basket"
      },
      "geometry": {
        "type": "Point",
        "coordinates": [
          2.5791078,
          48.8620273
        ]
      },
      "id": "node/10099292838"
    },
    {
      "type": "Feature",
      "properties": {
        "@id": "node/10117562083",
        "amenity": "waste_basket",
        "covered": "no",
        "indoor": "no",
        "operator": "Plaine Commune"
      },
      "geometry": {
        "type": "Point",
        "coordinates": [
          2.3802987,
          48.912486
        ]
      },
      "id": "node/10117562083"
    },
    {
      "type": "Feature",
      "properties": {
        "@id": "node/10117562085",
        "amenity": "waste_basket",
        "covered": "no",
        "indoor": "no",
        "operator": "Plaine Commune"
      },
      "geometry": {
        "type": "Point",
        "coordinates": [
          2.3802713,
          48.9123973
        ]
      },
      "id": "node/10117562085"
    },
    {
      "type": "Feature",
      "properties": {
        "@id": "node/10172427781",
        "amenity": "waste_basket"
      },
      "geometry": {
        "type": "Point",
        "coordinates": [
          2.3378975,
          48.952413
        ]
      },
      "id": "node/10172427781"
    },
    {
      "type": "Feature",
      "properties": {
        "@id": "node/10174617206",
        "amenity": "waste_basket"
      },
      "geometry": {
        "type": "Point",
        "coordinates": [
          2.4098783,
          48.8926748
        ]
      },
      "id": "node/10174617206"
    },
    {
      "type": "Feature",
      "properties": {
        "@id": "node/10178884076",
        "amenity": "waste_basket"
      },
      "geometry": {
        "type": "Point",
        "coordinates": [
          2.3366498,
          48.916479
        ]
      },
      "id": "node/10178884076"
    },
    {
      "type": "Feature",
      "properties": {
        "@id": "node/10178884077",
        "amenity": "waste_basket"
      },
      "geometry": {
        "type": "Point",
        "coordinates": [
          2.336497,
          48.9165349
        ]
      },
      "id": "node/10178884077"
    },
    {
      "type": "Feature",
      "properties": {
        "@id": "node/10178884085",
        "amenity": "waste_basket"
      },
      "geometry": {
        "type": "Point",
        "coordinates": [
          2.3360995,
          48.9165222
        ]
      },
      "id": "node/10178884085"
    },
    {
      "type": "Feature",
      "properties": {
        "@id": "node/10178889923",
        "amenity": "waste_basket"
      },
      "geometry": {
        "type": "Point",
        "coordinates": [
          2.337688,
          48.9161276
        ]
      },
      "id": "node/10178889923"
    },
    {
      "type": "Feature",
      "properties": {
        "@id": "node/10188744001",
        "amenity": "waste_basket"
      },
      "geometry": {
        "type": "Point",
        "coordinates": [
          2.3592963,
          48.9116482
        ]
      },
      "id": "node/10188744001"
    },
    {
      "type": "Feature",
      "properties": {
        "@id": "node/10188744011",
        "amenity": "waste_basket"
      },
      "geometry": {
        "type": "Point",
        "coordinates": [
          2.35944,
          48.9115295
        ]
      },
      "id": "node/10188744011"
    },
    {
      "type": "Feature",
      "properties": {
        "@id": "node/10188744155",
        "amenity": "waste_basket"
      },
      "geometry": {
        "type": "Point",
        "coordinates": [
          2.3597291,
          48.9114968
        ]
      },
      "id": "node/10188744155"
    },
    {
      "type": "Feature",
      "properties": {
        "@id": "node/10188744160",
        "amenity": "waste_basket"
      },
      "geometry": {
        "type": "Point",
        "coordinates": [
          2.3598817,
          48.9117755
        ]
      },
      "id": "node/10188744160"
    },
    {
      "type": "Feature",
      "properties": {
        "@id": "node/10195428217",
        "amenity": "waste_basket",
        "survey:date": "2022-11-13"
      },
      "geometry": {
        "type": "Point",
        "coordinates": [
          2.5715338,
          48.9537167
        ]
      },
      "id": "node/10195428217"
    },
    {
      "type": "Feature",
      "properties": {
        "@id": "node/10195428417",
        "amenity": "waste_basket",
        "survey:date": "2022-11-13"
      },
      "geometry": {
        "type": "Point",
        "coordinates": [
          2.5735294,
          48.9531932
        ]
      },
      "id": "node/10195428417"
    },
    {
      "type": "Feature",
      "properties": {
        "@id": "node/10207526594",
        "amenity": "waste_basket"
      },
      "geometry": {
        "type": "Point",
        "coordinates": [
          2.3580913,
          48.9132006
        ]
      },
      "id": "node/10207526594"
    },
    {
      "type": "Feature",
      "properties": {
        "@id": "node/10207598930",
        "amenity": "waste_basket"
      },
      "geometry": {
        "type": "Point",
        "coordinates": [
          2.3582409,
          48.9113115
        ]
      },
      "id": "node/10207598930"
    },
    {
      "type": "Feature",
      "properties": {
        "@id": "node/10207598937",
        "amenity": "waste_basket"
      },
      "geometry": {
        "type": "Point",
        "coordinates": [
          2.3582748,
          48.910909
        ]
      },
      "id": "node/10207598937"
    },
    {
      "type": "Feature",
      "properties": {
        "@id": "node/10207598978",
        "amenity": "waste_basket"
      },
      "geometry": {
        "type": "Point",
        "coordinates": [
          2.3583312,
          48.9101315
        ]
      },
      "id": "node/10207598978"
    },
    {
      "type": "Feature",
      "properties": {
        "@id": "node/10207598979",
        "amenity": "waste_basket"
      },
      "geometry": {
        "type": "Point",
        "coordinates": [
          2.3583588,
          48.9097871
        ]
      },
      "id": "node/10207598979"
    },
    {
      "type": "Feature",
      "properties": {
        "@id": "node/10209049214",
        "amenity": "waste_basket"
      },
      "geometry": {
        "type": "Point",
        "coordinates": [
          2.3108243,
          48.9537529
        ]
      },
      "id": "node/10209049214"
    },
    {
      "type": "Feature",
      "properties": {
        "@id": "node/10209049215",
        "amenity": "waste_basket"
      },
      "geometry": {
        "type": "Point",
        "coordinates": [
          2.3107415,
          48.9537205
        ]
      },
      "id": "node/10209049215"
    },
    {
      "type": "Feature",
      "properties": {
        "@id": "node/10209049216",
        "amenity": "waste_basket"
      },
      "geometry": {
        "type": "Point",
        "coordinates": [
          2.3106652,
          48.9536909
        ]
      },
      "id": "node/10209049216"
    },
    {
      "type": "Feature",
      "properties": {
        "@id": "node/10209050417",
        "amenity": "waste_basket"
      },
      "geometry": {
        "type": "Point",
        "coordinates": [
          2.3107796,
          48.9536512
        ]
      },
      "id": "node/10209050417"
    },
    {
      "type": "Feature",
      "properties": {
        "@id": "node/10209050418",
        "amenity": "waste_basket"
      },
      "geometry": {
        "type": "Point",
        "coordinates": [
          2.3106995,
          48.9536209
        ]
      },
      "id": "node/10209050418"
    },
    {
      "type": "Feature",
      "properties": {
        "@id": "node/10209050425",
        "amenity": "waste_basket"
      },
      "geometry": {
        "type": "Point",
        "coordinates": [
          2.3110819,
          48.9534304
        ]
      },
      "id": "node/10209050425"
    },
    {
      "type": "Feature",
      "properties": {
        "@id": "node/10209050459",
        "amenity": "waste_basket"
      },
      "geometry": {
        "type": "Point",
        "coordinates": [
          2.3106499,
          48.9533763
        ]
      },
      "id": "node/10209050459"
    },
    {
      "type": "Feature",
      "properties": {
        "@id": "node/10209050559",
        "amenity": "waste_basket"
      },
      "geometry": {
        "type": "Point",
        "coordinates": [
          2.3108257,
          48.9539253
        ]
      },
      "id": "node/10209050559"
    },
    {
      "type": "Feature",
      "properties": {
        "@id": "node/10209050562",
        "amenity": "waste_basket"
      },
      "geometry": {
        "type": "Point",
        "coordinates": [
          2.3105773,
          48.9528302
        ]
      },
      "id": "node/10209050562"
    },
    {
      "type": "Feature",
      "properties": {
        "@id": "node/10209050563",
        "amenity": "waste_basket"
      },
      "geometry": {
        "type": "Point",
        "coordinates": [
          2.3103208,
          48.9528108
        ]
      },
      "id": "node/10209050563"
    },
    {
      "type": "Feature",
      "properties": {
        "@id": "node/10211532585",
        "amenity": "waste_basket"
      },
      "geometry": {
        "type": "Point",
        "coordinates": [
          2.3113888,
          48.9536041
        ]
      },
      "id": "node/10211532585"
    },
    {
      "type": "Feature",
      "properties": {
        "@id": "node/10211554617",
        "amenity": "waste_basket"
      },
      "geometry": {
        "type": "Point",
        "coordinates": [
          2.3125243,
          48.9530733
        ]
      },
      "id": "node/10211554617"
    },
    {
      "type": "Feature",
      "properties": {
        "@id": "node/10211805735",
        "amenity": "waste_basket"
      },
      "geometry": {
        "type": "Point",
        "coordinates": [
          2.3371648,
          48.953919
        ]
      },
      "id": "node/10211805735"
    },
    {
      "type": "Feature",
      "properties": {
        "@id": "node/10211805745",
        "amenity": "waste_basket"
      },
      "geometry": {
        "type": "Point",
        "coordinates": [
          2.3374441,
          48.9543411
        ]
      },
      "id": "node/10211805745"
    },
    {
      "type": "Feature",
      "properties": {
        "@id": "node/10211805747",
        "amenity": "waste_basket"
      },
      "geometry": {
        "type": "Point",
        "coordinates": [
          2.3378486,
          48.9539109
        ]
      },
      "id": "node/10211805747"
    },
    {
      "type": "Feature",
      "properties": {
        "@id": "node/10212078591",
        "amenity": "waste_basket"
      },
      "geometry": {
        "type": "Point",
        "coordinates": [
          2.3096829,
          48.9584215
        ]
      },
      "id": "node/10212078591"
    },
    {
      "type": "Feature",
      "properties": {
        "@id": "node/10212101976",
        "amenity": "waste_basket"
      },
      "geometry": {
        "type": "Point",
        "coordinates": [
          2.3026941,
          48.9608917
        ]
      },
      "id": "node/10212101976"
    },
    {
      "type": "Feature",
      "properties": {
        "@id": "node/10212101977",
        "amenity": "waste_basket"
      },
      "geometry": {
        "type": "Point",
        "coordinates": [
          2.302829,
          48.9608749
        ]
      },
      "id": "node/10212101977"
    },
    {
      "type": "Feature",
      "properties": {
        "@id": "node/10212101978",
        "amenity": "waste_basket"
      },
      "geometry": {
        "type": "Point",
        "coordinates": [
          2.3026965,
          48.9608116
        ]
      },
      "id": "node/10212101978"
    },
    {
      "type": "Feature",
      "properties": {
        "@id": "node/10212101979",
        "amenity": "waste_basket"
      },
      "geometry": {
        "type": "Point",
        "coordinates": [
          2.3031533,
          48.9607315
        ]
      },
      "id": "node/10212101979"
    },
    {
      "type": "Feature",
      "properties": {
        "@id": "node/10212101980",
        "amenity": "waste_basket"
      },
      "geometry": {
        "type": "Point",
        "coordinates": [
          2.3031853,
          48.9606261
        ]
      },
      "id": "node/10212101980"
    },
    {
      "type": "Feature",
      "properties": {
        "@id": "node/10225816264",
        "amenity": "waste_basket",
        "waste": "trash"
      },
      "geometry": {
        "type": "Point",
        "coordinates": [
          2.3395261,
          48.9572844
        ]
      },
      "id": "node/10225816264"
    },
    {
      "type": "Feature",
      "properties": {
        "@id": "node/10251748080",
        "amenity": "waste_basket"
      },
      "geometry": {
        "type": "Point",
        "coordinates": [
          2.4237373,
          48.8698568
        ]
      },
      "id": "node/10251748080"
    },
    {
      "type": "Feature",
      "properties": {
        "@id": "node/10293522043",
        "amenity": "waste_basket",
        "waste": "trash"
      },
      "geometry": {
        "type": "Point",
        "coordinates": [
          2.4098713,
          48.8932797
        ]
      },
      "id": "node/10293522043"
    },
    {
      "type": "Feature",
      "properties": {
        "@id": "node/10293522044",
        "amenity": "waste_basket",
        "waste": "trash"
      },
      "geometry": {
        "type": "Point",
        "coordinates": [
          2.4098921,
          48.8934115
        ]
      },
      "id": "node/10293522044"
    },
    {
      "type": "Feature",
      "properties": {
        "@id": "node/10300452960",
        "amenity": "waste_basket"
      },
      "geometry": {
        "type": "Point",
        "coordinates": [
          2.4021269,
          48.8872983
        ]
      },
      "id": "node/10300452960"
    },
    {
      "type": "Feature",
      "properties": {
        "@id": "node/10300464698",
        "amenity": "waste_basket"
      },
      "geometry": {
        "type": "Point",
        "coordinates": [
          2.4024982,
          48.888282
        ]
      },
      "id": "node/10300464698"
    },
    {
      "type": "Feature",
      "properties": {
        "@id": "node/10303206284",
        "amenity": "waste_basket",
        "waste": "trash"
      },
      "geometry": {
        "type": "Point",
        "coordinates": [
          2.3236185,
          48.906679
        ]
      },
      "id": "node/10303206284"
    },
    {
      "type": "Feature",
      "properties": {
        "@id": "node/10303206287",
        "amenity": "waste_basket",
        "waste": "trash"
      },
      "geometry": {
        "type": "Point",
        "coordinates": [
          2.3227923,
          48.9061759
        ]
      },
      "id": "node/10303206287"
    },
    {
      "type": "Feature",
      "properties": {
        "@id": "node/10303206288",
        "amenity": "waste_basket",
        "waste": "trash"
      },
      "geometry": {
        "type": "Point",
        "coordinates": [
          2.3230539,
          48.905995
        ]
      },
      "id": "node/10303206288"
    },
    {
      "type": "Feature",
      "properties": {
        "@id": "node/10311470505",
        "amenity": "waste_basket"
      },
      "geometry": {
        "type": "Point",
        "coordinates": [
          2.4165167,
          48.8630416
        ]
      },
      "id": "node/10311470505"
    },
    {
      "type": "Feature",
      "properties": {
        "@id": "node/10311523624",
        "amenity": "waste_basket"
      },
      "geometry": {
        "type": "Point",
        "coordinates": [
          2.4185576,
          48.8635713
        ]
      },
      "id": "node/10311523624"
    },
    {
      "type": "Feature",
      "properties": {
        "@id": "node/10311523633",
        "amenity": "waste_basket"
      },
      "geometry": {
        "type": "Point",
        "coordinates": [
          2.4170717,
          48.8635529
        ]
      },
      "id": "node/10311523633"
    },
    {
      "type": "Feature",
      "properties": {
        "@id": "node/10311523634",
        "amenity": "waste_basket"
      },
      "geometry": {
        "type": "Point",
        "coordinates": [
          2.4171644,
          48.863633
        ]
      },
      "id": "node/10311523634"
    },
    {
      "type": "Feature",
      "properties": {
        "@id": "node/10311523635",
        "amenity": "waste_basket"
      },
      "geometry": {
        "type": "Point",
        "coordinates": [
          2.416911,
          48.8632368
        ]
      },
      "id": "node/10311523635"
    },
    {
      "type": "Feature",
      "properties": {
        "@id": "node/10315124629",
        "amenity": "waste_basket",
        "waste": "trash"
      },
      "geometry": {
        "type": "Point",
        "coordinates": [
          2.3227749,
          48.9048781
        ]
      },
      "id": "node/10315124629"
    },
    {
      "type": "Feature",
      "properties": {
        "@id": "node/10315124630",
        "amenity": "waste_basket",
        "waste": "trash"
      },
      "geometry": {
        "type": "Point",
        "coordinates": [
          2.3219676,
          48.9049953
        ]
      },
      "id": "node/10315124630"
    },
    {
      "type": "Feature",
      "properties": {
        "@id": "node/10315124631",
        "amenity": "waste_basket",
        "waste": "trash"
      },
      "geometry": {
        "type": "Point",
        "coordinates": [
          2.3218976,
          48.9050972
        ]
      },
      "id": "node/10315124631"
    },
    {
      "type": "Feature",
      "properties": {
        "@id": "node/10315124632",
        "amenity": "waste_basket",
        "waste": "trash"
      },
      "geometry": {
        "type": "Point",
        "coordinates": [
          2.3221094,
          48.9048497
        ]
      },
      "id": "node/10315124632"
    },
    {
      "type": "Feature",
      "properties": {
        "@id": "node/10315124633",
        "amenity": "waste_basket",
        "waste": "trash"
      },
      "geometry": {
        "type": "Point",
        "coordinates": [
          2.3204243,
          48.9054129
        ]
      },
      "id": "node/10315124633"
    },
    {
      "type": "Feature",
      "properties": {
        "@id": "node/10315124637",
        "amenity": "waste_basket",
        "waste": "trash"
      },
      "geometry": {
        "type": "Point",
        "coordinates": [
          2.3194436,
          48.9063947
        ]
      },
      "id": "node/10315124637"
    },
    {
      "type": "Feature",
      "properties": {
        "@id": "node/10315124642",
        "amenity": "waste_basket",
        "waste": "trash"
      },
      "geometry": {
        "type": "Point",
        "coordinates": [
          2.3231605,
          48.9041297
        ]
      },
      "id": "node/10315124642"
    },
    {
      "type": "Feature",
      "properties": {
        "@id": "node/10315124643",
        "amenity": "waste_basket",
        "waste": "trash"
      },
      "geometry": {
        "type": "Point",
        "coordinates": [
          2.3231806,
          48.9040777
        ]
      },
      "id": "node/10315124643"
    },
    {
      "type": "Feature",
      "properties": {
        "@id": "node/10315124646",
        "amenity": "waste_basket",
        "waste": "trash"
      },
      "geometry": {
        "type": "Point",
        "coordinates": [
          2.3232,
          48.9040146
        ]
      },
      "id": "node/10315124646"
    },
    {
      "type": "Feature",
      "properties": {
        "@id": "node/10315124654",
        "amenity": "waste_basket",
        "waste": "trash"
      },
      "geometry": {
        "type": "Point",
        "coordinates": [
          2.3230981,
          48.9037539
        ]
      },
      "id": "node/10315124654"
    },
    {
      "type": "Feature",
      "properties": {
        "@id": "node/10315124659",
        "amenity": "waste_basket",
        "waste": "trash"
      },
      "geometry": {
        "type": "Point",
        "coordinates": [
          2.3232094,
          48.9034509
        ]
      },
      "id": "node/10315124659"
    },
    {
      "type": "Feature",
      "properties": {
        "@id": "node/10315124660",
        "amenity": "waste_basket",
        "waste": "trash"
      },
      "geometry": {
        "type": "Point",
        "coordinates": [
          2.3233616,
          48.9034134
        ]
      },
      "id": "node/10315124660"
    },
    {
      "type": "Feature",
      "properties": {
        "@id": "node/10315124664",
        "amenity": "waste_basket",
        "waste": "trash"
      },
      "geometry": {
        "type": "Point",
        "coordinates": [
          2.3233429,
          48.9034945
        ]
      },
      "id": "node/10315124664"
    },
    {
      "type": "Feature",
      "properties": {
        "@id": "node/10692692992",
        "amenity": "waste_basket"
      },
      "geometry": {
        "type": "Point",
        "coordinates": [
          2.3844375,
          48.9115305
        ]
      },
      "id": "node/10692692992"
    },
    {
      "type": "Feature",
      "properties": {
        "@id": "node/10692692993",
        "amenity": "waste_basket"
      },
      "geometry": {
        "type": "Point",
        "coordinates": [
          2.3835055,
          48.9123505
        ]
      },
      "id": "node/10692692993"
    },
    {
      "type": "Feature",
      "properties": {
        "@id": "node/10692744320",
        "amenity": "waste_basket",
        "covered": "no",
        "indoor": "no"
      },
      "geometry": {
        "type": "Point",
        "coordinates": [
          2.3822224,
          48.9121687
        ]
      },
      "id": "node/10692744320"
    },
    {
      "type": "Feature",
      "properties": {
        "@id": "node/10692744321",
        "amenity": "waste_basket",
        "covered": "no",
        "indoor": "no"
      },
      "geometry": {
        "type": "Point",
        "coordinates": [
          2.3825319,
          48.9121907
        ]
      },
      "id": "node/10692744321"
    },
    {
      "type": "Feature",
      "properties": {
        "@id": "node/10692744322",
        "amenity": "waste_basket",
        "covered": "no",
        "indoor": "no"
      },
      "geometry": {
        "type": "Point",
        "coordinates": [
          2.3816902,
          48.9122134
        ]
      },
      "id": "node/10692744322"
    },
    {
      "type": "Feature",
      "properties": {
        "@id": "node/10692774163",
        "amenity": "waste_basket",
        "covered": "no",
        "indoor": "no"
      },
      "geometry": {
        "type": "Point",
        "coordinates": [
          2.3935028,
          48.9029285
        ]
      },
      "id": "node/10692774163"
    },
    {
      "type": "Feature",
      "properties": {
        "@id": "node/10712435805",
        "amenity": "waste_basket"
      },
      "geometry": {
        "type": "Point",
        "coordinates": [
          2.5491583,
          48.8406488
        ]
      },
      "id": "node/10712435805"
    },
    {
      "type": "Feature",
      "properties": {
        "@id": "node/10867431553",
        "amenity": "waste_basket",
        "waste": "trash"
      },
      "geometry": {
        "type": "Point",
        "coordinates": [
          2.3421276,
          48.9543818
        ]
      },
      "id": "node/10867431553"
    },
    {
      "type": "Feature",
      "properties": {
        "@id": "node/10867431554",
        "amenity": "waste_basket",
        "waste": "trash"
      },
      "geometry": {
        "type": "Point",
        "coordinates": [
          2.3411857,
          48.9574625
        ]
      },
      "id": "node/10867431554"
    },
    {
      "type": "Feature",
      "properties": {
        "@id": "node/10867431562",
        "amenity": "waste_basket",
        "waste": "trash"
      },
      "geometry": {
        "type": "Point",
        "coordinates": [
          2.3414677,
          48.9567318
        ]
      },
      "id": "node/10867431562"
    },
    {
      "type": "Feature",
      "properties": {
        "@id": "node/10890953641",
        "amenity": "waste_basket"
      },
      "geometry": {
        "type": "Point",
        "coordinates": [
          2.5725531,
          48.8642879
        ]
      },
      "id": "node/10890953641"
    },
    {
      "type": "Feature",
      "properties": {
        "@id": "node/10901470190",
        "amenity": "waste_basket"
      },
      "geometry": {
        "type": "Point",
        "coordinates": [
          2.3518251,
          48.9593654
        ]
      },
      "id": "node/10901470190"
    },
    {
      "type": "Feature",
      "properties": {
        "@id": "node/10901548566",
        "amenity": "waste_basket",
        "colour": "pink",
        "material": "metal",
        "waste": "mixed"
      },
      "geometry": {
        "type": "Point",
        "coordinates": [
          2.3598534,
          48.9137387
        ]
      },
      "id": "node/10901548566"
    },
    {
      "type": "Feature",
      "properties": {
        "@id": "node/10926026084",
        "amenity": "waste_basket"
      },
      "geometry": {
        "type": "Point",
        "coordinates": [
          2.3512473,
          48.9329096
        ]
      },
      "id": "node/10926026084"
    },
    {
      "type": "Feature",
      "properties": {
        "@id": "node/10929279718",
        "amenity": "waste_basket",
        "waste": "trash"
      },
      "geometry": {
        "type": "Point",
        "coordinates": [
          2.3416068,
          48.958853
        ]
      },
      "id": "node/10929279718"
    },
    {
      "type": "Feature",
      "properties": {
        "@id": "node/10929279724",
        "amenity": "waste_basket",
        "waste": "trash"
      },
      "geometry": {
        "type": "Point",
        "coordinates": [
          2.3397512,
          48.9580145
        ]
      },
      "id": "node/10929279724"
    },
    {
      "type": "Feature",
      "properties": {
        "@id": "node/10929279725",
        "amenity": "waste_basket",
        "level": "1",
        "waste": "trash"
      },
      "geometry": {
        "type": "Point",
        "coordinates": [
          2.3400767,
          48.9588325
        ]
      },
      "id": "node/10929279725"
    },
    {
      "type": "Feature",
      "properties": {
        "@id": "node/11113799359",
        "amenity": "waste_basket",
        "support": "pole"
      },
      "geometry": {
        "type": "Point",
        "coordinates": [
          2.3617169,
          48.9212819
        ]
      },
      "id": "node/11113799359"
    },
    {
      "type": "Feature",
      "properties": {
        "@id": "node/11113799361",
        "amenity": "waste_basket",
        "support": "pole"
      },
      "geometry": {
        "type": "Point",
        "coordinates": [
          2.3618357,
          48.9213097
        ]
      },
      "id": "node/11113799361"
    },
    {
      "type": "Feature",
      "properties": {
        "@id": "node/11113799367",
        "amenity": "waste_basket"
      },
      "geometry": {
        "type": "Point",
        "coordinates": [
          2.3619569,
          48.918472
        ]
      },
      "id": "node/11113799367"
    },
    {
      "type": "Feature",
      "properties": {
        "@id": "node/11113799371",
        "amenity": "waste_basket"
      },
      "geometry": {
        "type": "Point",
        "coordinates": [
          2.361932,
          48.9187549
        ]
      },
      "id": "node/11113799371"
    },
    {
      "type": "Feature",
      "properties": {
        "@id": "node/11113799372",
        "amenity": "waste_basket"
      },
      "geometry": {
        "type": "Point",
        "coordinates": [
          2.3619251,
          48.9189067
        ]
      },
      "id": "node/11113799372"
    },
    {
      "type": "Feature",
      "properties": {
        "@id": "node/11113799375",
        "amenity": "waste_basket"
      },
      "geometry": {
        "type": "Point",
        "coordinates": [
          2.3618927,
          48.9191949
        ]
      },
      "id": "node/11113799375"
    },
    {
      "type": "Feature",
      "properties": {
        "@id": "node/11113799376",
        "amenity": "waste_basket"
      },
      "geometry": {
        "type": "Point",
        "coordinates": [
          2.3621511,
          48.9187723
        ]
      },
      "id": "node/11113799376"
    },
    {
      "type": "Feature",
      "properties": {
        "@id": "node/11113799378",
        "amenity": "waste_basket"
      },
      "geometry": {
        "type": "Point",
        "coordinates": [
          2.3620825,
          48.9189442
        ]
      },
      "id": "node/11113799378"
    },
    {
      "type": "Feature",
      "properties": {
        "@id": "node/11187645751",
        "amenity": "waste_basket"
      },
      "geometry": {
        "type": "Point",
        "coordinates": [
          2.3672712,
          48.9098454
        ]
      },
      "id": "node/11187645751"
    },
    {
      "type": "Feature",
      "properties": {
        "@id": "node/11187645755",
        "amenity": "waste_basket"
      },
      "geometry": {
        "type": "Point",
        "coordinates": [
          2.3669337,
          48.9074189
        ]
      },
      "id": "node/11187645755"
    },
    {
      "type": "Feature",
      "properties": {
        "@id": "node/11187799364",
        "amenity": "waste_basket",
        "ele": "30.727",
        "ele:ellipsoid": "75.272",
        "ele:geoid": "30.727",
        "note:ele": "geoid correction 44.546",
        "source": "gnss",
        "waste": "trash"
      },
      "geometry": {
        "type": "Point",
        "coordinates": [
          2.3264591,
          48.9202144
        ]
      },
      "id": "node/11187799364"
    },
    {
      "type": "Feature",
      "properties": {
        "@id": "node/11187850196",
        "amenity": "waste_basket"
      },
      "geometry": {
        "type": "Point",
        "coordinates": [
          2.3667822,
          48.9117777
        ]
      },
      "id": "node/11187850196"
    },
    {
      "type": "Feature",
      "properties": {
        "@id": "node/11187850198",
        "amenity": "waste_basket"
      },
      "geometry": {
        "type": "Point",
        "coordinates": [
          2.3669194,
          48.9125907
        ]
      },
      "id": "node/11187850198"
    },
    {
      "type": "Feature",
      "properties": {
        "@id": "node/11187850201",
        "amenity": "waste_basket"
      },
      "geometry": {
        "type": "Point",
        "coordinates": [
          2.3668227,
          48.9127457
        ]
      },
      "id": "node/11187850201"
    },
    {
      "type": "Feature",
      "properties": {
        "@id": "node/11196149089",
        "amenity": "waste_basket",
        "colour": "grise",
        "material": "metal",
        "waste": "trash"
      },
      "geometry": {
        "type": "Point",
        "coordinates": [
          2.3602339,
          48.9659929
        ]
      },
      "id": "node/11196149089"
    },
    {
      "type": "Feature",
      "properties": {
        "@id": "node/11207851210",
        "amenity": "waste_basket",
        "waste": "trash"
      },
      "geometry": {
        "type": "Point",
        "coordinates": [
          2.3392464,
          48.9583475
        ]
      },
      "id": "node/11207851210"
    },
    {
      "type": "Feature",
      "properties": {
        "@id": "node/11247724792",
        "amenity": "waste_basket"
      },
      "geometry": {
        "type": "Point",
        "coordinates": [
          2.3828472,
          48.9117871
        ]
      },
      "id": "node/11247724792"
    },
    {
      "type": "Feature",
      "properties": {
        "@id": "node/11247724793",
        "amenity": "waste_basket",
        "covered": "yes",
        "indoor": "no",
        "operator": "Plaine Commune",
        "waste": "trash"
      },
      "geometry": {
        "type": "Point",
        "coordinates": [
          2.3831671,
          48.9121758
        ]
      },
      "id": "node/11247724793"
    },
    {
      "type": "Feature",
      "properties": {
        "@id": "node/11247724794",
        "amenity": "waste_basket",
        "waste": "trash;cigarettes"
      },
      "geometry": {
        "type": "Point",
        "coordinates": [
          2.3826299,
          48.911478
        ]
      },
      "id": "node/11247724794"
    },
    {
      "type": "Feature",
      "properties": {
        "@id": "node/11369486145",
        "amenity": "waste_basket",
        "covered": "no",
        "indoor": "no",
        "waste": "trash"
      },
      "geometry": {
        "type": "Point",
        "coordinates": [
          2.3819636,
          48.9122532
        ]
      },
      "id": "node/11369486145"
    },
    {
      "type": "Feature",
      "properties": {
        "@id": "node/11403328269",
        "amenity": "waste_basket"
      },
      "geometry": {
        "type": "Point",
        "coordinates": [
          2.5533242,
          48.9798568
        ]
      },
      "id": "node/11403328269"
    },
    {
      "type": "Feature",
      "properties": {
        "@id": "node/11403328270",
        "amenity": "waste_basket"
      },
      "geometry": {
        "type": "Point",
        "coordinates": [
          2.5537081,
          48.983079
        ]
      },
      "id": "node/11403328270"
    },
    {
      "type": "Feature",
      "properties": {
        "@id": "node/11403328272",
        "amenity": "waste_basket"
      },
      "geometry": {
        "type": "Point",
        "coordinates": [
          2.553468,
          48.9818484
        ]
      },
      "id": "node/11403328272"
    },
    {
      "type": "Feature",
      "properties": {
        "@id": "node/11403356970",
        "amenity": "waste_basket"
      },
      "geometry": {
        "type": "Point",
        "coordinates": [
          2.5525733,
          48.9820656
        ]
      },
      "id": "node/11403356970"
    },
    {
      "type": "Feature",
      "properties": {
        "@id": "node/11403407770",
        "amenity": "waste_basket"
      },
      "geometry": {
        "type": "Point",
        "coordinates": [
          2.5521609,
          48.9824729
        ]
      },
      "id": "node/11403407770"
    },
    {
      "type": "Feature",
      "properties": {
        "@id": "node/11403421070",
        "amenity": "waste_basket"
      },
      "geometry": {
        "type": "Point",
        "coordinates": [
          2.5526479,
          48.9802054
        ]
      },
      "id": "node/11403421070"
    },
    {
      "type": "Feature",
      "properties": {
        "@id": "node/11403461673",
        "amenity": "waste_basket"
      },
      "geometry": {
        "type": "Point",
        "coordinates": [
          2.5521513,
          48.9810528
        ]
      },
      "id": "node/11403461673"
    },
    {
      "type": "Feature",
      "properties": {
        "@id": "node/11403461676",
        "amenity": "waste_basket"
      },
      "geometry": {
        "type": "Point",
        "coordinates": [
          2.5533956,
          48.9807804
        ]
      },
      "id": "node/11403461676"
    },
    {
      "type": "Feature",
      "properties": {
        "@id": "node/11403461971",
        "amenity": "waste_basket"
      },
      "geometry": {
        "type": "Point",
        "coordinates": [
          2.550177,
          48.9811052
        ]
      },
      "id": "node/11403461971"
    },
    {
      "type": "Feature",
      "properties": {
        "@id": "node/11403461974",
        "amenity": "waste_basket"
      },
      "geometry": {
        "type": "Point",
        "coordinates": [
          2.55344,
          48.9809125
        ]
      },
      "id": "node/11403461974"
    },
    {
      "type": "Feature",
      "properties": {
        "@id": "node/11403462270",
        "amenity": "waste_basket"
      },
      "geometry": {
        "type": "Point",
        "coordinates": [
          2.5533255,
          48.9814132
        ]
      },
      "id": "node/11403462270"
    },
    {
      "type": "Feature",
      "properties": {
        "@id": "node/11414247240",
        "amenity": "waste_basket"
      },
      "geometry": {
        "type": "Point",
        "coordinates": [
          2.3510606,
          48.929432
        ]
      },
      "id": "node/11414247240"
    },
    {
      "type": "Feature",
      "properties": {
        "@id": "node/11453055128",
        "amenity": "waste_basket"
      },
      "geometry": {
        "type": "Point",
        "coordinates": [
          2.4453576,
          48.9233222
        ]
      },
      "id": "node/11453055128"
    },
    {
      "type": "Feature",
      "properties": {
        "@id": "node/11482597747",
        "amenity": "waste_basket",
        "waste": "trash"
      },
      "geometry": {
        "type": "Point",
        "coordinates": [
          2.571292,
          48.9518528
        ]
      },
      "id": "node/11482597747"
    },
    {
      "type": "Feature",
      "properties": {
        "@id": "node/11482597749",
        "amenity": "waste_basket",
        "waste": "trash"
      },
      "geometry": {
        "type": "Point",
        "coordinates": [
          2.5701956,
          48.9517637
        ]
      },
      "id": "node/11482597749"
    },
    {
      "type": "Feature",
      "properties": {
        "@id": "node/11482597754",
        "amenity": "waste_basket",
        "waste": "trash"
      },
      "geometry": {
        "type": "Point",
        "coordinates": [
          2.5715183,
          48.954306
        ]
      },
      "id": "node/11482597754"
    },
    {
      "type": "Feature",
      "properties": {
        "@id": "node/11482597757",
        "amenity": "waste_basket",
        "waste": "trash"
      },
      "geometry": {
        "type": "Point",
        "coordinates": [
          2.5710174,
          48.952934
        ]
      },
      "id": "node/11482597757"
    },
    {
      "type": "Feature",
      "properties": {
        "@id": "node/11482597762",
        "amenity": "waste_basket",
        "waste": "trash"
      },
      "geometry": {
        "type": "Point",
        "coordinates": [
          2.5713444,
          48.9532795
        ]
      },
      "id": "node/11482597762"
    },
    {
      "type": "Feature",
      "properties": {
        "@id": "node/11482597766",
        "amenity": "waste_basket",
        "waste": "trash"
      },
      "geometry": {
        "type": "Point",
        "coordinates": [
          2.5699239,
          48.9520423
        ]
      },
      "id": "node/11482597766"
    },
    {
      "type": "Feature",
      "properties": {
        "@id": "node/11482597767",
        "amenity": "waste_basket",
        "waste": "trash"
      },
      "geometry": {
        "type": "Point",
        "coordinates": [
          2.5709927,
          48.9523079
        ]
      },
      "id": "node/11482597767"
    },
    {
      "type": "Feature",
      "properties": {
        "@id": "node/11482600769",
        "amenity": "waste_basket",
        "waste": "trash"
      },
      "geometry": {
        "type": "Point",
        "coordinates": [
          2.5710579,
          48.9522162
        ]
      },
      "id": "node/11482600769"
    },
    {
      "type": "Feature",
      "properties": {
        "@id": "node/11482600777",
        "amenity": "waste_basket",
        "waste": "trash"
      },
      "geometry": {
        "type": "Point",
        "coordinates": [
          2.5708514,
          48.9532625
        ]
      },
      "id": "node/11482600777"
    },
    {
      "type": "Feature",
      "properties": {
        "@id": "node/11482600780",
        "amenity": "waste_basket",
        "waste": "trash"
      },
      "geometry": {
        "type": "Point",
        "coordinates": [
          2.5703446,
          48.9521599
        ]
      },
      "id": "node/11482600780"
    },
    {
      "type": "Feature",
      "properties": {
        "@id": "node/11482600782",
        "amenity": "waste_basket",
        "waste": "trash"
      },
      "geometry": {
        "type": "Point",
        "coordinates": [
          2.5709777,
          48.9522538
        ]
      },
      "id": "node/11482600782"
    },
    {
      "type": "Feature",
      "properties": {
        "@id": "node/11482600789",
        "amenity": "waste_basket",
        "waste": "trash"
      },
      "geometry": {
        "type": "Point",
        "coordinates": [
          2.5713954,
          48.9539919
        ]
      },
      "id": "node/11482600789"
    },
    {
      "type": "Feature",
      "properties": {
        "@id": "node/11482600792",
        "amenity": "waste_basket",
        "waste": "trash"
      },
      "geometry": {
        "type": "Point",
        "coordinates": [
          2.5712432,
          48.9529949
        ]
      },
      "id": "node/11482600792"
    },
    {
      "type": "Feature",
      "properties": {
        "@id": "node/11482600794",
        "amenity": "waste_basket",
        "waste": "trash"
      },
      "geometry": {
        "type": "Point",
        "coordinates": [
          2.571445,
          48.9541253
        ]
      },
      "id": "node/11482600794"
    },
    {
      "type": "Feature",
      "properties": {
        "@id": "node/11482600803",
        "amenity": "waste_basket",
        "waste": "trash"
      },
      "geometry": {
        "type": "Point",
        "coordinates": [
          2.5711167,
          48.9526049
        ]
      },
      "id": "node/11482600803"
    },
    {
      "type": "Feature",
      "properties": {
        "@id": "node/11482600805",
        "amenity": "waste_basket",
        "waste": "trash"
      },
      "geometry": {
        "type": "Point",
        "coordinates": [
          2.5709377,
          48.95201
        ]
      },
      "id": "node/11482600805"
    },
    {
      "type": "Feature",
      "properties": {
        "@id": "node/11482600806",
        "amenity": "waste_basket",
        "waste": "trash"
      },
      "geometry": {
        "type": "Point",
        "coordinates": [
          2.5706207,
          48.9531042
        ]
      },
      "id": "node/11482600806"
    },
    {
      "type": "Feature",
      "properties": {
        "@id": "node/11482600807",
        "amenity": "waste_basket",
        "waste": "trash"
      },
      "geometry": {
        "type": "Point",
        "coordinates": [
          2.570852,
          48.952475
        ]
      },
      "id": "node/11482600807"
    },
    {
      "type": "Feature",
      "properties": {
        "@id": "node/11482600808",
        "amenity": "waste_basket",
        "waste": "trash"
      },
      "geometry": {
        "type": "Point",
        "coordinates": [
          2.5707932,
          48.9535256
        ]
      },
      "id": "node/11482600808"
    },
    {
      "type": "Feature",
      "properties": {
        "@id": "node/11482600809",
        "amenity": "waste_basket",
        "waste": "trash"
      },
      "geometry": {
        "type": "Point",
        "coordinates": [
          2.5716379,
          48.9546366
        ]
      },
      "id": "node/11482600809"
    },
    {
      "type": "Feature",
      "properties": {
        "@id": "node/11482600811",
        "amenity": "waste_basket",
        "waste": "trash"
      },
      "geometry": {
        "type": "Point",
        "coordinates": [
          2.5718042,
          48.9544946
        ]
      },
      "id": "node/11482600811"
    },
    {
      "type": "Feature",
      "properties": {
        "@id": "node/11482600815",
        "amenity": "waste_basket",
        "waste": "trash"
      },
      "geometry": {
        "type": "Point",
        "coordinates": [
          2.5707164,
          48.9517312
        ]
      },
      "id": "node/11482600815"
    },
    {
      "type": "Feature",
      "properties": {
        "@id": "node/11482600822",
        "amenity": "waste_basket",
        "waste": "trash"
      },
      "geometry": {
        "type": "Point",
        "coordinates": [
          2.5720772,
          48.9521027
        ]
      },
      "id": "node/11482600822"
    },
    {
      "type": "Feature",
      "properties": {
        "@id": "node/11482600826",
        "amenity": "waste_basket",
        "waste": "trash"
      },
      "geometry": {
        "type": "Point",
        "coordinates": [
          2.5709606,
          48.9535437
        ]
      },
      "id": "node/11482600826"
    },
    {
      "type": "Feature",
      "properties": {
        "@id": "node/11482664956",
        "amenity": "waste_basket",
        "waste": "trash"
      },
      "geometry": {
        "type": "Point",
        "coordinates": [
          2.5738951,
          48.9531007
        ]
      },
      "id": "node/11482664956"
    },
    {
      "type": "Feature",
      "properties": {
        "@id": "node/11484049729",
        "amenity": "waste_basket"
      },
      "geometry": {
        "type": "Point",
        "coordinates": [
          2.5756742,
          48.8631922
        ]
      },
      "id": "node/11484049729"
    },
    {
      "type": "Feature",
      "properties": {
        "@id": "node/11484263128",
        "amenity": "waste_basket",
        "material": "metal"
      },
      "geometry": {
        "type": "Point",
        "coordinates": [
          2.5444596,
          48.8863595
        ]
      },
      "id": "node/11484263128"
    },
    {
      "type": "Feature",
      "properties": {
        "@id": "node/11484263130",
        "amenity": "waste_basket",
        "material": "metal"
      },
      "geometry": {
        "type": "Point",
        "coordinates": [
          2.5446733,
          48.8866068
        ]
      },
      "id": "node/11484263130"
    },
    {
      "type": "Feature",
      "properties": {
        "@id": "node/11484263131",
        "amenity": "waste_basket",
        "material": "metal"
      },
      "geometry": {
        "type": "Point",
        "coordinates": [
          2.5446754,
          48.8864818
        ]
      },
      "id": "node/11484263131"
    },
    {
      "type": "Feature",
      "properties": {
        "@id": "node/11484263136",
        "amenity": "waste_basket",
        "material": "metal"
      },
      "geometry": {
        "type": "Point",
        "coordinates": [
          2.5448019,
          48.8862385
        ]
      },
      "id": "node/11484263136"
    },
    {
      "type": "Feature",
      "properties": {
        "@id": "node/11519019111",
        "amenity": "waste_basket",
        "level": "1",
        "waste": "trash"
      },
      "geometry": {
        "type": "Point",
        "coordinates": [
          2.3407204,
          48.9579828
        ]
      },
      "id": "node/11519019111"
    },
    {
      "type": "Feature",
      "properties": {
        "@id": "node/11537276796",
        "amenity": "waste_basket",
        "waste": "trash"
      },
      "geometry": {
        "type": "Point",
        "coordinates": [
          2.5740568,
          48.9612009
        ]
      },
      "id": "node/11537276796"
    },
    {
      "type": "Feature",
      "properties": {
        "@id": "node/11537276800",
        "amenity": "waste_basket",
        "waste": "trash"
      },
      "geometry": {
        "type": "Point",
        "coordinates": [
          2.5735579,
          48.9612687
        ]
      },
      "id": "node/11537276800"
    },
    {
      "type": "Feature",
      "properties": {
        "@id": "node/11537276806",
        "amenity": "waste_basket",
        "waste": "trash"
      },
      "geometry": {
        "type": "Point",
        "coordinates": [
          2.5739224,
          48.9613764
        ]
      },
      "id": "node/11537276806"
    },
    {
      "type": "Feature",
      "properties": {
        "@id": "node/11537276812",
        "amenity": "waste_basket",
        "waste": "trash"
      },
      "geometry": {
        "type": "Point",
        "coordinates": [
          2.57372,
          48.9610541
        ]
      },
      "id": "node/11537276812"
    },
    {
      "type": "Feature",
      "properties": {
        "@id": "node/11537276829",
        "amenity": "waste_basket",
        "waste": "trash"
      },
      "geometry": {
        "type": "Point",
        "coordinates": [
          2.5787286,
          48.9590052
        ]
      },
      "id": "node/11537276829"
    },
    {
      "type": "Feature",
      "properties": {
        "@id": "node/11582381942",
        "amenity": "waste_basket",
        "material": "plastic"
      },
      "geometry": {
        "type": "Point",
        "coordinates": [
          2.5426143,
          48.8715425
        ]
      },
      "id": "node/11582381942"
    },
    {
      "type": "Feature",
      "properties": {
        "@id": "node/11582381975",
        "amenity": "waste_basket",
        "material": "plastic"
      },
      "geometry": {
        "type": "Point",
        "coordinates": [
          2.5429637,
          48.8717376
        ]
      },
      "id": "node/11582381975"
    },
    {
      "type": "Feature",
      "properties": {
        "@id": "node/11582381981",
        "amenity": "waste_basket",
        "material": "plastic"
      },
      "geometry": {
        "type": "Point",
        "coordinates": [
          2.5427953,
          48.8722348
        ]
      },
      "id": "node/11582381981"
    },
    {
      "type": "Feature",
      "properties": {
        "@id": "node/11582381986",
        "amenity": "waste_basket",
        "material": "plastic"
      },
      "geometry": {
        "type": "Point",
        "coordinates": [
          2.5412594,
          48.8715246
        ]
      },
      "id": "node/11582381986"
    },
    {
      "type": "Feature",
      "properties": {
        "@id": "node/11582382017",
        "amenity": "waste_basket",
        "material": "plastic"
      },
      "geometry": {
        "type": "Point",
        "coordinates": [
          2.5445054,
          48.871551
        ]
      },
      "id": "node/11582382017"
    },
    {
      "type": "Feature",
      "properties": {
        "@id": "node/11582382044",
        "amenity": "waste_basket",
        "material": "wood"
      },
      "geometry": {
        "type": "Point",
        "coordinates": [
          2.5444361,
          48.8721125
        ]
      },
      "id": "node/11582382044"
    },
    {
      "type": "Feature",
      "properties": {
        "@id": "node/11582382105",
        "amenity": "waste_basket",
        "material": "plastic"
      },
      "geometry": {
        "type": "Point",
        "coordinates": [
          2.5414405,
          48.8710646
        ]
      },
      "id": "node/11582382105"
    },
    {
      "type": "Feature",
      "properties": {
        "@id": "node/11582382107",
        "amenity": "waste_basket",
        "material": "plastic"
      },
      "geometry": {
        "type": "Point",
        "coordinates": [
          2.5442763,
          48.8723893
        ]
      },
      "id": "node/11582382107"
    },
    {
      "type": "Feature",
      "properties": {
        "@id": "node/11582382108",
        "amenity": "waste_basket",
        "material": "plastic"
      },
      "geometry": {
        "type": "Point",
        "coordinates": [
          2.5446353,
          48.8719942
        ]
      },
      "id": "node/11582382108"
    },
    {
      "type": "Feature",
      "properties": {
        "@id": "node/11582382112",
        "amenity": "waste_basket",
        "material": "plastic"
      },
      "geometry": {
        "type": "Point",
        "coordinates": [
          2.542244,
          48.8720076
        ]
      },
      "id": "node/11582382112"
    },
    {
      "type": "Feature",
      "properties": {
        "@id": "node/11582382113",
        "amenity": "waste_basket",
        "material": "plastic"
      },
      "geometry": {
        "type": "Point",
        "coordinates": [
          2.5435098,
          48.8724187
        ]
      },
      "id": "node/11582382113"
    },
    {
      "type": "Feature",
      "properties": {
        "@id": "node/11583949692",
        "amenity": "waste_basket",
        "material": "plastic"
      },
      "geometry": {
        "type": "Point",
        "coordinates": [
          2.5315709,
          48.884603
        ]
      },
      "id": "node/11583949692"
    },
    {
      "type": "Feature",
      "properties": {
        "@id": "node/11641512027",
        "amenity": "waste_basket",
        "waste": "trash"
      },
      "geometry": {
        "type": "Point",
        "coordinates": [
          2.5733676,
          48.9490956
        ]
      },
      "id": "node/11641512027"
    },
    {
      "type": "Feature",
      "properties": {
        "@id": "node/11641512029",
        "amenity": "waste_basket",
        "waste": "trash"
      },
      "geometry": {
        "type": "Point",
        "coordinates": [
          2.5722546,
          48.9488301
        ]
      },
      "id": "node/11641512029"
    },
    {
      "type": "Feature",
      "properties": {
        "@id": "node/11641871503",
        "amenity": "waste_basket",
        "waste": "trash"
      },
      "geometry": {
        "type": "Point",
        "coordinates": [
          2.5716473,
          48.948761
        ]
      },
      "id": "node/11641871503"
    },
    {
      "type": "Feature",
      "properties": {
        "@id": "node/11711162784",
        "amenity": "waste_basket",
        "waste": "trash"
      },
      "geometry": {
        "type": "Point",
        "coordinates": [
          2.5876627,
          48.9482646
        ]
      },
      "id": "node/11711162784"
    },
    {
      "type": "Feature",
      "properties": {
        "@id": "node/11711162788",
        "amenity": "waste_basket",
        "waste": "trash"
      },
      "geometry": {
        "type": "Point",
        "coordinates": [
          2.5848846,
          48.9486145
        ]
      },
      "id": "node/11711162788"
    },
    {
      "type": "Feature",
      "properties": {
        "@id": "node/11727009339",
        "amenity": "waste_basket",
        "indoor": "no",
        "waste": "cigarettes"
      },
      "geometry": {
        "type": "Point",
        "coordinates": [
          2.3801279,
          48.9123994
        ]
      },
      "id": "node/11727009339"
    },
    {
      "type": "Feature",
      "properties": {
        "@id": "node/11727009340",
        "amenity": "waste_basket",
        "covered": "no",
        "indoor": "no",
        "waste": "trash"
      },
      "geometry": {
        "type": "Point",
        "coordinates": [
          2.3800602,
          48.9122611
        ]
      },
      "id": "node/11727009340"
    },
    {
      "type": "Feature",
      "properties": {
        "@id": "node/11727864204",
        "amenity": "waste_basket",
        "waste": "trash"
      },
      "geometry": {
        "type": "Point",
        "coordinates": [
          2.5653668,
          48.9424658
        ]
      },
      "id": "node/11727864204"
    },
    {
      "type": "Feature",
      "properties": {
        "@id": "node/11727864221",
        "amenity": "waste_basket",
        "waste": "trash"
      },
      "geometry": {
        "type": "Point",
        "coordinates": [
          2.5606425,
          48.9398591
        ]
      },
      "id": "node/11727864221"
    },
    {
      "type": "Feature",
      "properties": {
        "@id": "node/11727903154",
        "amenity": "waste_basket",
        "waste": "trash"
      },
      "geometry": {
        "type": "Point",
        "coordinates": [
          2.5545904,
          48.9393362
        ]
      },
      "id": "node/11727903154"
    },
    {
      "type": "Feature",
      "properties": {
        "@id": "node/11728026003",
        "amenity": "waste_basket",
        "waste": "trash"
      },
      "geometry": {
        "type": "Point",
        "coordinates": [
          2.552072,
          48.9381795
        ]
      },
      "id": "node/11728026003"
    },
    {
      "type": "Feature",
      "properties": {
        "@id": "node/11728026004",
        "amenity": "waste_basket",
        "waste": "trash"
      },
      "geometry": {
        "type": "Point",
        "coordinates": [
          2.5523709,
          48.9365558
        ]
      },
      "id": "node/11728026004"
    },
    {
      "type": "Feature",
      "properties": {
        "@id": "node/11728026013",
        "amenity": "waste_basket",
        "waste": "trash"
      },
      "geometry": {
        "type": "Point",
        "coordinates": [
          2.5518252,
          48.9366069
        ]
      },
      "id": "node/11728026013"
    },
    {
      "type": "Feature",
      "properties": {
        "@id": "node/11728026016",
        "amenity": "waste_basket",
        "waste": "trash"
      },
      "geometry": {
        "type": "Point",
        "coordinates": [
          2.552133,
          48.9366876
        ]
      },
      "id": "node/11728026016"
    },
    {
      "type": "Feature",
      "properties": {
        "@id": "node/11728026021",
        "amenity": "waste_basket",
        "waste": "trash"
      },
      "geometry": {
        "type": "Point",
        "coordinates": [
          2.5530068,
          48.9358973
        ]
      },
      "id": "node/11728026021"
    },
    {
      "type": "Feature",
      "properties": {
        "@id": "node/11728026023",
        "amenity": "waste_basket",
        "waste": "trash"
      },
      "geometry": {
        "type": "Point",
        "coordinates": [
          2.5518755,
          48.9363526
        ]
      },
      "id": "node/11728026023"
    },
    {
      "type": "Feature",
      "properties": {
        "@id": "node/11728026027",
        "amenity": "waste_basket",
        "waste": "trash"
      },
      "geometry": {
        "type": "Point",
        "coordinates": [
          2.5545895,
          48.9358904
        ]
      },
      "id": "node/11728026027"
    },
    {
      "type": "Feature",
      "properties": {
        "@id": "node/11728026032",
        "amenity": "waste_basket",
        "waste": "trash"
      },
      "geometry": {
        "type": "Point",
        "coordinates": [
          2.5518431,
          48.9356206
        ]
      },
      "id": "node/11728026032"
    },
    {
      "type": "Feature",
      "properties": {
        "@id": "node/11728607105",
        "amenity": "waste_basket",
        "waste": "trash"
      },
      "geometry": {
        "type": "Point",
        "coordinates": [
          2.578851,
          48.9512981
        ]
      },
      "id": "node/11728607105"
    },
    {
      "type": "Feature",
      "properties": {
        "@id": "node/11733820685",
        "amenity": "waste_basket",
        "waste": "trash"
      },
      "geometry": {
        "type": "Point",
        "coordinates": [
          2.566388,
          48.9404387
        ]
      },
      "id": "node/11733820685"
    },
    {
      "type": "Feature",
      "properties": {
        "@id": "node/11733820699",
        "amenity": "waste_basket",
        "waste": "trash"
      },
      "geometry": {
        "type": "Point",
        "coordinates": [
          2.5660323,
          48.9410593
        ]
      },
      "id": "node/11733820699"
    },
    {
      "type": "Feature",
      "properties": {
        "@id": "node/11733820700",
        "amenity": "waste_basket",
        "waste": "trash"
      },
      "geometry": {
        "type": "Point",
        "coordinates": [
          2.5660464,
          48.9403806
        ]
      },
      "id": "node/11733820700"
    },
    {
      "type": "Feature",
      "properties": {
        "@id": "node/11733820732",
        "amenity": "waste_basket",
        "waste": "trash"
      },
      "geometry": {
        "type": "Point",
        "coordinates": [
          2.565986,
          48.9399343
        ]
      },
      "id": "node/11733820732"
    },
    {
      "type": "Feature",
      "properties": {
        "@id": "node/11733820743",
        "amenity": "waste_basket",
        "waste": "trash"
      },
      "geometry": {
        "type": "Point",
        "coordinates": [
          2.5662966,
          48.9406545
        ]
      },
      "id": "node/11733820743"
    },
    {
      "type": "Feature",
      "properties": {
        "@id": "node/11733820750",
        "amenity": "waste_basket",
        "waste": "trash"
      },
      "geometry": {
        "type": "Point",
        "coordinates": [
          2.5665714,
          48.9397586
        ]
      },
      "id": "node/11733820750"
    },
    {
      "type": "Feature",
      "properties": {
        "@id": "node/11733820766",
        "amenity": "waste_basket",
        "waste": "trash"
      },
      "geometry": {
        "type": "Point",
        "coordinates": [
          2.5665753,
          48.9415844
        ]
      },
      "id": "node/11733820766"
    },
    {
      "type": "Feature",
      "properties": {
        "@id": "node/11733917697",
        "amenity": "waste_basket",
        "waste": "trash"
      },
      "geometry": {
        "type": "Point",
        "coordinates": [
          2.5634495,
          48.9405284
        ]
      },
      "id": "node/11733917697"
    },
    {
      "type": "Feature",
      "properties": {
        "@id": "node/11733917706",
        "amenity": "waste_basket",
        "waste": "trash"
      },
      "geometry": {
        "type": "Point",
        "coordinates": [
          2.561644,
          48.938174
        ]
      },
      "id": "node/11733917706"
    },
    {
      "type": "Feature",
      "properties": {
        "@id": "node/11733917728",
        "amenity": "waste_basket",
        "waste": "trash"
      },
      "geometry": {
        "type": "Point",
        "coordinates": [
          2.5637331,
          48.9406041
        ]
      },
      "id": "node/11733917728"
    },
    {
      "type": "Feature",
      "properties": {
        "@id": "node/11733917730",
        "amenity": "waste_basket",
        "waste": "trash"
      },
      "geometry": {
        "type": "Point",
        "coordinates": [
          2.5628213,
          48.9384302
        ]
      },
      "id": "node/11733917730"
    },
    {
      "type": "Feature",
      "properties": {
        "@id": "node/11733917740",
        "amenity": "waste_basket",
        "waste": "trash"
      },
      "geometry": {
        "type": "Point",
        "coordinates": [
          2.5639303,
          48.9386836
        ]
      },
      "id": "node/11733917740"
    },
    {
      "type": "Feature",
      "properties": {
        "@id": "node/11733946680",
        "amenity": "waste_basket",
        "waste": "trash"
      },
      "geometry": {
        "type": "Point",
        "coordinates": [
          2.5618003,
          48.940123
        ]
      },
      "id": "node/11733946680"
    },
    {
      "type": "Feature",
      "properties": {
        "@id": "node/11734152310",
        "amenity": "waste_basket",
        "waste": "trash"
      },
      "geometry": {
        "type": "Point",
        "coordinates": [
          2.5480705,
          48.9377559
        ]
      },
      "id": "node/11734152310"
    },
    {
      "type": "Feature",
      "properties": {
        "@id": "node/11734152315",
        "amenity": "waste_basket",
        "waste": "trash"
      },
      "geometry": {
        "type": "Point",
        "coordinates": [
          2.5532416,
          48.9385774
        ]
      },
      "id": "node/11734152315"
    },
    {
      "type": "Feature",
      "properties": {
        "@id": "node/11734152318",
        "amenity": "waste_basket",
        "waste": "trash"
      },
      "geometry": {
        "type": "Point",
        "coordinates": [
          2.5526448,
          48.9387197
        ]
      },
      "id": "node/11734152318"
    },
    {
      "type": "Feature",
      "properties": {
        "@id": "node/11734161300",
        "amenity": "waste_basket",
        "waste": "trash"
      },
      "geometry": {
        "type": "Point",
        "coordinates": [
          2.5486559,
          48.9349187
        ]
      },
      "id": "node/11734161300"
    },
    {
      "type": "Feature",
      "properties": {
        "@id": "node/11734161314",
        "amenity": "waste_basket",
        "waste": "trash"
      },
      "geometry": {
        "type": "Point",
        "coordinates": [
          2.5491447,
          48.9355151
        ]
      },
      "id": "node/11734161314"
    },
    {
      "type": "Feature",
      "properties": {
        "@id": "node/11734161317",
        "amenity": "waste_basket",
        "waste": "trash"
      },
      "geometry": {
        "type": "Point",
        "coordinates": [
          2.549501,
          48.9353094
        ]
      },
      "id": "node/11734161317"
    },
    {
      "type": "Feature",
      "properties": {
        "@id": "node/11734218749",
        "amenity": "waste_basket",
        "waste": "trash"
      },
      "geometry": {
        "type": "Point",
        "coordinates": [
          2.5500391,
          48.9417614
        ]
      },
      "id": "node/11734218749"
    },
    {
      "type": "Feature",
      "properties": {
        "@id": "node/11734218752",
        "amenity": "waste_basket",
        "waste": "trash"
      },
      "geometry": {
        "type": "Point",
        "coordinates": [
          2.5469007,
          48.9394334
        ]
      },
      "id": "node/11734218752"
    },
    {
      "type": "Feature",
      "properties": {
        "@id": "node/11734218762",
        "amenity": "waste_basket",
        "waste": "trash"
      },
      "geometry": {
        "type": "Point",
        "coordinates": [
          2.5504447,
          48.9416708
        ]
      },
      "id": "node/11734218762"
    },
    {
      "type": "Feature",
      "properties": {
        "@id": "node/11734410821",
        "amenity": "waste_basket",
        "waste": "trash"
      },
      "geometry": {
        "type": "Point",
        "coordinates": [
          2.5501905,
          48.9418595
        ]
      },
      "id": "node/11734410821"
    },
    {
      "type": "Feature",
      "properties": {
        "@id": "node/11734410822",
        "amenity": "waste_basket",
        "waste": "trash"
      },
      "geometry": {
        "type": "Point",
        "coordinates": [
          2.5504387,
          48.9419196
        ]
      },
      "id": "node/11734410822"
    },
    {
      "type": "Feature",
      "properties": {
        "@id": "node/11734416874",
        "amenity": "waste_basket",
        "waste": "trash"
      },
      "geometry": {
        "type": "Point",
        "coordinates": [
          2.5489412,
          48.9420978
        ]
      },
      "id": "node/11734416874"
    },
    {
      "type": "Feature",
      "properties": {
        "@id": "node/11734416891",
        "amenity": "waste_basket",
        "waste": "trash"
      },
      "geometry": {
        "type": "Point",
        "coordinates": [
          2.5451013,
          48.9401605
        ]
      },
      "id": "node/11734416891"
    },
    {
      "type": "Feature",
      "properties": {
        "@id": "node/11734416893",
        "amenity": "waste_basket",
        "waste": "trash"
      },
      "geometry": {
        "type": "Point",
        "coordinates": [
          2.5497264,
          48.9402678
        ]
      },
      "id": "node/11734416893"
    },
    {
      "type": "Feature",
      "properties": {
        "@id": "node/11734416911",
        "amenity": "waste_basket",
        "waste": "trash"
      },
      "geometry": {
        "type": "Point",
        "coordinates": [
          2.5422311,
          48.9409047
        ]
      },
      "id": "node/11734416911"
    },
    {
      "type": "Feature",
      "properties": {
        "@id": "node/11734450507",
        "amenity": "waste_basket",
        "waste": "trash"
      },
      "geometry": {
        "type": "Point",
        "coordinates": [
          2.54863,
          48.9414145
        ]
      },
      "id": "node/11734450507"
    },
    {
      "type": "Feature",
      "properties": {
        "@id": "node/11734450509",
        "amenity": "waste_basket",
        "waste": "trash"
      },
      "geometry": {
        "type": "Point",
        "coordinates": [
          2.5465674,
          48.9405556
        ]
      },
      "id": "node/11734450509"
    },
    {
      "type": "Feature",
      "properties": {
        "@id": "node/11734450512",
        "amenity": "waste_basket",
        "waste": "trash"
      },
      "geometry": {
        "type": "Point",
        "coordinates": [
          2.5465539,
          48.9404705
        ]
      },
      "id": "node/11734450512"
    },
    {
      "type": "Feature",
      "properties": {
        "@id": "node/11734524842",
        "amenity": "waste_basket",
        "waste": "trash"
      },
      "geometry": {
        "type": "Point",
        "coordinates": [
          2.5680471,
          48.9435285
        ]
      },
      "id": "node/11734524842"
    },
    {
      "type": "Feature",
      "properties": {
        "@id": "node/11800209301",
        "amenity": "waste_basket",
        "waste": "trash"
      },
      "geometry": {
        "type": "Point",
        "coordinates": [
          2.5761295,
          48.9456085
        ]
      },
      "id": "node/11800209301"
    },
    {
      "type": "Feature",
      "properties": {
        "@id": "node/11817266237",
        "amenity": "waste_basket",
        "material": "wood",
        "operator": "Mairie de Noisy-le-Grand"
      },
      "geometry": {
        "type": "Point",
        "coordinates": [
          2.5548541,
          48.8342457
        ]
      },
      "id": "node/11817266237"
    },
    {
      "type": "Feature",
      "properties": {
        "@id": "node/11817266240",
        "amenity": "waste_basket",
        "material": "wood",
        "operator": "Mairie de Noisy-le-Grand"
      },
      "geometry": {
        "type": "Point",
        "coordinates": [
          2.5557257,
          48.8340523
        ]
      },
      "id": "node/11817266240"
    },
    {
      "type": "Feature",
      "properties": {
        "@id": "node/11817266257",
        "amenity": "waste_basket",
        "material": "wood",
        "operator": "Mairie de Noisy-le-Grand"
      },
      "geometry": {
        "type": "Point",
        "coordinates": [
          2.555648,
          48.8329164
        ]
      },
      "id": "node/11817266257"
    },
    {
      "type": "Feature",
      "properties": {
        "@id": "node/11838897894",
        "amenity": "waste_basket",
        "colour": "green",
        "waste": "trash"
      },
      "geometry": {
        "type": "Point",
        "coordinates": [
          2.484249,
          48.9413409
        ]
      },
      "id": "node/11838897894"
    },
    {
      "type": "Feature",
      "properties": {
        "@id": "node/11838897899",
        "amenity": "waste_basket",
        "colour": "green",
        "waste": "trash"
      },
      "geometry": {
        "type": "Point",
        "coordinates": [
          2.4843409,
          48.9414428
        ]
      },
      "id": "node/11838897899"
    },
    {
      "type": "Feature",
      "properties": {
        "@id": "node/11863025959",
        "amenity": "waste_basket",
        "colour": "green",
        "waste": "trash"
      },
      "geometry": {
        "type": "Point",
        "coordinates": [
          2.4836056,
          48.9414046
        ]
      },
      "id": "node/11863025959"
    },
    {
      "type": "Feature",
      "properties": {
        "@id": "node/11863025960",
        "amenity": "waste_basket",
        "colour": "green",
        "waste": "trash"
      },
      "geometry": {
        "type": "Point",
        "coordinates": [
          2.4836077,
          48.9414766
        ]
      },
      "id": "node/11863025960"
    },
    {
      "type": "Feature",
      "properties": {
        "@id": "node/11896340019",
        "amenity": "waste_basket"
      },
      "geometry": {
        "type": "Point",
        "coordinates": [
          2.4377344,
          48.9064939
        ]
      },
      "id": "node/11896340019"
    },
    {
      "type": "Feature",
      "properties": {
        "@id": "node/11896344522",
        "amenity": "waste_basket"
      },
      "geometry": {
        "type": "Point",
        "coordinates": [
          2.4391623,
          48.9057142
        ]
      },
      "id": "node/11896344522"
    },
    {
      "type": "Feature",
      "properties": {
        "@id": "node/11896344523",
        "amenity": "waste_basket"
      },
      "geometry": {
        "type": "Point",
        "coordinates": [
          2.4403356,
          48.9060441
        ]
      },
      "id": "node/11896344523"
    },
    {
      "type": "Feature",
      "properties": {
        "@id": "node/11896349812",
        "amenity": "waste_basket"
      },
      "geometry": {
        "type": "Point",
        "coordinates": [
          2.4398131,
          48.906282
        ]
      },
      "id": "node/11896349812"
    },
    {
      "type": "Feature",
      "properties": {
        "@id": "node/11896349882",
        "amenity": "waste_basket"
      },
      "geometry": {
        "type": "Point",
        "coordinates": [
          2.4374588,
          48.9064644
        ]
      },
      "id": "node/11896349882"
    },
    {
      "type": "Feature",
      "properties": {
        "@id": "node/11896355296",
        "amenity": "waste_basket"
      },
      "geometry": {
        "type": "Point",
        "coordinates": [
          2.4397044,
          48.9060266
        ]
      },
      "id": "node/11896355296"
    },
    {
      "type": "Feature",
      "properties": {
        "@id": "node/11896355530",
        "amenity": "waste_basket"
      },
      "geometry": {
        "type": "Point",
        "coordinates": [
          2.4392874,
          48.9059102
        ]
      },
      "id": "node/11896355530"
    },
    {
      "type": "Feature",
      "properties": {
        "@id": "node/11896355761",
        "amenity": "waste_basket"
      },
      "geometry": {
        "type": "Point",
        "coordinates": [
          2.4392489,
          48.9055026
        ]
      },
      "id": "node/11896355761"
    },
    {
      "type": "Feature",
      "properties": {
        "@id": "node/11896355855",
        "amenity": "waste_basket"
      },
      "geometry": {
        "type": "Point",
        "coordinates": [
          2.4401959,
          48.9060409
        ]
      },
      "id": "node/11896355855"
    },
    {
      "type": "Feature",
      "properties": {
        "@id": "node/11896355859",
        "amenity": "waste_basket"
      },
      "geometry": {
        "type": "Point",
        "coordinates": [
          2.4400789,
          48.9061075
        ]
      },
      "id": "node/11896355859"
    },
    {
      "type": "Feature",
      "properties": {
        "@id": "node/11896355860",
        "amenity": "waste_basket"
      },
      "geometry": {
        "type": "Point",
        "coordinates": [
          2.439258,
          48.9062838
        ]
      },
      "id": "node/11896355860"
    },
    {
      "type": "Feature",
      "properties": {
        "@id": "node/11896356314",
        "amenity": "waste_basket"
      },
      "geometry": {
        "type": "Point",
        "coordinates": [
          2.4404017,
          48.9060052
        ]
      },
      "id": "node/11896356314"
    },
    {
      "type": "Feature",
      "properties": {
        "@id": "node/11896357609",
        "amenity": "waste_basket"
      },
      "geometry": {
        "type": "Point",
        "coordinates": [
          2.4395959,
          48.9060824
        ]
      },
      "id": "node/11896357609"
    },
    {
      "type": "Feature",
      "properties": {
        "@id": "node/11896360781",
        "amenity": "waste_basket"
      },
      "geometry": {
        "type": "Point",
        "coordinates": [
          2.4395659,
          48.9062787
        ]
      },
      "id": "node/11896360781"
    },
    {
      "type": "Feature",
      "properties": {
        "@id": "node/11896365169",
        "amenity": "waste_basket"
      },
      "geometry": {
        "type": "Point",
        "coordinates": [
          2.4395047,
          48.9061176
        ]
      },
      "id": "node/11896365169"
    },
    {
      "type": "Feature",
      "properties": {
        "@id": "node/11896366282",
        "amenity": "waste_basket"
      },
      "geometry": {
        "type": "Point",
        "coordinates": [
          2.4403016,
          48.906282
        ]
      },
      "id": "node/11896366282"
    },
    {
      "type": "Feature",
      "properties": {
        "@id": "node/11901373897",
        "amenity": "waste_basket"
      },
      "geometry": {
        "type": "Point",
        "coordinates": [
          2.4453496,
          48.9054768
        ]
      },
      "id": "node/11901373897"
    },
    {
      "type": "Feature",
      "properties": {
        "@id": "node/11901399890",
        "amenity": "waste_basket"
      },
      "geometry": {
        "type": "Point",
        "coordinates": [
          2.445237,
          48.9054101
        ]
      },
      "id": "node/11901399890"
    },
    {
      "type": "Feature",
      "properties": {
        "@id": "node/11901414087",
        "amenity": "waste_basket"
      },
      "geometry": {
        "type": "Point",
        "coordinates": [
          2.4443685,
          48.9054724
        ]
      },
      "id": "node/11901414087"
    },
    {
      "type": "Feature",
      "properties": {
        "@id": "node/11901414136",
        "amenity": "waste_basket"
      },
      "geometry": {
        "type": "Point",
        "coordinates": [
          2.4459306,
          48.9048652
        ]
      },
      "id": "node/11901414136"
    },
    {
      "type": "Feature",
      "properties": {
        "@id": "node/11901423285",
        "amenity": "waste_basket"
      },
      "geometry": {
        "type": "Point",
        "coordinates": [
          2.4453603,
          48.9055764
        ]
      },
      "id": "node/11901423285"
    },
    {
      "type": "Feature",
      "properties": {
        "@id": "node/11901428995",
        "amenity": "waste_basket"
      },
      "geometry": {
        "type": "Point",
        "coordinates": [
          2.4446695,
          48.9053566
        ]
      },
      "id": "node/11901428995"
    },
    {
      "type": "Feature",
      "properties": {
        "@id": "node/11901428996",
        "amenity": "waste_basket"
      },
      "geometry": {
        "type": "Point",
        "coordinates": [
          2.4443807,
          48.9053241
        ]
      },
      "id": "node/11901428996"
    },
    {
      "type": "Feature",
      "properties": {
        "@id": "node/11901431145",
        "amenity": "waste_basket"
      },
      "geometry": {
        "type": "Point",
        "coordinates": [
          2.4456908,
          48.9048644
        ]
      },
      "id": "node/11901431145"
    },
    {
      "type": "Feature",
      "properties": {
        "@id": "node/11901446401",
        "amenity": "waste_basket"
      },
      "geometry": {
        "type": "Point",
        "coordinates": [
          2.4460902,
          48.9048608
        ]
      },
      "id": "node/11901446401"
    },
    {
      "type": "Feature",
      "properties": {
        "@id": "node/11901446815",
        "amenity": "waste_basket"
      },
      "geometry": {
        "type": "Point",
        "coordinates": [
          2.446032,
          48.9049041
        ]
      },
      "id": "node/11901446815"
    },
    {
      "type": "Feature",
      "properties": {
        "@id": "node/11901453200",
        "amenity": "waste_basket"
      },
      "geometry": {
        "type": "Point",
        "coordinates": [
          2.4462112,
          48.9049186
        ]
      },
      "id": "node/11901453200"
    },
    {
      "type": "Feature",
      "properties": {
        "@id": "node/11901467655",
        "amenity": "waste_basket"
      },
      "geometry": {
        "type": "Point",
        "coordinates": [
          2.448432,
          48.9051928
        ]
      },
      "id": "node/11901467655"
    },
    {
      "type": "Feature",
      "properties": {
        "@id": "node/11901467656",
        "amenity": "waste_basket"
      },
      "geometry": {
        "type": "Point",
        "coordinates": [
          2.4485834,
          48.9051778
        ]
      },
      "id": "node/11901467656"
    },
    {
      "type": "Feature",
      "properties": {
        "@id": "node/11919825497",
        "amenity": "waste_basket"
      },
      "geometry": {
        "type": "Point",
        "coordinates": [
          2.4414478,
          48.9050988
        ]
      },
      "id": "node/11919825497"
    },
    {
      "type": "Feature",
      "properties": {
        "@id": "node/11919851066",
        "amenity": "waste_basket"
      },
      "geometry": {
        "type": "Point",
        "coordinates": [
          2.4408358,
          48.9050309
        ]
      },
      "id": "node/11919851066"
    },
    {
      "type": "Feature",
      "properties": {
        "@id": "node/11919851262",
        "amenity": "waste_basket"
      },
      "geometry": {
        "type": "Point",
        "coordinates": [
          2.4415291,
          48.9050434
        ]
      },
      "id": "node/11919851262"
    },
    {
      "type": "Feature",
      "properties": {
        "@id": "node/11919858341",
        "amenity": "waste_basket"
      },
      "geometry": {
        "type": "Point",
        "coordinates": [
          2.4420224,
          48.9044322
        ]
      },
      "id": "node/11919858341"
    },
    {
      "type": "Feature",
      "properties": {
        "@id": "node/11919872016",
        "amenity": "waste_basket"
      },
      "geometry": {
        "type": "Point",
        "coordinates": [
          2.4417737,
          48.9045744
        ]
      },
      "id": "node/11919872016"
    },
    {
      "type": "Feature",
      "properties": {
        "@id": "node/11919872448",
        "amenity": "waste_basket"
      },
      "geometry": {
        "type": "Point",
        "coordinates": [
          2.4413237,
          48.9051274
        ]
      },
      "id": "node/11919872448"
    },
    {
      "type": "Feature",
      "properties": {
        "@id": "node/11919872615",
        "amenity": "waste_basket"
      },
      "geometry": {
        "type": "Point",
        "coordinates": [
          2.4414618,
          48.9049289
        ]
      },
      "id": "node/11919872615"
    },
    {
      "type": "Feature",
      "properties": {
        "@id": "node/11919872616",
        "amenity": "waste_basket"
      },
      "geometry": {
        "type": "Point",
        "coordinates": [
          2.4411797,
          48.9050689
        ]
      },
      "id": "node/11919872616"
    },
    {
      "type": "Feature",
      "properties": {
        "@id": "node/11919880275",
        "amenity": "waste_basket"
      },
      "geometry": {
        "type": "Point",
        "coordinates": [
          2.4410369,
          48.9050372
        ]
      },
      "id": "node/11919880275"
    },
    {
      "type": "Feature",
      "properties": {
        "@id": "node/11919880276",
        "amenity": "waste_basket"
      },
      "geometry": {
        "type": "Point",
        "coordinates": [
          2.441683,
          48.9046431
        ]
      },
      "id": "node/11919880276"
    },
    {
      "type": "Feature",
      "properties": {
        "@id": "node/11928006578",
        "amenity": "waste_basket"
      },
      "geometry": {
        "type": "Point",
        "coordinates": [
          2.4432121,
          48.9071476
        ]
      },
      "id": "node/11928006578"
    },
    {
      "type": "Feature",
      "properties": {
        "@id": "node/11931520468",
        "amenity": "waste_basket",
        "waste": "trash"
      },
      "geometry": {
        "type": "Point",
        "coordinates": [
          2.516048,
          48.9636313
        ]
      },
      "id": "node/11931520468"
    },
    {
      "type": "Feature",
      "properties": {
        "@id": "node/11962209321",
        "amenity": "waste_basket"
      },
      "geometry": {
        "type": "Point",
        "coordinates": [
          2.3387368,
          48.9356778
        ]
      },
      "id": "node/11962209321"
    },
    {
      "type": "Feature",
      "properties": {
        "@id": "node/11964460718",
        "amenity": "waste_basket"
      },
      "geometry": {
        "type": "Point",
        "coordinates": [
          2.341422,
          48.9357737
        ]
      },
      "id": "node/11964460718"
    },
    {
      "type": "Feature",
      "properties": {
        "@id": "node/11964521253",
        "amenity": "waste_basket"
      },
      "geometry": {
        "type": "Point",
        "coordinates": [
          2.3415405,
          48.9359075
        ]
      },
      "id": "node/11964521253"
    },
    {
      "type": "Feature",
      "properties": {
        "@id": "node/11964554385",
        "amenity": "waste_basket"
      },
      "geometry": {
        "type": "Point",
        "coordinates": [
          2.342169,
          48.9359282
        ]
      },
      "id": "node/11964554385"
    },
    {
      "type": "Feature",
      "properties": {
        "@id": "node/11971345202",
        "amenity": "waste_basket"
      },
      "geometry": {
        "type": "Point",
        "coordinates": [
          2.3392924,
          48.9356758
        ]
      },
      "id": "node/11971345202"
    },
    {
      "type": "Feature",
      "properties": {
        "@id": "node/11971359341",
        "amenity": "waste_basket"
      },
      "geometry": {
        "type": "Point",
        "coordinates": [
          2.3420722,
          48.9357972
        ]
      },
      "id": "node/11971359341"
    },
    {
      "type": "Feature",
      "properties": {
        "@id": "node/11971362971",
        "amenity": "waste_basket"
      },
      "geometry": {
        "type": "Point",
        "coordinates": [
          2.3376966,
          48.9356192
        ]
      },
      "id": "node/11971362971"
    },
    {
      "type": "Feature",
      "properties": {
        "@id": "node/11977600149",
        "amenity": "waste_basket"
      },
      "geometry": {
        "type": "Point",
        "coordinates": [
          2.3408085,
          48.9356873
        ]
      },
      "id": "node/11977600149"
    },
    {
      "type": "Feature",
      "properties": {
        "@id": "node/11986488334",
        "amenity": "waste_basket"
      },
      "geometry": {
        "type": "Point",
        "coordinates": [
          2.5492897,
          48.84515
        ]
      },
      "id": "node/11986488334"
    },
    {
      "type": "Feature",
      "properties": {
        "@id": "node/11989598850",
        "amenity": "waste_basket"
      },
      "geometry": {
        "type": "Point",
        "coordinates": [
          2.3390867,
          48.9355807
        ]
      },
      "id": "node/11989598850"
    },
    {
      "type": "Feature",
      "properties": {
        "@id": "node/12014368097",
        "amenity": "waste_basket"
      },
      "geometry": {
        "type": "Point",
        "coordinates": [
          2.3442518,
          48.9348105
        ]
      },
      "id": "node/12014368097"
    },
    {
      "type": "Feature",
      "properties": {
        "@id": "node/12032738863",
        "amenity": "waste_basket"
      },
      "geometry": {
        "type": "Point",
        "coordinates": [
          2.3385807,
          48.9356447
        ]
      },
      "id": "node/12032738863"
    },
    {
      "type": "Feature",
      "properties": {
        "@id": "node/12055327739",
        "amenity": "waste_basket"
      },
      "geometry": {
        "type": "Point",
        "coordinates": [
          2.3673907,
          48.9110295
        ]
      },
      "id": "node/12055327739"
    },
    {
      "type": "Feature",
      "properties": {
        "@id": "node/12055327740",
        "amenity": "waste_basket"
      },
      "geometry": {
        "type": "Point",
        "coordinates": [
          2.367415,
          48.9110999
        ]
      },
      "id": "node/12055327740"
    },
    {
      "type": "Feature",
      "properties": {
        "@id": "node/12056132913",
        "amenity": "waste_basket",
        "check_date": "2024-07-15",
        "covered": "no",
        "indoor": "no",
        "operator": "Plaine Commune",
        "waste": "mixed"
      },
      "geometry": {
        "type": "Point",
        "coordinates": [
          2.3830314,
          48.9139117
        ]
      },
      "id": "node/12056132913"
    },
    {
      "type": "Feature",
      "properties": {
        "@id": "node/12058655783",
        "amenity": "waste_basket"
      },
      "geometry": {
        "type": "Point",
        "coordinates": [
          2.3409044,
          48.935972
        ]
      },
      "id": "node/12058655783"
    },
    {
      "type": "Feature",
      "properties": {
        "@id": "node/12066406344",
        "amenity": "waste_basket",
        "waste": "trash"
      },
      "geometry": {
        "type": "Point",
        "coordinates": [
          2.3343889,
          48.912222
        ]
      },
      "id": "node/12066406344"
    },
    {
      "type": "Feature",
      "properties": {
        "@id": "node/12066406345",
        "amenity": "waste_basket",
        "waste": "trash"
      },
      "geometry": {
        "type": "Point",
        "coordinates": [
          2.33367,
          48.9123376
        ]
      },
      "id": "node/12066406345"
    },
    {
      "type": "Feature",
      "properties": {
        "@id": "node/12066406349",
        "amenity": "waste_basket",
        "waste": "trash"
      },
      "geometry": {
        "type": "Point",
        "coordinates": [
          2.3309469,
          48.9112185
        ]
      },
      "id": "node/12066406349"
    },
    {
      "type": "Feature",
      "properties": {
        "@id": "node/12066406351",
        "amenity": "waste_basket",
        "waste": "trash"
      },
      "geometry": {
        "type": "Point",
        "coordinates": [
          2.3311883,
          48.9110633
        ]
      },
      "id": "node/12066406351"
    },
    {
      "type": "Feature",
      "properties": {
        "@id": "node/12090606450",
        "amenity": "waste_basket"
      },
      "geometry": {
        "type": "Point",
        "coordinates": [
          2.3342474,
          48.911932
        ]
      },
      "id": "node/12090606450"
    },
    {
      "type": "Feature",
      "properties": {
        "@id": "node/12090611310",
        "amenity": "waste_basket",
        "check_date": "2023-08-01"
      },
      "geometry": {
        "type": "Point",
        "coordinates": [
          2.3334219,
          48.9120377
        ]
      },
      "id": "node/12090611310"
    },
    {
      "type": "Feature",
      "properties": {
        "@id": "node/12107799908",
        "amenity": "waste_basket"
      },
      "geometry": {
        "type": "Point",
        "coordinates": [
          2.364669,
          48.918396
        ]
      },
      "id": "node/12107799908"
    },
    {
      "type": "Feature",
      "properties": {
        "@id": "node/12108807239",
        "amenity": "waste_basket"
      },
      "geometry": {
        "type": "Point",
        "coordinates": [
          2.3651287,
          48.9159252
        ]
      },
      "id": "node/12108807239"
    },
    {
      "type": "Feature",
      "properties": {
        "@id": "node/12108807240",
        "amenity": "waste_basket"
      },
      "geometry": {
        "type": "Point",
        "coordinates": [
          2.3651264,
          48.9159086
        ]
      },
      "id": "node/12108807240"
    },
    {
      "type": "Feature",
      "properties": {
        "@id": "node/12108807269",
        "amenity": "waste_basket"
      },
      "geometry": {
        "type": "Point",
        "coordinates": [
          2.3670788,
          48.9165743
        ]
      },
      "id": "node/12108807269"
    },
    {
      "type": "Feature",
      "properties": {
        "@id": "node/12112618575",
        "amenity": "waste_basket"
      },
      "geometry": {
        "type": "Point",
        "coordinates": [
          2.3670335,
          48.9167855
        ]
      },
      "id": "node/12112618575"
    },
    {
      "type": "Feature",
      "properties": {
        "@id": "node/12112644458",
        "amenity": "waste_basket"
      },
      "geometry": {
        "type": "Point",
        "coordinates": [
          2.3680556,
          48.9165094
        ]
      },
      "id": "node/12112644458"
    },
    {
      "type": "Feature",
      "properties": {
        "@id": "node/12114396459",
        "amenity": "waste_basket"
      },
      "geometry": {
        "type": "Point",
        "coordinates": [
          2.3673685,
          48.9165029
        ]
      },
      "id": "node/12114396459"
    },
    {
      "type": "Feature",
      "properties": {
        "@id": "node/12116742419",
        "amenity": "waste_basket"
      },
      "geometry": {
        "type": "Point",
        "coordinates": [
          2.3789739,
          48.9027697
        ]
      },
      "id": "node/12116742419"
    },
    {
      "type": "Feature",
      "properties": {
        "@id": "node/12116742420",
        "amenity": "waste_basket"
      },
      "geometry": {
        "type": "Point",
        "coordinates": [
          2.3789372,
          48.9028207
        ]
      },
      "id": "node/12116742420"
    },
    {
      "type": "Feature",
      "properties": {
        "@id": "node/12116742421",
        "amenity": "waste_basket"
      },
      "geometry": {
        "type": "Point",
        "coordinates": [
          2.3791075,
          48.9028068
        ]
      },
      "id": "node/12116742421"
    },
    {
      "type": "Feature",
      "properties": {
        "@id": "node/12116742422",
        "amenity": "waste_basket"
      },
      "geometry": {
        "type": "Point",
        "coordinates": [
          2.3791754,
          48.9028213
        ]
      },
      "id": "node/12116742422"
    },
    {
      "type": "Feature",
      "properties": {
        "@id": "node/12116749830",
        "amenity": "waste_basket"
      },
      "geometry": {
        "type": "Point",
        "coordinates": [
          2.3786375,
          48.9032839
        ]
      },
      "id": "node/12116749830"
    },
    {
      "type": "Feature",
      "properties": {
        "@id": "node/12116749835",
        "amenity": "waste_basket"
      },
      "geometry": {
        "type": "Point",
        "coordinates": [
          2.3790216,
          48.9032261
        ]
      },
      "id": "node/12116749835"
    },
    {
      "type": "Feature",
      "properties": {
        "@id": "node/12116752239",
        "amenity": "waste_basket"
      },
      "geometry": {
        "type": "Point",
        "coordinates": [
          2.3783056,
          48.9036866
        ]
      },
      "id": "node/12116752239"
    },
    {
      "type": "Feature",
      "properties": {
        "@id": "node/12116752242",
        "amenity": "waste_basket"
      },
      "geometry": {
        "type": "Point",
        "coordinates": [
          2.3783543,
          48.9036183
        ]
      },
      "id": "node/12116752242"
    },
    {
      "type": "Feature",
      "properties": {
        "@id": "node/12116752248",
        "amenity": "waste_basket"
      },
      "geometry": {
        "type": "Point",
        "coordinates": [
          2.3783672,
          48.9037015
        ]
      },
      "id": "node/12116752248"
    },
    {
      "type": "Feature",
      "properties": {
        "@id": "node/12116756541",
        "amenity": "waste_basket"
      },
      "geometry": {
        "type": "Point",
        "coordinates": [
          2.3792479,
          48.9041262
        ]
      },
      "id": "node/12116756541"
    },
    {
      "type": "Feature",
      "properties": {
        "@id": "node/12116779693",
        "amenity": "waste_basket"
      },
      "geometry": {
        "type": "Point",
        "coordinates": [
          2.3781595,
          48.9056766
        ]
      },
      "id": "node/12116779693"
    },
    {
      "type": "Feature",
      "properties": {
        "@id": "node/12116784121",
        "amenity": "waste_basket"
      },
      "geometry": {
        "type": "Point",
        "coordinates": [
          2.378553,
          48.9050507
        ]
      },
      "id": "node/12116784121"
    },
    {
      "type": "Feature",
      "properties": {
        "@id": "node/12116797189",
        "amenity": "waste_basket"
      },
      "geometry": {
        "type": "Point",
        "coordinates": [
          2.3775002,
          48.9067874
        ]
      },
      "id": "node/12116797189"
    },
    {
      "type": "Feature",
      "properties": {
        "@id": "node/12116800999",
        "amenity": "waste_basket"
      },
      "geometry": {
        "type": "Point",
        "coordinates": [
          2.3771105,
          48.9072499
        ]
      },
      "id": "node/12116800999"
    },
    {
      "type": "Feature",
      "properties": {
        "@id": "node/12118498801",
        "amenity": "waste_basket"
      },
      "geometry": {
        "type": "Point",
        "coordinates": [
          2.3745956,
          48.9177934
        ]
      },
      "id": "node/12118498801"
    },
    {
      "type": "Feature",
      "properties": {
        "@id": "node/12142004930",
        "amenity": "waste_basket"
      },
      "geometry": {
        "type": "Point",
        "coordinates": [
          2.3524315,
          48.9180812
        ]
      },
      "id": "node/12142004930"
    },
    {
      "type": "Feature",
      "properties": {
        "@id": "node/12142007056",
        "amenity": "waste_basket",
        "operator": "Plaine Commune",
        "waste": "mixed"
      },
      "geometry": {
        "type": "Point",
        "coordinates": [
          2.3159156,
          48.9527271
        ]
      },
      "id": "node/12142007056"
    },
    {
      "type": "Feature",
      "properties": {
        "@id": "node/12142087061",
        "amenity": "waste_basket"
      },
      "geometry": {
        "type": "Point",
        "coordinates": [
          2.3496025,
          48.942798
        ]
      },
      "id": "node/12142087061"
    },
    {
      "type": "Feature",
      "properties": {
        "@id": "node/12159973800",
        "amenity": "waste_basket"
      },
      "geometry": {
        "type": "Point",
        "coordinates": [
          2.5525868,
          48.8326598
        ]
      },
      "id": "node/12159973800"
    },
    {
      "type": "Feature",
      "properties": {
        "@id": "node/12163264096",
        "amenity": "waste_basket"
      },
      "geometry": {
        "type": "Point",
        "coordinates": [
          2.392107,
          48.9362728
        ]
      },
      "id": "node/12163264096"
    },
    {
      "type": "Feature",
      "properties": {
        "@id": "node/12163264097",
        "amenity": "waste_basket"
      },
      "geometry": {
        "type": "Point",
        "coordinates": [
          2.393147,
          48.9362581
        ]
      },
      "id": "node/12163264097"
    },
    {
      "type": "Feature",
      "properties": {
        "@id": "node/12163264099",
        "amenity": "waste_basket"
      },
      "geometry": {
        "type": "Point",
        "coordinates": [
          2.3989513,
          48.9376076
        ]
      },
      "id": "node/12163264099"
    },
    {
      "type": "Feature",
      "properties": {
        "@id": "node/12163265920",
        "amenity": "waste_basket"
      },
      "geometry": {
        "type": "Point",
        "coordinates": [
          2.394236,
          48.9364303
        ]
      },
      "id": "node/12163265920"
    },
    {
      "type": "Feature",
      "properties": {
        "@id": "node/12163277812",
        "amenity": "waste_basket"
      },
      "geometry": {
        "type": "Point",
        "coordinates": [
          2.391657,
          48.9362448
        ]
      },
      "id": "node/12163277812"
    },
    {
      "type": "Feature",
      "properties": {
        "@id": "node/12180199801",
        "amenity": "waste_basket"
      },
      "geometry": {
        "type": "Point",
        "coordinates": [
          2.4240634,
          48.8839127
        ]
      },
      "id": "node/12180199801"
    },
    {
      "type": "Feature",
      "properties": {
        "@id": "node/12180199802",
        "amenity": "waste_basket"
      },
      "geometry": {
        "type": "Point",
        "coordinates": [
          2.4246253,
          48.8842621
        ]
      },
      "id": "node/12180199802"
    },
    {
      "type": "Feature",
      "properties": {
        "@id": "node/12192353809",
        "amenity": "waste_basket"
      },
      "geometry": {
        "type": "Point",
        "coordinates": [
          2.411946,
          48.9436501
        ]
      },
      "id": "node/12192353809"
    },
    {
      "type": "Feature",
      "properties": {
        "@id": "node/12192558253",
        "amenity": "waste_basket"
      },
      "geometry": {
        "type": "Point",
        "coordinates": [
          2.4211597,
          48.9555471
        ]
      },
      "id": "node/12192558253"
    },
    {
      "type": "Feature",
      "properties": {
        "@id": "node/12192561907",
        "amenity": "waste_basket"
      },
      "geometry": {
        "type": "Point",
        "coordinates": [
          2.4214557,
          48.9553979
        ]
      },
      "id": "node/12192561907"
    },
    {
      "type": "Feature",
      "properties": {
        "@id": "node/12192570459",
        "amenity": "waste_basket"
      },
      "geometry": {
        "type": "Point",
        "coordinates": [
          2.4212349,
          48.9554024
        ]
      },
      "id": "node/12192570459"
    },
    {
      "type": "Feature",
      "properties": {
        "@id": "node/12192587370",
        "amenity": "waste_basket"
      },
      "geometry": {
        "type": "Point",
        "coordinates": [
          2.4162234,
          48.9536555
        ]
      },
      "id": "node/12192587370"
    },
    {
      "type": "Feature",
      "properties": {
        "@id": "node/12197476060",
        "amenity": "waste_basket"
      },
      "geometry": {
        "type": "Point",
        "coordinates": [
          2.3682905,
          48.9359727
        ]
      },
      "id": "node/12197476060"
    },
    {
      "type": "Feature",
      "properties": {
        "@id": "node/12197476453",
        "amenity": "waste_basket"
      },
      "geometry": {
        "type": "Point",
        "coordinates": [
          2.3682102,
          48.9361645
        ]
      },
      "id": "node/12197476453"
    },
    {
      "type": "Feature",
      "properties": {
        "@id": "node/12197485014",
        "amenity": "waste_basket"
      },
      "geometry": {
        "type": "Point",
        "coordinates": [
          2.3682413,
          48.9362871
        ]
      },
      "id": "node/12197485014"
    },
    {
      "type": "Feature",
      "properties": {
        "@id": "node/12197486903",
        "amenity": "waste_basket"
      },
      "geometry": {
        "type": "Point",
        "coordinates": [
          2.367477,
          48.9359335
        ]
      },
      "id": "node/12197486903"
    },
    {
      "type": "Feature",
      "properties": {
        "@id": "node/12197491642",
        "amenity": "waste_basket"
      },
      "geometry": {
        "type": "Point",
        "coordinates": [
          2.3642794,
          48.9364046
        ]
      },
      "id": "node/12197491642"
    },
    {
      "type": "Feature",
      "properties": {
        "@id": "node/12201452675",
        "amenity": "waste_basket"
      },
      "geometry": {
        "type": "Point",
        "coordinates": [
          2.4141629,
          48.8948408
        ]
      },
      "id": "node/12201452675"
    },
    {
      "type": "Feature",
      "properties": {
        "@id": "node/12201453096",
        "amenity": "waste_basket"
      },
      "geometry": {
        "type": "Point",
        "coordinates": [
          2.4124349,
          48.8942609
        ]
      },
      "id": "node/12201453096"
    },
    {
      "type": "Feature",
      "properties": {
        "@id": "node/12201453608",
        "amenity": "waste_basket"
      },
      "geometry": {
        "type": "Point",
        "coordinates": [
          2.4125065,
          48.8945493
        ]
      },
      "id": "node/12201453608"
    },
    {
      "type": "Feature",
      "properties": {
        "@id": "node/12227951328",
        "amenity": "waste_basket"
      },
      "geometry": {
        "type": "Point",
        "coordinates": [
          2.5074497,
          48.867184
        ]
      },
      "id": "node/12227951328"
    },
    {
      "type": "Feature",
      "properties": {
        "@id": "node/12227965926",
        "amenity": "waste_basket"
      },
      "geometry": {
        "type": "Point",
        "coordinates": [
          2.5072017,
          48.8671248
        ]
      },
      "id": "node/12227965926"
    },
    {
      "type": "Feature",
      "properties": {
        "@id": "node/12227966016",
        "amenity": "waste_basket"
      },
      "geometry": {
        "type": "Point",
        "coordinates": [
          2.5076733,
          48.8673484
        ]
      },
      "id": "node/12227966016"
    },
    {
      "type": "Feature",
      "properties": {
        "@id": "node/12227973021",
        "amenity": "waste_basket"
      },
      "geometry": {
        "type": "Point",
        "coordinates": [
          2.5073454,
          48.8672607
        ]
      },
      "id": "node/12227973021"
    },
    {
      "type": "Feature",
      "properties": {
        "@id": "node/12227975948",
        "amenity": "waste_basket"
      },
      "geometry": {
        "type": "Point",
        "coordinates": [
          2.5073712,
          48.8674428
        ]
      },
      "id": "node/12227975948"
    },
    {
      "type": "Feature",
      "properties": {
        "@id": "node/12231246630",
        "amenity": "waste_basket",
        "survey:date": "2024-10-07"
      },
      "geometry": {
        "type": "Point",
        "coordinates": [
          2.411225,
          48.8786442
        ]
      },
      "id": "node/12231246630"
    },
    {
      "type": "Feature",
      "properties": {
        "@id": "node/12241698529",
        "amenity": "waste_basket",
        "level": "1",
        "waste": "trash"
      },
      "geometry": {
        "type": "Point",
        "coordinates": [
          2.3406294,
          48.958846
        ]
      },
      "id": "node/12241698529"
    },
    {
      "type": "Feature",
      "properties": {
        "@id": "node/12241747386",
        "amenity": "waste_basket"
      },
      "geometry": {
        "type": "Point",
        "coordinates": [
          2.4406841,
          48.9022783
        ]
      },
      "id": "node/12241747386"
    },
    {
      "type": "Feature",
      "properties": {
        "@id": "node/12241747389",
        "amenity": "waste_basket"
      },
      "geometry": {
        "type": "Point",
        "coordinates": [
          2.4436172,
          48.9072552
        ]
      },
      "id": "node/12241747389"
    },
    {
      "type": "Feature",
      "properties": {
        "@id": "node/12241747390",
        "amenity": "waste_basket"
      },
      "geometry": {
        "type": "Point",
        "coordinates": [
          2.4439914,
          48.9071749
        ]
      },
      "id": "node/12241747390"
    },
    {
      "type": "Feature",
      "properties": {
        "@id": "node/12241747391",
        "amenity": "waste_basket"
      },
      "geometry": {
        "type": "Point",
        "coordinates": [
          2.4440732,
          48.9073133
        ]
      },
      "id": "node/12241747391"
    },
    {
      "type": "Feature",
      "properties": {
        "@id": "node/12241747394",
        "amenity": "waste_basket"
      },
      "geometry": {
        "type": "Point",
        "coordinates": [
          2.4433361,
          48.9074763
        ]
      },
      "id": "node/12241747394"
    },
    {
      "type": "Feature",
      "properties": {
        "@id": "node/12241751410",
        "amenity": "waste_basket"
      },
      "geometry": {
        "type": "Point",
        "coordinates": [
          2.4185239,
          48.9183128
        ]
      },
      "id": "node/12241751410"
    },
    {
      "type": "Feature",
      "properties": {
        "@id": "node/12246736490",
        "amenity": "waste_basket"
      },
      "geometry": {
        "type": "Point",
        "coordinates": [
          2.5068264,
          48.8667128
        ]
      },
      "id": "node/12246736490"
    },
    {
      "type": "Feature",
      "properties": {
        "@id": "node/12246737853",
        "amenity": "waste_basket"
      },
      "geometry": {
        "type": "Point",
        "coordinates": [
          2.5068246,
          48.8661134
        ]
      },
      "id": "node/12246737853"
    },
    {
      "type": "Feature",
      "properties": {
        "@id": "node/12246739452",
        "amenity": "waste_basket"
      },
      "geometry": {
        "type": "Point",
        "coordinates": [
          2.5074928,
          48.8641967
        ]
      },
      "id": "node/12246739452"
    },
    {
      "type": "Feature",
      "properties": {
        "@id": "node/12246749354",
        "amenity": "waste_basket"
      },
      "geometry": {
        "type": "Point",
        "coordinates": [
          2.5082758,
          48.8623666
        ]
      },
      "id": "node/12246749354"
    },
    {
      "type": "Feature",
      "properties": {
        "@id": "node/12246749451",
        "amenity": "waste_basket"
      },
      "geometry": {
        "type": "Point",
        "coordinates": [
          2.5068283,
          48.865929
        ]
      },
      "id": "node/12246749451"
    },
    {
      "type": "Feature",
      "properties": {
        "@id": "node/12246757677",
        "amenity": "waste_basket"
      },
      "geometry": {
        "type": "Point",
        "coordinates": [
          2.5068782,
          48.8655058
        ]
      },
      "id": "node/12246757677"
    },
    {
      "type": "Feature",
      "properties": {
        "@id": "node/12246768137",
        "amenity": "waste_basket"
      },
      "geometry": {
        "type": "Point",
        "coordinates": [
          2.5085521,
          48.8619361
        ]
      },
      "id": "node/12246768137"
    },
    {
      "type": "Feature",
      "properties": {
        "@id": "node/12246777711",
        "amenity": "waste_basket",
        "waste": "dog_excrement"
      },
      "geometry": {
        "type": "Point",
        "coordinates": [
          2.5069357,
          48.8653194
        ]
      },
      "id": "node/12246777711"
    },
    {
      "type": "Feature",
      "properties": {
        "@id": "node/12246778207",
        "amenity": "waste_basket"
      },
      "geometry": {
        "type": "Point",
        "coordinates": [
          2.5079848,
          48.8630823
        ]
      },
      "id": "node/12246778207"
    },
    {
      "type": "Feature",
      "properties": {
        "@id": "node/12259423240",
        "amenity": "waste_basket"
      },
      "geometry": {
        "type": "Point",
        "coordinates": [
          2.3694083,
          48.9359436
        ]
      },
      "id": "node/12259423240"
    },
    {
      "type": "Feature",
      "properties": {
        "@id": "node/12269337117",
        "amenity": "waste_basket"
      },
      "geometry": {
        "type": "Point",
        "coordinates": [
          2.4842925,
          48.8728569
        ]
      },
      "id": "node/12269337117"
    },
    {
      "type": "Feature",
      "properties": {
        "@id": "node/12280967980",
        "amenity": "waste_basket"
      },
      "geometry": {
        "type": "Point",
        "coordinates": [
          2.3406879,
          48.935414
        ]
      },
      "id": "node/12280967980"
    },
    {
      "type": "Feature",
      "properties": {
        "@id": "node/12281967735",
        "amenity": "waste_basket",
        "operator": "Est Ensemble",
        "waste": "trash"
      },
      "geometry": {
        "type": "Point",
        "coordinates": [
          2.4640441,
          48.8818768
        ]
      },
      "id": "node/12281967735"
    },
    {
      "type": "Feature",
      "properties": {
        "@id": "node/12281967736",
        "amenity": "waste_basket",
        "operator": "Est Ensemble",
        "waste": "trash"
      },
      "geometry": {
        "type": "Point",
        "coordinates": [
          2.4640738,
          48.8822624
        ]
      },
      "id": "node/12281967736"
    },
    {
      "type": "Feature",
      "properties": {
        "@id": "node/12281967739",
        "amenity": "waste_basket",
        "operator": "Est Ensemble",
        "waste": "trash"
      },
      "geometry": {
        "type": "Point",
        "coordinates": [
          2.4628949,
          48.8822769
        ]
      },
      "id": "node/12281967739"
    },
    {
      "type": "Feature",
      "properties": {
        "@id": "node/12287577906",
        "amenity": "waste_basket"
      },
      "geometry": {
        "type": "Point",
        "coordinates": [
          2.3506714,
          48.9196532
        ]
      },
      "id": "node/12287577906"
    },
    {
      "type": "Feature",
      "properties": {
        "@id": "node/12287582407",
        "amenity": "waste_basket"
      },
      "geometry": {
        "type": "Point",
        "coordinates": [
          2.3506831,
          48.9196157
        ]
      },
      "id": "node/12287582407"
    },
    {
      "type": "Feature",
      "properties": {
        "@id": "node/12287585492",
        "amenity": "waste_basket"
      },
      "geometry": {
        "type": "Point",
        "coordinates": [
          2.3506194,
          48.9196513
        ]
      },
      "id": "node/12287585492"
    },
    {
      "type": "Feature",
      "properties": {
        "@id": "node/12287602925",
        "amenity": "waste_basket"
      },
      "geometry": {
        "type": "Point",
        "coordinates": [
          2.3506058,
          48.9196924
        ]
      },
      "id": "node/12287602925"
    },
    {
      "type": "Feature",
      "properties": {
        "@id": "node/12287966370",
        "amenity": "waste_basket"
      },
      "geometry": {
        "type": "Point",
        "coordinates": [
          2.350702,
          48.9195474
        ]
      },
      "id": "node/12287966370"
    },
    {
      "type": "Feature",
      "properties": {
        "@id": "node/12287985554",
        "amenity": "waste_basket"
      },
      "geometry": {
        "type": "Point",
        "coordinates": [
          2.3507152,
          48.9195097
        ]
      },
      "id": "node/12287985554"
    },
    {
      "type": "Feature",
      "properties": {
        "@id": "node/12294100016",
        "amenity": "waste_basket"
      },
      "geometry": {
        "type": "Point",
        "coordinates": [
          2.3505831,
          48.9199375
        ]
      },
      "id": "node/12294100016"
    },
    {
      "type": "Feature",
      "properties": {
        "@id": "node/12296460046",
        "amenity": "waste_basket"
      },
      "geometry": {
        "type": "Point",
        "coordinates": [
          2.3325885,
          48.9137606
        ]
      },
      "id": "node/12296460046"
    },
    {
      "type": "Feature",
      "properties": {
        "@id": "node/12296490785",
        "amenity": "waste_basket"
      },
      "geometry": {
        "type": "Point",
        "coordinates": [
          2.3326546,
          48.91373
        ]
      },
      "id": "node/12296490785"
    },
    {
      "type": "Feature",
      "properties": {
        "@id": "node/12296504432",
        "amenity": "waste_basket"
      },
      "geometry": {
        "type": "Point",
        "coordinates": [
          2.3336009,
          48.9131444
        ]
      },
      "id": "node/12296504432"
    },
    {
      "type": "Feature",
      "properties": {
        "@id": "node/12301830517",
        "amenity": "waste_basket"
      },
      "geometry": {
        "type": "Point",
        "coordinates": [
          2.3505704,
          48.919961
        ]
      },
      "id": "node/12301830517"
    },
    {
      "type": "Feature",
      "properties": {
        "@id": "node/12305054568",
        "amenity": "waste_basket"
      },
      "geometry": {
        "type": "Point",
        "coordinates": [
          2.3508678,
          48.9200487
        ]
      },
      "id": "node/12305054568"
    },
    {
      "type": "Feature",
      "properties": {
        "@id": "node/12314297213",
        "amenity": "waste_basket",
        "survey:date": "2024-11-05",
        "waste": "trash"
      },
      "geometry": {
        "type": "Point",
        "coordinates": [
          2.4262197,
          48.8522396
        ]
      },
      "id": "node/12314297213"
    },
    {
      "type": "Feature",
      "properties": {
        "@id": "node/12314448407",
        "amenity": "waste_basket",
        "survey:date": "2024-11-05",
        "waste": "trash"
      },
      "geometry": {
        "type": "Point",
        "coordinates": [
          2.4283956,
          48.8498626
        ]
      },
      "id": "node/12314448407"
    },
    {
      "type": "Feature",
      "properties": {
        "@id": "node/12314448408",
        "amenity": "waste_basket",
        "survey:date": "2024-11-05",
        "waste": "trash"
      },
      "geometry": {
        "type": "Point",
        "coordinates": [
          2.4284755,
          48.8497986
        ]
      },
      "id": "node/12314448408"
    },
    {
      "type": "Feature",
      "properties": {
        "@id": "node/12317812880",
        "amenity": "waste_basket"
      },
      "geometry": {
        "type": "Point",
        "coordinates": [
          2.496523,
          48.864771
        ]
      },
      "id": "node/12317812880"
    },
    {
      "type": "Feature",
      "properties": {
        "@id": "node/12317915076",
        "amenity": "waste_basket"
      },
      "geometry": {
        "type": "Point",
        "coordinates": [
          2.4957012,
          48.8652185
        ]
      },
      "id": "node/12317915076"
    },
    {
      "type": "Feature",
      "properties": {
        "@id": "node/12318583925",
        "amenity": "waste_basket"
      },
      "geometry": {
        "type": "Point",
        "coordinates": [
          2.4929944,
          48.8741713
        ]
      },
      "id": "node/12318583925"
    },
    {
      "type": "Feature",
      "properties": {
        "@id": "node/12318605043",
        "amenity": "waste_basket"
      },
      "geometry": {
        "type": "Point",
        "coordinates": [
          2.4930533,
          48.8707226
        ]
      },
      "id": "node/12318605043"
    },
    {
      "type": "Feature",
      "properties": {
        "@id": "node/12318607587",
        "amenity": "waste_basket"
      },
      "geometry": {
        "type": "Point",
        "coordinates": [
          2.4930291,
          48.8701958
        ]
      },
      "id": "node/12318607587"
    },
    {
      "type": "Feature",
      "properties": {
        "@id": "node/12318631268",
        "amenity": "waste_basket"
      },
      "geometry": {
        "type": "Point",
        "coordinates": [
          2.4883461,
          48.8641766
        ]
      },
      "id": "node/12318631268"
    },
    {
      "type": "Feature",
      "properties": {
        "@id": "node/12318641521",
        "amenity": "waste_basket"
      },
      "geometry": {
        "type": "Point",
        "coordinates": [
          2.4913075,
          48.8719345
        ]
      },
      "id": "node/12318641521"
    },
    {
      "type": "Feature",
      "properties": {
        "@id": "node/12318642160",
        "amenity": "waste_basket"
      },
      "geometry": {
        "type": "Point",
        "coordinates": [
          2.4928645,
          48.8701894
        ]
      },
      "id": "node/12318642160"
    },
    {
      "type": "Feature",
      "properties": {
        "@id": "node/12318644135",
        "amenity": "waste_basket"
      },
      "geometry": {
        "type": "Point",
        "coordinates": [
          2.4927611,
          48.8740065
        ]
      },
      "id": "node/12318644135"
    },
    {
      "type": "Feature",
      "properties": {
        "@id": "node/12319041469",
        "amenity": "waste_basket"
      },
      "geometry": {
        "type": "Point",
        "coordinates": [
          2.4878864,
          48.8724292
        ]
      },
      "id": "node/12319041469"
    },
    {
      "type": "Feature",
      "properties": {
        "@id": "node/12319069851",
        "amenity": "waste_basket"
      },
      "geometry": {
        "type": "Point",
        "coordinates": [
          2.4860341,
          48.8780835
        ]
      },
      "id": "node/12319069851"
    },
    {
      "type": "Feature",
      "properties": {
        "@id": "node/12319123717",
        "amenity": "waste_basket"
      },
      "geometry": {
        "type": "Point",
        "coordinates": [
          2.4876953,
          48.8725504
        ]
      },
      "id": "node/12319123717"
    },
    {
      "type": "Feature",
      "properties": {
        "@id": "node/12319127091",
        "amenity": "waste_basket"
      },
      "geometry": {
        "type": "Point",
        "coordinates": [
          2.4883781,
          48.8721274
        ]
      },
      "id": "node/12319127091"
    },
    {
      "type": "Feature",
      "properties": {
        "@id": "node/12319131948",
        "amenity": "waste_basket"
      },
      "geometry": {
        "type": "Point",
        "coordinates": [
          2.4853007,
          48.880036
        ]
      },
      "id": "node/12319131948"
    },
    {
      "type": "Feature",
      "properties": {
        "@id": "node/12319134299",
        "amenity": "waste_basket"
      },
      "geometry": {
        "type": "Point",
        "coordinates": [
          2.4854871,
          48.8804132
        ]
      },
      "id": "node/12319134299"
    },
    {
      "type": "Feature",
      "properties": {
        "@id": "node/12319141423",
        "amenity": "waste_basket"
      },
      "geometry": {
        "type": "Point",
        "coordinates": [
          2.4898763,
          48.8714413
        ]
      },
      "id": "node/12319141423"
    },
    {
      "type": "Feature",
      "properties": {
        "@id": "node/12319157503",
        "amenity": "waste_basket"
      },
      "geometry": {
        "type": "Point",
        "coordinates": [
          2.4857719,
          48.8806292
        ]
      },
      "id": "node/12319157503"
    },
    {
      "type": "Feature",
      "properties": {
        "@id": "node/12319165712",
        "amenity": "waste_basket"
      },
      "geometry": {
        "type": "Point",
        "coordinates": [
          2.4859152,
          48.8774888
        ]
      },
      "id": "node/12319165712"
    },
    {
      "type": "Feature",
      "properties": {
        "@id": "node/12319173241",
        "amenity": "waste_basket"
      },
      "geometry": {
        "type": "Point",
        "coordinates": [
          2.4901116,
          48.8714279
        ]
      },
      "id": "node/12319173241"
    },
    {
      "type": "Feature",
      "properties": {
        "@id": "node/12327011757",
        "amenity": "waste_basket"
      },
      "geometry": {
        "type": "Point",
        "coordinates": [
          2.4879083,
          48.8715737
        ]
      },
      "id": "node/12327011757"
    },
    {
      "type": "Feature",
      "properties": {
        "@id": "node/12327033744",
        "amenity": "waste_basket"
      },
      "geometry": {
        "type": "Point",
        "coordinates": [
          2.4880851,
          48.871647
        ]
      },
      "id": "node/12327033744"
    },
    {
      "type": "Feature",
      "properties": {
        "@id": "node/12327047619",
        "amenity": "waste_basket"
      },
      "geometry": {
        "type": "Point",
        "coordinates": [
          2.4874684,
          48.8719015
        ]
      },
      "id": "node/12327047619"
    },
    {
      "type": "Feature",
      "properties": {
        "@id": "node/12327047973",
        "amenity": "waste_basket"
      },
      "geometry": {
        "type": "Point",
        "coordinates": [
          2.4875851,
          48.8718498
        ]
      },
      "id": "node/12327047973"
    },
    {
      "type": "Feature",
      "properties": {
        "@id": "node/12359059264",
        "amenity": "waste_basket"
      },
      "geometry": {
        "type": "Point",
        "coordinates": [
          2.4828383,
          48.8813137
        ]
      },
      "id": "node/12359059264"
    },
    {
      "type": "Feature",
      "properties": {
        "@id": "node/12359063477",
        "amenity": "waste_basket"
      },
      "geometry": {
        "type": "Point",
        "coordinates": [
          2.4832884,
          48.8812671
        ]
      },
      "id": "node/12359063477"
    },
    {
      "type": "Feature",
      "properties": {
        "@id": "node/12359067042",
        "amenity": "waste_basket"
      },
      "geometry": {
        "type": "Point",
        "coordinates": [
          2.4837791,
          48.8810588
        ]
      },
      "id": "node/12359067042"
    },
    {
      "type": "Feature",
      "properties": {
        "@id": "node/12359067198",
        "amenity": "waste_basket"
      },
      "geometry": {
        "type": "Point",
        "coordinates": [
          2.4842532,
          48.8810329
        ]
      },
      "id": "node/12359067198"
    },
    {
      "type": "Feature",
      "properties": {
        "@id": "node/12359067510",
        "amenity": "waste_basket"
      },
      "geometry": {
        "type": "Point",
        "coordinates": [
          2.4836211,
          48.8811694
        ]
      },
      "id": "node/12359067510"
    },
    {
      "type": "Feature",
      "properties": {
        "@id": "node/12361141394",
        "amenity": "waste_basket"
      },
      "geometry": {
        "type": "Point",
        "coordinates": [
          2.3430982,
          48.920965
        ]
      },
      "id": "node/12361141394"
    },
    {
      "type": "Feature",
      "properties": {
        "@id": "node/12361141427",
        "amenity": "waste_basket"
      },
      "geometry": {
        "type": "Point",
        "coordinates": [
          2.3427432,
          48.9211545
        ]
      },
      "id": "node/12361141427"
    },
    {
      "type": "Feature",
      "properties": {
        "@id": "node/12361173295",
        "amenity": "waste_basket"
      },
      "geometry": {
        "type": "Point",
        "coordinates": [
          2.3426509,
          48.9213068
        ]
      },
      "id": "node/12361173295"
    },
    {
      "type": "Feature",
      "properties": {
        "@id": "node/12361173296",
        "amenity": "waste_basket"
      },
      "geometry": {
        "type": "Point",
        "coordinates": [
          2.3424876,
          48.9213952
        ]
      },
      "id": "node/12361173296"
    },
    {
      "type": "Feature",
      "properties": {
        "@id": "node/12361175661",
        "amenity": "waste_basket"
      },
      "geometry": {
        "type": "Point",
        "coordinates": [
          2.3433845,
          48.9207968
        ]
      },
      "id": "node/12361175661"
    },
    {
      "type": "Feature",
      "properties": {
        "@id": "node/12361179046",
        "amenity": "waste_basket"
      },
      "geometry": {
        "type": "Point",
        "coordinates": [
          2.3431507,
          48.9210031
        ]
      },
      "id": "node/12361179046"
    },
    {
      "type": "Feature",
      "properties": {
        "@id": "node/12361181626",
        "amenity": "waste_basket"
      },
      "geometry": {
        "type": "Point",
        "coordinates": [
          2.3417753,
          48.9217106
        ]
      },
      "id": "node/12361181626"
    },
    {
      "type": "Feature",
      "properties": {
        "@id": "node/12361186482",
        "amenity": "waste_basket"
      },
      "geometry": {
        "type": "Point",
        "coordinates": [
          2.342883,
          48.9211439
        ]
      },
      "id": "node/12361186482"
    },
    {
      "type": "Feature",
      "properties": {
        "@id": "node/12361186682",
        "amenity": "waste_basket"
      },
      "geometry": {
        "type": "Point",
        "coordinates": [
          2.3424024,
          48.9214153
        ]
      },
      "id": "node/12361186682"
    },
    {
      "type": "Feature",
      "properties": {
        "@id": "node/12361191323",
        "amenity": "waste_basket"
      },
      "geometry": {
        "type": "Point",
        "coordinates": [
          2.3426982,
          48.921249
        ]
      },
      "id": "node/12361191323"
    },
    {
      "type": "Feature",
      "properties": {
        "@id": "node/12361191340",
        "amenity": "waste_basket"
      },
      "geometry": {
        "type": "Point",
        "coordinates": [
          2.3421081,
          48.921593
        ]
      },
      "id": "node/12361191340"
    },
    {
      "type": "Feature",
      "properties": {
        "@id": "node/12361191734",
        "amenity": "waste_basket"
      },
      "geometry": {
        "type": "Point",
        "coordinates": [
          2.3412793,
          48.9220628
        ]
      },
      "id": "node/12361191734"
    },
    {
      "type": "Feature",
      "properties": {
        "@id": "node/12364865782",
        "amenity": "waste_basket"
      },
      "geometry": {
        "type": "Point",
        "coordinates": [
          2.4220589,
          48.9187494
        ]
      },
      "id": "node/12364865782"
    },
    {
      "type": "Feature",
      "properties": {
        "@id": "node/12364871647",
        "amenity": "waste_basket"
      },
      "geometry": {
        "type": "Point",
        "coordinates": [
          2.4219227,
          48.9186764
        ]
      },
      "id": "node/12364871647"
    },
    {
      "type": "Feature",
      "properties": {
        "@id": "node/12366257863",
        "amenity": "waste_basket"
      },
      "geometry": {
        "type": "Point",
        "coordinates": [
          2.4036521,
          48.9147211
        ]
      },
      "id": "node/12366257863"
    },
    {
      "type": "Feature",
      "properties": {
        "@id": "node/12366259923",
        "amenity": "waste_basket"
      },
      "geometry": {
        "type": "Point",
        "coordinates": [
          2.4036338,
          48.9146937
        ]
      },
      "id": "node/12366259923"
    },
    {
      "type": "Feature",
      "properties": {
        "@id": "node/12382437098",
        "amenity": "waste_basket"
      },
      "geometry": {
        "type": "Point",
        "coordinates": [
          2.492617,
          48.8679732
        ]
      },
      "id": "node/12382437098"
    },
    {
      "type": "Feature",
      "properties": {
        "@id": "node/12382479378",
        "amenity": "waste_basket"
      },
      "geometry": {
        "type": "Point",
        "coordinates": [
          2.4928635,
          48.8678512
        ]
      },
      "id": "node/12382479378"
    },
    {
      "type": "Feature",
      "properties": {
        "@id": "node/12382483114",
        "amenity": "waste_basket"
      },
      "geometry": {
        "type": "Point",
        "coordinates": [
          2.4915557,
          48.8668618
        ]
      },
      "id": "node/12382483114"
    },
    {
      "type": "Feature",
      "properties": {
        "@id": "node/12384754818",
        "amenity": "waste_basket"
      },
      "geometry": {
        "type": "Point",
        "coordinates": [
          2.5121139,
          48.9629403
        ]
      },
      "id": "node/12384754818"
    },
    {
      "type": "Feature",
      "properties": {
        "@id": "node/12384786350",
        "amenity": "waste_basket"
      },
      "geometry": {
        "type": "Point",
        "coordinates": [
          2.5119767,
          48.9630497
        ]
      },
      "id": "node/12384786350"
    },
    {
      "type": "Feature",
      "properties": {
        "@id": "node/12384806386",
        "amenity": "waste_basket"
      },
      "geometry": {
        "type": "Point",
        "coordinates": [
          2.5122065,
          48.9629
        ]
      },
      "id": "node/12384806386"
    },
    {
      "type": "Feature",
      "properties": {
        "@id": "node/12393298933",
        "amenity": "waste_basket"
      },
      "geometry": {
        "type": "Point",
        "coordinates": [
          2.5667424,
          48.8319631
        ]
      },
      "id": "node/12393298933"
    },
    {
      "type": "Feature",
      "properties": {
        "@id": "node/12394140932",
        "amenity": "waste_basket"
      },
      "geometry": {
        "type": "Point",
        "coordinates": [
          2.3469262,
          48.9352345
        ]
      },
      "id": "node/12394140932"
    },
    {
      "type": "Feature",
      "properties": {
        "@id": "node/12394140933",
        "amenity": "waste_basket"
      },
      "geometry": {
        "type": "Point",
        "coordinates": [
          2.346891,
          48.9352679
        ]
      },
      "id": "node/12394140933"
    },
    {
      "type": "Feature",
      "properties": {
        "@id": "node/12400552168",
        "amenity": "waste_basket"
      },
      "geometry": {
        "type": "Point",
        "coordinates": [
          2.337172,
          48.9028057
        ]
      },
      "id": "node/12400552168"
    },
    {
      "type": "Feature",
      "properties": {
        "@id": "node/12400635440",
        "amenity": "waste_basket"
      },
      "geometry": {
        "type": "Point",
        "coordinates": [
          2.3371561,
          48.9025725
        ]
      },
      "id": "node/12400635440"
    },
    {
      "type": "Feature",
      "properties": {
        "@id": "node/12400637024",
        "amenity": "waste_basket"
      },
      "geometry": {
        "type": "Point",
        "coordinates": [
          2.3361135,
          48.9019911
        ]
      },
      "id": "node/12400637024"
    },
    {
      "type": "Feature",
      "properties": {
        "@id": "node/12400637955",
        "amenity": "waste_basket"
      },
      "geometry": {
        "type": "Point",
        "coordinates": [
          2.3370478,
          48.9027907
        ]
      },
      "id": "node/12400637955"
    },
    {
      "type": "Feature",
      "properties": {
        "@id": "node/12431531689",
        "amenity": "waste_basket",
        "covered": "yes",
        "indoor": "no",
        "waste": "trash"
      },
      "geometry": {
        "type": "Point",
        "coordinates": [
          2.3814586,
          48.914679
        ]
      },
      "id": "node/12431531689"
    },
    {
      "type": "Feature",
      "properties": {
        "@id": "node/12431531690",
        "amenity": "waste_basket",
        "check_date": "2024-12-18",
        "covered": "yes",
        "indoor": "no",
        "waste": "recycling"
      },
      "geometry": {
        "type": "Point",
        "coordinates": [
          2.3814802,
          48.9146607
        ]
      },
      "id": "node/12431531690"
    },
    {
      "type": "Feature",
      "properties": {
        "@id": "node/12431802184",
        "amenity": "waste_basket"
      },
      "geometry": {
        "type": "Point",
        "coordinates": [
          2.4825947,
          48.8812431
        ]
      },
      "id": "node/12431802184"
    },
    {
      "type": "Feature",
      "properties": {
        "@id": "node/12471964174",
        "amenity": "waste_basket"
      },
      "geometry": {
        "type": "Point",
        "coordinates": [
          2.5456434,
          48.8383645
        ]
      },
      "id": "node/12471964174"
    },
    {
      "type": "Feature",
      "properties": {
        "@id": "node/12471964175",
        "amenity": "waste_basket"
      },
      "geometry": {
        "type": "Point",
        "coordinates": [
          2.5456382,
          48.8385191
        ]
      },
      "id": "node/12471964175"
    },
    {
      "type": "Feature",
      "properties": {
        "@id": "node/12471985361",
        "amenity": "waste_basket"
      },
      "geometry": {
        "type": "Point",
        "coordinates": [
          2.5456536,
          48.8374331
        ]
      },
      "id": "node/12471985361"
    },
    {
      "type": "Feature",
      "properties": {
        "@id": "node/12471985362",
        "amenity": "waste_basket"
      },
      "geometry": {
        "type": "Point",
        "coordinates": [
          2.5469152,
          48.8373816
        ]
      },
      "id": "node/12471985362"
    },
    {
      "type": "Feature",
      "properties": {
        "@id": "node/12471985366",
        "amenity": "waste_basket"
      },
      "geometry": {
        "type": "Point",
        "coordinates": [
          2.5443683,
          48.8375024
        ]
      },
      "id": "node/12471985366"
    },
    {
      "type": "Feature",
      "properties": {
        "@id": "node/12496064629",
        "amenity": "waste_basket"
      },
      "geometry": {
        "type": "Point",
        "coordinates": [
          2.5501938,
          48.8359314
        ]
      },
      "id": "node/12496064629"
    },
    {
      "type": "Feature",
      "properties": {
        "@id": "node/12496064735",
        "amenity": "waste_basket"
      },
      "geometry": {
        "type": "Point",
        "coordinates": [
          2.5496995,
          48.8354319
        ]
      },
      "id": "node/12496064735"
    },
    {
      "type": "Feature",
      "properties": {
        "@id": "node/12547072666",
        "amenity": "waste_basket"
      },
      "geometry": {
        "type": "Point",
        "coordinates": [
          2.3662622,
          48.9163885
        ]
      },
      "id": "node/12547072666"
    },
    {
      "type": "Feature",
      "properties": {
        "@id": "node/12547072671",
        "amenity": "waste_basket"
      },
      "geometry": {
        "type": "Point",
        "coordinates": [
          2.3653509,
          48.917924
        ]
      },
      "id": "node/12547072671"
    },
    {
      "type": "Feature",
      "properties": {
        "@id": "node/12547072675",
        "amenity": "waste_basket"
      },
      "geometry": {
        "type": "Point",
        "coordinates": [
          2.3660232,
          48.9174443
        ]
      },
      "id": "node/12547072675"
    },
    {
      "type": "Feature",
      "properties": {
        "@id": "node/12547072677",
        "amenity": "waste_basket"
      },
      "geometry": {
        "type": "Point",
        "coordinates": [
          2.3561458,
          48.9262542
        ]
      },
      "id": "node/12547072677"
    },
    {
      "type": "Feature",
      "properties": {
        "@id": "node/12547072686",
        "amenity": "waste_basket"
      },
      "geometry": {
        "type": "Point",
        "coordinates": [
          2.3651606,
          48.917876
        ]
      },
      "id": "node/12547072686"
    },
    {
      "type": "Feature",
      "properties": {
        "@id": "node/12547072687",
        "amenity": "waste_basket"
      },
      "geometry": {
        "type": "Point",
        "coordinates": [
          2.3656683,
          48.9176529
        ]
      },
      "id": "node/12547072687"
    },
    {
      "type": "Feature",
      "properties": {
        "@id": "node/12547072688",
        "amenity": "waste_basket"
      },
      "geometry": {
        "type": "Point",
        "coordinates": [
          2.3662342,
          48.9173036
        ]
      },
      "id": "node/12547072688"
    },
    {
      "type": "Feature",
      "properties": {
        "@id": "node/12547072690",
        "amenity": "waste_basket"
      },
      "geometry": {
        "type": "Point",
        "coordinates": [
          2.3658771,
          48.9175369
        ]
      },
      "id": "node/12547072690"
    },
    {
      "type": "Feature",
      "properties": {
        "@id": "node/12547072694",
        "amenity": "waste_basket"
      },
      "geometry": {
        "type": "Point",
        "coordinates": [
          2.3564298,
          48.9262477
        ]
      },
      "id": "node/12547072694"
    },
    {
      "type": "Feature",
      "properties": {
        "@id": "node/12556378665",
        "amenity": "waste_basket"
      },
      "geometry": {
        "type": "Point",
        "coordinates": [
          2.4205945,
          48.9192035
        ]
      },
      "id": "node/12556378665"
    },
    {
      "type": "Feature",
      "properties": {
        "@id": "node/12556378754",
        "amenity": "waste_basket"
      },
      "geometry": {
        "type": "Point",
        "coordinates": [
          2.4205295,
          48.9192196
        ]
      },
      "id": "node/12556378754"
    },
    {
      "type": "Feature",
      "properties": {
        "@id": "node/12563354778",
        "amenity": "waste_basket"
      },
      "geometry": {
        "type": "Point",
        "coordinates": [
          2.395326,
          48.9002335
        ]
      },
      "id": "node/12563354778"
    },
    {
      "type": "Feature",
      "properties": {
        "@id": "node/12576148315",
        "amenity": "waste_basket"
      },
      "geometry": {
        "type": "Point",
        "coordinates": [
          2.4186449,
          48.9180133
        ]
      },
      "id": "node/12576148315"
    },
    {
      "type": "Feature",
      "properties": {
        "@id": "node/12582308520",
        "amenity": "waste_basket"
      },
      "geometry": {
        "type": "Point",
        "coordinates": [
          2.3498692,
          48.9371803
        ]
      },
      "id": "node/12582308520"
    },
    {
      "type": "Feature",
      "properties": {
        "@id": "node/12582310274",
        "amenity": "waste_basket"
      },
      "geometry": {
        "type": "Point",
        "coordinates": [
          2.3497556,
          48.9369511
        ]
      },
      "id": "node/12582310274"
    },
    {
      "type": "Feature",
      "properties": {
        "@id": "node/12582316643",
        "amenity": "waste_basket"
      },
      "geometry": {
        "type": "Point",
        "coordinates": [
          2.3496445,
          48.9369616
        ]
      },
      "id": "node/12582316643"
    },
    {
      "type": "Feature",
      "properties": {
        "@id": "node/12582328909",
        "amenity": "waste_basket"
      },
      "geometry": {
        "type": "Point",
        "coordinates": [
          2.3497432,
          48.9371992
        ]
      },
      "id": "node/12582328909"
    },
    {
      "type": "Feature",
      "properties": {
        "@id": "node/12603846679",
        "amenity": "waste_basket"
      },
      "geometry": {
        "type": "Point",
        "coordinates": [
          2.5528065,
          48.84743
        ]
      },
      "id": "node/12603846679"
    },
    {
      "type": "Feature",
      "properties": {
        "@id": "node/12603846680",
        "amenity": "waste_basket"
      },
      "geometry": {
        "type": "Point",
        "coordinates": [
          2.5528653,
          48.8472093
        ]
      },
      "id": "node/12603846680"
    },
    {
      "type": "Feature",
      "properties": {
        "@id": "node/12616295230",
        "amenity": "waste_basket"
      },
      "geometry": {
        "type": "Point",
        "coordinates": [
          2.5710033,
          48.8496633
        ]
      },
      "id": "node/12616295230"
    },
    {
      "type": "Feature",
      "properties": {
        "@id": "node/12616295234",
        "amenity": "waste_basket"
      },
      "geometry": {
        "type": "Point",
        "coordinates": [
          2.5712186,
          48.8507178
        ]
      },
      "id": "node/12616295234"
    },
    {
      "type": "Feature",
      "properties": {
        "@id": "node/12616295235",
        "amenity": "waste_basket"
      },
      "geometry": {
        "type": "Point",
        "coordinates": [
          2.5713106,
          48.8504153
        ]
      },
      "id": "node/12616295235"
    },
    {
      "type": "Feature",
      "properties": {
        "@id": "node/12616295236",
        "amenity": "waste_basket"
      },
      "geometry": {
        "type": "Point",
        "coordinates": [
          2.5714085,
          48.8501648
        ]
      },
      "id": "node/12616295236"
    },
    {
      "type": "Feature",
      "properties": {
        "@id": "node/12616319164",
        "amenity": "waste_basket"
      },
      "geometry": {
        "type": "Point",
        "coordinates": [
          2.5538869,
          48.8420464
        ]
      },
      "id": "node/12616319164"
    },
    {
      "type": "Feature",
      "properties": {
        "@id": "node/12626494687",
        "amenity": "waste_basket",
        "waste": "trash"
      },
      "geometry": {
        "type": "Point",
        "coordinates": [
          2.4497862,
          48.8697225
        ]
      },
      "id": "node/12626494687"
    },
    {
      "type": "Feature",
      "properties": {
        "@id": "node/12626494688",
        "amenity": "waste_basket",
        "waste": "trash"
      },
      "geometry": {
        "type": "Point",
        "coordinates": [
          2.4534956,
          48.875036
        ]
      },
      "id": "node/12626494688"
    },
    {
      "type": "Feature",
      "properties": {
        "@id": "node/12626494689",
        "amenity": "waste_basket",
        "waste": "trash"
      },
      "geometry": {
        "type": "Point",
        "coordinates": [
          2.4542796,
          48.8766881
        ]
      },
      "id": "node/12626494689"
    },
    {
      "type": "Feature",
      "properties": {
        "@id": "node/12626494690",
        "amenity": "waste_basket",
        "waste": "trash"
      },
      "geometry": {
        "type": "Point",
        "coordinates": [
          2.4499272,
          48.8696568
        ]
      },
      "id": "node/12626494690"
    },
    {
      "type": "Feature",
      "properties": {
        "@id": "node/12626494691",
        "amenity": "waste_basket",
        "waste": "trash"
      },
      "geometry": {
        "type": "Point",
        "coordinates": [
          2.4488936,
          48.8692619
        ]
      },
      "id": "node/12626494691"
    },
    {
      "type": "Feature",
      "properties": {
        "@id": "node/12626494692",
        "amenity": "waste_basket",
        "waste": "trash"
      },
      "geometry": {
        "type": "Point",
        "coordinates": [
          2.4508522,
          48.8705763
        ]
      },
      "id": "node/12626494692"
    },
    {
      "type": "Feature",
      "properties": {
        "@id": "node/12626494693",
        "amenity": "waste_basket",
        "waste": "trash"
      },
      "geometry": {
        "type": "Point",
        "coordinates": [
          2.4497002,
          48.869624
        ]
      },
      "id": "node/12626494693"
    },
    {
      "type": "Feature",
      "properties": {
        "@id": "node/12626494694",
        "amenity": "waste_basket",
        "waste": "trash"
      },
      "geometry": {
        "type": "Point",
        "coordinates": [
          2.4503179,
          48.8700059
        ]
      },
      "id": "node/12626494694"
    },
    {
      "type": "Feature",
      "properties": {
        "@id": "node/12629120229",
        "amenity": "waste_basket",
        "waste": "trash"
      },
      "geometry": {
        "type": "Point",
        "coordinates": [
          2.4467012,
          48.8680045
        ]
      },
      "id": "node/12629120229"
    },
    {
      "type": "Feature",
      "properties": {
        "@id": "node/12670418965",
        "amenity": "waste_basket"
      },
      "geometry": {
        "type": "Point",
        "coordinates": [
          2.4401231,
          48.857308
        ]
      },
      "id": "node/12670418965"
    },
    {
      "type": "Feature",
      "properties": {
        "@id": "node/12684986299",
        "amenity": "waste_basket"
      },
      "geometry": {
        "type": "Point",
        "coordinates": [
          2.5518928,
          48.848749
        ]
      },
      "id": "node/12684986299"
    },
    {
      "type": "Feature",
      "properties": {
        "@id": "node/12703208011",
        "amenity": "waste_basket"
      },
      "geometry": {
        "type": "Point",
        "coordinates": [
          2.5825507,
          48.8608825
        ]
      },
      "id": "node/12703208011"
    },
    {
      "type": "Feature",
      "properties": {
        "@id": "node/12706682097",
        "amenity": "waste_basket"
      },
      "geometry": {
        "type": "Point",
        "coordinates": [
          2.3440336,
          48.9358241
        ]
      },
      "id": "node/12706682097"
    },
    {
      "type": "Feature",
      "properties": {
        "@id": "node/12747974342",
        "amenity": "waste_basket"
      },
      "geometry": {
        "type": "Point",
        "coordinates": [
          2.4581877,
          48.8879865
        ]
      },
      "id": "node/12747974342"
    },
    {
      "type": "Feature",
      "properties": {
        "@id": "node/12747984770",
        "amenity": "waste_basket"
      },
      "geometry": {
        "type": "Point",
        "coordinates": [
          2.4622319,
          48.8880392
        ]
      },
      "id": "node/12747984770"
    },
    {
      "type": "Feature",
      "properties": {
        "@id": "node/12747984889",
        "amenity": "waste_basket"
      },
      "geometry": {
        "type": "Point",
        "coordinates": [
          2.4541093,
          48.8897244
        ]
      },
      "id": "node/12747984889"
    },
    {
      "type": "Feature",
      "properties": {
        "@id": "node/12747998721",
        "amenity": "waste_basket"
      },
      "geometry": {
        "type": "Point",
        "coordinates": [
          2.4682065,
          48.887097
        ]
      },
      "id": "node/12747998721"
    },
    {
      "type": "Feature",
      "properties": {
        "@id": "node/12748076933",
        "amenity": "waste_basket"
      },
      "geometry": {
        "type": "Point",
        "coordinates": [
          2.4717437,
          48.8872597
        ]
      },
      "id": "node/12748076933"
    },
    {
      "type": "Feature",
      "properties": {
        "@id": "node/12756726741",
        "amenity": "waste_basket"
      },
      "geometry": {
        "type": "Point",
        "coordinates": [
          2.3458215,
          48.9336692
        ]
      },
      "id": "node/12756726741"
    },
    {
      "type": "Feature",
      "properties": {
        "@id": "node/12759066223",
        "amenity": "waste_basket"
      },
      "geometry": {
        "type": "Point",
        "coordinates": [
          2.3459411,
          48.9336534
        ]
      },
      "id": "node/12759066223"
    },
    {
      "type": "Feature",
      "properties": {
        "@id": "node/12766454544",
        "amenity": "waste_basket",
        "waste": "trash"
      },
      "geometry": {
        "type": "Point",
        "coordinates": [
          2.4072971,
          48.8954957
        ]
      },
      "id": "node/12766454544"
    },
    {
      "type": "Feature",
      "properties": {
        "@id": "node/12766463440",
        "amenity": "waste_basket",
        "waste": "trash"
      },
      "geometry": {
        "type": "Point",
        "coordinates": [
          2.4099644,
          48.8952743
        ]
      },
      "id": "node/12766463440"
    },
    {
      "type": "Feature",
      "properties": {
        "@id": "node/12766472809",
        "amenity": "waste_basket",
        "waste": "trash"
      },
      "geometry": {
        "type": "Point",
        "coordinates": [
          2.4075791,
          48.8954709
        ]
      },
      "id": "node/12766472809"
    },
    {
      "type": "Feature",
      "properties": {
        "@id": "node/12766483005",
        "amenity": "waste_basket",
        "waste": "trash"
      },
      "geometry": {
        "type": "Point",
        "coordinates": [
          2.4077312,
          48.8954576
        ]
      },
      "id": "node/12766483005"
    },
    {
      "type": "Feature",
      "properties": {
        "@id": "node/12766510031",
        "amenity": "waste_basket",
        "waste": "trash"
      },
      "geometry": {
        "type": "Point",
        "coordinates": [
          2.4082097,
          48.8951209
        ]
      },
      "id": "node/12766510031"
    },
    {
      "type": "Feature",
      "properties": {
        "@id": "node/12766512329",
        "amenity": "waste_basket",
        "waste": "trash"
      },
      "geometry": {
        "type": "Point",
        "coordinates": [
          2.4067803,
          48.8952136
        ]
      },
      "id": "node/12766512329"
    },
    {
      "type": "Feature",
      "properties": {
        "@id": "node/12766522165",
        "amenity": "waste_basket",
        "waste": "trash"
      },
      "geometry": {
        "type": "Point",
        "coordinates": [
          2.4095599,
          48.8950527
        ]
      },
      "id": "node/12766522165"
    },
    {
      "type": "Feature",
      "properties": {
        "@id": "node/12768754113",
        "amenity": "waste_basket",
        "waste": "trash"
      },
      "geometry": {
        "type": "Point",
        "coordinates": [
          2.4083392,
          48.8920118
        ]
      },
      "id": "node/12768754113"
    },
    {
      "type": "Feature",
      "properties": {
        "@id": "node/12768796177",
        "amenity": "waste_basket",
        "waste": "trash"
      },
      "geometry": {
        "type": "Point",
        "coordinates": [
          2.4086813,
          48.8916385
        ]
      },
      "id": "node/12768796177"
    },
    {
      "type": "Feature",
      "properties": {
        "@id": "node/12768817601",
        "amenity": "waste_basket",
        "waste": "trash"
      },
      "geometry": {
        "type": "Point",
        "coordinates": [
          2.4089798,
          48.8915406
        ]
      },
      "id": "node/12768817601"
    },
    {
      "type": "Feature",
      "properties": {
        "@id": "node/12784517734",
        "amenity": "waste_basket",
        "waste": "trash"
      },
      "geometry": {
        "type": "Point",
        "coordinates": [
          2.4366394,
          48.8858007
        ]
      },
      "id": "node/12784517734"
    },
    {
      "type": "Feature",
      "properties": {
        "@id": "node/12786718823",
        "amenity": "waste_basket"
      },
      "geometry": {
        "type": "Point",
        "coordinates": [
          2.3282761,
          48.9129801
        ]
      },
      "id": "node/12786718823"
    },
    {
      "type": "Feature",
      "properties": {
        "@id": "node/12786742268",
        "amenity": "waste_basket"
      },
      "geometry": {
        "type": "Point",
        "coordinates": [
          2.3293903,
          48.9124046
        ]
      },
      "id": "node/12786742268"
    },
    {
      "type": "Feature",
      "properties": {
        "@id": "node/12786760345",
        "amenity": "waste_basket"
      },
      "geometry": {
        "type": "Point",
        "coordinates": [
          2.3258331,
          48.9145142
        ]
      },
      "id": "node/12786760345"
    },
    {
      "type": "Feature",
      "properties": {
        "@id": "node/12786765027",
        "amenity": "waste_basket"
      },
      "geometry": {
        "type": "Point",
        "coordinates": [
          2.3267669,
          48.9130219
        ]
      },
      "id": "node/12786765027"
    },
    {
      "type": "Feature",
      "properties": {
        "@id": "node/12786778371",
        "amenity": "waste_basket"
      },
      "geometry": {
        "type": "Point",
        "coordinates": [
          2.3252636,
          48.9135835
        ]
      },
      "id": "node/12786778371"
    },
    {
      "type": "Feature",
      "properties": {
        "@id": "node/12786781864",
        "amenity": "waste_basket"
      },
      "geometry": {
        "type": "Point",
        "coordinates": [
          2.3272113,
          48.9139051
        ]
      },
      "id": "node/12786781864"
    },
    {
      "type": "Feature",
      "properties": {
        "@id": "node/12786788830",
        "amenity": "waste_basket"
      },
      "geometry": {
        "type": "Point",
        "coordinates": [
          2.3267393,
          48.9134798
        ]
      },
      "id": "node/12786788830"
    },
    {
      "type": "Feature",
      "properties": {
        "@id": "node/12786793813",
        "amenity": "waste_basket"
      },
      "geometry": {
        "type": "Point",
        "coordinates": [
          2.325104,
          48.9134004
        ]
      },
      "id": "node/12786793813"
    },
    {
      "type": "Feature",
      "properties": {
        "@id": "node/12786802715",
        "amenity": "waste_basket"
      },
      "geometry": {
        "type": "Point",
        "coordinates": [
          2.3251218,
          48.9049999
        ]
      },
      "id": "node/12786802715"
    },
    {
      "type": "Feature",
      "properties": {
        "@id": "node/12797579447",
        "amenity": "waste_basket"
      },
      "geometry": {
        "type": "Point",
        "coordinates": [
          2.4547728,
          48.9025022
        ]
      },
      "id": "node/12797579447"
    },
    {
      "type": "Feature",
      "properties": {
        "@id": "node/12797584434",
        "amenity": "waste_basket"
      },
      "geometry": {
        "type": "Point",
        "coordinates": [
          2.4547593,
          48.9026285
        ]
      },
      "id": "node/12797584434"
    },
    {
      "type": "Feature",
      "properties": {
        "@id": "node/12797590381",
        "amenity": "waste_basket"
      },
      "geometry": {
        "type": "Point",
        "coordinates": [
          2.453415,
          48.9032974
        ]
      },
      "id": "node/12797590381"
    },
    {
      "type": "Feature",
      "properties": {
        "@id": "node/12797606598",
        "amenity": "waste_basket"
      },
      "geometry": {
        "type": "Point",
        "coordinates": [
          2.453444,
          48.9032651
        ]
      },
      "id": "node/12797606598"
    },
    {
      "type": "Feature",
      "properties": {
        "@id": "node/12797626244",
        "amenity": "waste_basket"
      },
      "geometry": {
        "type": "Point",
        "coordinates": [
          2.4547763,
          48.9026908
        ]
      },
      "id": "node/12797626244"
    },
    {
      "type": "Feature",
      "properties": {
        "@id": "node/12797628900",
        "amenity": "waste_basket"
      },
      "geometry": {
        "type": "Point",
        "coordinates": [
          2.4547372,
          48.9026502
        ]
      },
      "id": "node/12797628900"
    },
    {
      "type": "Feature",
      "properties": {
        "@id": "node/12797632430",
        "amenity": "waste_basket"
      },
      "geometry": {
        "type": "Point",
        "coordinates": [
          2.4568318,
          48.9032682
        ]
      },
      "id": "node/12797632430"
    },
    {
      "type": "Feature",
      "properties": {
        "@id": "node/12797637620",
        "amenity": "waste_basket"
      },
      "geometry": {
        "type": "Point",
        "coordinates": [
          2.4549358,
          48.9027835
        ]
      },
      "id": "node/12797637620"
    },
    {
      "type": "Feature",
      "properties": {
        "@id": "node/12797639310",
        "amenity": "waste_basket"
      },
      "geometry": {
        "type": "Point",
        "coordinates": [
          2.4550512,
          48.9026724
        ]
      },
      "id": "node/12797639310"
    },
    {
      "type": "Feature",
      "properties": {
        "@id": "node/12797640938",
        "amenity": "waste_basket"
      },
      "geometry": {
        "type": "Point",
        "coordinates": [
          2.4548067,
          48.9025344
        ]
      },
      "id": "node/12797640938"
    },
    {
      "type": "Feature",
      "properties": {
        "@id": "node/12797644130",
        "amenity": "waste_basket"
      },
      "geometry": {
        "type": "Point",
        "coordinates": [
          2.4549661,
          48.9025491
        ]
      },
      "id": "node/12797644130"
    },
    {
      "type": "Feature",
      "properties": {
        "@id": "node/12797657291",
        "amenity": "waste_basket"
      },
      "geometry": {
        "type": "Point",
        "coordinates": [
          2.4569588,
          48.9037329
        ]
      },
      "id": "node/12797657291"
    },
    {
      "type": "Feature",
      "properties": {
        "@id": "node/12804623315",
        "amenity": "waste_basket"
      },
      "geometry": {
        "type": "Point",
        "coordinates": [
          2.3428911,
          48.9503669
        ]
      },
      "id": "node/12804623315"
    },
    {
      "type": "Feature",
      "properties": {
        "@id": "node/12804626836",
        "amenity": "waste_basket"
      },
      "geometry": {
        "type": "Point",
        "coordinates": [
          2.3428544,
          48.9493279
        ]
      },
      "id": "node/12804626836"
    },
    {
      "type": "Feature",
      "properties": {
        "@id": "node/12804628911",
        "amenity": "waste_basket"
      },
      "geometry": {
        "type": "Point",
        "coordinates": [
          2.3427568,
          48.9499879
        ]
      },
      "id": "node/12804628911"
    },
    {
      "type": "Feature",
      "properties": {
        "@id": "node/12804635467",
        "amenity": "waste_basket"
      },
      "geometry": {
        "type": "Point",
        "coordinates": [
          2.3426473,
          48.9498093
        ]
      },
      "id": "node/12804635467"
    },
    {
      "type": "Feature",
      "properties": {
        "@id": "node/12804761250",
        "amenity": "waste_basket"
      },
      "geometry": {
        "type": "Point",
        "coordinates": [
          2.34204,
          48.948982
        ]
      },
      "id": "node/12804761250"
    },
    {
      "type": "Feature",
      "properties": {
        "@id": "node/12804771602",
        "amenity": "waste_basket"
      },
      "geometry": {
        "type": "Point",
        "coordinates": [
          2.343172,
          48.9496709
        ]
      },
      "id": "node/12804771602"
    },
    {
      "type": "Feature",
      "properties": {
        "@id": "node/12804805934",
        "amenity": "waste_basket"
      },
      "geometry": {
        "type": "Point",
        "coordinates": [
          2.3423324,
          48.9476541
        ]
      },
      "id": "node/12804805934"
    },
    {
      "type": "Feature",
      "properties": {
        "@id": "node/12804831322",
        "amenity": "waste_basket"
      },
      "geometry": {
        "type": "Point",
        "coordinates": [
          2.3420298,
          48.948909
        ]
      },
      "id": "node/12804831322"
    },
    {
      "type": "Feature",
      "properties": {
        "@id": "node/12804834982",
        "amenity": "waste_basket"
      },
      "geometry": {
        "type": "Point",
        "coordinates": [
          2.3453467,
          48.9463968
        ]
      },
      "id": "node/12804834982"
    },
    {
      "type": "Feature",
      "properties": {
        "@id": "node/12804839318",
        "amenity": "waste_basket"
      },
      "geometry": {
        "type": "Point",
        "coordinates": [
          2.347371,
          48.9459494
        ]
      },
      "id": "node/12804839318"
    },
    {
      "type": "Feature",
      "properties": {
        "@id": "node/12804841003",
        "amenity": "waste_basket"
      },
      "geometry": {
        "type": "Point",
        "coordinates": [
          2.3471027,
          48.9418619
        ]
      },
      "id": "node/12804841003"
    },
    {
      "type": "Feature",
      "properties": {
        "@id": "node/12804866426",
        "amenity": "waste_basket"
      },
      "geometry": {
        "type": "Point",
        "coordinates": [
          2.3462434,
          48.940757
        ]
      },
      "id": "node/12804866426"
    },
    {
      "type": "Feature",
      "properties": {
        "@id": "node/12816358123",
        "amenity": "waste_basket"
      },
      "geometry": {
        "type": "Point",
        "coordinates": [
          2.3428531,
          48.93581
        ]
      },
      "id": "node/12816358123"
    },
    {
      "type": "Feature",
      "properties": {
        "@id": "node/12822662385",
        "amenity": "waste_basket"
      },
      "geometry": {
        "type": "Point",
        "coordinates": [
          2.3163145,
          48.913677
        ]
      },
      "id": "node/12822662385"
    },
    {
      "type": "Feature",
      "properties": {
        "@id": "node/12823528224",
        "amenity": "waste_basket"
      },
      "geometry": {
        "type": "Point",
        "coordinates": [
          2.3383883,
          48.9356679
        ]
      },
      "id": "node/12823528224"
    },
    {
      "type": "Feature",
      "properties": {
        "@id": "node/12827992220",
        "amenity": "waste_basket"
      },
      "geometry": {
        "type": "Point",
        "coordinates": [
          2.3276119,
          48.9134671
        ]
      },
      "id": "node/12827992220"
    },
    {
      "type": "Feature",
      "properties": {
        "@id": "node/12828008866",
        "amenity": "waste_basket"
      },
      "geometry": {
        "type": "Point",
        "coordinates": [
          2.3256346,
          48.9111583
        ]
      },
      "id": "node/12828008866"
    },
    {
      "type": "Feature",
      "properties": {
        "@id": "node/12828012634",
        "amenity": "waste_basket"
      },
      "geometry": {
        "type": "Point",
        "coordinates": [
          2.3269128,
          48.9130437
        ]
      },
      "id": "node/12828012634"
    },
    {
      "type": "Feature",
      "properties": {
        "@id": "node/12828257850",
        "amenity": "waste_basket"
      },
      "geometry": {
        "type": "Point",
        "coordinates": [
          2.3247304,
          48.9148785
        ]
      },
      "id": "node/12828257850"
    },
    {
      "type": "Feature",
      "properties": {
        "@id": "node/12828300207",
        "amenity": "waste_basket"
      },
      "geometry": {
        "type": "Point",
        "coordinates": [
          2.3242764,
          48.9153345
        ]
      },
      "id": "node/12828300207"
    },
    {
      "type": "Feature",
      "properties": {
        "@id": "node/12828786012",
        "amenity": "waste_basket"
      },
      "geometry": {
        "type": "Point",
        "coordinates": [
          2.342664,
          48.9359842
        ]
      },
      "id": "node/12828786012"
    },
    {
      "type": "Feature",
      "properties": {
        "@id": "node/12833018352",
        "amenity": "waste_basket"
      },
      "geometry": {
        "type": "Point",
        "coordinates": [
          2.3401043,
          48.935872
        ]
      },
      "id": "node/12833018352"
    },
    {
      "type": "Feature",
      "properties": {
        "@id": "node/12833198583",
        "amenity": "waste_basket"
      },
      "geometry": {
        "type": "Point",
        "coordinates": [
          2.3623022,
          48.9366658
        ]
      },
      "id": "node/12833198583"
    },
    {
      "type": "Feature",
      "properties": {
        "@id": "node/12836343223",
        "amenity": "waste_basket"
      },
      "geometry": {
        "type": "Point",
        "coordinates": [
          2.3386141,
          48.9358106
        ]
      },
      "id": "node/12836343223"
    },
    {
      "type": "Feature",
      "properties": {
        "@id": "node/12836359922",
        "amenity": "waste_basket"
      },
      "geometry": {
        "type": "Point",
        "coordinates": [
          2.3383503,
          48.9357617
        ]
      },
      "id": "node/12836359922"
    },
    {
      "type": "Feature",
      "properties": {
        "@id": "node/12836362360",
        "amenity": "waste_basket"
      },
      "geometry": {
        "type": "Point",
        "coordinates": [
          2.3378765,
          48.9357401
        ]
      },
      "id": "node/12836362360"
    },
    {
      "type": "Feature",
      "properties": {
        "@id": "node/12842765043",
        "amenity": "waste_basket"
      },
      "geometry": {
        "type": "Point",
        "coordinates": [
          2.4902067,
          48.8755651
        ]
      },
      "id": "node/12842765043"
    },
    {
      "type": "Feature",
      "properties": {
        "@id": "node/12842797528",
        "amenity": "waste_basket"
      },
      "geometry": {
        "type": "Point",
        "coordinates": [
          2.4866958,
          48.8755316
        ]
      },
      "id": "node/12842797528"
    },
    {
      "type": "Feature",
      "properties": {
        "@id": "node/12842804100",
        "amenity": "waste_basket"
      },
      "geometry": {
        "type": "Point",
        "coordinates": [
          2.4894127,
          48.8758873
        ]
      },
      "id": "node/12842804100"
    },
    {
      "type": "Feature",
      "properties": {
        "@id": "node/12842807173",
        "amenity": "waste_basket"
      },
      "geometry": {
        "type": "Point",
        "coordinates": [
          2.4856909,
          48.8778727
        ]
      },
      "id": "node/12842807173"
    },
    {
      "type": "Feature",
      "properties": {
        "@id": "node/12850253540",
        "amenity": "waste_basket"
      },
      "geometry": {
        "type": "Point",
        "coordinates": [
          2.3388029,
          48.9357859
        ]
      },
      "id": "node/12850253540"
    },
    {
      "type": "Feature",
      "properties": {
        "@id": "node/12850287576",
        "amenity": "waste_basket"
      },
      "geometry": {
        "type": "Point",
        "coordinates": [
          2.3391278,
          48.9358278
        ]
      },
      "id": "node/12850287576"
    },
    {
      "type": "Feature",
      "properties": {
        "@id": "node/12854872499",
        "amenity": "waste_basket",
        "waste": "trash"
      },
      "geometry": {
        "type": "Point",
        "coordinates": [
          2.3656798,
          48.915446
        ]
      },
      "id": "node/12854872499"
    },
    {
      "type": "Feature",
      "properties": {
        "@id": "node/12855194292",
        "amenity": "waste_basket"
      },
      "geometry": {
        "type": "Point",
        "coordinates": [
          2.4850402,
          48.8708236
        ]
      },
      "id": "node/12855194292"
    },
    {
      "type": "Feature",
      "properties": {
        "@id": "node/12855206703",
        "amenity": "waste_basket"
      },
      "geometry": {
        "type": "Point",
        "coordinates": [
          2.4865703,
          48.8711157
        ]
      },
      "id": "node/12855206703"
    },
    {
      "type": "Feature",
      "properties": {
        "@id": "node/12855219328",
        "amenity": "waste_basket"
      },
      "geometry": {
        "type": "Point",
        "coordinates": [
          2.4853588,
          48.8708655
        ]
      },
      "id": "node/12855219328"
    },
    {
      "type": "Feature",
      "properties": {
        "@id": "node/12855221045",
        "amenity": "waste_basket"
      },
      "geometry": {
        "type": "Point",
        "coordinates": [
          2.4847878,
          48.8708961
        ]
      },
      "id": "node/12855221045"
    },
    {
      "type": "Feature",
      "properties": {
        "@id": "node/12855221185",
        "amenity": "waste_basket"
      },
      "geometry": {
        "type": "Point",
        "coordinates": [
          2.4864047,
          48.8710326
        ]
      },
      "id": "node/12855221185"
    },
    {
      "type": "Feature",
      "properties": {
        "@id": "node/12855223550",
        "amenity": "waste_basket"
      },
      "geometry": {
        "type": "Point",
        "coordinates": [
          2.4874912,
          48.8707049
        ]
      },
      "id": "node/12855223550"
    },
    {
      "type": "Feature",
      "properties": {
        "@id": "node/12855224737",
        "amenity": "waste_basket"
      },
      "geometry": {
        "type": "Point",
        "coordinates": [
          2.4885408,
          48.8701822
        ]
      },
      "id": "node/12855224737"
    },
    {
      "type": "Feature",
      "properties": {
        "@id": "node/12855226142",
        "amenity": "waste_basket"
      },
      "geometry": {
        "type": "Point",
        "coordinates": [
          2.4857065,
          48.8711945
        ]
      },
      "id": "node/12855226142"
    },
    {
      "type": "Feature",
      "properties": {
        "@id": "node/12855230604",
        "amenity": "waste_basket"
      },
      "geometry": {
        "type": "Point",
        "coordinates": [
          2.4852805,
          48.8707979
        ]
      },
      "id": "node/12855230604"
    },
    {
      "type": "Feature",
      "properties": {
        "@id": "node/12855232224",
        "amenity": "waste_basket"
      },
      "geometry": {
        "type": "Point",
        "coordinates": [
          2.4885734,
          48.8702537
        ]
      },
      "id": "node/12855232224"
    },
    {
      "type": "Feature",
      "properties": {
        "@id": "node/12855237898",
        "amenity": "waste_basket"
      },
      "geometry": {
        "type": "Point",
        "coordinates": [
          2.4857342,
          48.8715234
        ]
      },
      "id": "node/12855237898"
    },
    {
      "type": "Feature",
      "properties": {
        "@id": "node/12855237919",
        "amenity": "waste_basket"
      },
      "geometry": {
        "type": "Point",
        "coordinates": [
          2.484817,
          48.8708044
        ]
      },
      "id": "node/12855237919"
    },
    {
      "type": "Feature",
      "properties": {
        "@id": "node/12855238947",
        "amenity": "waste_basket"
      },
      "geometry": {
        "type": "Point",
        "coordinates": [
          2.4911153,
          48.8686528
        ]
      },
      "id": "node/12855238947"
    },
    {
      "type": "Feature",
      "properties": {
        "@id": "node/12855240701",
        "amenity": "waste_basket"
      },
      "geometry": {
        "type": "Point",
        "coordinates": [
          2.4875377,
          48.8706449
        ]
      },
      "id": "node/12855240701"
    },
    {
      "type": "Feature",
      "properties": {
        "@id": "node/12865041444",
        "amenity": "waste_basket"
      },
      "geometry": {
        "type": "Point",
        "coordinates": [
          2.4850055,
          48.8724823
        ]
      },
      "id": "node/12865041444"
    },
    {
      "type": "Feature",
      "properties": {
        "@id": "node/12865114969",
        "amenity": "waste_basket"
      },
      "geometry": {
        "type": "Point",
        "coordinates": [
          2.4852419,
          48.8725495
        ]
      },
      "id": "node/12865114969"
    },
    {
      "type": "Feature",
      "properties": {
        "@id": "node/12866641172",
        "amenity": "waste_basket"
      },
      "geometry": {
        "type": "Point",
        "coordinates": [
          2.4829423,
          48.8739627
        ]
      },
      "id": "node/12866641172"
    },
    {
      "type": "Feature",
      "properties": {
        "@id": "node/12866645985",
        "amenity": "waste_basket"
      },
      "geometry": {
        "type": "Point",
        "coordinates": [
          2.484521,
          48.8708042
        ]
      },
      "id": "node/12866645985"
    },
    {
      "type": "Feature",
      "properties": {
        "@id": "node/12866673807",
        "amenity": "waste_basket"
      },
      "geometry": {
        "type": "Point",
        "coordinates": [
          2.4827567,
          48.8741342
        ]
      },
      "id": "node/12866673807"
    },
    {
      "type": "Feature",
      "properties": {
        "@id": "node/12866678382",
        "amenity": "waste_basket"
      },
      "geometry": {
        "type": "Point",
        "coordinates": [
          2.4852754,
          48.8689111
        ]
      },
      "id": "node/12866678382"
    },
    {
      "type": "Feature",
      "properties": {
        "@id": "node/12866679484",
        "amenity": "waste_basket"
      },
      "geometry": {
        "type": "Point",
        "coordinates": [
          2.4844075,
          48.8708382
        ]
      },
      "id": "node/12866679484"
    },
    {
      "type": "Feature",
      "properties": {
        "@id": "node/12866679503",
        "amenity": "waste_basket"
      },
      "geometry": {
        "type": "Point",
        "coordinates": [
          2.482995,
          48.8737487
        ]
      },
      "id": "node/12866679503"
    },
    {
      "type": "Feature",
      "properties": {
        "@id": "node/12866682381",
        "amenity": "waste_basket"
      },
      "geometry": {
        "type": "Point",
        "coordinates": [
          2.4850181,
          48.8703699
        ]
      },
      "id": "node/12866682381"
    },
    {
      "type": "Feature",
      "properties": {
        "@id": "node/12877128401",
        "amenity": "waste_basket"
      },
      "geometry": {
        "type": "Point",
        "coordinates": [
          2.5146969,
          48.8514377
        ]
      },
      "id": "node/12877128401"
    },
    {
      "type": "Feature",
      "properties": {
        "@id": "node/12894385634",
        "amenity": "waste_basket"
      },
      "geometry": {
        "type": "Point",
        "coordinates": [
          2.4825972,
          48.8728026
        ]
      },
      "id": "node/12894385634"
    },
    {
      "type": "Feature",
      "properties": {
        "@id": "node/12894464038",
        "amenity": "waste_basket"
      },
      "geometry": {
        "type": "Point",
        "coordinates": [
          2.4823822,
          48.8727146
        ]
      },
      "id": "node/12894464038"
    },
    {
      "type": "Feature",
      "properties": {
        "@id": "node/12895175323",
        "amenity": "waste_basket"
      },
      "geometry": {
        "type": "Point",
        "coordinates": [
          2.4150439,
          48.8939065
        ]
      },
      "id": "node/12895175323"
    },
    {
      "type": "Feature",
      "properties": {
        "@id": "node/12908924804",
        "amenity": "waste_basket",
        "waste": "trash"
      },
      "geometry": {
        "type": "Point",
        "coordinates": [
          2.450157,
          48.8635751
        ]
      },
      "id": "node/12908924804"
    },
    {
      "type": "Feature",
      "properties": {
        "@id": "node/12915396770",
        "amenity": "waste_basket"
      },
      "geometry": {
        "type": "Point",
        "coordinates": [
          2.5021589,
          48.9228994
        ]
      },
      "id": "node/12915396770"
    },
    {
      "type": "Feature",
      "properties": {
        "@id": "node/12915411931",
        "amenity": "waste_basket"
      },
      "geometry": {
        "type": "Point",
        "coordinates": [
          2.5019803,
          48.9228901
        ]
      },
      "id": "node/12915411931"
    },
    {
      "type": "Feature",
      "properties": {
        "@id": "node/12919773274",
        "amenity": "waste_basket"
      },
      "geometry": {
        "type": "Point",
        "coordinates": [
          2.3524469,
          48.9180949
        ]
      },
      "id": "node/12919773274"
    },
    {
      "type": "Feature",
      "properties": {
        "@id": "node/12919773289",
        "amenity": "waste_basket"
      },
      "geometry": {
        "type": "Point",
        "coordinates": [
          2.3347298,
          48.9257938
        ]
      },
      "id": "node/12919773289"
    },
    {
      "type": "Feature",
      "properties": {
        "@id": "node/12925608686",
        "amenity": "waste_basket"
      },
      "geometry": {
        "type": "Point",
        "coordinates": [
          2.3388015,
          48.9375572
        ]
      },
      "id": "node/12925608686"
    },
    {
      "type": "Feature",
      "properties": {
        "@id": "node/12944542093",
        "amenity": "waste_basket"
      },
      "geometry": {
        "type": "Point",
        "coordinates": [
          2.5811346,
          48.9056054
        ]
      },
      "id": "node/12944542093"
    },
    {
      "type": "Feature",
      "properties": {
        "@id": "node/12950024575",
        "amenity": "waste_basket"
      },
      "geometry": {
        "type": "Point",
        "coordinates": [
          2.3502352,
          48.9414012
        ]
      },
      "id": "node/12950024575"
    },
    {
      "type": "Feature",
      "properties": {
        "@id": "node/12950059745",
        "amenity": "waste_basket"
      },
      "geometry": {
        "type": "Point",
        "coordinates": [
          2.3479468,
          48.9416618
        ]
      },
      "id": "node/12950059745"
    },
    {
      "type": "Feature",
      "properties": {
        "@id": "node/12950070837",
        "amenity": "waste_basket"
      },
      "geometry": {
        "type": "Point",
        "coordinates": [
          2.3478356,
          48.9416836
        ]
      },
      "id": "node/12950070837"
    },
    {
      "type": "Feature",
      "properties": {
        "@id": "node/12950075363",
        "amenity": "waste_basket"
      },
      "geometry": {
        "type": "Point",
        "coordinates": [
          2.3479181,
          48.9416437
        ]
      },
      "id": "node/12950075363"
    },
    {
      "type": "Feature",
      "properties": {
        "@id": "node/12950077503",
        "amenity": "waste_basket"
      },
      "geometry": {
        "type": "Point",
        "coordinates": [
          2.3514207,
          48.9410887
        ]
      },
      "id": "node/12950077503"
    },
    {
      "type": "Feature",
      "properties": {
        "@id": "node/12950081486",
        "amenity": "waste_basket"
      },
      "geometry": {
        "type": "Point",
        "coordinates": [
          2.3485342,
          48.9416006
        ]
      },
      "id": "node/12950081486"
    },
    {
      "type": "Feature",
      "properties": {
        "@id": "node/12950100936",
        "amenity": "waste_basket"
      },
      "geometry": {
        "type": "Point",
        "coordinates": [
          2.3482414,
          48.9417401
        ]
      },
      "id": "node/12950100936"
    },
    {
      "type": "Feature",
      "properties": {
        "@id": "node/12950132289",
        "amenity": "waste_basket"
      },
      "geometry": {
        "type": "Point",
        "coordinates": [
          2.3499689,
          48.9415302
        ]
      },
      "id": "node/12950132289"
    },
    {
      "type": "Feature",
      "properties": {
        "@id": "node/12980313501",
        "amenity": "waste_basket"
      },
      "geometry": {
        "type": "Point",
        "coordinates": [
          2.4432785,
          48.8654251
        ]
      },
      "id": "node/12980313501"
    },
    {
      "type": "Feature",
      "properties": {
        "@id": "node/12980495261",
        "amenity": "waste_basket"
      },
      "geometry": {
        "type": "Point",
        "coordinates": [
          2.342585,
          48.9492279
        ]
      },
      "id": "node/12980495261"
    },
    {
      "type": "Feature",
      "properties": {
        "@id": "node/13003864282",
        "amenity": "waste_basket"
      },
      "geometry": {
        "type": "Point",
        "coordinates": [
          2.5686589,
          48.900702
        ]
      },
      "id": "node/13003864282"
    },
    {
      "type": "Feature",
      "properties": {
        "@id": "node/13003867733",
        "amenity": "waste_basket"
      },
      "geometry": {
        "type": "Point",
        "coordinates": [
          2.5683509,
          48.9026799
        ]
      },
      "id": "node/13003867733"
    },
    {
      "type": "Feature",
      "properties": {
        "@id": "node/13003887283",
        "amenity": "waste_basket"
      },
      "geometry": {
        "type": "Point",
        "coordinates": [
          2.5696702,
          48.9014139
        ]
      },
      "id": "node/13003887283"
    },
    {
      "type": "Feature",
      "properties": {
        "@id": "node/13005837319",
        "amenity": "waste_basket"
      },
      "geometry": {
        "type": "Point",
        "coordinates": [
          2.4017596,
          48.8934749
        ]
      },
      "id": "node/13005837319"
    },
    {
      "type": "Feature",
      "properties": {
        "@id": "node/13005838760",
        "amenity": "waste_basket"
      },
      "geometry": {
        "type": "Point",
        "coordinates": [
          2.4018712,
          48.8937158
        ]
      },
      "id": "node/13005838760"
    },
    {
      "type": "Feature",
      "properties": {
        "@id": "node/13005838985",
        "amenity": "waste_basket"
      },
      "geometry": {
        "type": "Point",
        "coordinates": [
          2.4018311,
          48.8925455
        ]
      },
      "id": "node/13005838985"
    },
    {
      "type": "Feature",
      "properties": {
        "@id": "node/13005841423",
        "amenity": "waste_basket"
      },
      "geometry": {
        "type": "Point",
        "coordinates": [
          2.4008585,
          48.897135
        ]
      },
      "id": "node/13005841423"
    },
    {
      "type": "Feature",
      "properties": {
        "@id": "node/13005844988",
        "amenity": "waste_basket"
      },
      "geometry": {
        "type": "Point",
        "coordinates": [
          2.4008858,
          48.8966851
        ]
      },
      "id": "node/13005844988"
    },
    {
      "type": "Feature",
      "properties": {
        "@id": "node/13021294577",
        "amenity": "waste_basket"
      },
      "geometry": {
        "type": "Point",
        "coordinates": [
          2.5530358,
          48.8489768
        ]
      },
      "id": "node/13021294577"
    },
    {
      "type": "Feature",
      "properties": {
        "@id": "node/13022606185",
        "amenity": "waste_basket"
      },
      "geometry": {
        "type": "Point",
        "coordinates": [
          2.5656059,
          48.8441876
        ]
      },
      "id": "node/13022606185"
    },
    {
      "type": "Feature",
      "properties": {
        "@id": "node/13022606186",
        "amenity": "waste_basket"
      },
      "geometry": {
        "type": "Point",
        "coordinates": [
          2.5674901,
          48.8452293
        ]
      },
      "id": "node/13022606186"
    },
    {
      "type": "Feature",
      "properties": {
        "@id": "node/13022606187",
        "amenity": "waste_basket"
      },
      "geometry": {
        "type": "Point",
        "coordinates": [
          2.56678,
          48.8457691
        ]
      },
      "id": "node/13022606187"
    },
    {
      "type": "Feature",
      "properties": {
        "@id": "node/13023059925",
        "amenity": "waste_basket"
      },
      "geometry": {
        "type": "Point",
        "coordinates": [
          2.5693023,
          48.8438884
        ]
      },
      "id": "node/13023059925"
    },
    {
      "type": "Feature",
      "properties": {
        "@id": "node/13023059926",
        "amenity": "waste_basket"
      },
      "geometry": {
        "type": "Point",
        "coordinates": [
          2.5682004,
          48.8446885
        ]
      },
      "id": "node/13023059926"
    },
    {
      "type": "Feature",
      "properties": {
        "@id": "node/13023064724",
        "amenity": "waste_basket"
      },
      "geometry": {
        "type": "Point",
        "coordinates": [
          2.567438,
          48.8428004
        ]
      },
      "id": "node/13023064724"
    },
    {
      "type": "Feature",
      "properties": {
        "@id": "node/13023064768",
        "amenity": "waste_basket"
      },
      "geometry": {
        "type": "Point",
        "coordinates": [
          2.5649289,
          48.8444821
        ]
      },
      "id": "node/13023064768"
    },
    {
      "type": "Feature",
      "properties": {
        "@id": "node/13027058261",
        "amenity": "waste_basket"
      },
      "geometry": {
        "type": "Point",
        "coordinates": [
          2.5615382,
          48.8464562
        ]
      },
      "id": "node/13027058261"
    },
    {
      "type": "Feature",
      "properties": {
        "@id": "node/13028483305",
        "amenity": "waste_basket"
      },
      "geometry": {
        "type": "Point",
        "coordinates": [
          2.563247,
          48.8455456
        ]
      },
      "id": "node/13028483305"
    },
    {
      "type": "Feature",
      "properties": {
        "@id": "node/13030433317",
        "amenity": "waste_basket"
      },
      "geometry": {
        "type": "Point",
        "coordinates": [
          2.4508424,
          48.8690427
        ]
      },
      "id": "node/13030433317"
    },
    {
      "type": "Feature",
      "properties": {
        "@id": "node/13034313519",
        "amenity": "waste_basket"
      },
      "geometry": {
        "type": "Point",
        "coordinates": [
          2.5610176,
          48.9023311
        ]
      },
      "id": "node/13034313519"
    },
    {
      "type": "Feature",
      "properties": {
        "@id": "node/13034415666",
        "amenity": "waste_basket"
      },
      "geometry": {
        "type": "Point",
        "coordinates": [
          2.3533581,
          48.9204428
        ]
      },
      "id": "node/13034415666"
    },
    {
      "type": "Feature",
      "properties": {
        "@id": "node/13034455315",
        "amenity": "waste_basket"
      },
      "geometry": {
        "type": "Point",
        "coordinates": [
          2.353406,
          48.919619
        ]
      },
      "id": "node/13034455315"
    },
    {
      "type": "Feature",
      "properties": {
        "@id": "node/13034455823",
        "amenity": "waste_basket"
      },
      "geometry": {
        "type": "Point",
        "coordinates": [
          2.3537109,
          48.919602
        ]
      },
      "id": "node/13034455823"
    },
    {
      "type": "Feature",
      "properties": {
        "@id": "node/13034469088",
        "amenity": "waste_basket"
      },
      "geometry": {
        "type": "Point",
        "coordinates": [
          2.3536264,
          48.9195641
        ]
      },
      "id": "node/13034469088"
    },
    {
      "type": "Feature",
      "properties": {
        "@id": "node/13034482029",
        "amenity": "waste_basket"
      },
      "geometry": {
        "type": "Point",
        "coordinates": [
          2.3534572,
          48.9193916
        ]
      },
      "id": "node/13034482029"
    },
    {
      "type": "Feature",
      "properties": {
        "@id": "node/13034482561",
        "amenity": "waste_basket"
      },
      "geometry": {
        "type": "Point",
        "coordinates": [
          2.3510937,
          48.9176964
        ]
      },
      "id": "node/13034482561"
    },
    {
      "type": "Feature",
      "properties": {
        "@id": "node/13034511751",
        "amenity": "waste_basket"
      },
      "geometry": {
        "type": "Point",
        "coordinates": [
          2.3511201,
          48.917592
        ]
      },
      "id": "node/13034511751"
    },
    {
      "type": "Feature",
      "properties": {
        "@id": "node/13034517901",
        "amenity": "waste_basket"
      },
      "geometry": {
        "type": "Point",
        "coordinates": [
          2.353531,
          48.9201939
        ]
      },
      "id": "node/13034517901"
    },
    {
      "type": "Feature",
      "properties": {
        "@id": "node/13036894343",
        "amenity": "waste_basket"
      },
      "geometry": {
        "type": "Point",
        "coordinates": [
          2.5656417,
          48.8451256
        ]
      },
      "id": "node/13036894343"
    },
    {
      "type": "Feature",
      "properties": {
        "@id": "node/13037049945",
        "amenity": "waste_basket"
      },
      "geometry": {
        "type": "Point",
        "coordinates": [
          2.5686053,
          48.8434138
        ]
      },
      "id": "node/13037049945"
    },
    {
      "type": "Feature",
      "properties": {
        "@id": "node/13037049958",
        "amenity": "waste_basket"
      },
      "geometry": {
        "type": "Point",
        "coordinates": [
          2.5668745,
          48.8447276
        ]
      },
      "id": "node/13037049958"
    },
    {
      "type": "Feature",
      "properties": {
        "@id": "node/13037136249",
        "amenity": "waste_basket"
      },
      "geometry": {
        "type": "Point",
        "coordinates": [
          2.5797375,
          48.8429151
        ]
      },
      "id": "node/13037136249"
    },
    {
      "type": "Feature",
      "properties": {
        "@id": "node/13037136251",
        "amenity": "waste_basket"
      },
      "geometry": {
        "type": "Point",
        "coordinates": [
          2.579759,
          48.8427964
        ]
      },
      "id": "node/13037136251"
    },
    {
      "type": "Feature",
      "properties": {
        "@id": "node/13037954383",
        "amenity": "waste_basket"
      },
      "geometry": {
        "type": "Point",
        "coordinates": [
          2.5746584,
          48.8425997
        ]
      },
      "id": "node/13037954383"
    },
    {
      "type": "Feature",
      "properties": {
        "@id": "node/13039053788",
        "amenity": "waste_basket"
      },
      "geometry": {
        "type": "Point",
        "coordinates": [
          2.5664119,
          48.843515
        ]
      },
      "id": "node/13039053788"
    },
    {
      "type": "Feature",
      "properties": {
        "@id": "node/13039078539",
        "amenity": "waste_basket"
      },
      "geometry": {
        "type": "Point",
        "coordinates": [
          2.5726264,
          48.8424112
        ]
      },
      "id": "node/13039078539"
    },
    {
      "type": "Feature",
      "properties": {
        "@id": "node/13039078540",
        "amenity": "waste_basket"
      },
      "geometry": {
        "type": "Point",
        "coordinates": [
          2.572789,
          48.8423652
        ]
      },
      "id": "node/13039078540"
    },
    {
      "type": "Feature",
      "properties": {
        "@id": "node/13039089430",
        "amenity": "waste_basket"
      },
      "geometry": {
        "type": "Point",
        "coordinates": [
          2.5776362,
          48.8425455
        ]
      },
      "id": "node/13039089430"
    },
    {
      "type": "Feature",
      "properties": {
        "@id": "node/13039089433",
        "amenity": "waste_basket"
      },
      "geometry": {
        "type": "Point",
        "coordinates": [
          2.5779692,
          48.8424147
        ]
      },
      "id": "node/13039089433"
    },
    {
      "type": "Feature",
      "properties": {
        "@id": "node/13039122215",
        "amenity": "waste_basket"
      },
      "geometry": {
        "type": "Point",
        "coordinates": [
          2.5754479,
          48.8426943
        ]
      },
      "id": "node/13039122215"
    },
    {
      "type": "Feature",
      "properties": {
        "@id": "node/13039122216",
        "amenity": "waste_basket"
      },
      "geometry": {
        "type": "Point",
        "coordinates": [
          2.5740168,
          48.8425684
        ]
      },
      "id": "node/13039122216"
    },
    {
      "type": "Feature",
      "properties": {
        "@id": "node/13039719347",
        "amenity": "waste_basket"
      },
      "geometry": {
        "type": "Point",
        "coordinates": [
          2.5673114,
          48.8440028
        ]
      },
      "id": "node/13039719347"
    },
    {
      "type": "Feature",
      "properties": {
        "@id": "node/13039733240",
        "amenity": "waste_basket"
      },
      "geometry": {
        "type": "Point",
        "coordinates": [
          2.5674445,
          48.8439142
        ]
      },
      "id": "node/13039733240"
    },
    {
      "type": "Feature",
      "properties": {
        "@id": "node/13039734773",
        "amenity": "waste_basket"
      },
      "geometry": {
        "type": "Point",
        "coordinates": [
          2.5686841,
          48.8419352
        ]
      },
      "id": "node/13039734773"
    },
    {
      "type": "Feature",
      "properties": {
        "@id": "node/13039734774",
        "amenity": "waste_basket"
      },
      "geometry": {
        "type": "Point",
        "coordinates": [
          2.5680523,
          48.8422329
        ]
      },
      "id": "node/13039734774"
    },
    {
      "type": "Feature",
      "properties": {
        "@id": "node/13039771074",
        "amenity": "waste_basket"
      },
      "geometry": {
        "type": "Point",
        "coordinates": [
          2.5666336,
          48.8447673
        ]
      },
      "id": "node/13039771074"
    },
    {
      "type": "Feature",
      "properties": {
        "@id": "node/13039829059",
        "amenity": "waste_basket"
      },
      "geometry": {
        "type": "Point",
        "coordinates": [
          2.5671819,
          48.8430211
        ]
      },
      "id": "node/13039829059"
    },
    {
      "type": "Feature",
      "properties": {
        "@id": "node/13039882201",
        "amenity": "waste_basket"
      },
      "geometry": {
        "type": "Point",
        "coordinates": [
          2.5627316,
          48.8412125
        ]
      },
      "id": "node/13039882201"
    },
    {
      "type": "Feature",
      "properties": {
        "@id": "node/13039882202",
        "amenity": "waste_basket"
      },
      "geometry": {
        "type": "Point",
        "coordinates": [
          2.5612413,
          48.8411803
        ]
      },
      "id": "node/13039882202"
    },
    {
      "type": "Feature",
      "properties": {
        "@id": "node/13039882203",
        "amenity": "waste_basket"
      },
      "geometry": {
        "type": "Point",
        "coordinates": [
          2.5665991,
          48.8416989
        ]
      },
      "id": "node/13039882203"
    },
    {
      "type": "Feature",
      "properties": {
        "@id": "node/13039882205",
        "amenity": "waste_basket"
      },
      "geometry": {
        "type": "Point",
        "coordinates": [
          2.55995,
          48.8411817
        ]
      },
      "id": "node/13039882205"
    },
    {
      "type": "Feature",
      "properties": {
        "@id": "node/13039882206",
        "amenity": "waste_basket"
      },
      "geometry": {
        "type": "Point",
        "coordinates": [
          2.5658964,
          48.8414652
        ]
      },
      "id": "node/13039882206"
    },
    {
      "type": "Feature",
      "properties": {
        "@id": "node/13039882207",
        "amenity": "waste_basket"
      },
      "geometry": {
        "type": "Point",
        "coordinates": [
          2.5641691,
          48.8412998
        ]
      },
      "id": "node/13039882207"
    },
    {
      "type": "Feature",
      "properties": {
        "@id": "node/13039884004",
        "amenity": "waste_basket"
      },
      "geometry": {
        "type": "Point",
        "coordinates": [
          2.5644743,
          48.8449424
        ]
      },
      "id": "node/13039884004"
    },
    {
      "type": "Feature",
      "properties": {
        "@id": "node/13041032002",
        "amenity": "waste_basket"
      },
      "geometry": {
        "type": "Point",
        "coordinates": [
          2.4830659,
          48.8937839
        ]
      },
      "id": "node/13041032002"
    },
    {
      "type": "Feature",
      "properties": {
        "@id": "node/13041522401",
        "amenity": "waste_basket"
      },
      "geometry": {
        "type": "Point",
        "coordinates": [
          2.4810045,
          48.8941281
        ]
      },
      "id": "node/13041522401"
    },
    {
      "type": "Feature",
      "properties": {
        "@id": "node/13041526701",
        "amenity": "waste_basket"
      },
      "geometry": {
        "type": "Point",
        "coordinates": [
          2.4838668,
          48.8936592
        ]
      },
      "id": "node/13041526701"
    },
    {
      "type": "Feature",
      "properties": {
        "@id": "node/13041526801",
        "amenity": "waste_basket"
      },
      "geometry": {
        "type": "Point",
        "coordinates": [
          2.4850808,
          48.8935211
        ]
      },
      "id": "node/13041526801"
    },
    {
      "type": "Feature",
      "properties": {
        "@id": "node/13059261970",
        "amenity": "waste_basket"
      },
      "geometry": {
        "type": "Point",
        "coordinates": [
          2.5789144,
          48.8428446
        ]
      },
      "id": "node/13059261970"
    },
    {
      "type": "Feature",
      "properties": {
        "@id": "node/13059297926",
        "amenity": "waste_basket"
      },
      "geometry": {
        "type": "Point",
        "coordinates": [
          2.5785937,
          48.8428278
        ]
      },
      "id": "node/13059297926"
    },
    {
      "type": "Feature",
      "properties": {
        "@id": "node/13059301743",
        "amenity": "waste_basket"
      },
      "geometry": {
        "type": "Point",
        "coordinates": [
          2.5787323,
          48.8428257
        ]
      },
      "id": "node/13059301743"
    },
    {
      "type": "Feature",
      "properties": {
        "@id": "node/13059656950",
        "amenity": "waste_basket"
      },
      "geometry": {
        "type": "Point",
        "coordinates": [
          2.3315396,
          48.9191458
        ]
      },
      "id": "node/13059656950"
    },
    {
      "type": "Feature",
      "properties": {
        "@id": "node/13059664527",
        "amenity": "waste_basket"
      },
      "geometry": {
        "type": "Point",
        "coordinates": [
          2.3318879,
          48.919003
        ]
      },
      "id": "node/13059664527"
    },
    {
      "type": "Feature",
      "properties": {
        "@id": "node/13059689389",
        "amenity": "waste_basket"
      },
      "geometry": {
        "type": "Point",
        "coordinates": [
          2.3314393,
          48.9184445
        ]
      },
      "id": "node/13059689389"
    },
    {
      "type": "Feature",
      "properties": {
        "@id": "node/13061652261",
        "amenity": "waste_basket"
      },
      "geometry": {
        "type": "Point",
        "coordinates": [
          2.3823724,
          48.9144231
        ]
      },
      "id": "node/13061652261"
    },
    {
      "type": "Feature",
      "properties": {
        "@id": "node/13061706109",
        "amenity": "waste_basket"
      },
      "geometry": {
        "type": "Point",
        "coordinates": [
          2.4132525,
          48.9229495
        ]
      },
      "id": "node/13061706109"
    },
    {
      "type": "Feature",
      "properties": {
        "@id": "node/13061774299",
        "amenity": "waste_basket"
      },
      "geometry": {
        "type": "Point",
        "coordinates": [
          2.4019715,
          48.9413929
        ]
      },
      "id": "node/13061774299"
    },
    {
      "type": "Feature",
      "properties": {
        "@id": "node/13061786334",
        "amenity": "waste_basket"
      },
      "geometry": {
        "type": "Point",
        "coordinates": [
          2.4040982,
          48.9415767
        ]
      },
      "id": "node/13061786334"
    },
    {
      "type": "Feature",
      "properties": {
        "@id": "node/13061792577",
        "amenity": "waste_basket"
      },
      "geometry": {
        "type": "Point",
        "coordinates": [
          2.4050673,
          48.942575
        ]
      },
      "id": "node/13061792577"
    },
    {
      "type": "Feature",
      "properties": {
        "@id": "node/13061804617",
        "amenity": "waste_basket"
      },
      "geometry": {
        "type": "Point",
        "coordinates": [
          2.4033625,
          48.94191
        ]
      },
      "id": "node/13061804617"
    },
    {
      "type": "Feature",
      "properties": {
        "@id": "node/13061828530",
        "amenity": "waste_basket"
      },
      "geometry": {
        "type": "Point",
        "coordinates": [
          2.4016069,
          48.9409591
        ]
      },
      "id": "node/13061828530"
    },
    {
      "type": "Feature",
      "properties": {
        "@id": "node/13061831096",
        "amenity": "waste_basket"
      },
      "geometry": {
        "type": "Point",
        "coordinates": [
          2.4032392,
          48.9415171
        ]
      },
      "id": "node/13061831096"
    },
    {
      "type": "Feature",
      "properties": {
        "@id": "node/13061843131",
        "amenity": "waste_basket"
      },
      "geometry": {
        "type": "Point",
        "coordinates": [
          2.4012759,
          48.9412184
        ]
      },
      "id": "node/13061843131"
    },
    {
      "type": "Feature",
      "properties": {
        "@id": "node/13061853892",
        "amenity": "waste_basket"
      },
      "geometry": {
        "type": "Point",
        "coordinates": [
          2.4007376,
          48.9403389
        ]
      },
      "id": "node/13061853892"
    },
    {
      "type": "Feature",
      "properties": {
        "@id": "node/13061873559",
        "amenity": "waste_basket"
      },
      "geometry": {
        "type": "Point",
        "coordinates": [
          2.3953463,
          48.94373
        ]
      },
      "id": "node/13061873559"
    },
    {
      "type": "Feature",
      "properties": {
        "@id": "node/13061885101",
        "amenity": "waste_basket"
      },
      "geometry": {
        "type": "Point",
        "coordinates": [
          2.4013079,
          48.9402838
        ]
      },
      "id": "node/13061885101"
    },
    {
      "type": "Feature",
      "properties": {
        "@id": "node/13061887551",
        "amenity": "waste_basket"
      },
      "geometry": {
        "type": "Point",
        "coordinates": [
          2.3970552,
          48.9438439
        ]
      },
      "id": "node/13061887551"
    },
    {
      "type": "Feature",
      "properties": {
        "@id": "node/13061888352",
        "amenity": "waste_basket"
      },
      "geometry": {
        "type": "Point",
        "coordinates": [
          2.3983662,
          48.942451
        ]
      },
      "id": "node/13061888352"
    },
    {
      "type": "Feature",
      "properties": {
        "@id": "node/13061890468",
        "amenity": "waste_basket"
      },
      "geometry": {
        "type": "Point",
        "coordinates": [
          2.3984512,
          48.9418355
        ]
      },
      "id": "node/13061890468"
    },
    {
      "type": "Feature",
      "properties": {
        "@id": "node/13061906347",
        "amenity": "waste_basket"
      },
      "geometry": {
        "type": "Point",
        "coordinates": [
          2.3967417,
          48.943413
        ]
      },
      "id": "node/13061906347"
    },
    {
      "type": "Feature",
      "properties": {
        "@id": "node/13061910299",
        "amenity": "waste_basket"
      },
      "geometry": {
        "type": "Point",
        "coordinates": [
          2.3967519,
          48.943758
        ]
      },
      "id": "node/13061910299"
    },
    {
      "type": "Feature",
      "properties": {
        "@id": "node/13061943623",
        "amenity": "waste_basket"
      },
      "geometry": {
        "type": "Point",
        "coordinates": [
          2.3963334,
          48.945375
        ]
      },
      "id": "node/13061943623"
    },
    {
      "type": "Feature",
      "properties": {
        "@id": "node/13061968406",
        "amenity": "waste_basket"
      },
      "geometry": {
        "type": "Point",
        "coordinates": [
          2.3968496,
          48.9460053
        ]
      },
      "id": "node/13061968406"
    },
    {
      "type": "Feature",
      "properties": {
        "@id": "node/13061983150",
        "amenity": "waste_basket"
      },
      "geometry": {
        "type": "Point",
        "coordinates": [
          2.3974284,
          48.9474287
        ]
      },
      "id": "node/13061983150"
    },
    {
      "type": "Feature",
      "properties": {
        "@id": "node/13061984006",
        "amenity": "waste_basket"
      },
      "geometry": {
        "type": "Point",
        "coordinates": [
          2.3995616,
          48.9491324
        ]
      },
      "id": "node/13061984006"
    },
    {
      "type": "Feature",
      "properties": {
        "@id": "node/13061984492",
        "amenity": "waste_basket"
      },
      "geometry": {
        "type": "Point",
        "coordinates": [
          2.4007069,
          48.9497844
        ]
      },
      "id": "node/13061984492"
    },
    {
      "type": "Feature",
      "properties": {
        "@id": "node/13061985023",
        "amenity": "waste_basket"
      },
      "geometry": {
        "type": "Point",
        "coordinates": [
          2.3982296,
          48.9475116
        ]
      },
      "id": "node/13061985023"
    },
    {
      "type": "Feature",
      "properties": {
        "@id": "node/13061986856",
        "amenity": "waste_basket"
      },
      "geometry": {
        "type": "Point",
        "coordinates": [
          2.4013189,
          48.9499871
        ]
      },
      "id": "node/13061986856"
    },
    {
      "type": "Feature",
      "properties": {
        "@id": "node/13061992331",
        "amenity": "waste_basket"
      },
      "geometry": {
        "type": "Point",
        "coordinates": [
          2.3991389,
          48.9488421
        ]
      },
      "id": "node/13061992331"
    },
    {
      "type": "Feature",
      "properties": {
        "@id": "node/13061994579",
        "amenity": "waste_basket"
      },
      "geometry": {
        "type": "Point",
        "coordinates": [
          2.4017699,
          48.9487252
        ]
      },
      "id": "node/13061994579"
    },
    {
      "type": "Feature",
      "properties": {
        "@id": "node/13061996800",
        "amenity": "waste_basket"
      },
      "geometry": {
        "type": "Point",
        "coordinates": [
          2.4014493,
          48.949735
        ]
      },
      "id": "node/13061996800"
    },
    {
      "type": "Feature",
      "properties": {
        "@id": "node/13062005405",
        "amenity": "waste_basket"
      },
      "geometry": {
        "type": "Point",
        "coordinates": [
          2.4019197,
          48.9496587
        ]
      },
      "id": "node/13062005405"
    },
    {
      "type": "Feature",
      "properties": {
        "@id": "node/13062011880",
        "amenity": "waste_basket",
        "source": "survey"
      },
      "geometry": {
        "type": "Point",
        "coordinates": [
          2.4016404,
          48.9485224
        ]
      },
      "id": "node/13062011880"
    },
    {
      "type": "Feature",
      "properties": {
        "@id": "node/13062015335",
        "amenity": "waste_basket"
      },
      "geometry": {
        "type": "Point",
        "coordinates": [
          2.4018355,
          48.9487217
        ]
      },
      "id": "node/13062015335"
    },
    {
      "type": "Feature",
      "properties": {
        "@id": "node/13062022660",
        "amenity": "waste_basket"
      },
      "geometry": {
        "type": "Point",
        "coordinates": [
          2.4028237,
          48.9486695
        ]
      },
      "id": "node/13062022660"
    },
    {
      "type": "Feature",
      "properties": {
        "@id": "node/13062024987",
        "amenity": "waste_basket"
      },
      "geometry": {
        "type": "Point",
        "coordinates": [
          2.401727,
          48.9487124
        ]
      },
      "id": "node/13062024987"
    },
    {
      "type": "Feature",
      "properties": {
        "@id": "node/13062027553",
        "amenity": "waste_basket"
      },
      "geometry": {
        "type": "Point",
        "coordinates": [
          2.4016133,
          48.948528
        ]
      },
      "id": "node/13062027553"
    },
    {
      "type": "Feature",
      "properties": {
        "@id": "node/13062030199",
        "amenity": "waste_basket"
      },
      "geometry": {
        "type": "Point",
        "coordinates": [
          2.4016846,
          48.9487134
        ]
      },
      "id": "node/13062030199"
    },
    {
      "type": "Feature",
      "properties": {
        "@id": "node/13062059987",
        "amenity": "waste_basket"
      },
      "geometry": {
        "type": "Point",
        "coordinates": [
          2.4030521,
          48.9487033
        ]
      },
      "id": "node/13062059987"
    },
    {
      "type": "Feature",
      "properties": {
        "@id": "node/13062062690",
        "amenity": "waste_basket"
      },
      "geometry": {
        "type": "Point",
        "coordinates": [
          2.4005608,
          48.9479912
        ]
      },
      "id": "node/13062062690"
    },
    {
      "type": "Feature",
      "properties": {
        "@id": "node/13062066243",
        "amenity": "waste_basket"
      },
      "geometry": {
        "type": "Point",
        "coordinates": [
          2.4028716,
          48.9488894
        ]
      },
      "id": "node/13062066243"
    },
    {
      "type": "Feature",
      "properties": {
        "@id": "node/13062091267",
        "amenity": "waste_basket"
      },
      "geometry": {
        "type": "Point",
        "coordinates": [
          2.402739,
          48.9490153
        ]
      },
      "id": "node/13062091267"
    },
    {
      "type": "Feature",
      "properties": {
        "@id": "node/13062091999",
        "amenity": "waste_basket"
      },
      "geometry": {
        "type": "Point",
        "coordinates": [
          2.4006278,
          48.9465683
        ]
      },
      "id": "node/13062091999"
    },
    {
      "type": "Feature",
      "properties": {
        "@id": "node/13062107106",
        "amenity": "waste_basket"
      },
      "geometry": {
        "type": "Point",
        "coordinates": [
          2.3997176,
          48.9463736
        ]
      },
      "id": "node/13062107106"
    },
    {
      "type": "Feature",
      "properties": {
        "@id": "node/13062110632",
        "amenity": "waste_basket"
      },
      "geometry": {
        "type": "Point",
        "coordinates": [
          2.4000677,
          48.9451792
        ]
      },
      "id": "node/13062110632"
    },
    {
      "type": "Feature",
      "properties": {
        "@id": "node/13062207924",
        "amenity": "waste_basket"
      },
      "geometry": {
        "type": "Point",
        "coordinates": [
          2.3992141,
          48.9436881
        ]
      },
      "id": "node/13062207924"
    },
    {
      "type": "Feature",
      "properties": {
        "@id": "node/13062210111",
        "amenity": "waste_basket"
      },
      "geometry": {
        "type": "Point",
        "coordinates": [
          2.4039943,
          48.9425348
        ]
      },
      "id": "node/13062210111"
    },
    {
      "type": "Feature",
      "properties": {
        "@id": "node/13062210833",
        "amenity": "waste_basket"
      },
      "geometry": {
        "type": "Point",
        "coordinates": [
          2.4048031,
          48.942973
        ]
      },
      "id": "node/13062210833"
    },
    {
      "type": "Feature",
      "properties": {
        "@id": "node/13081364965",
        "amenity": "waste_basket"
      },
      "geometry": {
        "type": "Point",
        "coordinates": [
          2.5327523,
          48.8543477
        ]
      },
      "id": "node/13081364965"
    },
    {
      "type": "Feature",
      "properties": {
        "@id": "node/13089326898",
        "amenity": "waste_basket"
      },
      "geometry": {
        "type": "Point",
        "coordinates": [
          2.5623522,
          48.8413335
        ]
      },
      "id": "node/13089326898"
    },
    {
      "type": "Feature",
      "properties": {
        "@id": "node/13089335801",
        "amenity": "waste_basket"
      },
      "geometry": {
        "type": "Point",
        "coordinates": [
          2.5566129,
          48.8411658
        ]
      },
      "id": "node/13089335801"
    },
    {
      "type": "Feature",
      "properties": {
        "@id": "node/13089335819",
        "amenity": "waste_basket"
      },
      "geometry": {
        "type": "Point",
        "coordinates": [
          2.5592676,
          48.8411871
        ]
      },
      "id": "node/13089335819"
    },
    {
      "type": "Feature",
      "properties": {
        "@id": "node/13098034188",
        "amenity": "waste_basket"
      },
      "geometry": {
        "type": "Point",
        "coordinates": [
          2.5793712,
          48.8427582
        ]
      },
      "id": "node/13098034188"
    },
    {
      "type": "Feature",
      "properties": {
        "@id": "node/13098034189",
        "amenity": "waste_basket"
      },
      "geometry": {
        "type": "Point",
        "coordinates": [
          2.5789423,
          48.8427172
        ]
      },
      "id": "node/13098034189"
    },
    {
      "type": "Feature",
      "properties": {
        "@id": "node/13098034190",
        "amenity": "waste_basket"
      },
      "geometry": {
        "type": "Point",
        "coordinates": [
          2.5790582,
          48.8427295
        ]
      },
      "id": "node/13098034190"
    },
    {
      "type": "Feature",
      "properties": {
        "@id": "node/13098034191",
        "amenity": "waste_basket"
      },
      "geometry": {
        "type": "Point",
        "coordinates": [
          2.5793465,
          48.8428743
        ]
      },
      "id": "node/13098034191"
    },
    {
      "type": "Feature",
      "properties": {
        "@id": "node/13098034192",
        "amenity": "waste_basket"
      },
      "geometry": {
        "type": "Point",
        "coordinates": [
          2.5786885,
          48.842698
        ]
      },
      "id": "node/13098034192"
    },
    {
      "type": "Feature",
      "properties": {
        "@id": "node/13098034193",
        "amenity": "waste_basket"
      },
      "geometry": {
        "type": "Point",
        "coordinates": [
          2.57858,
          48.8426702
        ]
      },
      "id": "node/13098034193"
    },
    {
      "type": "Feature",
      "properties": {
        "@id": "node/13098034194",
        "amenity": "waste_basket"
      },
      "geometry": {
        "type": "Point",
        "coordinates": [
          2.5782769,
          48.8426511
        ]
      },
      "id": "node/13098034194"
    },
    {
      "type": "Feature",
      "properties": {
        "@id": "node/13098055541",
        "amenity": "waste_basket"
      },
      "geometry": {
        "type": "Point",
        "coordinates": [
          2.567722,
          48.8434859
        ]
      },
      "id": "node/13098055541"
    },
    {
      "type": "Feature",
      "properties": {
        "@id": "node/13098055543",
        "amenity": "waste_basket"
      },
      "geometry": {
        "type": "Point",
        "coordinates": [
          2.5674395,
          48.8431656
        ]
      },
      "id": "node/13098055543"
    },
    {
      "type": "Feature",
      "properties": {
        "@id": "node/13098055545",
        "amenity": "waste_basket"
      },
      "geometry": {
        "type": "Point",
        "coordinates": [
          2.566795,
          48.8443672
        ]
      },
      "id": "node/13098055545"
    },
    {
      "type": "Feature",
      "properties": {
        "@id": "node/13098055547",
        "amenity": "waste_basket"
      },
      "geometry": {
        "type": "Point",
        "coordinates": [
          2.5669083,
          48.8441793
        ]
      },
      "id": "node/13098055547"
    },
    {
      "type": "Feature",
      "properties": {
        "@id": "node/13098071796",
        "amenity": "waste_basket"
      },
      "geometry": {
        "type": "Point",
        "coordinates": [
          2.5756796,
          48.8422304
        ]
      },
      "id": "node/13098071796"
    },
    {
      "type": "Feature",
      "properties": {
        "@id": "node/13110207571",
        "amenity": "waste_basket"
      },
      "geometry": {
        "type": "Point",
        "coordinates": [
          2.5662772,
          48.9009119
        ]
      },
      "id": "node/13110207571"
    },
    {
      "type": "Feature",
      "properties": {
        "@id": "node/13110216228",
        "amenity": "waste_basket"
      },
      "geometry": {
        "type": "Point",
        "coordinates": [
          2.5520276,
          48.8507573
        ]
      },
      "id": "node/13110216228"
    },
    {
      "type": "Feature",
      "properties": {
        "@id": "node/13110216229",
        "amenity": "waste_basket"
      },
      "geometry": {
        "type": "Point",
        "coordinates": [
          2.5521641,
          48.8507911
        ]
      },
      "id": "node/13110216229"
    },
    {
      "type": "Feature",
      "properties": {
        "@id": "node/13110232716",
        "amenity": "waste_basket"
      },
      "geometry": {
        "type": "Point",
        "coordinates": [
          2.5522842,
          48.8504155
        ]
      },
      "id": "node/13110232716"
    },
    {
      "type": "Feature",
      "properties": {
        "@id": "node/13110258612",
        "amenity": "waste_basket"
      },
      "geometry": {
        "type": "Point",
        "coordinates": [
          2.5542378,
          48.8482352
        ]
      },
      "id": "node/13110258612"
    },
    {
      "type": "Feature",
      "properties": {
        "@id": "node/13110258616",
        "amenity": "waste_basket"
      },
      "geometry": {
        "type": "Point",
        "coordinates": [
          2.5540127,
          48.8481242
        ]
      },
      "id": "node/13110258616"
    },
    {
      "type": "Feature",
      "properties": {
        "@id": "node/13110260871",
        "amenity": "waste_basket"
      },
      "geometry": {
        "type": "Point",
        "coordinates": [
          2.5544773,
          48.8483035
        ]
      },
      "id": "node/13110260871"
    },
    {
      "type": "Feature",
      "properties": {
        "@id": "node/13110260872",
        "amenity": "waste_basket"
      },
      "geometry": {
        "type": "Point",
        "coordinates": [
          2.5544279,
          48.8481588
        ]
      },
      "id": "node/13110260872"
    },
    {
      "type": "Feature",
      "properties": {
        "@id": "node/13110261023",
        "amenity": "waste_basket"
      },
      "geometry": {
        "type": "Point",
        "coordinates": [
          2.5537906,
          48.8481034
        ]
      },
      "id": "node/13110261023"
    },
    {
      "type": "Feature",
      "properties": {
        "@id": "node/13114998362",
        "amenity": "waste_basket"
      },
      "geometry": {
        "type": "Point",
        "coordinates": [
          2.3220462,
          48.9065389
        ]
      },
      "id": "node/13114998362"
    },
    {
      "type": "Feature",
      "properties": {
        "@id": "node/13115011087",
        "amenity": "waste_basket"
      },
      "geometry": {
        "type": "Point",
        "coordinates": [
          2.3220492,
          48.9062501
        ]
      },
      "id": "node/13115011087"
    },
    {
      "type": "Feature",
      "properties": {
        "@id": "node/13115020000",
        "amenity": "waste_basket"
      },
      "geometry": {
        "type": "Point",
        "coordinates": [
          2.3218835,
          48.9069754
        ]
      },
      "id": "node/13115020000"
    },
    {
      "type": "Feature",
      "properties": {
        "@id": "node/13115022178",
        "amenity": "waste_basket"
      },
      "geometry": {
        "type": "Point",
        "coordinates": [
          2.3212569,
          48.9074733
        ]
      },
      "id": "node/13115022178"
    },
    {
      "type": "Feature",
      "properties": {
        "@id": "node/13125061843",
        "amenity": "waste_basket",
        "material": "metal"
      },
      "geometry": {
        "type": "Point",
        "coordinates": [
          2.5389279,
          48.8406886
        ]
      },
      "id": "node/13125061843"
    },
    {
      "type": "Feature",
      "properties": {
        "@id": "node/13135996523",
        "amenity": "waste_basket"
      },
      "geometry": {
        "type": "Point",
        "coordinates": [
          2.3628231,
          48.9654079
        ]
      },
      "id": "node/13135996523"
    },
    {
      "type": "Feature",
      "properties": {
        "@id": "node/13137954138",
        "amenity": "waste_basket"
      },
      "geometry": {
        "type": "Point",
        "coordinates": [
          2.362654,
          48.966521
        ]
      },
      "id": "node/13137954138"
    },
    {
      "type": "Feature",
      "properties": {
        "@id": "node/13137985191",
        "amenity": "waste_basket"
      },
      "geometry": {
        "type": "Point",
        "coordinates": [
          2.3629639,
          48.9664439
        ]
      },
      "id": "node/13137985191"
    },
    {
      "type": "Feature",
      "properties": {
        "@id": "node/13137986111",
        "amenity": "waste_basket"
      },
      "geometry": {
        "type": "Point",
        "coordinates": [
          2.3608975,
          48.9689843
        ]
      },
      "id": "node/13137986111"
    },
    {
      "type": "Feature",
      "properties": {
        "@id": "node/13137987016",
        "amenity": "waste_basket"
      },
      "geometry": {
        "type": "Point",
        "coordinates": [
          2.360552,
          48.9689731
        ]
      },
      "id": "node/13137987016"
    },
    {
      "type": "Feature",
      "properties": {
        "@id": "node/13137988115",
        "amenity": "waste_basket"
      },
      "geometry": {
        "type": "Point",
        "coordinates": [
          2.3622571,
          48.9664484
        ]
      },
      "id": "node/13137988115"
    },
    {
      "type": "Feature",
      "properties": {
        "@id": "node/13137989133",
        "amenity": "waste_basket"
      },
      "geometry": {
        "type": "Point",
        "coordinates": [
          2.3623272,
          48.9666095
        ]
      },
      "id": "node/13137989133"
    },
    {
      "type": "Feature",
      "properties": {
        "@id": "node/13139673544",
        "amenity": "waste_basket"
      },
      "geometry": {
        "type": "Point",
        "coordinates": [
          2.4191857,
          48.9174868
        ]
      },
      "id": "node/13139673544"
    },
    {
      "type": "Feature",
      "properties": {
        "@id": "node/13140387934",
        "amenity": "waste_basket"
      },
      "geometry": {
        "type": "Point",
        "coordinates": [
          2.3572876,
          48.9324603
        ]
      },
      "id": "node/13140387934"
    },
    {
      "type": "Feature",
      "properties": {
        "@id": "node/13140387935",
        "amenity": "waste_basket"
      },
      "geometry": {
        "type": "Point",
        "coordinates": [
          2.356017,
          48.9354029
        ]
      },
      "id": "node/13140387935"
    },
    {
      "type": "Feature",
      "properties": {
        "@id": "node/13140422494",
        "amenity": "waste_basket"
      },
      "geometry": {
        "type": "Point",
        "coordinates": [
          2.3559872,
          48.9362724
        ]
      },
      "id": "node/13140422494"
    },
    {
      "type": "Feature",
      "properties": {
        "@id": "node/13140435047",
        "amenity": "waste_basket"
      },
      "geometry": {
        "type": "Point",
        "coordinates": [
          2.3560128,
          48.9364015
        ]
      },
      "id": "node/13140435047"
    },
    {
      "type": "Feature",
      "properties": {
        "@id": "node/13140452436",
        "amenity": "waste_basket"
      },
      "geometry": {
        "type": "Point",
        "coordinates": [
          2.3560378,
          48.9366186
        ]
      },
      "id": "node/13140452436"
    },
    {
      "type": "Feature",
      "properties": {
        "@id": "node/13140459274",
        "amenity": "waste_basket"
      },
      "geometry": {
        "type": "Point",
        "coordinates": [
          2.3560525,
          48.9368651
        ]
      },
      "id": "node/13140459274"
    },
    {
      "type": "Feature",
      "properties": {
        "@id": "node/13142599041",
        "amenity": "waste_basket",
        "survey:date": "2025-09-14"
      },
      "geometry": {
        "type": "Point",
        "coordinates": [
          2.4360749,
          48.8941555
        ]
      },
      "id": "node/13142599041"
    },
    {
      "type": "Feature",
      "properties": {
        "@id": "node/13142599042",
        "amenity": "waste_basket",
        "survey:date": "2025-09-14"
      },
      "geometry": {
        "type": "Point",
        "coordinates": [
          2.4359096,
          48.8938353
        ]
      },
      "id": "node/13142599042"
    },
    {
      "type": "Feature",
      "properties": {
        "@id": "node/13142599051",
        "amenity": "waste_basket",
        "survey:date": "2025-09-14"
      },
      "geometry": {
        "type": "Point",
        "coordinates": [
          2.4364962,
          48.8950399
        ]
      },
      "id": "node/13142599051"
    },
    {
      "type": "Feature",
      "properties": {
        "@id": "node/13142599052",
        "amenity": "waste_basket",
        "survey:date": "2025-09-14"
      },
      "geometry": {
        "type": "Point",
        "coordinates": [
          2.4365054,
          48.8953451
        ]
      },
      "id": "node/13142599052"
    },
    {
      "type": "Feature",
      "properties": {
        "@id": "node/13142599053",
        "amenity": "waste_basket",
        "survey:date": "2025-09-14"
      },
      "geometry": {
        "type": "Point",
        "coordinates": [
          2.4368124,
          48.8959302
        ]
      },
      "id": "node/13142599053"
    },
    {
      "type": "Feature",
      "properties": {
        "@id": "node/13142599054",
        "amenity": "waste_basket",
        "survey:date": "2025-09-14"
      },
      "geometry": {
        "type": "Point",
        "coordinates": [
          2.4361053,
          48.89433
        ]
      },
      "id": "node/13142599054"
    },
    {
      "type": "Feature",
      "properties": {
        "@id": "node/13142736400",
        "amenity": "waste_basket",
        "survey:date": "2025-09-14"
      },
      "geometry": {
        "type": "Point",
        "coordinates": [
          2.4301834,
          48.8945899
        ]
      },
      "id": "node/13142736400"
    },
    {
      "type": "Feature",
      "properties": {
        "@id": "node/13142779702",
        "amenity": "waste_basket",
        "survey:date": "2025-09-14"
      },
      "geometry": {
        "type": "Point",
        "coordinates": [
          2.4293395,
          48.8947664
        ]
      },
      "id": "node/13142779702"
    },
    {
      "type": "Feature",
      "properties": {
        "@id": "node/13142779703",
        "amenity": "waste_basket",
        "survey:date": "2025-09-14"
      },
      "geometry": {
        "type": "Point",
        "coordinates": [
          2.4295832,
          48.8944895
        ]
      },
      "id": "node/13142779703"
    },
    {
      "type": "Feature",
      "properties": {
        "@id": "node/13142779704",
        "amenity": "waste_basket",
        "survey:date": "2025-09-14"
      },
      "geometry": {
        "type": "Point",
        "coordinates": [
          2.4299834,
          48.8943113
        ]
      },
      "id": "node/13142779704"
    },
    {
      "type": "Feature",
      "properties": {
        "@id": "node/13142779731",
        "amenity": "waste_basket",
        "survey:date": "2025-09-14"
      },
      "geometry": {
        "type": "Point",
        "coordinates": [
          2.4279446,
          48.8922789
        ]
      },
      "id": "node/13142779731"
    },
    {
      "type": "Feature",
      "properties": {
        "@id": "node/13142779744",
        "amenity": "waste_basket",
        "survey:date": "2025-09-14"
      },
      "geometry": {
        "type": "Point",
        "coordinates": [
          2.4283977,
          48.8932071
        ]
      },
      "id": "node/13142779744"
    },
    {
      "type": "Feature",
      "properties": {
        "@id": "node/13142779745",
        "amenity": "waste_basket",
        "survey:date": "2025-09-14"
      },
      "geometry": {
        "type": "Point",
        "coordinates": [
          2.4286709,
          48.8932805
        ]
      },
      "id": "node/13142779745"
    },
    {
      "type": "Feature",
      "properties": {
        "@id": "node/13142779748",
        "amenity": "waste_basket",
        "survey:date": "2025-09-14"
      },
      "geometry": {
        "type": "Point",
        "coordinates": [
          2.429583,
          48.8936934
        ]
      },
      "id": "node/13142779748"
    },
    {
      "type": "Feature",
      "properties": {
        "@id": "node/13142779751",
        "amenity": "waste_basket",
        "survey:date": "2025-09-14"
      },
      "geometry": {
        "type": "Point",
        "coordinates": [
          2.432701,
          48.8951319
        ]
      },
      "id": "node/13142779751"
    },
    {
      "type": "Feature",
      "properties": {
        "@id": "node/13142779752",
        "amenity": "waste_basket",
        "survey:date": "2025-09-14"
      },
      "geometry": {
        "type": "Point",
        "coordinates": [
          2.4327052,
          48.895152
        ]
      },
      "id": "node/13142779752"
    },
    {
      "type": "Feature",
      "properties": {
        "@id": "node/13142779753",
        "amenity": "waste_basket",
        "survey:date": "2025-09-14"
      },
      "geometry": {
        "type": "Point",
        "coordinates": [
          2.4305154,
          48.8946686
        ]
      },
      "id": "node/13142779753"
    },
    {
      "type": "Feature",
      "properties": {
        "@id": "node/13144468753",
        "amenity": "waste_basket",
        "survey:date": "2025-09-15"
      },
      "geometry": {
        "type": "Point",
        "coordinates": [
          2.4326815,
          48.8954075
        ]
      },
      "id": "node/13144468753"
    },
    {
      "type": "Feature",
      "properties": {
        "@id": "node/13149283338",
        "amenity": "waste_basket"
      },
      "geometry": {
        "type": "Point",
        "coordinates": [
          2.3612725,
          48.9261849
        ]
      },
      "id": "node/13149283338"
    },
    {
      "type": "Feature",
      "properties": {
        "@id": "node/13149292386",
        "amenity": "waste_basket"
      },
      "geometry": {
        "type": "Point",
        "coordinates": [
          2.3609068,
          48.9261592
        ]
      },
      "id": "node/13149292386"
    },
    {
      "type": "Feature",
      "properties": {
        "@id": "node/13149292977",
        "amenity": "waste_basket"
      },
      "geometry": {
        "type": "Point",
        "coordinates": [
          2.3605815,
          48.9261517
        ]
      },
      "id": "node/13149292977"
    },
    {
      "type": "Feature",
      "properties": {
        "@id": "node/13149296083",
        "amenity": "waste_basket"
      },
      "geometry": {
        "type": "Point",
        "coordinates": [
          2.3622451,
          48.9262464
        ]
      },
      "id": "node/13149296083"
    },
    {
      "type": "Feature",
      "properties": {
        "@id": "node/13149311084",
        "amenity": "waste_basket"
      },
      "geometry": {
        "type": "Point",
        "coordinates": [
          2.3625935,
          48.92506
        ]
      },
      "id": "node/13149311084"
    },
    {
      "type": "Feature",
      "properties": {
        "@id": "node/13149322113",
        "amenity": "waste_basket"
      },
      "geometry": {
        "type": "Point",
        "coordinates": [
          2.3626147,
          48.9249133
        ]
      },
      "id": "node/13149322113"
    },
    {
      "type": "Feature",
      "properties": {
        "@id": "node/13155905853",
        "amenity": "waste_basket"
      },
      "geometry": {
        "type": "Point",
        "coordinates": [
          2.3626766,
          48.939952
        ]
      },
      "id": "node/13155905853"
    },
    {
      "type": "Feature",
      "properties": {
        "@id": "node/13155909857",
        "amenity": "waste_basket"
      },
      "geometry": {
        "type": "Point",
        "coordinates": [
          2.3606235,
          48.938234
        ]
      },
      "id": "node/13155909857"
    },
    {
      "type": "Feature",
      "properties": {
        "@id": "node/13155944350",
        "amenity": "waste_basket"
      },
      "geometry": {
        "type": "Point",
        "coordinates": [
          2.3658329,
          48.943539
        ]
      },
      "id": "node/13155944350"
    },
    {
      "type": "Feature",
      "properties": {
        "@id": "node/13155974609",
        "amenity": "waste_basket"
      },
      "geometry": {
        "type": "Point",
        "coordinates": [
          2.3571017,
          48.9317037
        ]
      },
      "id": "node/13155974609"
    },
    {
      "type": "Feature",
      "properties": {
        "@id": "node/13157803062",
        "amenity": "waste_basket"
      },
      "geometry": {
        "type": "Point",
        "coordinates": [
          2.4134301,
          48.9107028
        ]
      },
      "id": "node/13157803062"
    },
    {
      "type": "Feature",
      "properties": {
        "@id": "node/13157879662",
        "amenity": "waste_basket"
      },
      "geometry": {
        "type": "Point",
        "coordinates": [
          2.4132782,
          48.9120944
        ]
      },
      "id": "node/13157879662"
    },
    {
      "type": "Feature",
      "properties": {
        "@id": "node/13157880343",
        "amenity": "waste_basket"
      },
      "geometry": {
        "type": "Point",
        "coordinates": [
          2.4118045,
          48.9121389
        ]
      },
      "id": "node/13157880343"
    },
    {
      "type": "Feature",
      "properties": {
        "@id": "node/13159925688",
        "amenity": "waste_basket"
      },
      "geometry": {
        "type": "Point",
        "coordinates": [
          2.362574,
          48.9311716
        ]
      },
      "id": "node/13159925688"
    },
    {
      "type": "Feature",
      "properties": {
        "@id": "node/13159928413",
        "amenity": "waste_basket"
      },
      "geometry": {
        "type": "Point",
        "coordinates": [
          2.3639439,
          48.9317252
        ]
      },
      "id": "node/13159928413"
    },
    {
      "type": "Feature",
      "properties": {
        "@id": "node/13159930614",
        "amenity": "waste_basket"
      },
      "geometry": {
        "type": "Point",
        "coordinates": [
          2.3616725,
          48.9314528
        ]
      },
      "id": "node/13159930614"
    },
    {
      "type": "Feature",
      "properties": {
        "@id": "node/13159945190",
        "amenity": "waste_basket"
      },
      "geometry": {
        "type": "Point",
        "coordinates": [
          2.3608264,
          48.9321165
        ]
      },
      "id": "node/13159945190"
    },
    {
      "type": "Feature",
      "properties": {
        "@id": "node/13171901268",
        "amenity": "waste_basket",
        "waste": "trash"
      },
      "geometry": {
        "type": "Point",
        "coordinates": [
          2.4162201,
          48.862183
        ]
      },
      "id": "node/13171901268"
    },
    {
      "type": "Feature",
      "properties": {
        "@id": "node/13176767166",
        "amenity": "waste_basket"
      },
      "geometry": {
        "type": "Point",
        "coordinates": [
          2.3578334,
          48.9337697
        ]
      },
      "id": "node/13176767166"
    },
    {
      "type": "Feature",
      "properties": {
        "@id": "node/13176786143",
        "amenity": "waste_basket"
      },
      "geometry": {
        "type": "Point",
        "coordinates": [
          2.3581061,
          48.9303107
        ]
      },
      "id": "node/13176786143"
    },
    {
      "type": "Feature",
      "properties": {
        "@id": "node/13176804457",
        "amenity": "waste_basket"
      },
      "geometry": {
        "type": "Point",
        "coordinates": [
          2.3574444,
          48.9300819
        ]
      },
      "id": "node/13176804457"
    },
    {
      "type": "Feature",
      "properties": {
        "@id": "node/13176806805",
        "amenity": "waste_basket"
      },
      "geometry": {
        "type": "Point",
        "coordinates": [
          2.3573824,
          48.9302922
        ]
      },
      "id": "node/13176806805"
    },
    {
      "type": "Feature",
      "properties": {
        "@id": "node/13178539733",
        "amenity": "waste_basket"
      },
      "geometry": {
        "type": "Point",
        "coordinates": [
          2.3456246,
          48.9176023
        ]
      },
      "id": "node/13178539733"
    },
    {
      "type": "Feature",
      "properties": {
        "@id": "node/13178553434",
        "amenity": "waste_basket"
      },
      "geometry": {
        "type": "Point",
        "coordinates": [
          2.3461058,
          48.9178087
        ]
      },
      "id": "node/13178553434"
    },
    {
      "type": "Feature",
      "properties": {
        "@id": "node/13178968070",
        "amenity": "waste_basket"
      },
      "geometry": {
        "type": "Point",
        "coordinates": [
          2.3333189,
          48.9200289
        ]
      },
      "id": "node/13178968070"
    },
    {
      "type": "Feature",
      "properties": {
        "@id": "node/13178968161",
        "amenity": "waste_basket"
      },
      "geometry": {
        "type": "Point",
        "coordinates": [
          2.3342509,
          48.9214737
        ]
      },
      "id": "node/13178968161"
    },
    {
      "type": "Feature",
      "properties": {
        "@id": "node/13178977149",
        "amenity": "waste_basket"
      },
      "geometry": {
        "type": "Point",
        "coordinates": [
          2.3355021,
          48.920609
        ]
      },
      "id": "node/13178977149"
    },
    {
      "type": "Feature",
      "properties": {
        "@id": "node/13178977150",
        "amenity": "waste_basket"
      },
      "geometry": {
        "type": "Point",
        "coordinates": [
          2.3347779,
          48.9211636
        ]
      },
      "id": "node/13178977150"
    },
    {
      "type": "Feature",
      "properties": {
        "@id": "node/13178977152",
        "amenity": "waste_basket"
      },
      "geometry": {
        "type": "Point",
        "coordinates": [
          2.3352445,
          48.921864
        ]
      },
      "id": "node/13178977152"
    },
    {
      "type": "Feature",
      "properties": {
        "@id": "node/13178979239",
        "amenity": "waste_basket"
      },
      "geometry": {
        "type": "Point",
        "coordinates": [
          2.3356687,
          48.9199174
        ]
      },
      "id": "node/13178979239"
    },
    {
      "type": "Feature",
      "properties": {
        "@id": "node/13178984692",
        "amenity": "waste_basket"
      },
      "geometry": {
        "type": "Point",
        "coordinates": [
          2.3423218,
          48.9180623
        ]
      },
      "id": "node/13178984692"
    },
    {
      "type": "Feature",
      "properties": {
        "@id": "node/13178985524",
        "amenity": "waste_basket"
      },
      "geometry": {
        "type": "Point",
        "coordinates": [
          2.3335678,
          48.9187696
        ]
      },
      "id": "node/13178985524"
    },
    {
      "type": "Feature",
      "properties": {
        "@id": "node/13178986382",
        "amenity": "waste_basket"
      },
      "geometry": {
        "type": "Point",
        "coordinates": [
          2.3429778,
          48.9180477
        ]
      },
      "id": "node/13178986382"
    },
    {
      "type": "Feature",
      "properties": {
        "@id": "node/13178991798",
        "amenity": "waste_basket"
      },
      "geometry": {
        "type": "Point",
        "coordinates": [
          2.334644,
          48.9208847
        ]
      },
      "id": "node/13178991798"
    },
    {
      "type": "Feature",
      "properties": {
        "@id": "node/13178991799",
        "amenity": "waste_basket"
      },
      "geometry": {
        "type": "Point",
        "coordinates": [
          2.3356377,
          48.9216369
        ]
      },
      "id": "node/13178991799"
    },
    {
      "type": "Feature",
      "properties": {
        "@id": "node/13178994160",
        "amenity": "waste_basket"
      },
      "geometry": {
        "type": "Point",
        "coordinates": [
          2.3345996,
          48.9222353
        ]
      },
      "id": "node/13178994160"
    },
    {
      "type": "Feature",
      "properties": {
        "@id": "node/13178994164",
        "amenity": "waste_basket"
      },
      "geometry": {
        "type": "Point",
        "coordinates": [
          2.3358596,
          48.9203834
        ]
      },
      "id": "node/13178994164"
    },
    {
      "type": "Feature",
      "properties": {
        "@id": "node/13178994165",
        "amenity": "waste_basket"
      },
      "geometry": {
        "type": "Point",
        "coordinates": [
          2.3358283,
          48.9200185
        ]
      },
      "id": "node/13178994165"
    },
    {
      "type": "Feature",
      "properties": {
        "@id": "node/13178994374",
        "amenity": "waste_basket"
      },
      "geometry": {
        "type": "Point",
        "coordinates": [
          2.3340746,
          48.9224869
        ]
      },
      "id": "node/13178994374"
    },
    {
      "type": "Feature",
      "properties": {
        "@id": "node/13178994375",
        "amenity": "waste_basket"
      },
      "geometry": {
        "type": "Point",
        "coordinates": [
          2.3339821,
          48.9218208
        ]
      },
      "id": "node/13178994375"
    },
    {
      "type": "Feature",
      "properties": {
        "@id": "node/13178994377",
        "amenity": "waste_basket"
      },
      "geometry": {
        "type": "Point",
        "coordinates": [
          2.3343039,
          48.9203956
        ]
      },
      "id": "node/13178994377"
    },
    {
      "type": "Feature",
      "properties": {
        "@id": "node/13178994378",
        "amenity": "waste_basket"
      },
      "geometry": {
        "type": "Point",
        "coordinates": [
          2.3340213,
          48.9205329
        ]
      },
      "id": "node/13178994378"
    },
    {
      "type": "Feature",
      "properties": {
        "@id": "node/13178995252",
        "amenity": "waste_basket"
      },
      "geometry": {
        "type": "Point",
        "coordinates": [
          2.3357101,
          48.920628
        ]
      },
      "id": "node/13178995252"
    },
    {
      "type": "Feature",
      "properties": {
        "@id": "node/13178995254",
        "amenity": "waste_basket"
      },
      "geometry": {
        "type": "Point",
        "coordinates": [
          2.3350938,
          48.9214533
        ]
      },
      "id": "node/13178995254"
    },
    {
      "type": "Feature",
      "properties": {
        "@id": "node/13178995256",
        "amenity": "waste_basket"
      },
      "geometry": {
        "type": "Point",
        "coordinates": [
          2.3333835,
          48.9223304
        ]
      },
      "id": "node/13178995256"
    },
    {
      "type": "Feature",
      "properties": {
        "@id": "node/13178998998",
        "amenity": "waste_basket"
      },
      "geometry": {
        "type": "Point",
        "coordinates": [
          2.3343841,
          48.9203753
        ]
      },
      "id": "node/13178998998"
    },
    {
      "type": "Feature",
      "properties": {
        "@id": "node/13179000653",
        "amenity": "waste_basket"
      },
      "geometry": {
        "type": "Point",
        "coordinates": [
          2.3345915,
          48.9209377
        ]
      },
      "id": "node/13179000653"
    },
    {
      "type": "Feature",
      "properties": {
        "@id": "node/13179000868",
        "amenity": "waste_basket"
      },
      "geometry": {
        "type": "Point",
        "coordinates": [
          2.3345735,
          48.9209155
        ]
      },
      "id": "node/13179000868"
    },
    {
      "type": "Feature",
      "properties": {
        "@id": "node/13179002247",
        "amenity": "waste_basket"
      },
      "geometry": {
        "type": "Point",
        "coordinates": [
          2.334599,
          48.9195561
        ]
      },
      "id": "node/13179002247"
    },
    {
      "type": "Feature",
      "properties": {
        "@id": "node/13179002268",
        "amenity": "waste_basket"
      },
      "geometry": {
        "type": "Point",
        "coordinates": [
          2.3349608,
          48.9201473
        ]
      },
      "id": "node/13179002268"
    },
    {
      "type": "Feature",
      "properties": {
        "@id": "node/13179002270",
        "amenity": "waste_basket"
      },
      "geometry": {
        "type": "Point",
        "coordinates": [
          2.3360163,
          48.9201749
        ]
      },
      "id": "node/13179002270"
    },
    {
      "type": "Feature",
      "properties": {
        "@id": "node/13179004221",
        "amenity": "waste_basket"
      },
      "geometry": {
        "type": "Point",
        "coordinates": [
          2.3360687,
          48.9213757
        ]
      },
      "id": "node/13179004221"
    },
    {
      "type": "Feature",
      "properties": {
        "@id": "node/13179004222",
        "amenity": "waste_basket"
      },
      "geometry": {
        "type": "Point",
        "coordinates": [
          2.3366716,
          48.9207636
        ]
      },
      "id": "node/13179004222"
    },
    {
      "type": "Feature",
      "properties": {
        "@id": "node/13179004855",
        "amenity": "waste_basket"
      },
      "geometry": {
        "type": "Point",
        "coordinates": [
          2.345468,
          48.9173901
        ]
      },
      "id": "node/13179004855"
    },
    {
      "type": "Feature",
      "properties": {
        "@id": "node/13179005627",
        "amenity": "waste_basket"
      },
      "geometry": {
        "type": "Point",
        "coordinates": [
          2.337214,
          48.9209081
        ]
      },
      "id": "node/13179005627"
    },
    {
      "type": "Feature",
      "properties": {
        "@id": "node/13179007412",
        "amenity": "waste_basket"
      },
      "geometry": {
        "type": "Point",
        "coordinates": [
          2.3398836,
          48.9188487
        ]
      },
      "id": "node/13179007412"
    },
    {
      "type": "Feature",
      "properties": {
        "@id": "node/13179007414",
        "amenity": "waste_basket"
      },
      "geometry": {
        "type": "Point",
        "coordinates": [
          2.3343421,
          48.9203802
        ]
      },
      "id": "node/13179007414"
    },
    {
      "type": "Feature",
      "properties": {
        "@id": "node/13179007417",
        "amenity": "waste_basket"
      },
      "geometry": {
        "type": "Point",
        "coordinates": [
          2.3343335,
          48.9191941
        ]
      },
      "id": "node/13179007417"
    },
    {
      "type": "Feature",
      "properties": {
        "@id": "node/13179007503",
        "amenity": "waste_basket"
      },
      "geometry": {
        "type": "Point",
        "coordinates": [
          2.3336829,
          48.9213449
        ]
      },
      "id": "node/13179007503"
    },
    {
      "type": "Feature",
      "properties": {
        "@id": "node/13179007623",
        "amenity": "waste_basket"
      },
      "geometry": {
        "type": "Point",
        "coordinates": [
          2.3360388,
          48.9213958
        ]
      },
      "id": "node/13179007623"
    },
    {
      "type": "Feature",
      "properties": {
        "@id": "node/13179007784",
        "amenity": "waste_basket"
      },
      "geometry": {
        "type": "Point",
        "coordinates": [
          2.3401352,
          48.9187577
        ]
      },
      "id": "node/13179007784"
    },
    {
      "type": "Feature",
      "properties": {
        "@id": "node/13179009203",
        "amenity": "waste_basket"
      },
      "geometry": {
        "type": "Point",
        "coordinates": [
          2.3327285,
          48.9207729
        ]
      },
      "id": "node/13179009203"
    },
    {
      "type": "Feature",
      "properties": {
        "@id": "node/13179009204",
        "amenity": "waste_basket"
      },
      "geometry": {
        "type": "Point",
        "coordinates": [
          2.3336357,
          48.9188361
        ]
      },
      "id": "node/13179009204"
    },
    {
      "type": "Feature",
      "properties": {
        "@id": "node/13179009861",
        "amenity": "waste_basket"
      },
      "geometry": {
        "type": "Point",
        "coordinates": [
          2.3345732,
          48.9222509
        ]
      },
      "id": "node/13179009861"
    },
    {
      "type": "Feature",
      "properties": {
        "@id": "node/13179010901",
        "amenity": "waste_basket"
      },
      "geometry": {
        "type": "Point",
        "coordinates": [
          2.3335714,
          48.9207025
        ]
      },
      "id": "node/13179010901"
    },
    {
      "type": "Feature",
      "properties": {
        "@id": "node/13179011801",
        "amenity": "waste_basket"
      },
      "geometry": {
        "type": "Point",
        "coordinates": [
          2.3347593,
          48.9202201
        ]
      },
      "id": "node/13179011801"
    },
    {
      "type": "Feature",
      "properties": {
        "@id": "node/13179044662",
        "amenity": "waste_basket"
      },
      "geometry": {
        "type": "Point",
        "coordinates": [
          2.327414,
          48.9125657
        ]
      },
      "id": "node/13179044662"
    },
    {
      "type": "Feature",
      "properties": {
        "@id": "node/13179044663",
        "amenity": "waste_basket"
      },
      "geometry": {
        "type": "Point",
        "coordinates": [
          2.3319877,
          48.9109984
        ]
      },
      "id": "node/13179044663"
    },
    {
      "type": "Feature",
      "properties": {
        "@id": "node/13179051781",
        "amenity": "waste_basket"
      },
      "geometry": {
        "type": "Point",
        "coordinates": [
          2.3323853,
          48.9179366
        ]
      },
      "id": "node/13179051781"
    },
    {
      "type": "Feature",
      "properties": {
        "@id": "node/13179051782",
        "amenity": "waste_basket"
      },
      "geometry": {
        "type": "Point",
        "coordinates": [
          2.3297697,
          48.9146344
        ]
      },
      "id": "node/13179051782"
    },
    {
      "type": "Feature",
      "properties": {
        "@id": "node/13179074258",
        "amenity": "waste_basket"
      },
      "geometry": {
        "type": "Point",
        "coordinates": [
          2.3303921,
          48.9139666
        ]
      },
      "id": "node/13179074258"
    },
    {
      "type": "Feature",
      "properties": {
        "@id": "node/13179074259",
        "amenity": "waste_basket"
      },
      "geometry": {
        "type": "Point",
        "coordinates": [
          2.328183,
          48.9119821
        ]
      },
      "id": "node/13179074259"
    },
    {
      "type": "Feature",
      "properties": {
        "@id": "node/13179075946",
        "amenity": "waste_basket"
      },
      "geometry": {
        "type": "Point",
        "coordinates": [
          2.3323302,
          48.9112517
        ]
      },
      "id": "node/13179075946"
    },
    {
      "type": "Feature",
      "properties": {
        "@id": "node/13179084508",
        "amenity": "waste_basket"
      },
      "geometry": {
        "type": "Point",
        "coordinates": [
          2.3298974,
          48.9143129
        ]
      },
      "id": "node/13179084508"
    },
    {
      "type": "Feature",
      "properties": {
        "@id": "node/13179086957",
        "amenity": "waste_basket"
      },
      "geometry": {
        "type": "Point",
        "coordinates": [
          2.3318815,
          48.9177317
        ]
      },
      "id": "node/13179086957"
    },
    {
      "type": "Feature",
      "properties": {
        "@id": "node/13179089245",
        "amenity": "waste_basket"
      },
      "geometry": {
        "type": "Point",
        "coordinates": [
          2.3300803,
          48.9129617
        ]
      },
      "id": "node/13179089245"
    },
    {
      "type": "Feature",
      "properties": {
        "@id": "node/13179089590",
        "amenity": "waste_basket"
      },
      "geometry": {
        "type": "Point",
        "coordinates": [
          2.332607,
          48.9114238
        ]
      },
      "id": "node/13179089590"
    },
    {
      "type": "Feature",
      "properties": {
        "@id": "node/13179089743",
        "amenity": "waste_basket"
      },
      "geometry": {
        "type": "Point",
        "coordinates": [
          2.3297044,
          48.9145174
        ]
      },
      "id": "node/13179089743"
    },
    {
      "type": "Feature",
      "properties": {
        "@id": "node/13179092818",
        "amenity": "waste_basket"
      },
      "geometry": {
        "type": "Point",
        "coordinates": [
          2.3310786,
          48.9133404
        ]
      },
      "id": "node/13179092818"
    },
    {
      "type": "Feature",
      "properties": {
        "@id": "node/13179092819",
        "amenity": "waste_basket"
      },
      "geometry": {
        "type": "Point",
        "coordinates": [
          2.3303261,
          48.9129974
        ]
      },
      "id": "node/13179092819"
    },
    {
      "type": "Feature",
      "properties": {
        "@id": "node/13179093101",
        "amenity": "waste_basket"
      },
      "geometry": {
        "type": "Point",
        "coordinates": [
          2.3297058,
          48.9122069
        ]
      },
      "id": "node/13179093101"
    },
    {
      "type": "Feature",
      "properties": {
        "@id": "node/13195928480",
        "amenity": "waste_basket"
      },
      "geometry": {
        "type": "Point",
        "coordinates": [
          2.5671372,
          48.9054234
        ]
      },
      "id": "node/13195928480"
    },
    {
      "type": "Feature",
      "properties": {
        "@id": "node/13196233884",
        "amenity": "waste_basket"
      },
      "geometry": {
        "type": "Point",
        "coordinates": [
          2.3423326,
          48.9193817
        ]
      },
      "id": "node/13196233884"
    },
    {
      "type": "Feature",
      "properties": {
        "@id": "node/13196269137",
        "amenity": "waste_basket"
      },
      "geometry": {
        "type": "Point",
        "coordinates": [
          2.3420582,
          48.9187678
        ]
      },
      "id": "node/13196269137"
    },
    {
      "type": "Feature",
      "properties": {
        "@id": "node/13196272780",
        "amenity": "waste_basket"
      },
      "geometry": {
        "type": "Point",
        "coordinates": [
          2.3416015,
          48.9183647
        ]
      },
      "id": "node/13196272780"
    },
    {
      "type": "Feature",
      "properties": {
        "@id": "node/13196280164",
        "amenity": "waste_basket"
      },
      "geometry": {
        "type": "Point",
        "coordinates": [
          2.3415416,
          48.9182839
        ]
      },
      "id": "node/13196280164"
    },
    {
      "type": "Feature",
      "properties": {
        "@id": "node/13196286431",
        "amenity": "waste_basket"
      },
      "geometry": {
        "type": "Point",
        "coordinates": [
          2.3424589,
          48.9194851
        ]
      },
      "id": "node/13196286431"
    },
    {
      "type": "Feature",
      "properties": {
        "@id": "node/13196286432",
        "amenity": "waste_basket"
      },
      "geometry": {
        "type": "Point",
        "coordinates": [
          2.3419678,
          48.9196255
        ]
      },
      "id": "node/13196286432"
    },
    {
      "type": "Feature",
      "properties": {
        "@id": "node/13196298166",
        "amenity": "waste_basket"
      },
      "geometry": {
        "type": "Point",
        "coordinates": [
          2.3424644,
          48.9195408
        ]
      },
      "id": "node/13196298166"
    },
    {
      "type": "Feature",
      "properties": {
        "@id": "node/13196487397",
        "amenity": "waste_basket"
      },
      "geometry": {
        "type": "Point",
        "coordinates": [
          2.3443263,
          48.9183708
        ]
      },
      "id": "node/13196487397"
    },
    {
      "type": "Feature",
      "properties": {
        "@id": "node/13196488670",
        "amenity": "waste_basket"
      },
      "geometry": {
        "type": "Point",
        "coordinates": [
          2.3435349,
          48.9217132
        ]
      },
      "id": "node/13196488670"
    },
    {
      "type": "Feature",
      "properties": {
        "@id": "node/13196501491",
        "amenity": "waste_basket"
      },
      "geometry": {
        "type": "Point",
        "coordinates": [
          2.3439991,
          48.919641
        ]
      },
      "id": "node/13196501491"
    },
    {
      "type": "Feature",
      "properties": {
        "@id": "node/13196503433",
        "amenity": "waste_basket"
      },
      "geometry": {
        "type": "Point",
        "coordinates": [
          2.3442178,
          48.9183416
        ]
      },
      "id": "node/13196503433"
    },
    {
      "type": "Feature",
      "properties": {
        "@id": "node/13196503716",
        "amenity": "waste_basket"
      },
      "geometry": {
        "type": "Point",
        "coordinates": [
          2.3442086,
          48.918648
        ]
      },
      "id": "node/13196503716"
    },
    {
      "type": "Feature",
      "properties": {
        "@id": "node/13196505607",
        "amenity": "waste_basket"
      },
      "geometry": {
        "type": "Point",
        "coordinates": [
          2.3435059,
          48.9217804
        ]
      },
      "id": "node/13196505607"
    },
    {
      "type": "Feature",
      "properties": {
        "@id": "node/13196505608",
        "amenity": "waste_basket"
      },
      "geometry": {
        "type": "Point",
        "coordinates": [
          2.3442078,
          48.9187805
        ]
      },
      "id": "node/13196505608"
    },
    {
      "type": "Feature",
      "properties": {
        "@id": "node/13196520782",
        "amenity": "waste_basket"
      },
      "geometry": {
        "type": "Point",
        "coordinates": [
          2.344068,
          48.9198922
        ]
      },
      "id": "node/13196520782"
    },
    {
      "type": "Feature",
      "properties": {
        "@id": "node/13196524709",
        "amenity": "waste_basket"
      },
      "geometry": {
        "type": "Point",
        "coordinates": [
          2.3440789,
          48.9169293
        ]
      },
      "id": "node/13196524709"
    },
    {
      "type": "Feature",
      "properties": {
        "@id": "node/13202985995",
        "amenity": "waste_basket"
      },
      "geometry": {
        "type": "Point",
        "coordinates": [
          2.3624756,
          48.9260705
        ]
      },
      "id": "node/13202985995"
    },
    {
      "type": "Feature",
      "properties": {
        "@id": "node/13226660265",
        "amenity": "waste_basket"
      },
      "geometry": {
        "type": "Point",
        "coordinates": [
          2.5417146,
          48.8425934
        ]
      },
      "id": "node/13226660265"
    },
    {
      "type": "Feature",
      "properties": {
        "@id": "node/13226660266",
        "amenity": "waste_basket"
      },
      "geometry": {
        "type": "Point",
        "coordinates": [
          2.5407473,
          48.8429946
        ]
      },
      "id": "node/13226660266"
    },
    {
      "type": "Feature",
      "properties": {
        "@id": "node/13226660267",
        "amenity": "waste_basket",
        "panoramax": "f0ee1278-7049-4eb6-af02-b5cc049fee3d"
      },
      "geometry": {
        "type": "Point",
        "coordinates": [
          2.5400511,
          48.8432851
        ]
      },
      "id": "node/13226660267"
    },
    {
      "type": "Feature",
      "properties": {
        "@id": "node/13249305450",
        "amenity": "waste_basket"
      },
      "geometry": {
        "type": "Point",
        "coordinates": [
          2.5709376,
          48.9017831
        ]
      },
      "id": "node/13249305450"
    },
    {
      "type": "Feature",
      "properties": {
        "@id": "node/13249306458",
        "amenity": "waste_basket"
      },
      "geometry": {
        "type": "Point",
        "coordinates": [
          2.5700358,
          48.9022283
        ]
      },
      "id": "node/13249306458"
    },
    {
      "type": "Feature",
      "properties": {
        "@id": "node/13249306691",
        "amenity": "waste_basket"
      },
      "geometry": {
        "type": "Point",
        "coordinates": [
          2.57148,
          48.9015999
        ]
      },
      "id": "node/13249306691"
    },
    {
      "type": "Feature",
      "properties": {
        "@id": "node/13283329796",
        "amenity": "waste_basket"
      },
      "geometry": {
        "type": "Point",
        "coordinates": [
          2.4441933,
          48.879373
        ]
      },
      "id": "node/13283329796"
    },
    {
      "type": "Feature",
      "properties": {
        "@id": "node/13283352349",
        "amenity": "waste_basket"
      },
      "geometry": {
        "type": "Point",
        "coordinates": [
          2.4450808,
          48.8786442
        ]
      },
      "id": "node/13283352349"
    },
    {
      "type": "Feature",
      "properties": {
        "@id": "node/13283362049",
        "amenity": "waste_basket"
      },
      "geometry": {
        "type": "Point",
        "coordinates": [
          2.4435161,
          48.8799885
        ]
      },
      "id": "node/13283362049"
    },
    {
      "type": "Feature",
      "properties": {
        "@id": "node/13283374694",
        "amenity": "waste_basket"
      },
      "geometry": {
        "type": "Point",
        "coordinates": [
          2.4364044,
          48.8825068
        ]
      },
      "id": "node/13283374694"
    },
    {
      "type": "Feature",
      "properties": {
        "@id": "node/13283374696",
        "amenity": "waste_basket"
      },
      "geometry": {
        "type": "Point",
        "coordinates": [
          2.4359106,
          48.8816495
        ]
      },
      "id": "node/13283374696"
    },
    {
      "type": "Feature",
      "properties": {
        "@id": "node/13283378479",
        "amenity": "waste_basket"
      },
      "geometry": {
        "type": "Point",
        "coordinates": [
          2.4375493,
          48.8822356
        ]
      },
      "id": "node/13283378479"
    },
    {
      "type": "Feature",
      "properties": {
        "@id": "node/13283381164",
        "amenity": "waste_basket"
      },
      "geometry": {
        "type": "Point",
        "coordinates": [
          2.4363735,
          48.8824229
        ]
      },
      "id": "node/13283381164"
    },
    {
      "type": "Feature",
      "properties": {
        "@id": "node/13283382441",
        "amenity": "waste_basket"
      },
      "geometry": {
        "type": "Point",
        "coordinates": [
          2.4393459,
          48.8819489
        ]
      },
      "id": "node/13283382441"
    },
    {
      "type": "Feature",
      "properties": {
        "@id": "node/13283385941",
        "amenity": "waste_basket"
      },
      "geometry": {
        "type": "Point",
        "coordinates": [
          2.4362077,
          48.8824494
        ]
      },
      "id": "node/13283385941"
    },
    {
      "type": "Feature",
      "properties": {
        "@id": "node/13301189150",
        "amenity": "waste_basket"
      },
      "geometry": {
        "type": "Point",
        "coordinates": [
          2.4371645,
          48.8806153
        ]
      },
      "id": "node/13301189150"
    },
    {
      "type": "Feature",
      "properties": {
        "@id": "node/13301194019",
        "amenity": "waste_basket"
      },
      "geometry": {
        "type": "Point",
        "coordinates": [
          2.4396398,
          48.8820883
        ]
      },
      "id": "node/13301194019"
    },
    {
      "type": "Feature",
      "properties": {
        "@id": "node/13301257405",
        "amenity": "waste_basket"
      },
      "geometry": {
        "type": "Point",
        "coordinates": [
          2.4373587,
          48.8807224
        ]
      },
      "id": "node/13301257405"
    },
    {
      "type": "Feature",
      "properties": {
        "@id": "node/13301266863",
        "amenity": "waste_basket"
      },
      "geometry": {
        "type": "Point",
        "coordinates": [
          2.4369136,
          48.8805962
        ]
      },
      "id": "node/13301266863"
    },
    {
      "type": "Feature",
      "properties": {
        "@id": "node/13308200205",
        "amenity": "waste_basket"
      },
      "geometry": {
        "type": "Point",
        "coordinates": [
          2.3375529,
          48.9212758
        ]
      },
      "id": "node/13308200205"
    },
    {
      "type": "Feature",
      "properties": {
        "@id": "node/13330234225",
        "amenity": "waste_basket",
        "waste": "trash"
      },
      "geometry": {
        "type": "Point",
        "coordinates": [
          2.4038933,
          48.91401
        ]
      },
      "id": "node/13330234225"
    },
    {
      "type": "Feature",
      "properties": {
        "@id": "node/13330234230",
        "amenity": "waste_basket",
        "waste": "trash"
      },
      "geometry": {
        "type": "Point",
        "coordinates": [
          2.4037562,
          48.9140001
        ]
      },
      "id": "node/13330234230"
    },
    {
      "type": "Feature",
      "properties": {
        "@id": "node/13330234249",
        "amenity": "waste_basket",
        "waste": "trash"
      },
      "geometry": {
        "type": "Point",
        "coordinates": [
          2.4035359,
          48.9139422
        ]
      },
      "id": "node/13330234249"
    },
    {
      "type": "Feature",
      "properties": {
        "@id": "node/13330234250",
        "amenity": "waste_basket",
        "waste": "trash"
      },
      "geometry": {
        "type": "Point",
        "coordinates": [
          2.4035778,
          48.913929
        ]
      },
      "id": "node/13330234250"
    },
    {
      "type": "Feature",
      "properties": {
        "@id": "node/13330312075",
        "amenity": "waste_basket"
      },
      "geometry": {
        "type": "Point",
        "coordinates": [
          2.5775822,
          48.8373094
        ]
      },
      "id": "node/13330312075"
    },
    {
      "type": "Feature",
      "properties": {
        "@id": "node/13332752641",
        "amenity": "waste_basket",
        "waste": "trash"
      },
      "geometry": {
        "type": "Point",
        "coordinates": [
          2.4896212,
          48.9076491
        ]
      },
      "id": "node/13332752641"
    },
    {
      "type": "Feature",
      "properties": {
        "@id": "node/13342700634",
        "amenity": "waste_basket"
      },
      "geometry": {
        "type": "Point",
        "coordinates": [
          2.4231896,
          48.8760169
        ]
      },
      "id": "node/13342700634"
    },
    {
      "type": "Feature",
      "properties": {
        "@id": "node/13345617090",
        "amenity": "waste_basket"
      },
      "geometry": {
        "type": "Point",
        "coordinates": [
          2.4257819,
          48.8762395
        ]
      },
      "id": "node/13345617090"
    },
    {
      "type": "Feature",
      "properties": {
        "@id": "node/13371776079",
        "amenity": "waste_basket"
      },
      "geometry": {
        "type": "Point",
        "coordinates": [
          2.4315098,
          48.8747408
        ]
      },
      "id": "node/13371776079"
    },
    {
      "type": "Feature",
      "properties": {
        "@id": "node/13371781873",
        "amenity": "waste_basket"
      },
      "geometry": {
        "type": "Point",
        "coordinates": [
          2.4302426,
          48.8733415
        ]
      },
      "id": "node/13371781873"
    },
    {
      "type": "Feature",
      "properties": {
        "@id": "node/13371791277",
        "amenity": "waste_basket"
      },
      "geometry": {
        "type": "Point",
        "coordinates": [
          2.4313314,
          48.874917
        ]
      },
      "id": "node/13371791277"
    },
    {
      "type": "Feature",
      "properties": {
        "@id": "node/13371806353",
        "amenity": "waste_basket"
      },
      "geometry": {
        "type": "Point",
        "coordinates": [
          2.4293039,
          48.8727029
        ]
      },
      "id": "node/13371806353"
    },
    {
      "type": "Feature",
      "properties": {
        "@id": "node/13371806518",
        "amenity": "waste_basket"
      },
      "geometry": {
        "type": "Point",
        "coordinates": [
          2.4292784,
          48.872753
        ]
      },
      "id": "node/13371806518"
    },
    {
      "type": "Feature",
      "properties": {
        "@id": "node/13371814656",
        "amenity": "waste_basket"
      },
      "geometry": {
        "type": "Point",
        "coordinates": [
          2.4294383,
          48.87282
        ]
      },
      "id": "node/13371814656"
    },
    {
      "type": "Feature",
      "properties": {
        "@id": "node/13373673875",
        "amenity": "waste_basket"
      },
      "geometry": {
        "type": "Point",
        "coordinates": [
          2.5752469,
          48.84908
        ]
      },
      "id": "node/13373673875"
    },
    {
      "type": "Feature",
      "properties": {
        "@id": "node/13373691513",
        "amenity": "waste_basket"
      },
      "geometry": {
        "type": "Point",
        "coordinates": [
          2.5749981,
          48.8489914
        ]
      },
      "id": "node/13373691513"
    },
    {
      "type": "Feature",
      "properties": {
        "@id": "node/13373691516",
        "amenity": "waste_basket"
      },
      "geometry": {
        "type": "Point",
        "coordinates": [
          2.5748902,
          48.8487677
        ]
      },
      "id": "node/13373691516"
    },
    {
      "type": "Feature",
      "properties": {
        "@id": "node/13373691520",
        "amenity": "waste_basket"
      },
      "geometry": {
        "type": "Point",
        "coordinates": [
          2.5752826,
          48.8489549
        ]
      },
      "id": "node/13373691520"
    },
    {
      "type": "Feature",
      "properties": {
        "@id": "node/13413040926",
        "amenity": "waste_basket",
        "material": "metal",
        "waste": "mixed"
      },
      "geometry": {
        "type": "Point",
        "coordinates": [
          2.3599412,
          48.9683689
        ]
      },
      "id": "node/13413040926"
    },
    {
      "type": "Feature",
      "properties": {
        "@id": "node/13413040944",
        "amenity": "waste_basket",
        "waste": "mixed"
      },
      "geometry": {
        "type": "Point",
        "coordinates": [
          2.3610947,
          48.9680235
        ]
      },
      "id": "node/13413040944"
    },
    {
      "type": "Feature",
      "properties": {
        "@id": "node/13506800492",
        "amenity": "waste_basket"
      },
      "geometry": {
        "type": "Point",
        "coordinates": [
          2.432442,
          48.8803426
        ]
      },
      "id": "node/13506800492"
    },
    {
      "type": "Feature",
      "properties": {
        "@id": "node/13543227968",
        "amenity": "waste_basket"
      },
      "geometry": {
        "type": "Point",
        "coordinates": [
          2.3697285,
          48.9153534
        ]
      },
      "id": "node/13543227968"
    },
    {
      "type": "Feature",
      "properties": {
        "@id": "node/13543248290",
        "amenity": "waste_basket"
      },
      "geometry": {
        "type": "Point",
        "coordinates": [
          2.3680963,
          48.9078956
        ]
      },
      "id": "node/13543248290"
    },
    {
      "type": "Feature",
      "properties": {
        "@id": "node/13543250473",
        "amenity": "waste_basket"
      },
      "geometry": {
        "type": "Point",
        "coordinates": [
          2.3686102,
          48.915379
        ]
      },
      "id": "node/13543250473"
    },
    {
      "type": "Feature",
      "properties": {
        "@id": "node/13543250474",
        "amenity": "waste_basket"
      },
      "geometry": {
        "type": "Point",
        "coordinates": [
          2.3641954,
          48.9139781
        ]
      },
      "id": "node/13543250474"
    },
    {
      "type": "Feature",
      "properties": {
        "@id": "node/13543250475",
        "amenity": "waste_basket"
      },
      "geometry": {
        "type": "Point",
        "coordinates": [
          2.3649207,
          48.9131884
        ]
      },
      "id": "node/13543250475"
    },
    {
      "type": "Feature",
      "properties": {
        "@id": "node/13543251047",
        "amenity": "waste_basket"
      },
      "geometry": {
        "type": "Point",
        "coordinates": [
          2.3721958,
          48.9099415
        ]
      },
      "id": "node/13543251047"
    },
    {
      "type": "Feature",
      "properties": {
        "@id": "node/13543264120",
        "amenity": "waste_basket"
      },
      "geometry": {
        "type": "Point",
        "coordinates": [
          2.3713245,
          48.9151714
        ]
      },
      "id": "node/13543264120"
    },
    {
      "type": "Feature",
      "properties": {
        "@id": "node/13543264121",
        "amenity": "waste_basket"
      },
      "geometry": {
        "type": "Point",
        "coordinates": [
          2.3662129,
          48.9155895
        ]
      },
      "id": "node/13543264121"
    },
    {
      "type": "Feature",
      "properties": {
        "@id": "node/13543272637",
        "amenity": "waste_basket"
      },
      "geometry": {
        "type": "Point",
        "coordinates": [
          2.3667982,
          48.915339
        ]
      },
      "id": "node/13543272637"
    },
    {
      "type": "Feature",
      "properties": {
        "@id": "node/13543272638",
        "amenity": "waste_basket"
      },
      "geometry": {
        "type": "Point",
        "coordinates": [
          2.3651712,
          48.9154901
        ]
      },
      "id": "node/13543272638"
    },
    {
      "type": "Feature",
      "properties": {
        "@id": "node/13543273811",
        "amenity": "waste_basket"
      },
      "geometry": {
        "type": "Point",
        "coordinates": [
          2.3690067,
          48.9083296
        ]
      },
      "id": "node/13543273811"
    },
    {
      "type": "Feature",
      "properties": {
        "@id": "node/13543273812",
        "amenity": "waste_basket"
      },
      "geometry": {
        "type": "Point",
        "coordinates": [
          2.3681571,
          48.9153162
        ]
      },
      "id": "node/13543273812"
    },
    {
      "type": "Feature",
      "properties": {
        "@id": "node/13543276485",
        "amenity": "waste_basket"
      },
      "geometry": {
        "type": "Point",
        "coordinates": [
          2.3709855,
          48.9153305
        ]
      },
      "id": "node/13543276485"
    },
    {
      "type": "Feature",
      "properties": {
        "@id": "node/13543276486",
        "amenity": "waste_basket"
      },
      "geometry": {
        "type": "Point",
        "coordinates": [
          2.3654993,
          48.9153513
        ]
      },
      "id": "node/13543276486"
    },
    {
      "type": "Feature",
      "properties": {
        "@id": "node/13543276488",
        "amenity": "waste_basket"
      },
      "geometry": {
        "type": "Point",
        "coordinates": [
          2.364726,
          48.9083301
        ]
      },
      "id": "node/13543276488"
    },
    {
      "type": "Feature",
      "properties": {
        "@id": "node/13543277194",
        "amenity": "waste_basket"
      },
      "geometry": {
        "type": "Point",
        "coordinates": [
          2.3703566,
          48.9152683
        ]
      },
      "id": "node/13543277194"
    },
    {
      "type": "Feature",
      "properties": {
        "@id": "node/13543277195",
        "amenity": "waste_basket"
      },
      "geometry": {
        "type": "Point",
        "coordinates": [
          2.3659346,
          48.9155844
        ]
      },
      "id": "node/13543277195"
    },
    {
      "type": "Feature",
      "properties": {
        "@id": "node/13543277196",
        "amenity": "waste_basket"
      },
      "geometry": {
        "type": "Point",
        "coordinates": [
          2.3657185,
          48.9155951
        ]
      },
      "id": "node/13543277196"
    },
    {
      "type": "Feature",
      "properties": {
        "@id": "node/13543277197",
        "amenity": "waste_basket"
      },
      "geometry": {
        "type": "Point",
        "coordinates": [
          2.3658187,
          48.9093658
        ]
      },
      "id": "node/13543277197"
    },
    {
      "type": "Feature",
      "properties": {
        "@id": "node/13543277921",
        "amenity": "waste_basket"
      },
      "geometry": {
        "type": "Point",
        "coordinates": [
          2.3662986,
          48.9157518
        ]
      },
      "id": "node/13543277921"
    },
    {
      "type": "Feature",
      "properties": {
        "@id": "node/13543277922",
        "amenity": "waste_basket"
      },
      "geometry": {
        "type": "Point",
        "coordinates": [
          2.3656297,
          48.9153459
        ]
      },
      "id": "node/13543277922"
    },
    {
      "type": "Feature",
      "properties": {
        "@id": "node/13543277924",
        "amenity": "waste_basket"
      },
      "geometry": {
        "type": "Point",
        "coordinates": [
          2.3642946,
          48.9070762
        ]
      },
      "id": "node/13543277924"
    },
    {
      "type": "Feature",
      "properties": {
        "@id": "node/13543280645",
        "amenity": "waste_basket"
      },
      "geometry": {
        "type": "Point",
        "coordinates": [
          2.3678185,
          48.9152046
        ]
      },
      "id": "node/13543280645"
    },
    {
      "type": "Feature",
      "properties": {
        "@id": "node/13543280664",
        "amenity": "waste_basket"
      },
      "geometry": {
        "type": "Point",
        "coordinates": [
          2.3643669,
          48.9133734
        ]
      },
      "id": "node/13543280664"
    },
    {
      "type": "Feature",
      "properties": {
        "@id": "node/13543281663",
        "amenity": "waste_basket"
      },
      "geometry": {
        "type": "Point",
        "coordinates": [
          2.3705153,
          48.9091083
        ]
      },
      "id": "node/13543281663"
    },
    {
      "type": "Feature",
      "properties": {
        "@id": "node/13543281664",
        "amenity": "waste_basket"
      },
      "geometry": {
        "type": "Point",
        "coordinates": [
          2.3706862,
          48.9152662
        ]
      },
      "id": "node/13543281664"
    },
    {
      "type": "Feature",
      "properties": {
        "@id": "node/13543281668",
        "amenity": "waste_basket"
      },
      "geometry": {
        "type": "Point",
        "coordinates": [
          2.3646193,
          48.9083969
        ]
      },
      "id": "node/13543281668"
    },
    {
      "type": "Feature",
      "properties": {
        "@id": "node/13543282902",
        "amenity": "waste_basket"
      },
      "geometry": {
        "type": "Point",
        "coordinates": [
          2.3699135,
          48.9086758
        ]
      },
      "id": "node/13543282902"
    },
    {
      "type": "Feature",
      "properties": {
        "@id": "node/13543282903",
        "amenity": "waste_basket"
      },
      "geometry": {
        "type": "Point",
        "coordinates": [
          2.3730546,
          48.9124411
        ]
      },
      "id": "node/13543282903"
    },
    {
      "type": "Feature",
      "properties": {
        "@id": "node/13543282904",
        "amenity": "waste_basket"
      },
      "geometry": {
        "type": "Point",
        "coordinates": [
          2.3650906,
          48.9155015
        ]
      },
      "id": "node/13543282904"
    },
    {
      "type": "Feature",
      "properties": {
        "@id": "node/13543284585",
        "amenity": "waste_basket"
      },
      "geometry": {
        "type": "Point",
        "coordinates": [
          2.3646726,
          48.9089375
        ]
      },
      "id": "node/13543284585"
    },
    {
      "type": "Feature",
      "properties": {
        "@id": "node/13543288931",
        "amenity": "waste_basket"
      },
      "geometry": {
        "type": "Point",
        "coordinates": [
          2.3659994,
          48.9089666
        ]
      },
      "id": "node/13543288931"
    },
    {
      "type": "Feature",
      "properties": {
        "@id": "node/13543289004",
        "amenity": "waste_basket"
      },
      "geometry": {
        "type": "Point",
        "coordinates": [
          2.3706491,
          48.9153371
        ]
      },
      "id": "node/13543289004"
    },
    {
      "type": "Feature",
      "properties": {
        "@id": "node/13543291224",
        "amenity": "waste_basket"
      },
      "geometry": {
        "type": "Point",
        "coordinates": [
          2.3658892,
          48.9154527
        ]
      },
      "id": "node/13543291224"
    },
    {
      "type": "Feature",
      "properties": {
        "@id": "node/13543291225",
        "amenity": "waste_basket"
      },
      "geometry": {
        "type": "Point",
        "coordinates": [
          2.366017,
          48.9104522
        ]
      },
      "id": "node/13543291225"
    },
    {
      "type": "Feature",
      "properties": {
        "@id": "node/13543291226",
        "amenity": "waste_basket"
      },
      "geometry": {
        "type": "Point",
        "coordinates": [
          2.3648593,
          48.9089539
        ]
      },
      "id": "node/13543291226"
    },
    {
      "type": "Feature",
      "properties": {
        "@id": "node/13543291614",
        "amenity": "waste_basket"
      },
      "geometry": {
        "type": "Point",
        "coordinates": [
          2.3659685,
          48.9106358
        ]
      },
      "id": "node/13543291614"
    },
    {
      "type": "Feature",
      "properties": {
        "@id": "node/13543292869",
        "amenity": "waste_basket"
      },
      "geometry": {
        "type": "Point",
        "coordinates": [
          2.3706652,
          48.9091757
        ]
      },
      "id": "node/13543292869"
    },
    {
      "type": "Feature",
      "properties": {
        "@id": "node/13543292870",
        "amenity": "waste_basket"
      },
      "geometry": {
        "type": "Point",
        "coordinates": [
          2.3641898,
          48.9138593
        ]
      },
      "id": "node/13543292870"
    },
    {
      "type": "Feature",
      "properties": {
        "@id": "node/13543293003",
        "amenity": "waste_basket"
      },
      "geometry": {
        "type": "Point",
        "coordinates": [
          2.3653105,
          48.9152492
        ]
      },
      "id": "node/13543293003"
    },
    {
      "type": "Feature",
      "properties": {
        "@id": "node/13543294478",
        "amenity": "waste_basket"
      },
      "geometry": {
        "type": "Point",
        "coordinates": [
          2.3659876,
          48.9090497
        ]
      },
      "id": "node/13543294478"
    },
    {
      "type": "Feature",
      "properties": {
        "@id": "node/13543301856",
        "amenity": "waste_basket"
      },
      "geometry": {
        "type": "Point",
        "coordinates": [
          2.3674778,
          48.9152131
        ]
      },
      "id": "node/13543301856"
    },
    {
      "type": "Feature",
      "properties": {
        "@id": "node/13543301857",
        "amenity": "waste_basket"
      },
      "geometry": {
        "type": "Point",
        "coordinates": [
          2.3643037,
          48.9071364
        ]
      },
      "id": "node/13543301857"
    },
    {
      "type": "Feature",
      "properties": {
        "@id": "node/13543303241",
        "amenity": "waste_basket"
      },
      "geometry": {
        "type": "Point",
        "coordinates": [
          2.3696069,
          48.9085299
        ]
      },
      "id": "node/13543303241"
    },
    {
      "type": "Feature",
      "properties": {
        "@id": "node/13543303242",
        "amenity": "waste_basket"
      },
      "geometry": {
        "type": "Point",
        "coordinates": [
          2.3677688,
          48.915138
        ]
      },
      "id": "node/13543303242"
    },
    {
      "type": "Feature",
      "properties": {
        "@id": "node/13544473893",
        "amenity": "waste_basket"
      },
      "geometry": {
        "type": "Point",
        "coordinates": [
          2.3618654,
          48.9079937
        ]
      },
      "id": "node/13544473893"
    },
    {
      "type": "Feature",
      "properties": {
        "@id": "node/13544473894",
        "amenity": "waste_basket"
      },
      "geometry": {
        "type": "Point",
        "coordinates": [
          2.3685351,
          48.9038604
        ]
      },
      "id": "node/13544473894"
    },
    {
      "type": "Feature",
      "properties": {
        "@id": "node/13544473895",
        "amenity": "waste_basket"
      },
      "geometry": {
        "type": "Point",
        "coordinates": [
          2.3654951,
          48.9066663
        ]
      },
      "id": "node/13544473895"
    },
    {
      "type": "Feature",
      "properties": {
        "@id": "node/13544536860",
        "amenity": "waste_basket"
      },
      "geometry": {
        "type": "Point",
        "coordinates": [
          2.3587734,
          48.9070405
        ]
      },
      "id": "node/13544536860"
    },
    {
      "type": "Feature",
      "properties": {
        "@id": "node/13544536862",
        "amenity": "waste_basket"
      },
      "geometry": {
        "type": "Point",
        "coordinates": [
          2.3586065,
          48.9093715
        ]
      },
      "id": "node/13544536862"
    },
    {
      "type": "Feature",
      "properties": {
        "@id": "node/13544536864",
        "amenity": "waste_basket"
      },
      "geometry": {
        "type": "Point",
        "coordinates": [
          2.3736212,
          48.9030206
        ]
      },
      "id": "node/13544536864"
    },
    {
      "type": "Feature",
      "properties": {
        "@id": "node/13544540760",
        "amenity": "waste_basket"
      },
      "geometry": {
        "type": "Point",
        "coordinates": [
          2.3586114,
          48.9090464
        ]
      },
      "id": "node/13544540760"
    },
    {
      "type": "Feature",
      "properties": {
        "@id": "node/13544540762",
        "amenity": "waste_basket"
      },
      "geometry": {
        "type": "Point",
        "coordinates": [
          2.3644753,
          48.9063659
        ]
      },
      "id": "node/13544540762"
    },
    {
      "type": "Feature",
      "properties": {
        "@id": "node/13544542897",
        "amenity": "waste_basket"
      },
      "geometry": {
        "type": "Point",
        "coordinates": [
          2.3691002,
          48.9037801
        ]
      },
      "id": "node/13544542897"
    },
    {
      "type": "Feature",
      "properties": {
        "@id": "node/13544542898",
        "amenity": "waste_basket"
      },
      "geometry": {
        "type": "Point",
        "coordinates": [
          2.3660546,
          48.907808
        ]
      },
      "id": "node/13544542898"
    },
    {
      "type": "Feature",
      "properties": {
        "@id": "node/13544544220",
        "amenity": "waste_basket"
      },
      "geometry": {
        "type": "Point",
        "coordinates": [
          2.3687781,
          48.9038389
        ]
      },
      "id": "node/13544544220"
    },
    {
      "type": "Feature",
      "properties": {
        "@id": "node/13544544222",
        "amenity": "waste_basket"
      },
      "geometry": {
        "type": "Point",
        "coordinates": [
          2.3646835,
          48.9069123
        ]
      },
      "id": "node/13544544222"
    },
    {
      "type": "Feature",
      "properties": {
        "@id": "node/13544544739",
        "amenity": "waste_basket"
      },
      "geometry": {
        "type": "Point",
        "coordinates": [
          2.3618314,
          48.9082456
        ]
      },
      "id": "node/13544544739"
    },
    {
      "type": "Feature",
      "properties": {
        "@id": "node/13544544741",
        "amenity": "waste_basket"
      },
      "geometry": {
        "type": "Point",
        "coordinates": [
          2.3672985,
          48.9028036
        ]
      },
      "id": "node/13544544741"
    },
    {
      "type": "Feature",
      "properties": {
        "@id": "node/13544545313",
        "amenity": "waste_basket"
      },
      "geometry": {
        "type": "Point",
        "coordinates": [
          2.3614753,
          48.909333
        ]
      },
      "id": "node/13544545313"
    },
    {
      "type": "Feature",
      "properties": {
        "@id": "node/13544545315",
        "amenity": "waste_basket"
      },
      "geometry": {
        "type": "Point",
        "coordinates": [
          2.3738536,
          48.9029242
        ]
      },
      "id": "node/13544545315"
    },
    {
      "type": "Feature",
      "properties": {
        "@id": "node/13544546029",
        "amenity": "waste_basket"
      },
      "geometry": {
        "type": "Point",
        "coordinates": [
          2.3631959,
          48.9065034
        ]
      },
      "id": "node/13544546029"
    },
    {
      "type": "Feature",
      "properties": {
        "@id": "node/13544546031",
        "amenity": "waste_basket"
      },
      "geometry": {
        "type": "Point",
        "coordinates": [
          2.3586201,
          48.9094656
        ]
      },
      "id": "node/13544546031"
    },
    {
      "type": "Feature",
      "properties": {
        "@id": "node/13544547962",
        "amenity": "waste_basket"
      },
      "geometry": {
        "type": "Point",
        "coordinates": [
          2.363289,
          48.9065248
        ]
      },
      "id": "node/13544547962"
    },
    {
      "type": "Feature",
      "properties": {
        "@id": "node/13544547965",
        "amenity": "waste_basket"
      },
      "geometry": {
        "type": "Point",
        "coordinates": [
          2.371343,
          48.9025856
        ]
      },
      "id": "node/13544547965"
    },
    {
      "type": "Feature",
      "properties": {
        "@id": "node/13544547966",
        "amenity": "waste_basket"
      },
      "geometry": {
        "type": "Point",
        "coordinates": [
          2.3724441,
          48.9037837
        ]
      },
      "id": "node/13544547966"
    },
    {
      "type": "Feature",
      "properties": {
        "@id": "node/13544550136",
        "amenity": "waste_basket"
      },
      "geometry": {
        "type": "Point",
        "coordinates": [
          2.3617292,
          48.9081731
        ]
      },
      "id": "node/13544550136"
    },
    {
      "type": "Feature",
      "properties": {
        "@id": "node/13544550137",
        "amenity": "waste_basket"
      },
      "geometry": {
        "type": "Point",
        "coordinates": [
          2.3690991,
          48.9036833
        ]
      },
      "id": "node/13544550137"
    },
    {
      "type": "Feature",
      "properties": {
        "@id": "node/13544551952",
        "amenity": "waste_basket"
      },
      "geometry": {
        "type": "Point",
        "coordinates": [
          2.3687634,
          48.9037313
        ]
      },
      "id": "node/13544551952"
    },
    {
      "type": "Feature",
      "properties": {
        "@id": "node/13544551954",
        "amenity": "waste_basket"
      },
      "geometry": {
        "type": "Point",
        "coordinates": [
          2.3666649,
          48.9111614
        ]
      },
      "id": "node/13544551954"
    },
    {
      "type": "Feature",
      "properties": {
        "@id": "node/13544552390",
        "amenity": "waste_basket"
      },
      "geometry": {
        "type": "Point",
        "coordinates": [
          2.3608286,
          48.9065589
        ]
      },
      "id": "node/13544552390"
    },
    {
      "type": "Feature",
      "properties": {
        "@id": "node/13544552392",
        "amenity": "waste_basket"
      },
      "geometry": {
        "type": "Point",
        "coordinates": [
          2.3615872,
          48.907795
        ]
      },
      "id": "node/13544552392"
    },
    {
      "type": "Feature",
      "properties": {
        "@id": "node/13544552393",
        "amenity": "waste_basket"
      },
      "geometry": {
        "type": "Point",
        "coordinates": [
          2.3670236,
          48.9070455
        ]
      },
      "id": "node/13544552393"
    },
    {
      "type": "Feature",
      "properties": {
        "@id": "node/13544553637",
        "amenity": "waste_basket"
      },
      "geometry": {
        "type": "Point",
        "coordinates": [
          2.3656091,
          48.9031284
        ]
      },
      "id": "node/13544553637"
    },
    {
      "type": "Feature",
      "properties": {
        "@id": "node/13544554849",
        "amenity": "waste_basket"
      },
      "geometry": {
        "type": "Point",
        "coordinates": [
          2.365942,
          48.9084538
        ]
      },
      "id": "node/13544554849"
    },
    {
      "type": "Feature",
      "properties": {
        "@id": "node/13544555051",
        "amenity": "waste_basket"
      },
      "geometry": {
        "type": "Point",
        "coordinates": [
          2.3711676,
          48.90273
        ]
      },
      "id": "node/13544555051"
    },
    {
      "type": "Feature",
      "properties": {
        "@id": "node/13544555054",
        "amenity": "waste_basket"
      },
      "geometry": {
        "type": "Point",
        "coordinates": [
          2.3658919,
          48.9069392
        ]
      },
      "id": "node/13544555054"
    },
    {
      "type": "Feature",
      "properties": {
        "@id": "node/13544557381",
        "amenity": "waste_basket"
      },
      "geometry": {
        "type": "Point",
        "coordinates": [
          2.3609753,
          48.908492
        ]
      },
      "id": "node/13544557381"
    },
    {
      "type": "Feature",
      "properties": {
        "@id": "node/13544557882",
        "amenity": "waste_basket"
      },
      "geometry": {
        "type": "Point",
        "coordinates": [
          2.3607097,
          48.906558
        ]
      },
      "id": "node/13544557882"
    },
    {
      "type": "Feature",
      "properties": {
        "@id": "node/13544558849",
        "amenity": "waste_basket"
      },
      "geometry": {
        "type": "Point",
        "coordinates": [
          2.3723295,
          48.903799
        ]
      },
      "id": "node/13544558849"
    },
    {
      "type": "Feature",
      "properties": {
        "@id": "node/13544558851",
        "amenity": "waste_basket"
      },
      "geometry": {
        "type": "Point",
        "coordinates": [
          2.3690242,
          48.9038575
        ]
      },
      "id": "node/13544558851"
    },
    {
      "type": "Feature",
      "properties": {
        "@id": "node/13544559768",
        "amenity": "waste_basket"
      },
      "geometry": {
        "type": "Point",
        "coordinates": [
          2.372536,
          48.9037454
        ]
      },
      "id": "node/13544559768"
    },
    {
      "type": "Feature",
      "properties": {
        "@id": "node/13544561769",
        "amenity": "waste_basket"
      },
      "geometry": {
        "type": "Point",
        "coordinates": [
          2.3586949,
          48.9080847
        ]
      },
      "id": "node/13544561769"
    },
    {
      "type": "Feature",
      "properties": {
        "@id": "node/13544561773",
        "amenity": "waste_basket"
      },
      "geometry": {
        "type": "Point",
        "coordinates": [
          2.3666322,
          48.9068772
        ]
      },
      "id": "node/13544561773"
    },
    {
      "type": "Feature",
      "properties": {
        "@id": "node/13544562111",
        "amenity": "waste_basket"
      },
      "geometry": {
        "type": "Point",
        "coordinates": [
          2.3712948,
          48.9026704
        ]
      },
      "id": "node/13544562111"
    },
    {
      "type": "Feature",
      "properties": {
        "@id": "node/13544562113",
        "amenity": "waste_basket"
      },
      "geometry": {
        "type": "Point",
        "coordinates": [
          2.3668409,
          48.9058685
        ]
      },
      "id": "node/13544562113"
    },
    {
      "type": "Feature",
      "properties": {
        "@id": "node/13544563873",
        "amenity": "waste_basket"
      },
      "geometry": {
        "type": "Point",
        "coordinates": [
          2.3735062,
          48.9029461
        ]
      },
      "id": "node/13544563873"
    },
    {
      "type": "Feature",
      "properties": {
        "@id": "node/13544565783",
        "amenity": "waste_basket"
      },
      "geometry": {
        "type": "Point",
        "coordinates": [
          2.3641838,
          48.906477
        ]
      },
      "id": "node/13544565783"
    },
    {
      "type": "Feature",
      "properties": {
        "@id": "node/13544565785",
        "amenity": "waste_basket"
      },
      "geometry": {
        "type": "Point",
        "coordinates": [
          2.364629,
          48.9067348
        ]
      },
      "id": "node/13544565785"
    },
    {
      "type": "Feature",
      "properties": {
        "@id": "node/13544566034",
        "amenity": "waste_basket"
      },
      "geometry": {
        "type": "Point",
        "coordinates": [
          2.3695059,
          48.9028099
        ]
      },
      "id": "node/13544566034"
    },
    {
      "type": "Feature",
      "properties": {
        "@id": "node/13544566761",
        "amenity": "waste_basket"
      },
      "geometry": {
        "type": "Point",
        "coordinates": [
          2.3651252,
          48.9069794
        ]
      },
      "id": "node/13544566761"
    },
    {
      "type": "Feature",
      "properties": {
        "@id": "node/13552490214",
        "amenity": "waste_basket"
      },
      "geometry": {
        "type": "Point",
        "coordinates": [
          2.3521072,
          48.9386157
        ]
      },
      "id": "node/13552490214"
    },
    {
      "type": "Feature",
      "properties": {
        "@id": "node/13556112751",
        "amenity": "waste_basket"
      },
      "geometry": {
        "type": "Point",
        "coordinates": [
          2.4294425,
          48.8774354
        ]
      },
      "id": "node/13556112751"
    },
    {
      "type": "Feature",
      "properties": {
        "@id": "node/13573825405",
        "amenity": "waste_basket",
        "material": "metal",
        "waste": "trash"
      },
      "geometry": {
        "type": "Point",
        "coordinates": [
          2.4216455,
          48.8804726
        ]
      },
      "id": "node/13573825405"
    },
    {
      "type": "Feature",
      "properties": {
        "@id": "node/13574594893",
        "amenity": "waste_basket"
      },
      "geometry": {
        "type": "Point",
        "coordinates": [
          2.3620442,
          48.9194794
        ]
      },
      "id": "node/13574594893"
    },
    {
      "type": "Feature",
      "properties": {
        "@id": "node/13574595751",
        "amenity": "waste_basket"
      },
      "geometry": {
        "type": "Point",
        "coordinates": [
          2.3622931,
          48.9194648
        ]
      },
      "id": "node/13574595751"
    },
    {
      "type": "Feature",
      "properties": {
        "@id": "node/13574610899",
        "amenity": "waste_basket"
      },
      "geometry": {
        "type": "Point",
        "coordinates": [
          2.3660208,
          48.9164463
        ]
      },
      "id": "node/13574610899"
    },
    {
      "type": "Feature",
      "properties": {
        "@id": "node/13574610900",
        "amenity": "waste_basket"
      },
      "geometry": {
        "type": "Point",
        "coordinates": [
          2.3620423,
          48.9194894
        ]
      },
      "id": "node/13574610900"
    },
    {
      "type": "Feature",
      "properties": {
        "@id": "node/13574612686",
        "amenity": "waste_basket"
      },
      "geometry": {
        "type": "Point",
        "coordinates": [
          2.362757,
          48.9193577
        ]
      },
      "id": "node/13574612686"
    },
    {
      "type": "Feature",
      "properties": {
        "@id": "node/13574612687",
        "amenity": "waste_basket"
      },
      "geometry": {
        "type": "Point",
        "coordinates": [
          2.362076,
          48.9190659
        ]
      },
      "id": "node/13574612687"
    },
    {
      "type": "Feature",
      "properties": {
        "@id": "node/13574642525",
        "amenity": "waste_basket"
      },
      "geometry": {
        "type": "Point",
        "coordinates": [
          2.3620575,
          48.9193469
        ]
      },
      "id": "node/13574642525"
    },
    {
      "type": "Feature",
      "properties": {
        "@id": "node/13574649526",
        "amenity": "waste_basket"
      },
      "geometry": {
        "type": "Point",
        "coordinates": [
          2.3622695,
          48.9194738
        ]
      },
      "id": "node/13574649526"
    },
    {
      "type": "Feature",
      "properties": {
        "@id": "node/13574649527",
        "amenity": "waste_basket"
      },
      "geometry": {
        "type": "Point",
        "coordinates": [
          2.3622053,
          48.9093269
        ]
      },
      "id": "node/13574649527"
    },
    {
      "type": "Feature",
      "properties": {
        "@id": "node/13574649528",
        "amenity": "waste_basket"
      },
      "geometry": {
        "type": "Point",
        "coordinates": [
          2.3601714,
          48.9077201
        ]
      },
      "id": "node/13574649528"
    },
    {
      "type": "Feature",
      "properties": {
        "@id": "node/13574652099",
        "amenity": "waste_basket"
      },
      "geometry": {
        "type": "Point",
        "coordinates": [
          2.3630637,
          48.9190506
        ]
      },
      "id": "node/13574652099"
    },
    {
      "type": "Feature",
      "properties": {
        "@id": "node/13574659445",
        "amenity": "waste_basket"
      },
      "geometry": {
        "type": "Point",
        "coordinates": [
          2.3607162,
          48.907896
        ]
      },
      "id": "node/13574659445"
    },
    {
      "type": "Feature",
      "properties": {
        "@id": "node/13574661323",
        "amenity": "waste_basket"
      },
      "geometry": {
        "type": "Point",
        "coordinates": [
          2.3630368,
          48.9190661
        ]
      },
      "id": "node/13574661323"
    },
    {
      "type": "Feature",
      "properties": {
        "@id": "node/13574661749",
        "amenity": "waste_basket"
      },
      "geometry": {
        "type": "Point",
        "coordinates": [
          2.3620751,
          48.9190731
        ]
      },
      "id": "node/13574661749"
    },
    {
      "type": "Feature",
      "properties": {
        "@id": "node/13574663149",
        "amenity": "waste_basket"
      },
      "geometry": {
        "type": "Point",
        "coordinates": [
          2.3678787,
          48.9121431
        ]
      },
      "id": "node/13574663149"
    },
    {
      "type": "Feature",
      "properties": {
        "@id": "node/13574666105",
        "amenity": "waste_basket"
      },
      "geometry": {
        "type": "Point",
        "coordinates": [
          2.3678756,
          48.9126451
        ]
      },
      "id": "node/13574666105"
    },
    {
      "type": "Feature",
      "properties": {
        "@id": "node/13574667045",
        "amenity": "waste_basket"
      },
      "geometry": {
        "type": "Point",
        "coordinates": [
          2.3626787,
          48.9192573
        ]
      },
      "id": "node/13574667045"
    },
    {
      "type": "Feature",
      "properties": {
        "@id": "node/13574667046",
        "amenity": "waste_basket"
      },
      "geometry": {
        "type": "Point",
        "coordinates": [
          2.3610065,
          48.9078688
        ]
      },
      "id": "node/13574667046"
    },
    {
      "type": "Feature",
      "properties": {
        "@id": "node/13574669522",
        "amenity": "waste_basket"
      },
      "geometry": {
        "type": "Point",
        "coordinates": [
          2.366341,
          48.9165012
        ]
      },
      "id": "node/13574669522"
    },
    {
      "type": "Feature",
      "properties": {
        "@id": "node/13574669523",
        "amenity": "waste_basket"
      },
      "geometry": {
        "type": "Point",
        "coordinates": [
          2.362048,
          48.9193466
        ]
      },
      "id": "node/13574669523"
    },
    {
      "type": "Feature",
      "properties": {
        "@id": "node/13574669524",
        "amenity": "waste_basket"
      },
      "geometry": {
        "type": "Point",
        "coordinates": [
          2.3584396,
          48.908808
        ]
      },
      "id": "node/13574669524"
    },
    {
      "type": "Feature",
      "properties": {
        "@id": "node/13574670299",
        "amenity": "waste_basket"
      },
      "geometry": {
        "type": "Point",
        "coordinates": [
          2.3678759,
          48.9121252
        ]
      },
      "id": "node/13574670299"
    },
    {
      "type": "Feature",
      "properties": {
        "@id": "node/13574672811",
        "amenity": "waste_basket"
      },
      "geometry": {
        "type": "Point",
        "coordinates": [
          2.359977,
          48.907698
        ]
      },
      "id": "node/13574672811"
    },
    {
      "type": "Feature",
      "properties": {
        "@id": "node/13574673001",
        "amenity": "waste_basket"
      },
      "geometry": {
        "type": "Point",
        "coordinates": [
          2.3612401,
          48.9079092
        ]
      },
      "id": "node/13574673001"
    },
    {
      "type": "Feature",
      "properties": {
        "@id": "node/13613902589",
        "amenity": "waste_basket"
      },
      "geometry": {
        "type": "Point",
        "coordinates": [
          2.3630747,
          48.9130982
        ]
      },
      "id": "node/13613902589"
    },
    {
      "type": "Feature",
      "properties": {
        "@id": "node/13617086361",
        "amenity": "waste_basket"
      },
      "geometry": {
        "type": "Point",
        "coordinates": [
          2.3599846,
          48.9128864
        ]
      },
      "id": "node/13617086361"
    },
    {
      "type": "Feature",
      "properties": {
        "@id": "node/13617141092",
        "amenity": "waste_basket"
      },
      "geometry": {
        "type": "Point",
        "coordinates": [
          2.361673,
          48.9130013
        ]
      },
      "id": "node/13617141092"
    },
    {
      "type": "Feature",
      "properties": {
        "@id": "node/13617144049",
        "amenity": "waste_basket"
      },
      "geometry": {
        "type": "Point",
        "coordinates": [
          2.3628229,
          48.9134314
        ]
      },
      "id": "node/13617144049"
    },
    {
      "type": "Feature",
      "properties": {
        "@id": "node/13617160752",
        "amenity": "waste_basket"
      },
      "geometry": {
        "type": "Point",
        "coordinates": [
          2.3622686,
          48.9134701
        ]
      },
      "id": "node/13617160752"
    },
    {
      "type": "Feature",
      "properties": {
        "@id": "node/13619680709",
        "amenity": "waste_basket"
      },
      "geometry": {
        "type": "Point",
        "coordinates": [
          2.3617919,
          48.9132531
        ]
      },
      "id": "node/13619680709"
    },
    {
      "type": "Feature",
      "properties": {
        "@id": "node/13633449583",
        "amenity": "waste_basket"
      },
      "geometry": {
        "type": "Point",
        "coordinates": [
          2.3617589,
          48.91341
        ]
      },
      "id": "node/13633449583"
    },
    {
      "type": "Feature",
      "properties": {
        "@id": "node/13633640896",
        "amenity": "waste_basket"
      },
      "geometry": {
        "type": "Point",
        "coordinates": [
          2.538739,
          48.8522195
        ]
      },
      "id": "node/13633640896"
    },
    {
      "type": "Feature",
      "properties": {
        "@id": "node/13633646529",
        "amenity": "waste_basket"
      },
      "geometry": {
        "type": "Point",
        "coordinates": [
          2.5354224,
          48.8517981
        ]
      },
      "id": "node/13633646529"
    },
    {
      "type": "Feature",
      "properties": {
        "@id": "node/13633838309",
        "amenity": "waste_basket"
      },
      "geometry": {
        "type": "Point",
        "coordinates": [
          2.5718606,
          48.8502646
        ]
      },
      "id": "node/13633838309"
    },
    {
      "type": "Feature",
      "properties": {
        "@id": "node/13651579161",
        "amenity": "waste_basket"
      },
      "geometry": {
        "type": "Point",
        "coordinates": [
          2.3665809,
          48.9120307
        ]
      },
      "id": "node/13651579161"
    },
    {
      "type": "Feature",
      "properties": {
        "@id": "node/13651583515",
        "amenity": "waste_basket"
      },
      "geometry": {
        "type": "Point",
        "coordinates": [
          2.3602207,
          48.9129493
        ]
      },
      "id": "node/13651583515"
    },
    {
      "type": "Feature",
      "properties": {
        "@id": "node/13652305945",
        "amenity": "waste_basket"
      },
      "geometry": {
        "type": "Point",
        "coordinates": [
          2.552688,
          48.8452013
        ]
      },
      "id": "node/13652305945"
    },
    {
      "type": "Feature",
      "properties": {
        "@id": "node/13661143299",
        "amenity": "waste_basket"
      },
      "geometry": {
        "type": "Point",
        "coordinates": [
          2.5686915,
          48.8552483
        ]
      },
      "id": "node/13661143299"
    },
    {
      "type": "Feature",
      "properties": {
        "@id": "node/13667070806",
        "amenity": "waste_basket"
      },
      "geometry": {
        "type": "Point",
        "coordinates": [
          2.4138503,
          48.8764252
        ]
      },
      "id": "node/13667070806"
    },
    {
      "type": "Feature",
      "properties": {
        "@id": "node/13667083738",
        "amenity": "waste_basket"
      },
      "geometry": {
        "type": "Point",
        "coordinates": [
          2.4174017,
          48.8759781
        ]
      },
      "id": "node/13667083738"
    },
    {
      "type": "Feature",
      "properties": {
        "@id": "node/13667088819",
        "amenity": "waste_basket"
      },
      "geometry": {
        "type": "Point",
        "coordinates": [
          2.4172949,
          48.8760444
        ]
      },
      "id": "node/13667088819"
    },
    {
      "type": "Feature",
      "properties": {
        "@id": "node/13686434814",
        "amenity": "waste_basket"
      },
      "geometry": {
        "type": "Point",
        "coordinates": [
          2.428615,
          48.8488172
        ]
      },
      "id": "node/13686434814"
    },
    {
      "type": "Feature",
      "properties": {
        "@id": "node/13705539510",
        "amenity": "waste_basket"
      },
      "geometry": {
        "type": "Point",
        "coordinates": [
          2.4793599,
          48.8822787
        ]
      },
      "id": "node/13705539510"
    },
    {
      "type": "Feature",
      "properties": {
        "@id": "node/13705553147",
        "amenity": "waste_basket"
      },
      "geometry": {
        "type": "Point",
        "coordinates": [
          2.4794429,
          48.8823161
        ]
      },
      "id": "node/13705553147"
    },
    {
      "type": "Feature",
      "properties": {
        "@id": "node/13705553148",
        "amenity": "waste_basket"
      },
      "geometry": {
        "type": "Point",
        "coordinates": [
          2.4794213,
          48.8823426
        ]
      },
      "id": "node/13705553148"
    },
    {
      "type": "Feature",
      "properties": {
        "@id": "node/13705750502",
        "amenity": "waste_basket"
      },
      "geometry": {
        "type": "Point",
        "coordinates": [
          2.4785064,
          48.8837728
        ]
      },
      "id": "node/13705750502"
    },
    {
      "type": "Feature",
      "properties": {
        "@id": "node/13708975994",
        "amenity": "waste_basket"
      },
      "geometry": {
        "type": "Point",
        "coordinates": [
          2.3650912,
          48.9080972
        ]
      },
      "id": "node/13708975994"
    },
    {
      "type": "Feature",
      "properties": {
        "@id": "node/13709024298",
        "amenity": "waste_basket"
      },
      "geometry": {
        "type": "Point",
        "coordinates": [
          2.3650095,
          48.9098932
        ]
      },
      "id": "node/13709024298"
    },
    {
      "type": "Feature",
      "properties": {
        "@id": "node/13709026053",
        "amenity": "waste_basket"
      },
      "geometry": {
        "type": "Point",
        "coordinates": [
          2.3649787,
          48.9107309
        ]
      },
      "id": "node/13709026053"
    },
    {
      "type": "Feature",
      "properties": {
        "@id": "node/13720249353",
        "amenity": "waste_basket"
      },
      "geometry": {
        "type": "Point",
        "coordinates": [
          2.3426417,
          48.949336
        ]
      },
      "id": "node/13720249353"
    },
    {
      "type": "Feature",
      "properties": {
        "@id": "node/13720249354",
        "amenity": "waste_basket"
      },
      "geometry": {
        "type": "Point",
        "coordinates": [
          2.3421459,
          48.9493571
        ]
      },
      "id": "node/13720249354"
    },
    {
      "type": "Feature",
      "properties": {
        "@id": "node/13720249357",
        "amenity": "waste_basket"
      },
      "geometry": {
        "type": "Point",
        "coordinates": [
          2.3426323,
          48.9490093
        ]
      },
      "id": "node/13720249357"
    },
    {
      "type": "Feature",
      "properties": {
        "@id": "node/13720684795",
        "amenity": "waste_basket"
      },
      "geometry": {
        "type": "Point",
        "coordinates": [
          2.3501552,
          48.9373985
        ]
      },
      "id": "node/13720684795"
    },
    {
      "type": "Feature",
      "properties": {
        "@id": "node/13720685367",
        "amenity": "waste_basket"
      },
      "geometry": {
        "type": "Point",
        "coordinates": [
          2.3525164,
          48.9384167
        ]
      },
      "id": "node/13720685367"
    },
    {
      "type": "Feature",
      "properties": {
        "@id": "node/13720696386",
        "amenity": "waste_basket"
      },
      "geometry": {
        "type": "Point",
        "coordinates": [
          2.3522495,
          48.9381472
        ]
      },
      "id": "node/13720696386"
    },
    {
      "type": "Feature",
      "properties": {
        "@id": "node/13720703451",
        "amenity": "waste_basket"
      },
      "geometry": {
        "type": "Point",
        "coordinates": [
          2.3503022,
          48.9378247
        ]
      },
      "id": "node/13720703451"
    },
    {
      "type": "Feature",
      "properties": {
        "@id": "node/13720706369",
        "amenity": "waste_basket"
      },
      "geometry": {
        "type": "Point",
        "coordinates": [
          2.3510274,
          48.9380034
        ]
      },
      "id": "node/13720706369"
    },
    {
      "type": "Feature",
      "properties": {
        "@id": "node/13720855602",
        "amenity": "waste_basket"
      },
      "geometry": {
        "type": "Point",
        "coordinates": [
          2.5667483,
          48.8315222
        ]
      },
      "id": "node/13720855602"
    },
    {
      "type": "Feature",
      "properties": {
        "@id": "node/13723696795",
        "amenity": "waste_basket"
      },
      "geometry": {
        "type": "Point",
        "coordinates": [
          2.3583251,
          48.9104546
        ]
      },
      "id": "node/13723696795"
    },
    {
      "type": "Feature",
      "properties": {
        "@id": "node/13723696796",
        "amenity": "waste_basket"
      },
      "geometry": {
        "type": "Point",
        "coordinates": [
          2.3583611,
          48.9020153
        ]
      },
      "id": "node/13723696796"
    },
    {
      "type": "Feature",
      "properties": {
        "@id": "node/13723733275",
        "amenity": "waste_basket"
      },
      "geometry": {
        "type": "Point",
        "coordinates": [
          2.3581622,
          48.9049796
        ]
      },
      "id": "node/13723733275"
    },
    {
      "type": "Feature",
      "properties": {
        "@id": "node/13723745755",
        "amenity": "waste_basket"
      },
      "geometry": {
        "type": "Point",
        "coordinates": [
          2.3579194,
          48.9108924
        ]
      },
      "id": "node/13723745755"
    },
    {
      "type": "Feature",
      "properties": {
        "@id": "node/13723751691",
        "amenity": "waste_basket"
      },
      "geometry": {
        "type": "Point",
        "coordinates": [
          2.358175,
          48.9094504
        ]
      },
      "id": "node/13723751691"
    },
    {
      "type": "Feature",
      "properties": {
        "@id": "node/13723798667",
        "amenity": "waste_basket"
      },
      "geometry": {
        "type": "Point",
        "coordinates": [
          2.3596161,
          48.9084865
        ]
      },
      "id": "node/13723798667"
    },
    {
      "type": "Feature",
      "properties": {
        "@id": "node/13723815004",
        "amenity": "waste_basket"
      },
      "geometry": {
        "type": "Point",
        "coordinates": [
          2.3583343,
          48.9016553
        ]
      },
      "id": "node/13723815004"
    },
    {
      "type": "Feature",
      "properties": {
        "@id": "node/13723821925",
        "amenity": "waste_basket"
      },
      "geometry": {
        "type": "Point",
        "coordinates": [
          2.362529,
          48.9096296
        ]
      },
      "id": "node/13723821925"
    },
    {
      "type": "Feature",
      "properties": {
        "@id": "node/13723822427",
        "amenity": "waste_basket"
      },
      "geometry": {
        "type": "Point",
        "coordinates": [
          2.357704,
          48.9107871
        ]
      },
      "id": "node/13723822427"
    },
    {
      "type": "Feature",
      "properties": {
        "@id": "node/13723827351",
        "amenity": "waste_basket"
      },
      "geometry": {
        "type": "Point",
        "coordinates": [
          2.3579975,
          48.9097723
        ]
      },
      "id": "node/13723827351"
    },
    {
      "type": "Feature",
      "properties": {
        "@id": "node/13723827508",
        "amenity": "waste_basket"
      },
      "geometry": {
        "type": "Point",
        "coordinates": [
          2.3617608,
          48.9083302
        ]
      },
      "id": "node/13723827508"
    },
    {
      "type": "Feature",
      "properties": {
        "@id": "node/13723836023",
        "amenity": "waste_basket"
      },
      "geometry": {
        "type": "Point",
        "coordinates": [
          2.3579429,
          48.9104375
        ]
      },
      "id": "node/13723836023"
    },
    {
      "type": "Feature",
      "properties": {
        "@id": "node/13726036113",
        "amenity": "waste_basket"
      },
      "geometry": {
        "type": "Point",
        "coordinates": [
          2.5525629,
          48.8387887
        ]
      },
      "id": "node/13726036113"
    },
    {
      "type": "Feature",
      "properties": {
        "@id": "node/13740091995",
        "amenity": "waste_basket"
      },
      "geometry": {
        "type": "Point",
        "coordinates": [
          2.5593071,
          48.8434399
        ]
      },
      "id": "node/13740091995"
    },
    {
      "type": "Feature",
      "properties": {
        "@id": "node/13776966797",
        "amenity": "waste_basket"
      },
      "geometry": {
        "type": "Point",
        "coordinates": [
          2.4194648,
          48.918955
        ]
      },
      "id": "node/13776966797"
    },
    {
      "type": "Feature",
      "properties": {
        "@id": "node/13789894803",
        "amenity": "waste_basket"
      },
      "geometry": {
        "type": "Point",
        "coordinates": [
          2.4790242,
          48.883292
        ]
      },
      "id": "node/13789894803"
    }
  ]
}